<Document doc_name="ABC19980108.1830.0711">
  <Markables>
    <TIMEX3 RELATED_TO="" TAG_DESCRIPTOR="Empty_Mark" beginPoint="" comment="" endPoint="" freq="" functionInDocument="CREATION_TIME" id="0" quant="" type="DATE" value="1998-01-08" />
    <EVENT aspect="PROGRESSIVE" certainty="" class="OCCURRENCE" comment="" factuality="" id="1" modality="NONE" polarity="POS" pos="VERB" tense="PRESENT">
      <token_anchor id="8" />
    </EVENT>
    <TIMEX3 beginPoint="" comment="" endPoint="" freq="" functionInDocument="NONE" id="2" quant="" type="DURATION" value="P1W">
      <token_anchor id="16" />
    </TIMEX3>
    <EVENT aspect="NONE" certainty="" class="OCCURRENCE" comment="" factuality="" id="3" modality="NONE" polarity="POS" pos="NOUN" tense="NONE">
      <token_anchor id="22" />
    </EVENT>
    <EVENT aspect="PROGRESSIVE" certainty="" class="OCCURRENCE" comment="" factuality="" id="4" modality="NONE" polarity="NEG" pos="VERB" tense="PRESENT">
      <token_anchor id="34" />
    </EVENT>
    <TIMEX3 anchorTimeID="0" beginPoint="" comment="" endPoint="" freq="" functionInDocument="NONE" id="5" quant="" type="DURATION" value="P1D">
      <token_anchor id="37" />
      <token_anchor id="38" />
      <token_anchor id="39" />
      <token_anchor id="40" />
      <token_anchor id="41" />
    </TIMEX3>
    <EVENT aspect="PERFECTIVE" certainty="" class="OCCURRENCE" comment="" factuality="" id="6" modality="NONE" polarity="POS" pos="VERB" tense="PRESENT">
      <token_anchor id="51" />
    </EVENT>
    <EVENT aspect="PERFECTIVE" certainty="" class="OCCURRENCE" comment="" factuality="" id="7" modality="NONE" polarity="POS" pos="VERB" tense="PRESENT">
      <token_anchor id="60" />
    </EVENT>
    <EVENT aspect="NONE" certainty="" class="OCCURRENCE" comment="" factuality="" id="8" modality="NONE" polarity="POS" pos="VERB" tense="PAST">
      <token_anchor id="72" />
    </EVENT>
    <TIMEX3 beginPoint="" comment="" endPoint="" freq="" functionInDocument="NONE" id="9" quant="" type="DURATION" value="P5Y">
      <token_anchor id="74" />
      <token_anchor id="75" />
    </TIMEX3>
    <TIMEX3 beginPoint="" comment="" endPoint="" freq="" functionInDocument="NONE" id="10" quant="" type="DURATION" value="P4Y">
      <token_anchor id="83" />
      <token_anchor id="84" />
    </TIMEX3>
    <EVENT aspect="NONE" certainty="" class="OCCURRENCE" comment="" factuality="" id="11" modality="NONE" polarity="POS" pos="NOUN" tense="NONE">
      <token_anchor id="95" />
    </EVENT>
    <EVENT aspect="NONE" certainty="" class="I_STATE" comment="" factuality="" id="12" modality="NONE" polarity="POS" pos="VERB" tense="PAST">
      <token_anchor id="113" />
    </EVENT>
    <EVENT aspect="NONE" certainty="" class="STATE" comment="" factuality="" id="13" modality="NONE" polarity="POS" pos="ADJECTIVE" tense="PAST">
      <token_anchor id="116" />
    </EVENT>
    <EVENT aspect="NONE" certainty="" class="OCCURRENCE" comment="" factuality="" id="14" modality="NONE" polarity="POS" pos="NOUN" tense="NONE">
      <token_anchor id="133" />
    </EVENT>
    <EVENT aspect="NONE" certainty="" class="STATE" comment="" factuality="" id="15" modality="NONE" polarity="POS" pos="VERB" tense="PAST">
      <token_anchor id="141" />
    </EVENT>
    <C-SIGNAL id="16">
      <token_anchor id="155" />
    </C-SIGNAL>
    <EVENT aspect="NONE" certainty="" class="OCCURRENCE" comment="" factuality="" id="17" modality="NONE" polarity="POS" pos="VERB" tense="PAST">
      <token_anchor id="159" />
    </EVENT>
    <EVENT aspect="NONE" certainty="" class="I_STATE" comment="" factuality="" id="18" modality="NONE" polarity="POS" pos="VERB" tense="PAST">
      <token_anchor id="168" />
    </EVENT>
    <EVENT aspect="NONE" certainty="" class="OCCURRENCE" comment="" factuality="" id="19" modality="NONE" polarity="POS" pos="NOUN" tense="PAST">
      <token_anchor id="173" />
    </EVENT>
    <EVENT aspect="NONE" certainty="" class="OCCURRENCE" comment="" factuality="" id="20" modality="NONE" polarity="POS" pos="VERB" tense="PAST">
      <token_anchor id="176" />
    </EVENT>
    <EVENT aspect="NONE" certainty="" class="REPORTING" comment="" factuality="" id="21" modality="NONE" polarity="POS" pos="VERB" tense="PAST">
      <token_anchor id="183" />
    </EVENT>
    <EVENT aspect="NONE" certainty="" class="OCCURRENCE" comment="" factuality="" id="22" modality="'d" polarity="POS" pos="VERB" tense="FUTURE">
      <token_anchor id="186" />
    </EVENT>
    <TIMEX3 anchorTimeID="0" beginPoint="" comment="" endPoint="" freq="" functionInDocument="NONE" id="23" quant="" type="DATE" value="PRESENT_REF">
      <token_anchor id="203" />
    </TIMEX3>
    <EVENT aspect="NONE" certainty="" class="OCCURRENCE" comment="" factuality="" id="24" modality="NONE" polarity="POS" pos="NOUN" tense="NONE">
      <token_anchor id="206" />
    </EVENT>
    <EVENT aspect="PERFECTIVE" certainty="" class="OCCURRENCE" comment="" factuality="" id="25" modality="NONE" polarity="POS" pos="VERB" tense="PRESENT">
      <token_anchor id="215" />
    </EVENT>
    <EVENT aspect="NONE" certainty="" class="OCCURRENCE" comment="" factuality="" id="26" modality="NONE" polarity="POS" pos="VERB" tense="INFINITIVE">
      <token_anchor id="225" />
    </EVENT>
    <EVENT aspect="PERFECTIVE" certainty="" class="OCCURRENCE" comment="" factuality="" id="27" modality="NONE" polarity="POS" pos="VERB" tense="PRESENT">
      <token_anchor id="237" />
    </EVENT>
    <EVENT aspect="NONE" certainty="" class="OCCURRENCE" comment="" factuality="" id="28" modality="NONE" polarity="POS" pos="VERB" tense="PRESENT">
      <token_anchor id="241" />
    </EVENT>
    <EVENT aspect="NONE" certainty="" class="OCCURRENCE" comment="" factuality="" id="29" modality="NONE" polarity="NEG" pos="VERB" tense="PRESENT">
      <token_anchor id="249" />
    </EVENT>
    <EVENT aspect="NONE" certainty="" class="REPORTING" comment="" factuality="" id="30" modality="NONE" polarity="POS" pos="VERB" tense="PRESENT">
      <token_anchor id="253" />
    </EVENT>
    <EVENT aspect="NONE" certainty="" class="STATE" comment="" factuality="" id="31" modality="NONE" polarity="POS" pos="ADJECTIVE" tense="NONE">
      <token_anchor id="257" />
    </EVENT>
    <TIMEX3 anchorTimeID="0" beginPoint="" comment="" endPoint="" freq="" functionInDocument="NONE" id="32" quant="" type="DATE" value="1997-10">
      <token_anchor id="264" />
    </TIMEX3>
    <EVENT aspect="NONE" certainty="" class="STATE" comment="" factuality="" id="33" modality="NONE" polarity="POS" pos="ADJECTIVE" tense="PRESENT">
      <token_anchor id="267" />
    </EVENT>
    <TIMEX3 anchorTimeID="0" beginPoint="" comment="" endPoint="" freq="" functionInDocument="NONE" id="34" quant="" type="DATE" value="PRESENT_REF">
      <token_anchor id="271" />
    </TIMEX3>
    <EVENT aspect="NONE" certainty="" class="I_STATE" comment="" factuality="" id="35" modality="NONE" polarity="POS" pos="VERB" tense="PRESENT">
      <token_anchor id="274" />
    </EVENT>
    <EVENT aspect="PROGRESSIVE" certainty="" class="OCCURRENCE" comment="" factuality="" id="36" modality="NONE" polarity="POS" pos="VERB" tense="FUTURE">
      <token_anchor id="281" />
    </EVENT>
    <EVENT aspect="NONE" certainty="" class="I_STATE" comment="" factuality="" id="37" modality="NONE" polarity="NEG" pos="VERB" tense="PRESENT">
      <token_anchor id="289" />
    </EVENT>
    <TIMEX3 anchorTimeID="0" beginPoint="" comment="" endPoint="" freq="" functionInDocument="NONE" id="38" quant="" type="DURATION" value="P3M">
      <token_anchor id="310" />
      <token_anchor id="311" />
      <token_anchor id="312" />
      <token_anchor id="313" />
    </TIMEX3>
    <EVENT aspect="PERFECTIVE" certainty="" class="OCCURRENCE" comment="" factuality="" id="39" modality="NONE" polarity="POS" pos="VERB" tense="PRESENT">
      <token_anchor id="317" />
    </EVENT>
    <EVENT aspect="PERFECTIVE" certainty="" class="OCCURRENCE" comment="" factuality="" id="40" modality="NONE" polarity="POS" pos="VERB" tense="PRESENT">
      <token_anchor id="322" />
    </EVENT>
    <EVENT aspect="NONE" certainty="" class="OCCURRENCE" comment="" factuality="" id="41" modality="NONE" polarity="NEG" pos="NOUN" tense="NONE">
      <token_anchor id="325" />
    </EVENT>
    <EVENT aspect="NONE" certainty="" class="OCCURRENCE" comment="" factuality="" id="42" modality="NONE" polarity="POS" pos="VERB" tense="PRESENT">
      <token_anchor id="329" />
    </EVENT>
    <EVENT aspect="PROGRESSIVE" certainty="" class="OCCURRENCE" comment="" factuality="" id="43" modality="NONE" polarity="NEG" pos="VERB" tense="PRESENT">
      <token_anchor id="334" />
    </EVENT>
    <EVENT aspect="NONE" certainty="" class="OCCURRENCE" comment="" factuality="" id="44" modality="can" polarity="POS" pos="VERB" tense="PRESENT">
      <token_anchor id="346" />
    </EVENT>
    <EVENT aspect="NONE" certainty="" class="OCCURRENCE" comment="" factuality="" id="45" modality="NONE" polarity="POS" pos="NOUN" tense="NONE">
      <token_anchor id="349" />
    </EVENT>
    <TIMEX3 beginPoint="" comment="" endPoint="" freq="" functionInDocument="NONE" id="46" quant="" type="DURATION" value="P10Y">
      <token_anchor id="389" />
      <token_anchor id="390" />
    </TIMEX3>
    <EVENT aspect="NONE" certainty="" class="OCCURRENCE" comment="" factuality="" id="47" modality="NONE" polarity="POS" pos="NOUN" tense="NONE">
      <token_anchor id="392" />
    </EVENT>
    <EVENT aspect="PROGRESSIVE" certainty="" class="OCCURRENCE" comment="" factuality="" id="48" modality="NONE" polarity="POS" pos="VERB" tense="PRESENT">
      <token_anchor id="396" />
    </EVENT>
    <EVENT aspect="NONE" certainty="" class="OCCURRENCE" comment="" factuality="" id="49" modality="NONE" polarity="POS" pos="NOUN" tense="NONE">
      <token_anchor id="398" />
    </EVENT>
    <EVENT aspect="NONE" certainty="" class="I_STATE" comment="" factuality="" id="50" modality="NONE" polarity="POS" pos="VERB" tense="PRESENT">
      <token_anchor id="401" />
    </EVENT>
    <EVENT aspect="NONE" certainty="" class="STATE" comment="" factuality="" id="51" modality="NONE" polarity="POS" pos="ADJECTIVE" tense="PRESENT">
      <token_anchor id="407" />
    </EVENT>
    <EVENT aspect="NONE" certainty="" class="I_STATE" comment="" factuality="" id="52" modality="NONE" polarity="POS" pos="VERB" tense="PRESENT">
      <token_anchor id="411" />
    </EVENT>
    <EVENT aspect="NONE" certainty="" class="OCCURRENCE" comment="" factuality="" id="53" modality="NONE" polarity="POS" pos="VERB" tense="INFINITIVE">
      <token_anchor id="417" />
    </EVENT>
    <TIMEX3 beginPoint="" comment="" endPoint="" freq="" functionInDocument="NONE" id="54" quant="" type="DURATION" value="P2Y">
      <token_anchor id="419" />
      <token_anchor id="420" />
      <token_anchor id="421" />
      <token_anchor id="422" />
    </TIMEX3>
    <C-SIGNAL id="55">
      <token_anchor id="424" />
    </C-SIGNAL>
    <EVENT aspect="NONE" certainty="" class="OCCURRENCE" comment="" factuality="" id="56" modality="delete" polarity="POS" pos="VERB" tense="INFINITIVE">
      <token_anchor id="441" />
    </EVENT>
    <EVENT aspect="NONE" certainty="" class="OCCURRENCE" comment="" factuality="" id="57" modality="NONE" polarity="POS" pos="NOUN" tense="INFINITIVE">
      <token_anchor id="445" />
    </EVENT>
    <EVENT aspect="NONE" certainty="" class="OCCURRENCE" comment="" factuality="" id="58" modality="NONE" polarity="POS" pos="VERB" tense="INFINITIVE">
      <token_anchor id="449" />
    </EVENT>
    <EVENT aspect="NONE" certainty="" class="OCCURRENCE" comment="" factuality="" id="59" modality="NONE" polarity="POS" pos="VERB" tense="PRESENT">
      <token_anchor id="456" />
    </EVENT>
    <EVENT aspect="NONE" certainty="" class="OCCURRENCE" comment="" factuality="" id="60" modality="NONE" polarity="POS" pos="NOUN" tense="NONE">
      <token_anchor id="458" />
    </EVENT>
  </Markables>
  <Relations>
    <TLINK comment="" id="1" relType="IS_INCLUDED">
      <source id="1" />
      <target id="0" />
    </TLINK>
    <TLINK comment="" id="2" relType="BEFORE">
      <source id="3" />
      <target id="4" />
    </TLINK>
    <TLINK comment="" id="3" relType="ENDED_BY">
      <source id="5" />
      <target id="0" />
    </TLINK>
    <TLINK comment="" id="4" relType="INCLUDES">
      <source id="5" />
      <target id="6" />
    </TLINK>
    <TLINK comment="" id="5" relType="INCLUDES">
      <source id="5" />
      <target id="8" />
    </TLINK>
    <TLINK comment="" id="6" relType="IS_INCLUDED">
      <source id="7" />
      <target id="5" />
    </TLINK>
    <TLINK comment="" id="7" relType="BEFORE">
      <source id="9" />
      <target id="0" />
    </TLINK>
    <TLINK comment="" id="8" relType="BEFORE">
      <source id="10" />
      <target id="0" />
    </TLINK>
    <TLINK comment="" id="9" relType="IS_INCLUDED">
      <source id="11" />
      <target id="5" />
    </TLINK>
    <CLINK c-signalID="16" comment="" id="10">
      <source id="15" />
      <target id="18" />
    </CLINK>
    <TLINK comment="" id="11" relType="SIMULTANEOUS">
      <source id="18" />
      <target id="17" />
    </TLINK>
    <TLINK comment="" id="12" relType="AFTER">
      <source id="20" />
      <target id="17" />
    </TLINK>
    <TLINK comment="" id="13" relType="SIMULTANEOUS">
      <source id="21" />
      <target id="20" />
    </TLINK>
    <TLINK comment="" id="14" relType="INCLUDES">
      <source id="24" />
      <target id="25" />
    </TLINK>
    <TLINK comment="" id="15" relType="ENDED_BY">
      <source id="26" />
      <target id="0" />
    </TLINK>
    <TLINK comment="" id="16" relType="ENDED_BY">
      <source id="27" />
      <target id="0" />
    </TLINK>
    <TLINK comment="" id="17" relType="DURING">
      <source id="28" />
      <target id="0" />
    </TLINK>
    <TLINK comment="" id="18" relType="DURING">
      <source id="29" />
      <target id="0" />
    </TLINK>
    <TLINK comment="" id="19" relType="DURING">
      <source id="30" />
      <target id="0" />
    </TLINK>
    <TLINK comment="" id="20" relType="IS_INCLUDED">
      <source id="31" />
      <target id="32" />
    </TLINK>
    <TLINK comment="" id="21" relType="DURING">
      <source id="33" />
      <target id="34" />
    </TLINK>
    <TLINK comment="" id="22" relType="BEFORE">
      <source id="35" />
      <target id="0" />
    </TLINK>
    <TLINK comment="" id="23" relType="DURING">
      <source id="37" />
      <target id="0" />
    </TLINK>
    <TLINK comment="" id="24" relType="INCLUDES">
      <source id="38" />
      <target id="39" />
    </TLINK>
    <TLINK comment="" id="25" relType="INCLUDES">
      <source id="38" />
      <target id="40" />
    </TLINK>
    <TLINK comment="" id="26" relType="BEFORE">
      <source id="41" />
      <target id="43" />
    </TLINK>
    <CLINK comment="" id="27">
      <source id="41" />
      <target id="43" />
    </CLINK>
    <TLINK comment="" id="28" relType="DURING">
      <source id="44" />
      <target id="0" />
    </TLINK>
    <TLINK comment="" id="29" relType="SIMULTANEOUS">
      <source id="44" />
      <target id="45" />
    </TLINK>
    <TLINK comment="" id="30" relType="INCLUDES">
      <source id="46" />
      <target id="47" />
    </TLINK>
    <TLINK comment="" id="31" relType="ENDS">
      <source id="48" />
      <target id="46" />
    </TLINK>
    <TLINK comment="" id="32" relType="BEFORE">
      <source id="48" />
      <target id="49" />
    </TLINK>
    <TLINK comment="" id="33" relType="DURING">
      <source id="50" />
      <target id="2" />
    </TLINK>
    <TLINK comment="" id="34" relType="DURING">
      <source id="51" />
      <target id="2" />
    </TLINK>
    <TLINK comment="" id="35" relType="SIMULTANEOUS">
      <source id="52" />
      <target id="50" />
    </TLINK>
    <CLINK c-signalID="55" comment="" id="36">
      <source id="53" />
      <target id="56" />
    </CLINK>
    <TLINK comment="" id="37" relType="AFTER">
      <source id="57" />
      <target id="0" />
    </TLINK>
    <TLINK comment="" id="38" relType="AFTER">
      <source id="58" />
      <target id="0" />
    </TLINK>
    <TLINK comment="" id="39" relType="DURING">
      <source id="59" />
      <target id="0" />
    </TLINK>
    <TLINK comment="" id="40" relType="BEGINS">
      <source id="59" />
      <target id="60" />
    </TLINK>
  </Relations>
  <token id="1" number="0" sentence="0">On</token>
  <token id="2" number="1" sentence="0">the</token>
  <token id="3" number="2" sentence="0">other</token>
  <token id="4" number="3" sentence="0">hand</token>
  <token id="5" number="4" sentence="0">,</token>
  <token id="6" number="5" sentence="0">it</token>
  <token id="7" number="6" sentence="0">'s</token>
  <token id="8" number="7" sentence="0">turning</token>
  <token id="9" number="8" sentence="0">out</token>
  <token id="10" number="9" sentence="0">to</token>
  <token id="11" number="10" sentence="0">be</token>
  <token id="12" number="11" sentence="0">another</token>
  <token id="13" number="12" sentence="0">very</token>
  <token id="14" number="13" sentence="0">bad</token>
  <token id="15" number="14" sentence="0">financial</token>
  <token id="16" number="15" sentence="0">week</token>
  <token id="17" number="16" sentence="0">for</token>
  <token id="18" number="17" sentence="0">Asia</token>
  <token id="19" number="18" sentence="0">.</token>
  <token id="20" number="19" sentence="1">The</token>
  <token id="21" number="20" sentence="1">financial</token>
  <token id="22" number="21" sentence="1">assistance</token>
  <token id="23" number="22" sentence="1">from</token>
  <token id="24" number="23" sentence="1">the</token>
  <token id="25" number="24" sentence="1">World</token>
  <token id="26" number="25" sentence="1">Bank</token>
  <token id="27" number="26" sentence="1">and</token>
  <token id="28" number="27" sentence="1">the</token>
  <token id="29" number="28" sentence="1">International</token>
  <token id="30" number="29" sentence="1">Monetary</token>
  <token id="31" number="30" sentence="1">Fund</token>
  <token id="32" number="31" sentence="1">are</token>
  <token id="33" number="32" sentence="1">not</token>
  <token id="34" number="33" sentence="1">helping</token>
  <token id="35" number="34" sentence="1">.</token>
  <token id="36" number="35" sentence="2">In</token>
  <token id="37" number="36" sentence="2">the</token>
  <token id="38" number="37" sentence="2">last</token>
  <token id="39" number="38" sentence="2">twenty</token>
  <token id="40" number="39" sentence="2">four</token>
  <token id="41" number="40" sentence="2">hours</token>
  <token id="42" number="41" sentence="2">,</token>
  <token id="43" number="42" sentence="2">the</token>
  <token id="44" number="43" sentence="2">value</token>
  <token id="45" number="44" sentence="2">of</token>
  <token id="46" number="45" sentence="2">the</token>
  <token id="47" number="46" sentence="2">Indonesian</token>
  <token id="48" number="47" sentence="2">stock</token>
  <token id="49" number="48" sentence="2">market</token>
  <token id="50" number="49" sentence="2">has</token>
  <token id="51" number="50" sentence="2">fallen</token>
  <token id="52" number="51" sentence="2">by</token>
  <token id="53" number="52" sentence="2">twelve</token>
  <token id="54" number="53" sentence="2">percent</token>
  <token id="55" number="54" sentence="2">.</token>
  <token id="56" number="55" sentence="3">The</token>
  <token id="57" number="56" sentence="3">Indonesian</token>
  <token id="58" number="57" sentence="3">currency</token>
  <token id="59" number="58" sentence="3">has</token>
  <token id="60" number="59" sentence="3">lost</token>
  <token id="61" number="60" sentence="3">twenty</token>
  <token id="62" number="61" sentence="3">six</token>
  <token id="63" number="62" sentence="3">percent</token>
  <token id="64" number="63" sentence="3">of</token>
  <token id="65" number="64" sentence="3">its</token>
  <token id="66" number="65" sentence="3">value</token>
  <token id="67" number="66" sentence="3">.</token>
  <token id="68" number="67" sentence="4">In</token>
  <token id="69" number="68" sentence="4">Singapore</token>
  <token id="70" number="69" sentence="4">,</token>
  <token id="71" number="70" sentence="4">stocks</token>
  <token id="72" number="71" sentence="4">hit</token>
  <token id="73" number="72" sentence="4">a</token>
  <token id="74" number="73" sentence="4">five</token>
  <token id="75" number="74" sentence="4">year</token>
  <token id="76" number="75" sentence="4">low</token>
  <token id="77" number="76" sentence="4">.</token>
  <token id="78" number="77" sentence="5">In</token>
  <token id="79" number="78" sentence="5">the</token>
  <token id="80" number="79" sentence="5">Philippines</token>
  <token id="81" number="80" sentence="5">,</token>
  <token id="82" number="81" sentence="5">a</token>
  <token id="83" number="82" sentence="5">four</token>
  <token id="84" number="83" sentence="5">year</token>
  <token id="85" number="84" sentence="5">low</token>
  <token id="86" number="85" sentence="5">.</token>
  <token id="87" number="86" sentence="6">And</token>
  <token id="88" number="87" sentence="6">in</token>
  <token id="89" number="88" sentence="6">Hong</token>
  <token id="90" number="89" sentence="6">Kong</token>
  <token id="91" number="90" sentence="6">,</token>
  <token id="92" number="91" sentence="6">a</token>
  <token id="93" number="92" sentence="6">three</token>
  <token id="94" number="93" sentence="6">percent</token>
  <token id="95" number="94" sentence="6">drop</token>
  <token id="96" number="95" sentence="6">.</token>
  <token id="97" number="96" sentence="7">More</token>
  <token id="98" number="97" sentence="7">problems</token>
  <token id="99" number="98" sentence="7">in</token>
  <token id="100" number="99" sentence="7">Hong</token>
  <token id="101" number="100" sentence="7">Kong</token>
  <token id="102" number="101" sentence="7">for</token>
  <token id="103" number="102" sentence="7">a</token>
  <token id="104" number="103" sentence="7">place</token>
  <token id="105" number="104" sentence="7">,</token>
  <token id="106" number="105" sentence="7">for</token>
  <token id="107" number="106" sentence="7">an</token>
  <token id="108" number="107" sentence="7">economy</token>
  <token id="109" number="108" sentence="7">,</token>
  <token id="110" number="109" sentence="7">that</token>
  <token id="111" number="110" sentence="7">many</token>
  <token id="112" number="111" sentence="7">experts</token>
  <token id="113" number="112" sentence="7">thought</token>
  <token id="114" number="113" sentence="7">was</token>
  <token id="115" number="114" sentence="7">once</token>
  <token id="116" number="115" sentence="7">invincible</token>
  <token id="117" number="116" sentence="7">.</token>
  <token id="118" number="117" sentence="8">Here</token>
  <token id="119" number="118" sentence="8">'s</token>
  <token id="120" number="119" sentence="8">ABC</token>
  <token id="121" number="120" sentence="8">'s</token>
  <token id="122" number="121" sentence="8">Jim</token>
  <token id="123" number="122" sentence="8">Laurie</token>
  <token id="124" number="123" sentence="8">.</token>
  <token id="125" number="124" sentence="9">Not</token>
  <token id="126" number="125" sentence="9">that</token>
  <token id="127" number="126" sentence="9">long</token>
  <token id="128" number="127" sentence="9">ago</token>
  <token id="129" number="128" sentence="9">,</token>
  <token id="130" number="129" sentence="9">before</token>
  <token id="131" number="130" sentence="9">the</token>
  <token id="132" number="131" sentence="9">Chinese</token>
  <token id="133" number="132" sentence="9">takeover</token>
  <token id="134" number="133" sentence="9">,</token>
  <token id="135" number="134" sentence="9">the</token>
  <token id="136" number="135" sentence="9">news</token>
  <token id="137" number="136" sentence="9">about</token>
  <token id="138" number="137" sentence="9">real</token>
  <token id="139" number="138" sentence="9">estate</token>
  <token id="140" number="139" sentence="9">here</token>
  <token id="141" number="140" sentence="9">was</token>
  <token id="142" number="141" sentence="9">that</token>
  <token id="143" number="142" sentence="9">the</token>
  <token id="144" number="143" sentence="9">sky</token>
  <token id="145" number="144" sentence="9">was</token>
  <token id="146" number="145" sentence="9">the</token>
  <token id="147" number="146" sentence="9">limit</token>
  <token id="148" number="147" sentence="9">the</token>
  <token id="149" number="148" sentence="9">highest</token>
  <token id="150" number="149" sentence="9">prices</token>
  <token id="151" number="150" sentence="9">in</token>
  <token id="152" number="151" sentence="9">the</token>
  <token id="153" number="152" sentence="9">world</token>
  <token id="154" number="153" sentence="9">.</token>
  <token id="155" number="154" sentence="10">So</token>
  <token id="156" number="155" sentence="10">when</token>
  <token id="157" number="156" sentence="10">Wong</token>
  <token id="158" number="157" sentence="10">Kwan</token>
  <token id="159" number="158" sentence="10">spent</token>
  <token id="160" number="159" sentence="10">seventy</token>
  <token id="161" number="160" sentence="10">million</token>
  <token id="162" number="161" sentence="10">dollars</token>
  <token id="163" number="162" sentence="10">for</token>
  <token id="164" number="163" sentence="10">this</token>
  <token id="165" number="164" sentence="10">house</token>
  <token id="166" number="165" sentence="10">,</token>
  <token id="167" number="166" sentence="10">he</token>
  <token id="168" number="167" sentence="10">thought</token>
  <token id="169" number="168" sentence="10">it</token>
  <token id="170" number="169" sentence="10">was</token>
  <token id="171" number="170" sentence="10">a</token>
  <token id="172" number="171" sentence="10">great</token>
  <token id="173" number="172" sentence="10">deal</token>
  <token id="174" number="173" sentence="10">.</token>
  <token id="175" number="174" sentence="11">He</token>
  <token id="176" number="175" sentence="11">sold</token>
  <token id="177" number="176" sentence="11">the</token>
  <token id="178" number="177" sentence="11">property</token>
  <token id="179" number="178" sentence="11">to</token>
  <token id="180" number="179" sentence="11">five</token>
  <token id="181" number="180" sentence="11">buyers</token>
  <token id="182" number="181" sentence="11">and</token>
  <token id="183" number="182" sentence="11">said</token>
  <token id="184" number="183" sentence="11">he</token>
  <token id="185" number="184" sentence="11">'d</token>
  <token id="186" number="185" sentence="11">double</token>
  <token id="187" number="186" sentence="11">his</token>
  <token id="188" number="187" sentence="11">money</token>
  <token id="189" number="188" sentence="11">.</token>
  <token id="190" number="189" sentence="12">In</token>
  <token id="191" number="190" sentence="12">Hong</token>
  <token id="192" number="191" sentence="12">Kong</token>
  <token id="193" number="192" sentence="12">,</token>
  <token id="194" number="193" sentence="12">is</token>
  <token id="195" number="194" sentence="12">always</token>
  <token id="196" number="195" sentence="12">belongs</token>
  <token id="197" number="196" sentence="12">to</token>
  <token id="198" number="197" sentence="12">the</token>
  <token id="199" number="198" sentence="12">seller</token>
  <token id="200" number="199" sentence="12">'s</token>
  <token id="201" number="200" sentence="12">market</token>
  <token id="202" number="201" sentence="12">.</token>
  <token id="203" number="202" sentence="13">Now</token>
  <token id="204" number="203" sentence="13">with</token>
  <token id="205" number="204" sentence="13">new</token>
  <token id="206" number="205" sentence="13">construction</token>
  <token id="207" number="206" sentence="13">under</token>
  <token id="208" number="207" sentence="13">way</token>
  <token id="209" number="208" sentence="13">,</token>
  <token id="210" number="209" sentence="13">three</token>
  <token id="211" number="210" sentence="13">of</token>
  <token id="212" number="211" sentence="13">his</token>
  <token id="213" number="212" sentence="13">buyers</token>
  <token id="214" number="213" sentence="13">have</token>
  <token id="215" number="214" sentence="13">backed</token>
  <token id="216" number="215" sentence="13">out</token>
  <token id="217" number="216" sentence="13">.</token>
  <token id="218" number="217" sentence="14">And</token>
  <token id="219" number="218" sentence="14">Wong</token>
  <token id="220" number="219" sentence="14">Kwan</token>
  <token id="221" number="220" sentence="14">will</token>
  <token id="222" number="221" sentence="14">be</token>
  <token id="223" number="222" sentence="14">lucky</token>
  <token id="224" number="223" sentence="14">to</token>
  <token id="225" number="224" sentence="14">break</token>
  <token id="226" number="225" sentence="14">even</token>
  <token id="227" number="226" sentence="14">.</token>
  <token id="228" number="227" sentence="15">All</token>
  <token id="229" number="228" sentence="15">across</token>
  <token id="230" number="229" sentence="15">Hong</token>
  <token id="231" number="230" sentence="15">Kong</token>
  <token id="232" number="231" sentence="15">,</token>
  <token id="233" number="232" sentence="15">the</token>
  <token id="234" number="233" sentence="15">property</token>
  <token id="235" number="234" sentence="15">market</token>
  <token id="236" number="235" sentence="15">has</token>
  <token id="237" number="236" sentence="15">crashed</token>
  <token id="238" number="237" sentence="15">.</token>
  <token id="239" number="238" sentence="16">Pamela</token>
  <token id="240" number="239" sentence="16">Pak</token>
  <token id="241" number="240" sentence="16">owns</token>
  <token id="242" number="241" sentence="16">eight</token>
  <token id="243" number="242" sentence="16">condominiums</token>
  <token id="244" number="243" sentence="16">here</token>
  <token id="245" number="244" sentence="16">.</token>
  <token id="246" number="245" sentence="17">Pak</token>
  <token id="247" number="246" sentence="17">ca</token>
  <token id="248" number="247" sentence="17">n't</token>
  <token id="249" number="248" sentence="17">find</token>
  <token id="250" number="249" sentence="17">buyers</token>
  <token id="251" number="250" sentence="17">.</token>
  <token id="252" number="251" sentence="18">She</token>
  <token id="253" number="252" sentence="18">estimates</token>
  <token id="254" number="253" sentence="18">her</token>
  <token id="255" number="254" sentence="18">properties</token>
  <token id="256" number="255" sentence="18">,</token>
  <token id="257" number="256" sentence="18">worth</token>
  <token id="258" number="257" sentence="18">a</token>
  <token id="259" number="258" sentence="18">hundred</token>
  <token id="260" number="259" sentence="18">thirty</token>
  <token id="261" number="260" sentence="18">million</token>
  <token id="262" number="261" sentence="18">dollars</token>
  <token id="263" number="262" sentence="18">in</token>
  <token id="264" number="263" sentence="18">October</token>
  <token id="265" number="264" sentence="18">,</token>
  <token id="266" number="265" sentence="18">are</token>
  <token id="267" number="266" sentence="18">worth</token>
  <token id="268" number="267" sentence="18">only</token>
  <token id="269" number="268" sentence="18">half</token>
  <token id="270" number="269" sentence="18">that</token>
  <token id="271" number="270" sentence="18">now</token>
  <token id="272" number="271" sentence="18">.</token>
  <token id="273" number="272" sentence="19">They</token>
  <token id="274" number="273" sentence="19">believe</token>
  <token id="275" number="274" sentence="19">ah</token>
  <token id="276" number="275" sentence="19">it</token>
  <token id="277" number="276" sentence="19">will</token>
  <token id="278" number="277" sentence="19">be</token>
  <token id="279" number="278" sentence="19">always</token>
  <token id="280" number="279" sentence="19">up</token>
  <token id="281" number="280" sentence="19">going</token>
  <token id="282" number="281" sentence="19">up</token>
  <token id="283" number="282" sentence="19">and</token>
  <token id="284" number="283" sentence="19">up</token>
  <token id="285" number="284" sentence="19">ah</token>
  <token id="286" number="285" sentence="19">forever</token>
  <token id="287" number="286" sentence="19">.</token>
  <token id="288" number="287" sentence="20">Nobody</token>
  <token id="289" number="288" sentence="20">believe</token>
  <token id="290" number="289" sentence="20">this</token>
  <token id="291" number="290" sentence="20">any</token>
  <token id="292" number="291" sentence="20">more</token>
  <token id="293" number="292" sentence="20">.</token>
  <token id="294" number="293" sentence="21">Of</token>
  <token id="295" number="294" sentence="21">all</token>
  <token id="296" number="295" sentence="21">of</token>
  <token id="297" number="296" sentence="21">Asia</token>
  <token id="298" number="297" sentence="21">'s</token>
  <token id="299" number="298" sentence="21">economies</token>
  <token id="300" number="299" sentence="21">,</token>
  <token id="301" number="300" sentence="21">Hong</token>
  <token id="302" number="301" sentence="21">Kong</token>
  <token id="303" number="302" sentence="21">is</token>
  <token id="304" number="303" sentence="21">the</token>
  <token id="305" number="304" sentence="21">most</token>
  <token id="306" number="305" sentence="21">robust</token>
  <token id="307" number="306" sentence="21">.</token>
  <token id="308" number="307" sentence="22">But</token>
  <token id="309" number="308" sentence="22">in</token>
  <token id="310" number="309" sentence="22">the</token>
  <token id="311" number="310" sentence="22">past</token>
  <token id="312" number="311" sentence="22">three</token>
  <token id="313" number="312" sentence="22">months</token>
  <token id="314" number="313" sentence="22">,</token>
  <token id="315" number="314" sentence="22">stocks</token>
  <token id="316" number="315" sentence="22">have</token>
  <token id="317" number="316" sentence="22">plunged</token>
  <token id="318" number="317" sentence="22">,</token>
  <token id="319" number="318" sentence="22">interest</token>
  <token id="320" number="319" sentence="22">rates</token>
  <token id="321" number="320" sentence="22">have</token>
  <token id="322" number="321" sentence="22">soared</token>
  <token id="323" number="322" sentence="22">and</token>
  <token id="324" number="323" sentence="22">the</token>
  <token id="325" number="324" sentence="22">downturn</token>
  <token id="326" number="325" sentence="22">all</token>
  <token id="327" number="326" sentence="22">across</token>
  <token id="328" number="327" sentence="22">Asia</token>
  <token id="329" number="328" sentence="22">means</token>
  <token id="330" number="329" sentence="22">that</token>
  <token id="331" number="330" sentence="22">people</token>
  <token id="332" number="331" sentence="22">are</token>
  <token id="333" number="332" sentence="22">not</token>
  <token id="334" number="333" sentence="22">spending</token>
  <token id="335" number="334" sentence="22">here</token>
  <token id="336" number="335" sentence="22">.</token>
  <token id="337" number="336" sentence="23">Hotels</token>
  <token id="338" number="337" sentence="23">are</token>
  <token id="339" number="338" sentence="23">only</token>
  <token id="340" number="339" sentence="23">thirty</token>
  <token id="341" number="340" sentence="23">percent</token>
  <token id="342" number="341" sentence="23">full</token>
  <token id="343" number="342" sentence="23">.</token>
  <token id="344" number="343" sentence="24">You</token>
  <token id="345" number="344" sentence="24">can</token>
  <token id="346" number="345" sentence="24">get</token>
  <token id="347" number="346" sentence="24">seventy</token>
  <token id="348" number="347" sentence="24">percent</token>
  <token id="349" number="348" sentence="24">discounts</token>
  <token id="350" number="349" sentence="24">at</token>
  <token id="351" number="350" sentence="24">the</token>
  <token id="352" number="351" sentence="24">shopping</token>
  <token id="353" number="352" sentence="24">malls</token>
  <token id="354" number="353" sentence="24">.</token>
  <token id="355" number="354" sentence="25">Three</token>
  <token id="356" number="355" sentence="25">thousand</token>
  <token id="357" number="356" sentence="25">dollar</token>
  <token id="358" number="357" sentence="25">pearls</token>
  <token id="359" number="358" sentence="25">for</token>
  <token id="360" number="359" sentence="25">eight</token>
  <token id="361" number="360" sentence="25">hundred</token>
  <token id="362" number="361" sentence="25">dollars</token>
  <token id="363" number="362" sentence="25">.</token>
  <token id="364" number="363" sentence="26">A</token>
  <token id="365" number="364" sentence="26">two</token>
  <token id="366" number="365" sentence="26">hundred</token>
  <token id="367" number="366" sentence="26">dollar</token>
  <token id="368" number="367" sentence="26">wool</token>
  <token id="369" number="368" sentence="26">jacket</token>
  <token id="370" number="369" sentence="26">for</token>
  <token id="371" number="370" sentence="26">fifty</token>
  <token id="372" number="371" sentence="26">dollars</token>
  <token id="373" number="372" sentence="26">.</token>
  <token id="374" number="373" sentence="27">Still</token>
  <token id="375" number="374" sentence="27">,</token>
  <token id="376" number="375" sentence="27">there</token>
  <token id="377" number="376" sentence="27">are</token>
  <token id="378" number="377" sentence="27">few</token>
  <token id="379" number="378" sentence="27">buyers</token>
  <token id="380" number="379" sentence="27">.</token>
  <token id="381" number="380" sentence="28">And</token>
  <token id="382" number="381" sentence="28">at</token>
  <token id="383" number="382" sentence="28">the</token>
  <token id="384" number="383" sentence="28">big</token>
  <token id="385" number="384" sentence="28">brokerage</token>
  <token id="386" number="385" sentence="28">houses</token>
  <token id="387" number="386" sentence="28">,</token>
  <token id="388" number="387" sentence="28">after</token>
  <token id="389" number="388" sentence="28">ten</token>
  <token id="390" number="389" sentence="28">years</token>
  <token id="391" number="390" sentence="28">of</token>
  <token id="392" number="391" sentence="28">boom</token>
  <token id="393" number="392" sentence="28">,</token>
  <token id="394" number="393" sentence="28">they</token>
  <token id="395" number="394" sentence="28">'re</token>
  <token id="396" number="395" sentence="28">talking</token>
  <token id="397" number="396" sentence="28">about</token>
  <token id="398" number="397" sentence="28">layoffs</token>
  <token id="399" number="398" sentence="28">.</token>
  <token id="400" number="399" sentence="29">I</token>
  <token id="401" number="400" sentence="29">think</token>
  <token id="402" number="401" sentence="29">that</token>
  <token id="403" number="402" sentence="29">the</token>
  <token id="404" number="403" sentence="29">mood</token>
  <token id="405" number="404" sentence="29">is</token>
  <token id="406" number="405" sentence="29">fairly</token>
  <token id="407" number="406" sentence="29">gloomy</token>
  <token id="408" number="407" sentence="29">,</token>
  <token id="409" number="408" sentence="29">and</token>
  <token id="410" number="409" sentence="29">I</token>
  <token id="411" number="410" sentence="29">think</token>
  <token id="412" number="411" sentence="29">it</token>
  <token id="413" number="412" sentence="29">'s</token>
  <token id="414" number="413" sentence="29">not</token>
  <token id="415" number="414" sentence="29">going</token>
  <token id="416" number="415" sentence="29">to</token>
  <token id="417" number="416" sentence="29">change</token>
  <token id="418" number="417" sentence="29">for</token>
  <token id="419" number="418" sentence="29">a</token>
  <token id="420" number="419" sentence="29">couple</token>
  <token id="421" number="420" sentence="29">of</token>
  <token id="422" number="421" sentence="29">years</token>
  <token id="423" number="422" sentence="29">.</token>
  <token id="424" number="423" sentence="30">So</token>
  <token id="425" number="424" sentence="30">for</token>
  <token id="426" number="425" sentence="30">Hong</token>
  <token id="427" number="426" sentence="30">Kong</token>
  <token id="428" number="427" sentence="30">,</token>
  <token id="429" number="428" sentence="30">it</token>
  <token id="430" number="429" sentence="30">'s</token>
  <token id="431" number="430" sentence="30">time</token>
  <token id="432" number="431" sentence="30">,</token>
  <token id="433" number="432" sentence="30">as</token>
  <token id="434" number="433" sentence="30">investment</token>
  <token id="435" number="434" sentence="30">bankers</token>
  <token id="436" number="435" sentence="30">like</token>
  <token id="437" number="436" sentence="30">to</token>
  <token id="438" number="437" sentence="30">say</token>
  <token id="439" number="438" sentence="30">,</token>
  <token id="440" number="439" sentence="30">to</token>
  <token id="441" number="440" sentence="30">reposition</token>
  <token id="442" number="441" sentence="30">.</token>
  <token id="443" number="442" sentence="31">To</token>
  <token id="444" number="443" sentence="31">either</token>
  <token id="445" number="444" sentence="31">hold</token>
  <token id="446" number="445" sentence="31">on</token>
  <token id="447" number="446" sentence="31">tight</token>
  <token id="448" number="447" sentence="31">or</token>
  <token id="449" number="448" sentence="31">get</token>
  <token id="450" number="449" sentence="31">out</token>
  <token id="451" number="450" sentence="31">,</token>
  <token id="452" number="451" sentence="31">as</token>
  <token id="453" number="452" sentence="31">much</token>
  <token id="454" number="453" sentence="31">of</token>
  <token id="455" number="454" sentence="31">Asia</token>
  <token id="456" number="455" sentence="31">goes</token>
  <token id="457" number="456" sentence="31">into</token>
  <token id="458" number="457" sentence="31">recession</token>
  <token id="459" number="458" sentence="31">.</token>
  <token id="460" number="459" sentence="32">Jim</token>
  <token id="461" number="460" sentence="32">Laurie</token>
  <token id="462" number="461" sentence="32">,</token>
  <token id="463" number="462" sentence="32">ABC</token>
  <token id="464" number="463" sentence="32">News</token>
  <token id="465" number="464" sentence="32">,</token>
  <token id="466" number="465" sentence="32">Hong</token>
  <token id="467" number="466" sentence="32">Kong</token>
  <token id="468" number="467" sentence="32">.</token>
</Document>
