<Document doc_name="ABC19980114.1830.0611">
  <Markables>
    <TIMEX3 RELATED_TO="" TAG_DESCRIPTOR="Empty_Mark" beginPoint="" comment="" endPoint="" freq="" functionInDocument="CREATION_TIME" id="0" quant="" type="DATE" value="1998-01-14" />
    <TIMEX3 anchorTimeID="0" beginPoint="" comment="" endPoint="" freq="" functionInDocument="NONE" id="1" quant="" type="DATE" value="1998-01-14">
      <token_anchor id="3" />
    </TIMEX3>
    <EVENT aspect="NONE" certainty="" class="OCCURRENCE" comment="" factuality="" id="2" modality="NONE" polarity="POS" pos="VERB" tense="PAST">
      <token_anchor id="9" />
    </EVENT>
    <EVENT aspect="NONE" certainty="" class="OCCURRENCE" comment="" factuality="" id="3" modality="NONE" polarity="POS" pos="VERB" tense="PAST">
      <token_anchor id="22" />
    </EVENT>
    <EVENT aspect="NONE" certainty="" class="OCCURRENCE" comment="" factuality="" id="4" modality="NONE" polarity="POS" pos="VERB" tense="PAST">
      <token_anchor id="33" />
    </EVENT>
    <EVENT aspect="NONE" certainty="" class="OCCURRENCE" comment="" factuality="" id="5" modality="NONE" polarity="POS" pos="NOUN" tense="NONE">
      <token_anchor id="59" />
    </EVENT>
    <EVENT aspect="NONE" certainty="" class="OCCURRENCE" comment="" factuality="" id="6" modality="NONE" polarity="POS" pos="VERB" tense="PRESENT">
      <token_anchor id="71" />
    </EVENT>
    <EVENT aspect="NONE" certainty="" class="OCCURRENCE" comment="" factuality="" id="7" modality="NONE" polarity="POS" pos="VERB" tense="PRESENT">
      <token_anchor id="83" />
    </EVENT>
    <TIMEX3 beginPoint="" comment="" endPoint="" freq="" functionInDocument="NONE" id="8" quant="" type="DURATION" value="PT1M30S">
      <token_anchor id="93" />
      <token_anchor id="94" />
      <token_anchor id="95" />
      <token_anchor id="96" />
      <token_anchor id="97" />
    </TIMEX3>
    <EVENT aspect="NONE" certainty="" class="REPORTING" comment="" factuality="" id="9" modality="NONE" polarity="POS" pos="VERB" tense="PRESENT">
      <token_anchor id="106" />
    </EVENT>
    <EVENT aspect="NONE" certainty="" class="PERCEPTION" comment="" factuality="" id="10" modality="NONE" polarity="POS" pos="VERB" tense="PAST">
      <token_anchor id="112" />
    </EVENT>
    <EVENT aspect="NONE" certainty="" class="OCCURRENCE" comment="" factuality="" id="11" modality="NONE" polarity="POS" pos="NOUN" tense="NONE">
      <token_anchor id="114" />
    </EVENT>
    <EVENT aspect="NONE" certainty="" class="OCCURRENCE" comment="" factuality="" id="12" modality="NONE" polarity="POS" pos="VERB" tense="PAST">
      <token_anchor id="131" />
    </EVENT>
    <EVENT aspect="NONE" certainty="" class="I_ACTION" comment="" factuality="" id="13" modality="NONE" polarity="POS" pos="VERB" tense="PRESENT">
      <token_anchor id="139" />
    </EVENT>
    <EVENT aspect="NONE" certainty="" class="OCCURRENCE" comment="" factuality="" id="14" modality="NONE" polarity="POS" pos="VERB" tense="INFINITIVE">
      <token_anchor id="141" />
    </EVENT>
    <EVENT aspect="NONE" certainty="" class="PERCEPTION" comment="" factuality="" id="15" modality="NONE" polarity="POS" pos="VERB" tense="PRESENT">
      <token_anchor id="152" />
    </EVENT>
    <EVENT aspect="NONE" certainty="" class="OCCURRENCE" comment="" factuality="" id="16" modality="NONE" polarity="POS" pos="VERB" tense="PRESENT">
      <token_anchor id="155" />
    </EVENT>
    <EVENT aspect="NONE" certainty="" class="OCCURRENCE" comment="" factuality="" id="17" modality="NONE" polarity="NEG" pos="NOUN" tense="PRESENT">
      <token_anchor id="160" />
    </EVENT>
    <EVENT aspect="NONE" certainty="" class="OCCURRENCE" comment="" factuality="" id="18" modality="NONE" polarity="POS" pos="VERB" tense="PRESENT">
      <token_anchor id="166" />
    </EVENT>
    <EVENT aspect="NONE" certainty="" class="OCCURRENCE" comment="" factuality="" id="19" modality="NONE" polarity="POS" pos="VERB" tense="PAST">
      <token_anchor id="183" />
    </EVENT>
    <EVENT aspect="NONE" certainty="" class="PERCEPTION" comment="" factuality="" id="20" modality="NONE" polarity="POS" pos="VERB" tense="PAST">
      <token_anchor id="192" />
    </EVENT>
    <EVENT aspect="NONE" certainty="" class="OCCURRENCE" comment="" factuality="" id="21" modality="NONE" polarity="POS" pos="VERB" tense="PRESENT">
      <token_anchor id="195" />
    </EVENT>
    <EVENT aspect="NONE" certainty="" class="OCCURRENCE" comment="" factuality="" id="22" modality="NONE" polarity="POS" pos="VERB" tense="PRESPART">
      <token_anchor id="218" />
    </EVENT>
    <EVENT aspect="NONE" certainty="" class="I_STATE" comment="" factuality="" id="23" modality="NONE" polarity="POS" pos="VERB" tense="PAST">
      <token_anchor id="229" />
    </EVENT>
    <EVENT aspect="NONE" certainty="" class="OCCURRENCE" comment="" factuality="" id="24" modality="could" polarity="NEG" pos="VERB" tense="NONE">
      <token_anchor id="234" />
    </EVENT>
    <EVENT aspect="NONE" certainty="" class="OCCURRENCE" comment="" factuality="" id="25" modality="NONE" polarity="POS" pos="VERB" tense="PAST">
      <token_anchor id="239" />
    </EVENT>
  </Markables>
  <Relations>
    <TLINK comment="" id="1" relType="IDENTITY">
      <source id="1" />
      <target id="0" />
    </TLINK>
    <TLINK comment="" id="2" relType="INCLUDES">
      <source id="1" />
      <target id="2" />
    </TLINK>
    <TLINK comment="" id="3" relType="AFTER">
      <source id="2" />
      <target id="3" />
    </TLINK>
    <TLINK comment="" id="4" relType="IDENTITY">
      <source id="3" />
      <target id="12" />
    </TLINK>
    <TLINK comment="" id="5" relType="IS_INCLUDED">
      <source id="4" />
      <target id="3" />
    </TLINK>
    <TLINK comment="" id="6" relType="BEGINS">
      <source id="5" />
      <target id="8" />
    </TLINK>
    <TLINK comment="" id="7" relType="AFTER">
      <source id="7" />
      <target id="6" />
    </TLINK>
    <TLINK comment="" id="8" relType="AFTER">
      <source id="9" />
      <target id="5" />
    </TLINK>
    <TLINK comment="" id="9" relType="ENDS">
      <source id="9" />
      <target id="8" />
    </TLINK>
    <TLINK comment="" id="10" relType="IDENTITY">
      <source id="11" />
      <target id="4" />
    </TLINK>
    <TLINK comment="" id="11" relType="IS_INCLUDED">
      <source id="11" />
      <target id="12" />
    </TLINK>
    <TLINK comment="" id="12" relType="AFTER">
      <source id="13" />
      <target id="9" />
    </TLINK>
    <TLINK comment="" id="13" relType="AFTER">
      <source id="16" />
      <target id="15" />
    </TLINK>
    <TLINK comment="" id="14" relType="AFTER">
      <source id="17" />
      <target id="13" />
    </TLINK>
    <TLINK comment="" id="15" relType="AFTER">
      <source id="18" />
      <target id="17" />
    </TLINK>
    <TLINK comment="" id="16" relType="IDENTITY">
      <source id="19" />
      <target id="11" />
    </TLINK>
    <TLINK comment="" id="17" relType="IS_INCLUDED">
      <source id="19" />
      <target id="12" />
    </TLINK>
    <TLINK comment="" id="18" relType="BEFORE">
      <source id="19" />
      <target id="20" />
    </TLINK>
    <TLINK comment="" id="19" relType="AFTER">
      <source id="22" />
      <target id="21" />
    </TLINK>
    <TLINK comment="" id="20" relType="IBEFORE">
      <source id="24" />
      <target id="25" />
    </TLINK>
    <TLINK comment="" id="21" relType="AFTER">
      <source id="25" />
      <target id="23" />
    </TLINK>
  </Relations>
  <token id="1" number="0" sentence="0">In</token>
  <token id="2" number="1" sentence="0">Washington</token>
  <token id="3" number="2" sentence="0">today</token>
  <token id="4" number="3" sentence="0">,</token>
  <token id="5" number="4" sentence="0">the</token>
  <token id="6" number="5" sentence="0">Federal</token>
  <token id="7" number="6" sentence="0">Aviation</token>
  <token id="8" number="7" sentence="0">Administration</token>
  <token id="9" number="8" sentence="0">released</token>
  <token id="10" number="9" sentence="0">air</token>
  <token id="11" number="10" sentence="0">traffic</token>
  <token id="12" number="11" sentence="0">control</token>
  <token id="13" number="12" sentence="0">tapes</token>
  <token id="14" number="13" sentence="0">from</token>
  <token id="15" number="14" sentence="0">the</token>
  <token id="16" number="15" sentence="0">night</token>
  <token id="17" number="16" sentence="0">the</token>
  <token id="18" number="17" sentence="0">TWA</token>
  <token id="19" number="18" sentence="0">Flight</token>
  <token id="20" number="19" sentence="0">eight</token>
  <token id="21" number="20" sentence="0">hundred</token>
  <token id="22" number="21" sentence="0">went</token>
  <token id="23" number="22" sentence="0">down</token>
  <token id="24" number="23" sentence="0">.</token>
  <token id="25" number="24" sentence="1">There</token>
  <token id="26" number="25" sentence="1">'s</token>
  <token id="27" number="26" sentence="1">nothing</token>
  <token id="28" number="27" sentence="1">new</token>
  <token id="29" number="28" sentence="1">on</token>
  <token id="30" number="29" sentence="1">why</token>
  <token id="31" number="30" sentence="1">the</token>
  <token id="32" number="31" sentence="1">plane</token>
  <token id="33" number="32" sentence="1">exploded</token>
  <token id="34" number="33" sentence="1">,</token>
  <token id="35" number="34" sentence="1">but</token>
  <token id="36" number="35" sentence="1">you</token>
  <token id="37" number="36" sentence="1">can</token>
  <token id="38" number="37" sentence="1">not</token>
  <token id="39" number="38" sentence="1">miss</token>
  <token id="40" number="39" sentence="1">the</token>
  <token id="41" number="40" sentence="1">moment</token>
  <token id="42" number="41" sentence="1">.</token>
  <token id="43" number="42" sentence="2">ABC</token>
  <token id="44" number="43" sentence="2">'s</token>
  <token id="45" number="44" sentence="2">Lisa</token>
  <token id="46" number="45" sentence="2">Stark</token>
  <token id="47" number="46" sentence="2">has</token>
  <token id="48" number="47" sentence="2">more</token>
  <token id="49" number="48" sentence="2">.</token>
  <token id="50" number="49" sentence="3">There</token>
  <token id="51" number="50" sentence="3">was</token>
  <token id="52" number="51" sentence="3">no</token>
  <token id="53" number="52" sentence="3">hint</token>
  <token id="54" number="53" sentence="3">of</token>
  <token id="55" number="54" sentence="3">trouble</token>
  <token id="56" number="55" sentence="3">in</token>
  <token id="57" number="56" sentence="3">the</token>
  <token id="58" number="57" sentence="3">last</token>
  <token id="59" number="58" sentence="3">conversation</token>
  <token id="60" number="59" sentence="3">between</token>
  <token id="61" number="60" sentence="3">controllers</token>
  <token id="62" number="61" sentence="3">and</token>
  <token id="63" number="62" sentence="3">TWA</token>
  <token id="64" number="63" sentence="3">pilot</token>
  <token id="65" number="64" sentence="3">Steven</token>
  <token id="66" number="65" sentence="3">Snyder</token>
  <token id="67" number="66" sentence="3">TWA</token>
  <token id="68" number="67" sentence="3">eight</token>
  <token id="69" number="68" sentence="3">hundred</token>
  <token id="70" number="69" sentence="3">climb</token>
  <token id="71" number="70" sentence="3">maintain</token>
  <token id="72" number="71" sentence="3">one</token>
  <token id="73" number="72" sentence="3">five</token>
  <token id="74" number="73" sentence="3">thousand</token>
  <token id="75" number="74" sentence="3">.</token>
  <token id="76" number="75" sentence="4">TWA</token>
  <token id="77" number="76" sentence="4">'s</token>
  <token id="78" number="77" sentence="4">eight</token>
  <token id="79" number="78" sentence="4">hundred</token>
  <token id="80" number="79" sentence="4">heavy</token>
  <token id="81" number="80" sentence="4">climb</token>
  <token id="82" number="81" sentence="4">and</token>
  <token id="83" number="82" sentence="4">maintain</token>
  <token id="84" number="83" sentence="4">one</token>
  <token id="85" number="84" sentence="4">five</token>
  <token id="86" number="85" sentence="4">thousand</token>
  <token id="87" number="86" sentence="4">leavin</token>
  <token id="88" number="87" sentence="4">-</token>
  <token id="89" number="88" sentence="4">three</token>
  <token id="90" number="89" sentence="4">thousand</token>
  <token id="91" number="90" sentence="4">.</token>
  <token id="92" number="91" sentence="5">But</token>
  <token id="93" number="92" sentence="5">a</token>
  <token id="94" number="93" sentence="5">minute</token>
  <token id="95" number="94" sentence="5">and</token>
  <token id="96" number="95" sentence="5">a</token>
  <token id="97" number="96" sentence="5">half</token>
  <token id="98" number="97" sentence="5">later</token>
  <token id="99" number="98" sentence="5">,</token>
  <token id="100" number="99" sentence="5">a</token>
  <token id="101" number="100" sentence="5">pilot</token>
  <token id="102" number="101" sentence="5">from</token>
  <token id="103" number="102" sentence="5">a</token>
  <token id="104" number="103" sentence="5">nearby</token>
  <token id="105" number="104" sentence="5">flight</token>
  <token id="106" number="105" sentence="5">calls</token>
  <token id="107" number="106" sentence="5">in.</token>
  <token id="108" number="107" sentence="6">Ah</token>
  <token id="109" number="108" sentence="6">,</token>
  <token id="110" number="109" sentence="6">we</token>
  <token id="111" number="110" sentence="6">just</token>
  <token id="112" number="111" sentence="6">saw</token>
  <token id="113" number="112" sentence="6">an</token>
  <token id="114" number="113" sentence="6">explosion</token>
  <token id="115" number="114" sentence="6">up</token>
  <token id="116" number="115" sentence="6">ahead</token>
  <token id="117" number="116" sentence="6">of</token>
  <token id="118" number="117" sentence="6">us</token>
  <token id="119" number="118" sentence="6">here</token>
  <token id="120" number="119" sentence="6">about</token>
  <token id="121" number="120" sentence="6">sixteen</token>
  <token id="122" number="121" sentence="6">thousand</token>
  <token id="123" number="122" sentence="6">feet</token>
  <token id="124" number="123" sentence="6">or</token>
  <token id="125" number="124" sentence="6">something</token>
  <token id="126" number="125" sentence="6">like</token>
  <token id="127" number="126" sentence="6">that</token>
  <token id="128" number="127" sentence="6">.</token>
  <token id="129" number="128" sentence="7">It</token>
  <token id="130" number="129" sentence="7">just</token>
  <token id="131" number="130" sentence="7">went</token>
  <token id="132" number="131" sentence="7">down</token>
  <token id="133" number="132" sentence="7">.</token>
  <token id="134" number="133" sentence="8">The</token>
  <token id="135" number="134" sentence="8">controller</token>
  <token id="136" number="135" sentence="8">at</token>
  <token id="137" number="136" sentence="8">Boston</token>
  <token id="138" number="137" sentence="8">center</token>
  <token id="139" number="138" sentence="8">tries</token>
  <token id="140" number="139" sentence="8">to</token>
  <token id="141" number="140" sentence="8">raise</token>
  <token id="142" number="141" sentence="8">TWA</token>
  <token id="143" number="142" sentence="8">eight</token>
  <token id="144" number="143" sentence="8">hundred</token>
  <token id="145" number="144" sentence="8">.</token>
  <token id="146" number="145" sentence="9">TWA</token>
  <token id="147" number="146" sentence="9">eight</token>
  <token id="148" number="147" sentence="9">hundred</token>
  <token id="149" number="148" sentence="9">,</token>
  <token id="150" number="149" sentence="9">if</token>
  <token id="151" number="150" sentence="9">you</token>
  <token id="152" number="151" sentence="9">hear</token>
  <token id="153" number="152" sentence="9">center</token>
  <token id="154" number="153" sentence="9">,</token>
  <token id="155" number="154" sentence="9">ident</token>
  <token id="156" number="155" sentence="9">.</token>
  <token id="157" number="156" sentence="10">There</token>
  <token id="158" number="157" sentence="10">is</token>
  <token id="159" number="158" sentence="10">no</token>
  <token id="160" number="159" sentence="10">response</token>
  <token id="161" number="160" sentence="10">.</token>
  <token id="162" number="161" sentence="11">Later</token>
  <token id="163" number="162" sentence="11">,</token>
  <token id="164" number="163" sentence="11">the</token>
  <token id="165" number="164" sentence="11">controller</token>
  <token id="166" number="165" sentence="11">asks</token>
  <token id="167" number="166" sentence="11">the</token>
  <token id="168" number="167" sentence="11">Eastwind</token>
  <token id="169" number="168" sentence="11">pilot</token>
  <token id="170" number="169" sentence="11">for</token>
  <token id="171" number="170" sentence="11">more</token>
  <token id="172" number="171" sentence="11">details</token>
  <token id="173" number="172" sentence="11">.</token>
  <token id="174" number="173" sentence="12">Ah</token>
  <token id="175" number="174" sentence="12">yes</token>
  <token id="176" number="175" sentence="12">,</token>
  <token id="177" number="176" sentence="12">sir</token>
  <token id="178" number="177" sentence="12">.</token>
  <token id="179" number="178" sentence="13">It</token>
  <token id="180" number="179" sentence="13">-</token>
  <token id="181" number="180" sentence="13">It</token>
  <token id="182" number="181" sentence="13">just</token>
  <token id="183" number="182" sentence="13">blew</token>
  <token id="184" number="183" sentence="13">up</token>
  <token id="185" number="184" sentence="13">in</token>
  <token id="186" number="185" sentence="13">the</token>
  <token id="187" number="186" sentence="13">air</token>
  <token id="188" number="187" sentence="13">,</token>
  <token id="189" number="188" sentence="13">and</token>
  <token id="190" number="189" sentence="13">then</token>
  <token id="191" number="190" sentence="13">we</token>
  <token id="192" number="191" sentence="13">saw</token>
  <token id="193" number="192" sentence="13">two</token>
  <token id="194" number="193" sentence="13">fireballs</token>
  <token id="195" number="194" sentence="13">go</token>
  <token id="196" number="195" sentence="13">down</token>
  <token id="197" number="196" sentence="13">to</token>
  <token id="198" number="197" sentence="13">the</token>
  <token id="199" number="198" sentence="13">,</token>
  <token id="200" number="199" sentence="13">to</token>
  <token id="201" number="200" sentence="13">the</token>
  <token id="202" number="201" sentence="13">water</token>
  <token id="203" number="202" sentence="13">,</token>
  <token id="204" number="203" sentence="13">and</token>
  <token id="205" number="204" sentence="13">there</token>
  <token id="206" number="205" sentence="13">was</token>
  <token id="207" number="206" sentence="13">a</token>
  <token id="208" number="207" sentence="13">big</token>
  <token id="209" number="208" sentence="13">small</token>
  <token id="210" number="209" sentence="13">,</token>
  <token id="211" number="210" sentence="13">ah</token>
  <token id="212" number="211" sentence="13">,</token>
  <token id="213" number="212" sentence="13">smoke</token>
  <token id="214" number="213" sentence="13">,</token>
  <token id="215" number="214" sentence="13">from</token>
  <token id="216" number="215" sentence="13">ah</token>
  <token id="217" number="216" sentence="13">,</token>
  <token id="218" number="217" sentence="13">coming</token>
  <token id="219" number="218" sentence="13">up</token>
  <token id="220" number="219" sentence="13">from</token>
  <token id="221" number="220" sentence="13">that</token>
  <token id="222" number="221" sentence="13">.</token>
  <token id="223" number="222" sentence="14">At</token>
  <token id="224" number="223" sentence="14">one</token>
  <token id="225" number="224" sentence="14">point</token>
  <token id="226" number="225" sentence="14">,</token>
  <token id="227" number="226" sentence="14">when</token>
  <token id="228" number="227" sentence="14">it</token>
  <token id="229" number="228" sentence="14">became</token>
  <token id="230" number="229" sentence="14">clear</token>
  <token id="231" number="230" sentence="14">controllers</token>
  <token id="232" number="231" sentence="14">could</token>
  <token id="233" number="232" sentence="14">not</token>
  <token id="234" number="233" sentence="14">contact</token>
  <token id="235" number="234" sentence="14">the</token>
  <token id="236" number="235" sentence="14">plane</token>
  <token id="237" number="236" sentence="14">,</token>
  <token id="238" number="237" sentence="14">someone</token>
  <token id="239" number="238" sentence="14">said</token>
  <token id="240" number="239" sentence="14">a</token>
  <token id="241" number="240" sentence="14">prayer</token>
  <token id="242" number="241" sentence="14">.</token>
  <token id="243" number="242" sentence="15">TWA</token>
  <token id="244" number="243" sentence="15">eight</token>
  <token id="245" number="244" sentence="15">hundred</token>
  <token id="246" number="245" sentence="15">center</token>
  <token id="247" number="246" sentence="15">,</token>
  <token id="248" number="247" sentence="15">I</token>
  <token id="249" number="248" sentence="15">think</token>
  <token id="250" number="249" sentence="15">that</token>
  <token id="251" number="250" sentence="15">was</token>
  <token id="252" number="251" sentence="15">him</token>
  <token id="253" number="252" sentence="15">.</token>
  <token id="254" number="253" sentence="16">I</token>
  <token id="255" number="254" sentence="16">think</token>
  <token id="256" number="255" sentence="16">so</token>
  <token id="257" number="256" sentence="16">.</token>
  <token id="258" number="257" sentence="17">God</token>
  <token id="259" number="258" sentence="17">bless</token>
  <token id="260" number="259" sentence="17">him</token>
  <token id="261" number="260" sentence="17">.</token>
  <token id="262" number="261" sentence="18">Lisa</token>
  <token id="263" number="262" sentence="18">Stark</token>
  <token id="264" number="263" sentence="18">ABC</token>
  <token id="265" number="264" sentence="18">news</token>
  <token id="266" number="265" sentence="18">Washington</token>
</Document>
