<Document doc_name="APW19980308.0201">
  <Markables>
    <TIMEX3 RELATED_TO="" TAG_DESCRIPTOR="Empty_Mark" beginPoint="" comment="" endPoint="" freq="" functionInDocument="CREATION_TIME" id="0" quant="" type="TIME" value="1998-03-08T06:26:00" />
    <EVENT aspect="NONE" certainty="" class="OCCURRENCE" comment="" factuality="" id="1" modality="NONE" polarity="POS" pos="VERB" tense="PAST">
      <token_anchor id="12" />
    </EVENT>
    <TIMEX3 anchorTimeID="0" beginPoint="" comment="" endPoint="" freq="" functionInDocument="NONE" id="2" quant="" type="DATE" value="1998-03-08">
      <token_anchor id="13" />
    </TIMEX3>
    <EVENT aspect="NONE" certainty="" class="I_ACTION" comment="" factuality="" id="3" modality="NONE" polarity="POS" pos="VERB" tense="PRESPART">
      <token_anchor id="18" />
    </EVENT>
    <EVENT aspect="NONE" certainty="" class="I_STATE" comment="" factuality="" id="4" modality="NONE" polarity="POS" pos="VERB" tense="INFINITIVE">
      <token_anchor id="22" />
    </EVENT>
    <EVENT aspect="NONE" certainty="" class="OCCURRENCE" comment="" factuality="" id="5" modality="NONE" polarity="POS" pos="NOUN" tense="NONE">
      <token_anchor id="24" />
    </EVENT>
    <EVENT aspect="NONE" certainty="" class="I_ACTION" comment="" factuality="" id="6" modality="NONE" polarity="POS" pos="VERB" tense="PAST">
      <token_anchor id="39" />
    </EVENT>
    <EVENT aspect="NONE" certainty="" class="OCCURRENCE" comment="" factuality="" id="7" modality="NONE" polarity="POS" pos="VERB" tense="PRESPART">
      <token_anchor id="43" />
    </EVENT>
    <EVENT aspect="NONE" certainty="" class="I_ACTION" comment="" factuality="" id="8" modality="NONE" polarity="POS" pos="VERB" tense="PAST">
      <token_anchor id="52" />
    </EVENT>
    <EVENT aspect="NONE" certainty="" class="STATE" comment="" factuality="" id="9" modality="NONE" polarity="POS" pos="VERB" tense="INFINITIVE">
      <token_anchor id="55" />
    </EVENT>
    <EVENT aspect="NONE" certainty="" class="ASPECTUAL" comment="" factuality="" id="10" modality="NONE" polarity="POS" pos="VERB" tense="PRESENT">
      <token_anchor id="61" />
    </EVENT>
    <EVENT aspect="NONE" certainty="" class="OCCURRENCE" comment="" factuality="" id="11" modality="NONE" polarity="POS" pos="NOUN" tense="NONE">
      <token_anchor id="63" />
    </EVENT>
    <EVENT aspect="NONE" certainty="" class="REPORTING" comment="" factuality="" id="12" modality="NONE" polarity="POS" pos="VERB" tense="PAST">
      <token_anchor id="70" />
    </EVENT>
    <EVENT aspect="NONE" certainty="" class="OCCURRENCE" comment="" factuality="" id="13" modality="NONE" polarity="POS" pos="VERB" tense="PAST">
      <token_anchor id="84" />
    </EVENT>
    <EVENT aspect="NONE" certainty="" class="REPORTING" comment="" factuality="" id="14" modality="NONE" polarity="POS" pos="VERB" tense="PRESENT">
      <token_anchor id="120" />
    </EVENT>
    <EVENT aspect="PROGRESSIVE" certainty="" class="I_ACTION" comment="" factuality="" id="15" modality="NONE" polarity="POS" pos="VERB" tense="PRESENT">
      <token_anchor id="123" />
    </EVENT>
    <EVENT aspect="NONE" certainty="" class="ASPECTUAL" comment="" factuality="" id="16" modality="NONE" polarity="POS" pos="VERB" tense="INFINITIVE">
      <token_anchor id="125" />
    </EVENT>
    <EVENT aspect="NONE" certainty="" class="ASPECTUAL" comment="" factuality="" id="17" modality="NONE" polarity="POS" pos="VERB" tense="PRESENT">
      <token_anchor id="132" />
    </EVENT>
    <EVENT aspect="NONE" certainty="" class="REPORTING" comment="" factuality="" id="18" modality="NONE" polarity="POS" pos="VERB" tense="PAST">
      <token_anchor id="140" />
    </EVENT>
    <EVENT aspect="NONE" certainty="" class="OCCURRENCE" comment="" factuality="" id="19" modality="NONE" polarity="POS" pos="VERB" tense="PASTPART">
      <token_anchor id="141" />
    </EVENT>
    <EVENT aspect="NONE" certainty="" class="OCCURRENCE" comment="" factuality="" id="20" modality="NONE" polarity="POS" pos="NOUN" tense="NONE">
      <token_anchor id="143" />
    </EVENT>
    <TIMEX3 anchorTimeID="2" beginPoint="" comment="" endPoint="" freq="" functionInDocument="NONE" id="21" quant="" type="DATE" value="PAST_REF">
      <token_anchor id="155" />
      <token_anchor id="156" />
    </TIMEX3>
    <EVENT aspect="NONE" certainty="" class="I_STATE" comment="" factuality="" id="22" modality="NONE" polarity="POS" pos="VERB" tense="PASTPART">
      <token_anchor id="160" />
    </EVENT>
    <EVENT aspect="NONE" certainty="" class="ASPECTUAL" comment="" factuality="" id="23" modality="NONE" polarity="POS" pos="VERB" tense="PRESPART">
      <token_anchor id="166" />
    </EVENT>
    <EVENT aspect="NONE" certainty="" class="I_ACTION" comment="" factuality="" id="24" modality="NONE" polarity="POS" pos="VERB" tense="PAST">
      <token_anchor id="172" />
    </EVENT>
    <EVENT aspect="NONE" certainty="" class="OCCURRENCE" comment="" factuality="" id="25" modality="NONE" polarity="POS" pos="VERB" tense="INFINITIVE">
      <token_anchor id="177" />
    </EVENT>
    <EVENT aspect="NONE" certainty="" class="OCCURRENCE" comment="" factuality="" id="26" modality="NONE" polarity="POS" pos="VERB" tense="PRESENT">
      <token_anchor id="186" />
    </EVENT>
    <EVENT aspect="NONE" certainty="" class="OCCURRENCE" comment="" factuality="" id="27" modality="NONE" polarity="POS" pos="NOUN" tense="NONE">
      <token_anchor id="191" />
    </EVENT>
  </Markables>
  <Relations>
    <TLINK comment="" id="1" relType="IS_INCLUDED">
      <source id="1" />
      <target id="2" />
    </TLINK>
    <TLINK comment="" id="2" relType="SIMULTANEOUS">
      <source id="1" />
      <target id="3" />
    </TLINK>
    <TLINK comment="" id="3" relType="SIMULTANEOUS">
      <source id="6" />
      <target id="8" />
    </TLINK>
    <TLINK comment="" id="4" relType="IDENTITY">
      <source id="11" />
      <target id="5" />
    </TLINK>
    <TLINK comment="" id="5" relType="DURING">
      <source id="12" />
      <target id="4" />
    </TLINK>
    <TLINK comment="" id="6" relType="IS_INCLUDED">
      <source id="14" />
      <target id="0" />
    </TLINK>
    <TLINK comment="" id="7" relType="SIMULTANEOUS">
      <source id="16" />
      <target id="17" />
    </TLINK>
    <TLINK comment="" id="8" relType="IS_INCLUDED">
      <source id="18" />
      <target id="21" />
    </TLINK>
    <TLINK comment="" id="9" relType="IS_INCLUDED">
      <source id="19" />
      <target id="20" />
    </TLINK>
    <TLINK comment="" id="10" relType="IS_INCLUDED">
      <source id="20" />
      <target id="21" />
    </TLINK>
    <TLINK comment="" id="11" relType="INCLUDES">
      <source id="22" />
      <target id="24" />
    </TLINK>
    <TLINK comment="" id="12" relType="INCLUDES">
      <source id="26" />
      <target id="27" />
    </TLINK>
  </Relations>
  <token id="1" number="0" sentence="0">ISTANBUL</token>
  <token id="2" number="1" sentence="0">,</token>
  <token id="3" number="2" sentence="0">Turkey</token>
  <token id="4" number="3" sentence="0">(</token>
  <token id="5" number="4" sentence="0">AP</token>
  <token id="6" number="5" sentence="0">)</token>
  <token id="7" number="6" sentence="0">_</token>
  <token id="8" number="7" sentence="0">Some</token>
  <token id="9" number="8" sentence="0">1,500</token>
  <token id="10" number="9" sentence="0">ethnic</token>
  <token id="11" number="10" sentence="0">Albanians</token>
  <token id="12" number="11" sentence="0">marched</token>
  <token id="13" number="12" sentence="0">Sunday</token>
  <token id="14" number="13" sentence="0">in</token>
  <token id="15" number="14" sentence="0">downtown</token>
  <token id="16" number="15" sentence="0">Istanbul</token>
  <token id="17" number="16" sentence="0">,</token>
  <token id="18" number="17" sentence="0">burning</token>
  <token id="19" number="18" sentence="0">Serbian</token>
  <token id="20" number="19" sentence="0">flags</token>
  <token id="21" number="20" sentence="0">to</token>
  <token id="22" number="21" sentence="0">protest</token>
  <token id="23" number="22" sentence="0">the</token>
  <token id="24" number="23" sentence="0">killings</token>
  <token id="25" number="24" sentence="0">of</token>
  <token id="26" number="25" sentence="0">ethnic</token>
  <token id="27" number="26" sentence="0">Albanians</token>
  <token id="28" number="27" sentence="0">by</token>
  <token id="29" number="28" sentence="0">Serb</token>
  <token id="30" number="29" sentence="0">police</token>
  <token id="31" number="30" sentence="0">in</token>
  <token id="32" number="31" sentence="0">southern</token>
  <token id="33" number="32" sentence="0">Serb</token>
  <token id="34" number="33" sentence="0">Kosovo</token>
  <token id="35" number="34" sentence="0">province</token>
  <token id="36" number="35" sentence="0">.</token>
  <token id="37" number="36" sentence="1">The</token>
  <token id="38" number="37" sentence="1">police</token>
  <token id="39" number="38" sentence="1">barred</token>
  <token id="40" number="39" sentence="1">the</token>
  <token id="41" number="40" sentence="1">crowd</token>
  <token id="42" number="41" sentence="1">from</token>
  <token id="43" number="42" sentence="1">reaching</token>
  <token id="44" number="43" sentence="1">the</token>
  <token id="45" number="44" sentence="1">Yugoslavian</token>
  <token id="46" number="45" sentence="1">consulate</token>
  <token id="47" number="46" sentence="1">in</token>
  <token id="48" number="47" sentence="1">downtown</token>
  <token id="49" number="48" sentence="1">Istanbul</token>
  <token id="50" number="49" sentence="1">,</token>
  <token id="51" number="50" sentence="1">but</token>
  <token id="52" number="51" sentence="1">allowed</token>
  <token id="53" number="52" sentence="1">them</token>
  <token id="54" number="53" sentence="1">to</token>
  <token id="55" number="54" sentence="1">demonstrate</token>
  <token id="56" number="55" sentence="1">on</token>
  <token id="57" number="56" sentence="1">nearby</token>
  <token id="58" number="57" sentence="1">streets</token>
  <token id="59" number="58" sentence="1">.</token>
  <token id="60" number="59" sentence="2">"</token>
  <token id="61" number="60" sentence="2">Stop</token>
  <token id="62" number="61" sentence="2">the</token>
  <token id="63" number="62" sentence="2">bloodshed</token>
  <token id="64" number="63" sentence="2">in</token>
  <token id="65" number="64" sentence="2">Kosovo</token>
  <token id="66" number="65" sentence="2">,</token>
  <token id="67" number="66" sentence="2">"</token>
  <token id="68" number="67" sentence="2">the</token>
  <token id="69" number="68" sentence="2">protesters</token>
  <token id="70" number="69" sentence="2">chanted</token>
  <token id="71" number="70" sentence="2">.</token>
  <token id="72" number="71" sentence="3">Meanwhile</token>
  <token id="73" number="72" sentence="3">in</token>
  <token id="74" number="73" sentence="3">the</token>
  <token id="75" number="74" sentence="3">capital</token>
  <token id="76" number="75" sentence="3">,</token>
  <token id="77" number="76" sentence="3">Ankara</token>
  <token id="78" number="77" sentence="3">,</token>
  <token id="79" number="78" sentence="3">a</token>
  <token id="80" number="79" sentence="3">few</token>
  <token id="81" number="80" sentence="3">hundred</token>
  <token id="82" number="81" sentence="3">ethnic</token>
  <token id="83" number="82" sentence="3">Albanians</token>
  <token id="84" number="83" sentence="3">laid</token>
  <token id="85" number="84" sentence="3">a</token>
  <token id="86" number="85" sentence="3">black</token>
  <token id="87" number="86" sentence="3">wreath</token>
  <token id="88" number="87" sentence="3">at</token>
  <token id="89" number="88" sentence="3">the</token>
  <token id="90" number="89" sentence="3">gate</token>
  <token id="91" number="90" sentence="3">of</token>
  <token id="92" number="91" sentence="3">Yugoslavian</token>
  <token id="93" number="92" sentence="3">embassy</token>
  <token id="94" number="93" sentence="3">.</token>
  <token id="95" number="94" sentence="4">Ethnic</token>
  <token id="96" number="95" sentence="4">Albanians</token>
  <token id="97" number="96" sentence="4">comprise</token>
  <token id="98" number="97" sentence="4">90</token>
  <token id="99" number="98" sentence="4">percent</token>
  <token id="100" number="99" sentence="4">of</token>
  <token id="101" number="100" sentence="4">the</token>
  <token id="102" number="101" sentence="4">population</token>
  <token id="103" number="102" sentence="4">in</token>
  <token id="104" number="103" sentence="4">Kosovo</token>
  <token id="105" number="104" sentence="4">,</token>
  <token id="106" number="105" sentence="4">but</token>
  <token id="107" number="106" sentence="4">Serbs</token>
  <token id="108" number="107" sentence="4">maintain</token>
  <token id="109" number="108" sentence="4">control</token>
  <token id="110" number="109" sentence="4">through</token>
  <token id="111" number="110" sentence="4">a</token>
  <token id="112" number="111" sentence="4">large</token>
  <token id="113" number="112" sentence="4">military</token>
  <token id="114" number="113" sentence="4">and</token>
  <token id="115" number="114" sentence="4">police</token>
  <token id="116" number="115" sentence="4">presence</token>
  <token id="117" number="116" sentence="4">.</token>
  <token id="118" number="117" sentence="5">Serbian</token>
  <token id="119" number="118" sentence="5">police</token>
  <token id="120" number="119" sentence="5">say</token>
  <token id="121" number="120" sentence="5">they</token>
  <token id="122" number="121" sentence="5">are</token>
  <token id="123" number="122" sentence="5">trying</token>
  <token id="124" number="123" sentence="5">to</token>
  <token id="125" number="124" sentence="5">eliminate</token>
  <token id="126" number="125" sentence="5">the</token>
  <token id="127" number="126" sentence="5">pro-independence</token>
  <token id="128" number="127" sentence="5">Kosovo</token>
  <token id="129" number="128" sentence="5">Liberation</token>
  <token id="130" number="129" sentence="5">Army</token>
  <token id="131" number="130" sentence="5">and</token>
  <token id="132" number="131" sentence="5">restore</token>
  <token id="133" number="132" sentence="5">order</token>
  <token id="134" number="133" sentence="5">.</token>
  <token id="135" number="134" sentence="6">At</token>
  <token id="136" number="135" sentence="6">least</token>
  <token id="137" number="136" sentence="6">51</token>
  <token id="138" number="137" sentence="6">people</token>
  <token id="139" number="138" sentence="6">were</token>
  <token id="140" number="139" sentence="6">reported</token>
  <token id="141" number="140" sentence="6">killed</token>
  <token id="142" number="141" sentence="6">in</token>
  <token id="143" number="142" sentence="6">clashes</token>
  <token id="144" number="143" sentence="6">between</token>
  <token id="145" number="144" sentence="6">Serb</token>
  <token id="146" number="145" sentence="6">police</token>
  <token id="147" number="146" sentence="6">and</token>
  <token id="148" number="147" sentence="6">ethnic</token>
  <token id="149" number="148" sentence="6">Albanians</token>
  <token id="150" number="149" sentence="6">in</token>
  <token id="151" number="150" sentence="6">the</token>
  <token id="152" number="151" sentence="6">troubled</token>
  <token id="153" number="152" sentence="6">region</token>
  <token id="154" number="153" sentence="6">in</token>
  <token id="155" number="154" sentence="6">recent</token>
  <token id="156" number="155" sentence="6">days</token>
  <token id="157" number="156" sentence="6">.</token>
  <token id="158" number="157" sentence="7">Turkey</token>
  <token id="159" number="158" sentence="7">,</token>
  <token id="160" number="159" sentence="7">worried</token>
  <token id="161" number="160" sentence="7">about</token>
  <token id="162" number="161" sentence="7">civil</token>
  <token id="163" number="162" sentence="7">war</token>
  <token id="164" number="163" sentence="7">in</token>
  <token id="165" number="164" sentence="7">Kosovo</token>
  <token id="166" number="165" sentence="7">spilling</token>
  <token id="167" number="166" sentence="7">to</token>
  <token id="168" number="167" sentence="7">the</token>
  <token id="169" number="168" sentence="7">whole</token>
  <token id="170" number="169" sentence="7">Balkans</token>
  <token id="171" number="170" sentence="7">,</token>
  <token id="172" number="171" sentence="7">urged</token>
  <token id="173" number="172" sentence="7">all</token>
  <token id="174" number="173" sentence="7">Balkan</token>
  <token id="175" number="174" sentence="7">states</token>
  <token id="176" number="175" sentence="7">to</token>
  <token id="177" number="176" sentence="7">sign</token>
  <token id="178" number="177" sentence="7">a</token>
  <token id="179" number="178" sentence="7">joint</token>
  <token id="180" number="179" sentence="7">declaration</token>
  <token id="181" number="180" sentence="7">that</token>
  <token id="182" number="181" sentence="7">the</token>
  <token id="183" number="182" sentence="7">Kosovo</token>
  <token id="184" number="183" sentence="7">crisis</token>
  <token id="185" number="184" sentence="7">be</token>
  <token id="186" number="185" sentence="7">solved</token>
  <token id="187" number="186" sentence="7">peacefully</token>
  <token id="188" number="187" sentence="7">and</token>
  <token id="189" number="188" sentence="7">without</token>
  <token id="190" number="189" sentence="7">any</token>
  <token id="191" number="190" sentence="7">change</token>
  <token id="192" number="191" sentence="7">of</token>
  <token id="193" number="192" sentence="7">borders</token>
  <token id="194" number="193" sentence="7">.</token>
  <token id="195" number="194" sentence="8">Turks</token>
  <token id="196" number="195" sentence="8">feel</token>
  <token id="197" number="196" sentence="8">they</token>
  <token id="198" number="197" sentence="8">have</token>
  <token id="199" number="198" sentence="8">special</token>
  <token id="200" number="199" sentence="8">ties</token>
  <token id="201" number="200" sentence="8">to</token>
  <token id="202" number="201" sentence="8">the</token>
  <token id="203" number="202" sentence="8">whole</token>
  <token id="204" number="203" sentence="8">region</token>
  <token id="205" number="204" sentence="8">,</token>
  <token id="206" number="205" sentence="8">which</token>
  <token id="207" number="206" sentence="8">they</token>
  <token id="208" number="207" sentence="8">ruled</token>
  <token id="209" number="208" sentence="8">for</token>
  <token id="210" number="209" sentence="8">hundreds</token>
  <token id="211" number="210" sentence="8">of</token>
  <token id="212" number="211" sentence="8">years</token>
  <token id="213" number="212" sentence="8">during</token>
  <token id="214" number="213" sentence="8">the</token>
  <token id="215" number="214" sentence="8">Ottoman</token>
  <token id="216" number="215" sentence="8">Empire</token>
  <token id="217" number="216" sentence="8">.</token>
  <token id="218" number="217" sentence="9">They</token>
  <token id="219" number="218" sentence="9">also</token>
  <token id="220" number="219" sentence="9">share</token>
  <token id="221" number="220" sentence="9">Islam</token>
  <token id="222" number="221" sentence="9">with</token>
  <token id="223" number="222" sentence="9">the</token>
  <token id="224" number="223" sentence="9">ethnic</token>
  <token id="225" number="224" sentence="9">Albanians</token>
  <token id="226" number="225" sentence="9">.</token>
</Document>
