<Document doc_name="APW19980213.1310">
  <Markables>
    <TIMEX3 RELATED_TO="" TAG_DESCRIPTOR="Empty_Mark" beginPoint="" comment="" endPoint="" freq="" functionInDocument="CREATION_TIME" id="0" quant="" type="TIME" value="1998-02-13T14:26:00" />
    <EVENT aspect="NONE" certainty="" class="OCCURRENCE" comment="" factuality="" id="1" modality="NONE" polarity="POS" pos="VERB" tense="PRESPART">
      <token_anchor id="8" />
    </EVENT>
    <TIMEX3 beginPoint="" comment="" endPoint="" freq="" functionInDocument="NONE" id="2" quant="" type="DURATION" value="P210Y">
      <token_anchor id="12" />
      <token_anchor id="13" />
    </TIMEX3>
    <EVENT aspect="NONE" certainty="" class="OCCURRENCE" comment="" factuality="" id="3" modality="NONE" polarity="POS" pos="VERB" tense="PAST">
      <token_anchor id="25" />
    </EVENT>
    <TIMEX3 anchorTimeID="0" beginPoint="" comment="" endPoint="" freq="" functionInDocument="NONE" id="4" quant="" type="DATE" value="1998-02-13">
      <token_anchor id="27" />
    </TIMEX3>
    <EVENT aspect="NONE" certainty="" class="OCCURRENCE" comment="" factuality="" id="5" modality="NONE" polarity="POS" pos="VERB" tense="INFINITIVE">
      <token_anchor id="29" />
    </EVENT>
    <EVENT aspect="NONE" certainty="" class="I_ACTION" comment="" factuality="" id="6" modality="NONE" polarity="POS" pos="VERB" tense="PAST">
      <token_anchor id="47" />
    </EVENT>
    <EVENT aspect="NONE" certainty="" class="OCCURRENCE" comment="" factuality="" id="7" modality="NONE" polarity="POS" pos="VERB" tense="INFINITIVE">
      <token_anchor id="49" />
    </EVENT>
    <EVENT aspect="NONE" certainty="" class="OCCURRENCE" comment="" factuality="" id="8" modality="NONE" polarity="POS" pos="NOUN" tense="NONE">
      <token_anchor id="55" />
    </EVENT>
    <TIMEX3 anchorTimeID="0" beginPoint="" comment="" endPoint="" freq="" functionInDocument="NONE" id="9" quant="" type="DATE" value="1999">
      <token_anchor id="56" />
      <token_anchor id="57" />
    </TIMEX3>
    <EVENT aspect="NONE" certainty="" class="OCCURRENCE" comment="" factuality="" id="10" modality="NONE" polarity="POS" pos="VERB" tense="PAST">
      <token_anchor id="61" />
    </EVENT>
    <EVENT aspect="NONE" certainty="" class="OCCURRENCE" comment="" factuality="" id="11" modality="NONE" polarity="POS" pos="NOUN" tense="NONE">
      <token_anchor id="72" />
    </EVENT>
    <EVENT aspect="NONE" certainty="" class="OCCURRENCE" comment="" factuality="" id="12" modality="NONE" polarity="POS" pos="VERB" tense="PAST">
      <token_anchor id="73" />
    </EVENT>
    <EVENT aspect="NONE" certainty="" class="OCCURRENCE" comment="" factuality="" id="13" modality="NONE" polarity="POS" pos="NOUN" tense="NONE">
      <token_anchor id="83" />
    </EVENT>
    <EVENT aspect="NONE" certainty="" class="OCCURRENCE" comment="" factuality="" id="14" modality="NONE" polarity="POS" pos="VERB" tense="PASTPART">
      <token_anchor id="84" />
    </EVENT>
    <EVENT aspect="NONE" certainty="" class="I_STATE" comment="" factuality="" id="15" modality="NONE" polarity="POS" pos="VERB" tense="PRESENT">
      <token_anchor id="92" />
    </EVENT>
    <EVENT aspect="NONE" certainty="" class="OCCURRENCE" comment="" factuality="" id="16" modality="NONE" polarity="POS" pos="NOUN" tense="NONE">
      <token_anchor id="94" />
    </EVENT>
    <EVENT aspect="NONE" certainty="" class="REPORTING" comment="" factuality="" id="17" modality="NONE" polarity="POS" pos="VERB" tense="PAST">
      <token_anchor id="98" />
    </EVENT>
    <EVENT aspect="NONE" certainty="" class="I_STATE" comment="" factuality="" id="18" modality="NONE" polarity="POS" pos="VERB" tense="PRESENT">
      <token_anchor id="105" />
    </EVENT>
    <EVENT aspect="NONE" certainty="" class="OCCURRENCE" comment="" factuality="" id="19" modality="NONE" polarity="POS" pos="VERB" tense="PRESPART">
      <token_anchor id="109" />
    </EVENT>
    <EVENT aspect="NONE" certainty="" class="OCCURRENCE" comment="" factuality="" id="20" modality="would" polarity="POS" pos="VERB" tense="NONE">
      <token_anchor id="121" />
    </EVENT>
    <EVENT aspect="NONE" certainty="" class="OCCURRENCE" comment="" factuality="" id="21" modality="NONE" polarity="NEG" pos="VERB" tense="PASTPART">
      <token_anchor id="135" />
    </EVENT>
    <EVENT aspect="NONE" certainty="" class="REPORTING" comment="" factuality="" id="22" modality="NONE" polarity="POS" pos="VERB" tense="PAST">
      <token_anchor id="143" />
    </EVENT>
    <EVENT aspect="PROGRESSIVE" certainty="" class="ASPECTUAL" comment="" factuality="" id="23" modality="NONE" polarity="POS" pos="VERB" tense="PRESENT">
      <token_anchor id="153" />
    </EVENT>
    <EVENT aspect="NONE" certainty="" class="OCCURRENCE" comment="" factuality="" id="24" modality="NONE" polarity="POS" pos="VERB" tense="PASTPART">
      <token_anchor id="155" />
    </EVENT>
    <EVENT aspect="NONE" certainty="" class="OCCURRENCE" comment="" factuality="" id="25" modality="NONE" polarity="POS" pos="VERB" tense="PAST">
      <token_anchor id="175" />
    </EVENT>
    <EVENT aspect="NONE" certainty="" class="OCCURRENCE" comment="" factuality="" id="26" modality="NONE" polarity="POS" pos="VERB" tense="INFINITIVE">
      <token_anchor id="177" />
    </EVENT>
    <TIMEX3 anchorTimeID="0" beginPoint="" comment="" endPoint="" freq="" functionInDocument="NONE" id="27" quant="" type="DATE" value="1998-02-13">
      <token_anchor id="180" />
    </TIMEX3>
    <EVENT aspect="NONE" certainty="" class="PERCEPTION" comment="" factuality="" id="28" modality="NONE" polarity="POS" pos="VERB" tense="FUTURE">
      <token_anchor id="187" />
    </EVENT>
    <EVENT aspect="NONE" certainty="" class="REPORTING" comment="" factuality="" id="29" modality="NONE" polarity="POS" pos="VERB" tense="PAST">
      <token_anchor id="203" />
    </EVENT>
    <EVENT aspect="NONE" certainty="" class="I_STATE" comment="" factuality="" id="30" modality="NONE" polarity="POS" pos="VERB" tense="PRESENT">
      <token_anchor id="206" />
    </EVENT>
    <EVENT aspect="NONE" certainty="" class="OCCURRENCE" comment="" factuality="" id="31" modality="NONE" polarity="POS" pos="VERB" tense="INFINITIVE">
      <token_anchor id="208" />
    </EVENT>
    <EVENT aspect="NONE" certainty="" class="OCCURRENCE" comment="" factuality="" id="32" modality="NONE" polarity="POS" pos="NOUN" tense="NONE">
      <token_anchor id="214" />
    </EVENT>
    <TIMEX3 beginPoint="" comment="" endPoint="" freq="" functionInDocument="NONE" id="33" quant="" type="DATE" value="2000">
      <token_anchor id="217" />
    </TIMEX3>
    <EVENT aspect="NONE" certainty="" class="I_ACTION" comment="" factuality="" id="34" modality="NONE" polarity="POS" pos="VERB" tense="PRESPART">
      <token_anchor id="227" />
    </EVENT>
    <EVENT aspect="NONE" certainty="" class="OCCURRENCE" comment="" factuality="" id="35" modality="NONE" polarity="POS" pos="VERB" tense="PASTPART">
      <token_anchor id="239" />
    </EVENT>
    <EVENT aspect="NONE" certainty="" class="REPORTING" comment="" factuality="" id="36" modality="NONE" polarity="POS" pos="VERB" tense="PAST">
      <token_anchor id="249" />
    </EVENT>
    <EVENT aspect="NONE" certainty="" class="OCCURRENCE" comment="" factuality="" id="37" modality="NONE" polarity="POS" pos="VERB" tense="PRESENT">
      <token_anchor id="253" />
    </EVENT>
    <EVENT aspect="NONE" certainty="" class="I_STATE" comment="" factuality="" id="38" modality="NONE" polarity="POS" pos="VERB" tense="PRESENT">
      <token_anchor id="270" />
    </EVENT>
    <EVENT aspect="NONE" certainty="" class="OCCURRENCE" comment="" factuality="" id="39" modality="NONE" polarity="POS" pos="VERB" tense="INFINITIVE">
      <token_anchor id="272" />
    </EVENT>
    <EVENT aspect="NONE" certainty="" class="OCCURRENCE" comment="" factuality="" id="40" modality="NONE" polarity="POS" pos="NOUN" tense="NONE">
      <token_anchor id="277" />
    </EVENT>
    <EVENT aspect="NONE" certainty="" class="OCCURRENCE" comment="" factuality="" id="41" modality="NONE" polarity="POS" pos="NOUN" tense="NONE">
      <token_anchor id="282" />
    </EVENT>
    <EVENT aspect="PERFECTIVE" certainty="" class="ASPECTUAL" comment="" factuality="" id="42" modality="NONE" polarity="POS" pos="VERB" tense="PRESENT">
      <token_anchor id="284" />
    </EVENT>
    <EVENT aspect="NONE" certainty="" class="OCCURRENCE" comment="" factuality="" id="43" modality="NONE" polarity="POS" pos="NOUN" tense="NONE">
      <token_anchor id="289" />
    </EVENT>
    <EVENT aspect="PERFECTIVE" certainty="" class="ASPECTUAL" comment="" factuality="" id="44" modality="NONE" polarity="POS" pos="VERB" tense="PRESENT">
      <token_anchor id="292" />
    </EVENT>
    <EVENT aspect="NONE" certainty="" class="REPORTING" comment="" factuality="" id="45" modality="NONE" polarity="POS" pos="VERB" tense="PAST">
      <token_anchor id="304" />
    </EVENT>
    <EVENT aspect="NONE" certainty="" class="OCCURRENCE" comment="" factuality="" id="46" modality="NONE" polarity="POS" pos="VERB" tense="PRESENT">
      <token_anchor id="310" />
    </EVENT>
    <EVENT aspect="NONE" certainty="" class="REPORTING" comment="" factuality="" id="47" modality="NONE" polarity="POS" pos="VERB" tense="PAST">
      <token_anchor id="331" />
    </EVENT>
    <EVENT aspect="NONE" certainty="" class="OCCURRENCE" comment="" factuality="" id="48" modality="NONE" polarity="POS" pos="VERB" tense="FUTURE">
      <token_anchor id="340" />
    </EVENT>
    <EVENT aspect="PERFECTIVE" certainty="" class="REPORTING" comment="" factuality="" id="49" modality="NONE" polarity="POS" pos="VERB" tense="PRESENT">
      <token_anchor id="353" />
    </EVENT>
    <EVENT aspect="NONE" certainty="" class="OCCURRENCE" comment="" factuality="" id="50" modality="NONE" polarity="POS" pos="VERB" tense="PRESPART">
      <token_anchor id="359" />
    </EVENT>
    <EVENT aspect="NONE" certainty="" class="OCCURRENCE" comment="" factuality="" id="51" modality="NONE" polarity="POS" pos="VERB" tense="PRESPART">
      <token_anchor id="361" />
    </EVENT>
    <TIMEX3 anchorTimeID="0" beginPoint="" comment="" endPoint="" freq="" functionInDocument="NONE" id="52" quant="" type="DATE" value="PAST_REF">
      <token_anchor id="366" />
      <token_anchor id="367" />
      <token_anchor id="368" />
    </TIMEX3>
    <TIMEX3 anchorTimeID="0" beginPoint="" comment="" endPoint="" freq="" functionInDocument="NONE" id="53" quant="" type="DATE" value="1998">
      <token_anchor id="373" />
      <token_anchor id="374" />
    </TIMEX3>
    <EVENT aspect="NONE" certainty="" class="OCCURRENCE" comment="" factuality="" id="54" modality="NONE" polarity="POS" pos="VERB" tense="PRESENT">
      <token_anchor id="379" />
    </EVENT>
    <EVENT aspect="NONE" certainty="" class="STATE" comment="" factuality="" id="55" modality="NONE" polarity="POS" pos="ADJECTIVE" tense="PRESENT">
      <token_anchor id="384" />
    </EVENT>
    <TIMEX3 beginPoint="" comment="" endPoint="" freq="" functionInDocument="NONE" id="56" quant="" type="DATE" value="1901">
      <token_anchor id="386" />
    </TIMEX3>
    <EVENT aspect="NONE" certainty="" class="OCCURRENCE" comment="" factuality="" id="57" modality="NONE" polarity="POS" pos="VERB" tense="PRESENT">
      <token_anchor id="395" />
    </EVENT>
    <EVENT aspect="NONE" certainty="" class="REPORTING" comment="" factuality="" id="58" modality="NONE" polarity="POS" pos="VERB" tense="PAST">
      <token_anchor id="406" />
    </EVENT>
    <EVENT aspect="PROGRESSIVE" certainty="" class="OCCURRENCE" comment="" factuality="" id="59" modality="NONE" polarity="POS" pos="VERB" tense="PRESENT">
      <token_anchor id="411" />
    </EVENT>
    <EVENT aspect="NONE" certainty="" class="OCCURRENCE" comment="" factuality="" id="60" modality="NONE" polarity="POS" pos="NOUN" tense="NONE">
      <token_anchor id="417" />
    </EVENT>
    <EVENT aspect="NONE" certainty="" class="I_ACTION" comment="" factuality="" id="61" modality="can" polarity="POS" pos="VERB" tense="NONE">
      <token_anchor id="425" />
    </EVENT>
    <EVENT aspect="PERFECTIVE" certainty="" class="REPORTING" comment="" factuality="" id="62" modality="NONE" polarity="POS" pos="VERB" tense="PRESENT">
      <token_anchor id="433" />
    </EVENT>
    <EVENT aspect="PROGRESSIVE" certainty="" class="OCCURRENCE" comment="" factuality="" id="63" modality="NONE" polarity="POS" pos="VERB" tense="PRESENT">
      <token_anchor id="437" />
    </EVENT>
    <EVENT aspect="NONE" certainty="" class="OCCURRENCE" comment="" factuality="" id="64" modality="NONE" polarity="POS" pos="VERB" tense="PRESPART">
      <token_anchor id="443" />
    </EVENT>
    <EVENT aspect="PERFECTIVE" certainty="" class="I_ACTION" comment="" factuality="" id="65" modality="NONE" polarity="POS" pos="VERB" tense="PRESENT">
      <token_anchor id="459" />
    </EVENT>
    <TIMEX3 beginPoint="" comment="" endPoint="" freq="" functionInDocument="NONE" id="66" quant="" type="DATE" value="19">
      <token_anchor id="466" />
      <token_anchor id="467" />
    </TIMEX3>
    <EVENT aspect="NONE" certainty="" class="I_STATE" comment="" factuality="" id="67" modality="NONE" polarity="POS" pos="VERB" tense="PRESENT">
      <token_anchor id="470" />
    </EVENT>
    <EVENT aspect="NONE" certainty="" class="OCCURRENCE" comment="" factuality="" id="68" modality="NONE" polarity="POS" pos="VERB" tense="PRESENT">
      <token_anchor id="479" />
    </EVENT>
    <EVENT aspect="NONE" certainty="" class="STATE" comment="" factuality="" id="69" modality="NONE" polarity="POS" pos="VERB" tense="PRESENT">
      <token_anchor id="489" />
    </EVENT>
    <TIMEX3 beginPoint="" comment="" endPoint="" freq="" functionInDocument="NONE" id="70" quant="" type="DURATION" value="P100Y">
      <token_anchor id="491" />
      <token_anchor id="492" />
      <token_anchor id="493" />
      <token_anchor id="494" />
    </TIMEX3>
    <EVENT aspect="NONE" certainty="" class="OCCURRENCE" comment="" factuality="" id="71" modality="NONE" polarity="POS" pos="VERB" tense="PASTPART">
      <token_anchor id="503" />
    </EVENT>
    <EVENT aspect="NONE" certainty="" class="OCCURRENCE" comment="" factuality="" id="72" modality="NONE" polarity="POS" pos="NOUN" tense="NONE">
      <token_anchor id="506" />
    </EVENT>
    <EVENT aspect="NONE" certainty="" class="OCCURRENCE" comment="" factuality="" id="73" modality="NONE" polarity="POS" pos="VERB" tense="PRESPART">
      <token_anchor id="509" />
    </EVENT>
    <EVENT aspect="NONE" certainty="" class="OCCURRENCE" comment="" factuality="" id="74" modality="NONE" polarity="POS" pos="VERB" tense="PAST">
      <token_anchor id="545" />
    </EVENT>
    <TIMEX3 beginPoint="" comment="" endPoint="" freq="" functionInDocument="NONE" id="75" quant="" type="DATE" value="1996">
      <token_anchor id="555" />
    </TIMEX3>
    <EVENT aspect="NONE" certainty="" class="OCCURRENCE" comment="" factuality="" id="76" modality="NONE" polarity="POS" pos="NOUN" tense="NONE">
      <token_anchor id="556" />
    </EVENT>
    <EVENT aspect="NONE" certainty="" class="OCCURRENCE" comment="" factuality="" id="77" modality="NONE" polarity="POS" pos="VERB" tense="PAST">
      <token_anchor id="560" />
    </EVENT>
    <EVENT aspect="NONE" certainty="" class="OCCURRENCE" comment="" factuality="" id="78" modality="NONE" polarity="POS" pos="NOUN" tense="NONE">
      <token_anchor id="562" />
    </EVENT>
  </Markables>
  <Relations>
    <TLINK comment="" id="1" relType="AFTER">
      <source id="0" />
      <target id="1" />
    </TLINK>
    <TLINK comment="" id="2" relType="ENDED_BY">
      <source id="2" />
      <target id="3" />
    </TLINK>
    <TLINK comment="" id="3" relType="IS_INCLUDED">
      <source id="3" />
      <target id="4" />
    </TLINK>
    <TLINK comment="" id="4" relType="BEFORE">
      <source id="3" />
      <target id="5" />
    </TLINK>
    <TLINK comment="" id="5" relType="BEFORE">
      <source id="6" />
      <target id="7" />
    </TLINK>
    <TLINK comment="" id="6" relType="AFTER">
      <source id="6" />
      <target id="10" />
    </TLINK>
    <TLINK comment="" id="7" relType="IS_INCLUDED">
      <source id="8" />
      <target id="9" />
    </TLINK>
    <TLINK comment="" id="8" relType="BEFORE">
      <source id="11" />
      <target id="12" />
    </TLINK>
    <TLINK comment="" id="9" relType="BEFORE">
      <source id="13" />
      <target id="11" />
    </TLINK>
    <TLINK comment="" id="10" relType="SIMULTANEOUS">
      <source id="13" />
      <target id="14" />
    </TLINK>
    <TLINK comment="" id="11" relType="DURING">
      <source id="15" />
      <target id="17" />
    </TLINK>
    <TLINK comment="" id="12" relType="IS_INCLUDED">
      <source id="18" />
      <target id="0" />
    </TLINK>
    <TLINK comment="" id="13" relType="BEFORE">
      <source id="21" />
      <target id="20" />
    </TLINK>
    <TLINK comment="" id="14" relType="IS_INCLUDED">
      <source id="22" />
      <target id="4" />
    </TLINK>
    <TLINK comment="" id="15" relType="IS_INCLUDED">
      <source id="23" />
      <target id="0" />
    </TLINK>
    <TLINK comment="" id="16" relType="IS_INCLUDED">
      <source id="24" />
      <target id="0" />
    </TLINK>
    <TLINK comment="" id="17" relType="BEFORE">
      <source id="25" />
      <target id="26" />
    </TLINK>
    <TLINK comment="" id="18" relType="IS_INCLUDED">
      <source id="25" />
      <target id="27" />
    </TLINK>
    <TLINK comment="" id="19" relType="AFTER">
      <source id="28" />
      <target id="0" />
    </TLINK>
    <TLINK comment="" id="20" relType="BEFORE">
      <source id="29" />
      <target id="27" />
    </TLINK>
    <TLINK comment="" id="21" relType="IS_INCLUDED">
      <source id="30" />
      <target id="0" />
    </TLINK>
    <TLINK comment="" id="22" relType="BEFORE">
      <source id="31" />
      <target id="32" />
    </TLINK>
    <TLINK comment="" id="23" relType="DURING">
      <source id="34" />
      <target id="36" />
    </TLINK>
    <TLINK comment="" id="24" relType="BEFORE">
      <source id="36" />
      <target id="27" />
    </TLINK>
    <TLINK comment="" id="25" relType="IS_INCLUDED">
      <source id="38" />
      <target id="0" />
    </TLINK>
    <TLINK comment="" id="26" relType="IS_INCLUDED">
      <source id="39" />
      <target id="40" />
    </TLINK>
    <TLINK comment="" id="27" relType="ENDED_BY">
      <source id="41" />
      <target id="3" />
    </TLINK>
    <TLINK comment="" id="28" relType="SIMULTANEOUS">
      <source id="42" />
      <target id="44" />
    </TLINK>
    <TLINK comment="" id="29" relType="AFTER">
      <source id="43" />
      <target id="41" />
    </TLINK>
    <TLINK comment="" id="30" relType="BEFORE">
      <source id="45" />
      <target id="27" />
    </TLINK>
    <TLINK comment="" id="31" relType="BEFORE">
      <source id="47" />
      <target id="27" />
    </TLINK>
    <TLINK comment="" id="32" relType="BEFORE">
      <source id="49" />
      <target id="0" />
    </TLINK>
    <TLINK comment="" id="33" relType="DURING">
      <source id="50" />
      <target id="0" />
    </TLINK>
    <TLINK comment="" id="34" relType="IDENTITY">
      <source id="51" />
      <target id="50" />
    </TLINK>
    <TLINK comment="" id="35" relType="SIMULTANEOUS">
      <source id="54" />
      <target id="50" />
    </TLINK>
    <TLINK comment="" id="36" relType="AFTER">
      <source id="55" />
      <target id="56" />
    </TLINK>
    <TLINK comment="" id="37" relType="DURING">
      <source id="57" />
      <target id="0" />
    </TLINK>
    <TLINK comment="" id="38" relType="IS_INCLUDED">
      <source id="58" />
      <target id="27" />
    </TLINK>
    <TLINK comment="" id="39" relType="SIMULTANEOUS">
      <source id="60" />
      <target id="59" />
    </TLINK>
    <TLINK comment="" id="40" relType="BEFORE">
      <source id="62" />
      <target id="61" />
    </TLINK>
    <TLINK comment="" id="41" relType="DURING">
      <source id="63" />
      <target id="61" />
    </TLINK>
    <TLINK comment="" id="42" relType="DURING">
      <source id="67" />
      <target id="65" />
    </TLINK>
    <TLINK comment="" id="43" relType="DURING">
      <source id="68" />
      <target id="0" />
    </TLINK>
    <TLINK comment="" id="44" relType="SIMULTANEOUS">
      <source id="68" />
      <target id="69" />
    </TLINK>
    <TLINK comment="" id="45" relType="DURING">
      <source id="69" />
      <target id="70" />
    </TLINK>
    <TLINK comment="" id="46" relType="AFTER">
      <source id="71" />
      <target id="72" />
    </TLINK>
    <TLINK comment="" id="47" relType="SIMULTANEOUS">
      <source id="73" />
      <target id="72" />
    </TLINK>
    <TLINK comment="" id="48" relType="IS_INCLUDED">
      <source id="74" />
      <target id="76" />
    </TLINK>
    <TLINK comment="" id="49" relType="INCLUDES">
      <source id="75" />
      <target id="76" />
    </TLINK>
    <TLINK comment="" id="50" relType="BEFORE">
      <source id="77" />
      <target id="0" />
    </TLINK>
    <TLINK comment="" id="51" relType="IDENTITY">
      <source id="78" />
      <target id="3" />
    </TLINK>
  </Relations>
  <token id="1" number="0" sentence="0">CANBERRA</token>
  <token id="2" number="1" sentence="0">,</token>
  <token id="3" number="2" sentence="0">Australia</token>
  <token id="4" number="3" sentence="0">(</token>
  <token id="5" number="4" sentence="0">AP</token>
  <token id="6" number="5" sentence="0">)</token>
  <token id="7" number="6" sentence="0">_</token>
  <token id="8" number="7" sentence="0">Turning</token>
  <token id="9" number="8" sentence="0">its</token>
  <token id="10" number="9" sentence="0">back</token>
  <token id="11" number="10" sentence="0">on</token>
  <token id="12" number="11" sentence="0">210</token>
  <token id="13" number="12" sentence="0">years</token>
  <token id="14" number="13" sentence="0">of</token>
  <token id="15" number="14" sentence="0">loyalty</token>
  <token id="16" number="15" sentence="0">to</token>
  <token id="17" number="16" sentence="0">the</token>
  <token id="18" number="17" sentence="0">British</token>
  <token id="19" number="18" sentence="0">royal</token>
  <token id="20" number="19" sentence="0">family</token>
  <token id="21" number="20" sentence="0">,</token>
  <token id="22" number="21" sentence="0">a</token>
  <token id="23" number="22" sentence="0">constitutional</token>
  <token id="24" number="23" sentence="0">convention</token>
  <token id="25" number="24" sentence="0">voted</token>
  <token id="26" number="25" sentence="0">overwhelmingly</token>
  <token id="27" number="26" sentence="0">Friday</token>
  <token id="28" number="27" sentence="0">to</token>
  <token id="29" number="28" sentence="0">make</token>
  <token id="30" number="29" sentence="0">Australia</token>
  <token id="31" number="30" sentence="0">a</token>
  <token id="32" number="31" sentence="0">republic</token>
  <token id="33" number="32" sentence="0">under</token>
  <token id="34" number="33" sentence="0">its</token>
  <token id="35" number="34" sentence="0">own</token>
  <token id="36" number="35" sentence="0">president</token>
  <token id="37" number="36" sentence="0">.</token>
  <token id="38" number="37" sentence="1">Prime</token>
  <token id="39" number="38" sentence="1">Minister</token>
  <token id="40" number="39" sentence="1">John</token>
  <token id="41" number="40" sentence="1">Howard</token>
  <token id="42" number="41" sentence="1">,</token>
  <token id="43" number="42" sentence="1">a</token>
  <token id="44" number="43" sentence="1">monarchist</token>
  <token id="45" number="44" sentence="1">himself</token>
  <token id="46" number="45" sentence="1">,</token>
  <token id="47" number="46" sentence="1">promised</token>
  <token id="48" number="47" sentence="1">to</token>
  <token id="49" number="48" sentence="1">put</token>
  <token id="50" number="49" sentence="1">the</token>
  <token id="51" number="50" sentence="1">question</token>
  <token id="52" number="51" sentence="1">to</token>
  <token id="53" number="52" sentence="1">a</token>
  <token id="54" number="53" sentence="1">national</token>
  <token id="55" number="54" sentence="1">referendum</token>
  <token id="56" number="55" sentence="1">next</token>
  <token id="57" number="56" sentence="1">year</token>
  <token id="58" number="57" sentence="1">after</token>
  <token id="59" number="58" sentence="1">convention</token>
  <token id="60" number="59" sentence="1">delegates</token>
  <token id="61" number="60" sentence="1">voted</token>
  <token id="62" number="61" sentence="1">89-52</token>
  <token id="63" number="62" sentence="1">for</token>
  <token id="64" number="63" sentence="1">a</token>
  <token id="65" number="64" sentence="1">republic</token>
  <token id="66" number="65" sentence="1">,</token>
  <token id="67" number="66" sentence="1">with</token>
  <token id="68" number="67" sentence="1">11</token>
  <token id="69" number="68" sentence="1">abstentions</token>
  <token id="70" number="69" sentence="1">.</token>
  <token id="71" number="70" sentence="2">Spontaneous</token>
  <token id="72" number="71" sentence="2">applause</token>
  <token id="73" number="72" sentence="2">echoed</token>
  <token id="74" number="73" sentence="2">through</token>
  <token id="75" number="74" sentence="2">the</token>
  <token id="76" number="75" sentence="2">chamber</token>
  <token id="77" number="76" sentence="2">and</token>
  <token id="78" number="77" sentence="2">public</token>
  <token id="79" number="78" sentence="2">galleries</token>
  <token id="80" number="79" sentence="2">as</token>
  <token id="81" number="80" sentence="2">the</token>
  <token id="82" number="81" sentence="2">crucial</token>
  <token id="83" number="82" sentence="2">vote</token>
  <token id="84" number="83" sentence="2">passed</token>
  <token id="85" number="84" sentence="2">by</token>
  <token id="86" number="85" sentence="2">a</token>
  <token id="87" number="86" sentence="2">wide</token>
  <token id="88" number="87" sentence="2">margin</token>
  <token id="89" number="88" sentence="2">.</token>
  <token id="90" number="89" sentence="3">"</token>
  <token id="91" number="90" sentence="3">I</token>
  <token id="92" number="91" sentence="3">want</token>
  <token id="93" number="92" sentence="3">a</token>
  <token id="94" number="93" sentence="3">referendum</token>
  <token id="95" number="94" sentence="3">,</token>
  <token id="96" number="95" sentence="3">"</token>
  <token id="97" number="96" sentence="3">Howard</token>
  <token id="98" number="97" sentence="3">said</token>
  <token id="99" number="98" sentence="3">.</token>
  <token id="100" number="99" sentence="4">"</token>
  <token id="101" number="100" sentence="4">The</token>
  <token id="102" number="101" sentence="4">Australian</token>
  <token id="103" number="102" sentence="4">people</token>
  <token id="104" number="103" sentence="4">are</token>
  <token id="105" number="104" sentence="4">owed</token>
  <token id="106" number="105" sentence="4">the</token>
  <token id="107" number="106" sentence="4">opportunity</token>
  <token id="108" number="107" sentence="4">of</token>
  <token id="109" number="108" sentence="4">expressing</token>
  <token id="110" number="109" sentence="4">an</token>
  <token id="111" number="110" sentence="4">opinion</token>
  <token id="112" number="111" sentence="4">on</token>
  <token id="113" number="112" sentence="4">this</token>
  <token id="114" number="113" sentence="4">.</token>
  <token id="115" number="114" sentence="4">"</token>
  <token id="116" number="115" sentence="5">"</token>
  <token id="117" number="116" sentence="5">It</token>
  <token id="118" number="117" sentence="5">would</token>
  <token id="119" number="118" sentence="5">be</token>
  <token id="120" number="119" sentence="5">a</token>
  <token id="121" number="120" sentence="5">travesty</token>
  <token id="122" number="121" sentence="5">in</token>
  <token id="123" number="122" sentence="5">common</token>
  <token id="124" number="123" sentence="5">sense</token>
  <token id="125" number="124" sentence="5">terms</token>
  <token id="126" number="125" sentence="5">of</token>
  <token id="127" number="126" sentence="5">Australian</token>
  <token id="128" number="127" sentence="5">democracy</token>
  <token id="129" number="128" sentence="5">for</token>
  <token id="130" number="129" sentence="5">that</token>
  <token id="131" number="130" sentence="5">proposition</token>
  <token id="132" number="131" sentence="5">not</token>
  <token id="133" number="132" sentence="5">to</token>
  <token id="134" number="133" sentence="5">be</token>
  <token id="135" number="134" sentence="5">put</token>
  <token id="136" number="135" sentence="5">to</token>
  <token id="137" number="136" sentence="5">the</token>
  <token id="138" number="137" sentence="5">Australian</token>
  <token id="139" number="138" sentence="5">people</token>
  <token id="140" number="139" sentence="5">,</token>
  <token id="141" number="140" sentence="5">"</token>
  <token id="142" number="141" sentence="5">Howard</token>
  <token id="143" number="142" sentence="5">said</token>
  <token id="144" number="143" sentence="5">.</token>
  <token id="145" number="144" sentence="6">Even</token>
  <token id="146" number="145" sentence="6">in</token>
  <token id="147" number="146" sentence="6">his</token>
  <token id="148" number="147" sentence="6">own</token>
  <token id="149" number="148" sentence="6">Cabinet</token>
  <token id="150" number="149" sentence="6">,</token>
  <token id="151" number="150" sentence="6">Howard</token>
  <token id="152" number="151" sentence="6">is</token>
  <token id="153" number="152" sentence="6">becoming</token>
  <token id="154" number="153" sentence="6">increasingly</token>
  <token id="155" number="154" sentence="6">isolated</token>
  <token id="156" number="155" sentence="6">with</token>
  <token id="157" number="156" sentence="6">his</token>
  <token id="158" number="157" sentence="6">monarchist</token>
  <token id="159" number="158" sentence="6">stance</token>
  <token id="160" number="159" sentence="6">.</token>
  <token id="161" number="160" sentence="7">Treasurer</token>
  <token id="162" number="161" sentence="7">Peter</token>
  <token id="163" number="162" sentence="7">Costello</token>
  <token id="164" number="163" sentence="7">,</token>
  <token id="165" number="164" sentence="7">Environment</token>
  <token id="166" number="165" sentence="7">Minister</token>
  <token id="167" number="166" sentence="7">Robert</token>
  <token id="168" number="167" sentence="7">Hill</token>
  <token id="169" number="168" sentence="7">and</token>
  <token id="170" number="169" sentence="7">Attorney</token>
  <token id="171" number="170" sentence="7">General</token>
  <token id="172" number="171" sentence="7">Daryl</token>
  <token id="173" number="172" sentence="7">Williams</token>
  <token id="174" number="173" sentence="7">all</token>
  <token id="175" number="174" sentence="7">voted</token>
  <token id="176" number="175" sentence="7">to</token>
  <token id="177" number="176" sentence="7">support</token>
  <token id="178" number="177" sentence="7">the</token>
  <token id="179" number="178" sentence="7">republic</token>
  <token id="180" number="179" sentence="7">Friday</token>
  <token id="181" number="180" sentence="7">.</token>
  <token id="182" number="181" sentence="8">"</token>
  <token id="183" number="182" sentence="8">This</token>
  <token id="184" number="183" sentence="8">convention</token>
  <token id="185" number="184" sentence="8">will</token>
  <token id="186" number="185" sentence="8">be</token>
  <token id="187" number="186" sentence="8">seen</token>
  <token id="188" number="187" sentence="8">as</token>
  <token id="189" number="188" sentence="8">a</token>
  <token id="190" number="189" sentence="8">turning</token>
  <token id="191" number="190" sentence="8">point</token>
  <token id="192" number="191" sentence="8">in</token>
  <token id="193" number="192" sentence="8">our</token>
  <token id="194" number="193" sentence="8">history</token>
  <token id="195" number="194" sentence="8">,</token>
  <token id="196" number="195" sentence="8">"</token>
  <token id="197" number="196" sentence="8">Australian</token>
  <token id="198" number="197" sentence="8">Republican</token>
  <token id="199" number="198" sentence="8">Movement</token>
  <token id="200" number="199" sentence="8">spokeswoman</token>
  <token id="201" number="200" sentence="8">Mary</token>
  <token id="202" number="201" sentence="8">Delahunty</token>
  <token id="203" number="202" sentence="8">said</token>
  <token id="204" number="203" sentence="8">.</token>
  <token id="205" number="204" sentence="9">Pro-republicans</token>
  <token id="206" number="205" sentence="9">hope</token>
  <token id="207" number="206" sentence="9">to</token>
  <token id="208" number="207" sentence="9">have</token>
  <token id="209" number="208" sentence="9">an</token>
  <token id="210" number="209" sentence="9">Australian</token>
  <token id="211" number="210" sentence="9">president</token>
  <token id="212" number="211" sentence="9">by</token>
  <token id="213" number="212" sentence="9">the</token>
  <token id="214" number="213" sentence="9">opening</token>
  <token id="215" number="214" sentence="9">of</token>
  <token id="216" number="215" sentence="9">the</token>
  <token id="217" number="216" sentence="9">2000</token>
  <token id="218" number="217" sentence="9">Olympics</token>
  <token id="219" number="218" sentence="9">and</token>
  <token id="220" number="219" sentence="9">the</token>
  <token id="221" number="220" sentence="9">100th</token>
  <token id="222" number="221" sentence="9">anniversary</token>
  <token id="223" number="222" sentence="9">of</token>
  <token id="224" number="223" sentence="9">Australian</token>
  <token id="225" number="224" sentence="9">federation</token>
  <token id="226" number="225" sentence="9">.</token>
  <token id="227" number="226" sentence="10">Calling</token>
  <token id="228" number="227" sentence="10">for</token>
  <token id="229" number="228" sentence="10">an</token>
  <token id="230" number="229" sentence="10">amended</token>
  <token id="231" number="230" sentence="10">constitution</token>
  <token id="232" number="231" sentence="10">with</token>
  <token id="233" number="232" sentence="10">a</token>
  <token id="234" number="233" sentence="10">new</token>
  <token id="235" number="234" sentence="10">preamble</token>
  <token id="236" number="235" sentence="10">,</token>
  <token id="237" number="236" sentence="10">to</token>
  <token id="238" number="237" sentence="10">be</token>
  <token id="239" number="238" sentence="10">written</token>
  <token id="240" number="239" sentence="10">by</token>
  <token id="241" number="240" sentence="10">Australian</token>
  <token id="242" number="241" sentence="10">poets</token>
  <token id="243" number="242" sentence="10">,</token>
  <token id="244" number="243" sentence="10">republican</token>
  <token id="245" number="244" sentence="10">Janet</token>
  <token id="246" number="245" sentence="10">Holmes</token>
  <token id="247" number="246" sentence="10">a</token>
  <token id="248" number="247" sentence="10">Court</token>
  <token id="249" number="248" sentence="10">said</token>
  <token id="250" number="249" sentence="10">,</token>
  <token id="251" number="250" sentence="10">"</token>
  <token id="252" number="251" sentence="10">We</token>
  <token id="253" number="252" sentence="10">need</token>
  <token id="254" number="253" sentence="10">the</token>
  <token id="255" number="254" sentence="10">smell</token>
  <token id="256" number="255" sentence="10">of</token>
  <token id="257" number="256" sentence="10">eucalyptus</token>
  <token id="258" number="257" sentence="10">in</token>
  <token id="259" number="258" sentence="10">this</token>
  <token id="260" number="259" sentence="10">,</token>
  <token id="261" number="260" sentence="10">and</token>
  <token id="262" number="261" sentence="10">the</token>
  <token id="263" number="262" sentence="10">feel</token>
  <token id="264" number="263" sentence="10">of</token>
  <token id="265" number="264" sentence="10">red</token>
  <token id="266" number="265" sentence="10">dust</token>
  <token id="267" number="266" sentence="10">.</token>
  <token id="268" number="267" sentence="10">"</token>
  <token id="269" number="268" sentence="11">Monarchists</token>
  <token id="270" number="269" sentence="11">hope</token>
  <token id="271" number="270" sentence="11">to</token>
  <token id="272" number="271" sentence="11">defeat</token>
  <token id="273" number="272" sentence="11">the</token>
  <token id="274" number="273" sentence="11">republic</token>
  <token id="275" number="274" sentence="11">at</token>
  <token id="276" number="275" sentence="11">the</token>
  <token id="277" number="276" sentence="11">referendum</token>
  <token id="278" number="277" sentence="11">.</token>
  <token id="279" number="278" sentence="12">"</token>
  <token id="280" number="279" sentence="12">The</token>
  <token id="281" number="280" sentence="12">phony</token>
  <token id="282" number="281" sentence="12">war</token>
  <token id="283" number="282" sentence="12">has</token>
  <token id="284" number="283" sentence="12">finished</token>
  <token id="285" number="284" sentence="12">and</token>
  <token id="286" number="285" sentence="12">the</token>
  <token id="287" number="286" sentence="12">real</token>
  <token id="288" number="287" sentence="12">referendum</token>
  <token id="289" number="288" sentence="12">campaign</token>
  <token id="290" number="289" sentence="12">has</token>
  <token id="291" number="290" sentence="12">clearly</token>
  <token id="292" number="291" sentence="12">begun</token>
  <token id="293" number="292" sentence="12">,</token>
  <token id="294" number="293" sentence="12">"</token>
  <token id="295" number="294" sentence="12">Australians</token>
  <token id="296" number="295" sentence="12">for</token>
  <token id="297" number="296" sentence="12">a</token>
  <token id="298" number="297" sentence="12">Constitutional</token>
  <token id="299" number="298" sentence="12">Monarchy</token>
  <token id="300" number="299" sentence="12">executive</token>
  <token id="301" number="300" sentence="12">director</token>
  <token id="302" number="301" sentence="12">Kerry</token>
  <token id="303" number="302" sentence="12">Jones</token>
  <token id="304" number="303" sentence="12">said</token>
  <token id="305" number="304" sentence="12">.</token>
  <token id="306" number="305" sentence="13">"</token>
  <token id="307" number="306" sentence="13">Well</token>
  <token id="308" number="307" sentence="13">may</token>
  <token id="309" number="308" sentence="13">we</token>
  <token id="310" number="309" sentence="13">say</token>
  <token id="311" number="310" sentence="13">`</token>
  <token id="312" number="311" sentence="13">God</token>
  <token id="313" number="312" sentence="13">save</token>
  <token id="314" number="313" sentence="13">the</token>
  <token id="315" number="314" sentence="13">Queen</token>
  <token id="316" number="315" sentence="13">,</token>
  <token id="317" number="316" sentence="13">'</token>
  <token id="318" number="317" sentence="13">for</token>
  <token id="319" number="318" sentence="13">nothing</token>
  <token id="320" number="319" sentence="13">will</token>
  <token id="321" number="320" sentence="13">save</token>
  <token id="322" number="321" sentence="13">the</token>
  <token id="323" number="322" sentence="13">republic</token>
  <token id="324" number="323" sentence="13">,</token>
  <token id="325" number="324" sentence="13">"</token>
  <token id="326" number="325" sentence="13">outraged</token>
  <token id="327" number="326" sentence="13">monarchist</token>
  <token id="328" number="327" sentence="13">delegate</token>
  <token id="329" number="328" sentence="13">David</token>
  <token id="330" number="329" sentence="13">Mitchell</token>
  <token id="331" number="330" sentence="13">said</token>
  <token id="332" number="331" sentence="13">.</token>
  <token id="333" number="332" sentence="14">"</token>
  <token id="334" number="333" sentence="14">The</token>
  <token id="335" number="334" sentence="14">idea</token>
  <token id="336" number="335" sentence="14">of</token>
  <token id="337" number="336" sentence="14">a</token>
  <token id="338" number="337" sentence="14">republic</token>
  <token id="339" number="338" sentence="14">will</token>
  <token id="340" number="339" sentence="14">fall</token>
  <token id="341" number="340" sentence="14">to</token>
  <token id="342" number="341" sentence="14">dust</token>
  <token id="343" number="342" sentence="14">through</token>
  <token id="344" number="343" sentence="14">the</token>
  <token id="345" number="344" sentence="14">grace</token>
  <token id="346" number="345" sentence="14">of</token>
  <token id="347" number="346" sentence="14">almighty</token>
  <token id="348" number="347" sentence="14">God</token>
  <token id="349" number="348" sentence="14">.</token>
  <token id="350" number="349" sentence="14">"</token>
  <token id="351" number="350" sentence="15">Polls</token>
  <token id="352" number="351" sentence="15">have</token>
  <token id="353" number="352" sentence="15">shown</token>
  <token id="354" number="353" sentence="15">public</token>
  <token id="355" number="354" sentence="15">support</token>
  <token id="356" number="355" sentence="15">for</token>
  <token id="357" number="356" sentence="15">a</token>
  <token id="358" number="357" sentence="15">republic</token>
  <token id="359" number="358" sentence="15">increasing</token>
  <token id="360" number="359" sentence="15">,</token>
  <token id="361" number="360" sentence="15">rising</token>
  <token id="362" number="361" sentence="15">from</token>
  <token id="363" number="362" sentence="15">about</token>
  <token id="364" number="363" sentence="15">35</token>
  <token id="365" number="364" sentence="15">percent</token>
  <token id="366" number="365" sentence="15">several</token>
  <token id="367" number="366" sentence="15">years</token>
  <token id="368" number="367" sentence="15">ago</token>
  <token id="369" number="368" sentence="15">to</token>
  <token id="370" number="369" sentence="15">about</token>
  <token id="371" number="370" sentence="15">51</token>
  <token id="372" number="371" sentence="15">percent</token>
  <token id="373" number="372" sentence="15">this</token>
  <token id="374" number="373" sentence="15">year</token>
  <token id="375" number="374" sentence="15">,</token>
  <token id="376" number="375" sentence="15">as</token>
  <token id="377" number="376" sentence="15">pro-monarchist</token>
  <token id="378" number="377" sentence="15">sentiment</token>
  <token id="379" number="378" sentence="15">diminishes</token>
  <token id="380" number="379" sentence="15">.</token>
  <token id="381" number="380" sentence="16">Australia</token>
  <token id="382" number="381" sentence="16">has</token>
  <token id="383" number="382" sentence="16">been</token>
  <token id="384" number="383" sentence="16">independent</token>
  <token id="385" number="384" sentence="16">since</token>
  <token id="386" number="385" sentence="16">1901</token>
  <token id="387" number="386" sentence="16">,</token>
  <token id="388" number="387" sentence="16">but</token>
  <token id="389" number="388" sentence="16">like</token>
  <token id="390" number="389" sentence="16">many</token>
  <token id="391" number="390" sentence="16">Commonwealth</token>
  <token id="392" number="391" sentence="16">nations</token>
  <token id="393" number="392" sentence="16">it</token>
  <token id="394" number="393" sentence="16">still</token>
  <token id="395" number="394" sentence="16">recognizes</token>
  <token id="396" number="395" sentence="16">the</token>
  <token id="397" number="396" sentence="16">British</token>
  <token id="398" number="397" sentence="16">monarch</token>
  <token id="399" number="398" sentence="16">as</token>
  <token id="400" number="399" sentence="16">its</token>
  <token id="401" number="400" sentence="16">head</token>
  <token id="402" number="401" sentence="16">of</token>
  <token id="403" number="402" sentence="16">state</token>
  <token id="404" number="403" sentence="16">.</token>
  <token id="405" number="404" sentence="17">Howard</token>
  <token id="406" number="405" sentence="17">said</token>
  <token id="407" number="406" sentence="17">Queen</token>
  <token id="408" number="407" sentence="17">Elizabeth</token>
  <token id="409" number="408" sentence="17">II</token>
  <token id="410" number="409" sentence="17">is</token>
  <token id="411" number="410" sentence="17">taking</token>
  <token id="412" number="411" sentence="17">a</token>
  <token id="413" number="412" sentence="17">great</token>
  <token id="414" number="413" sentence="17">interest</token>
  <token id="415" number="414" sentence="17">in</token>
  <token id="416" number="415" sentence="17">the</token>
  <token id="417" number="416" sentence="17">convention</token>
  <token id="418" number="417" sentence="17">.</token>
  <token id="419" number="418" sentence="18">"</token>
  <token id="420" number="419" sentence="18">She</token>
  <token id="421" number="420" sentence="18">is</token>
  <token id="422" number="421" sentence="18">,</token>
  <token id="423" number="422" sentence="18">I</token>
  <token id="424" number="423" sentence="18">can</token>
  <token id="425" number="424" sentence="18">assure</token>
  <token id="426" number="425" sentence="18">you</token>
  <token id="427" number="426" sentence="18">,</token>
  <token id="428" number="427" sentence="18">from</token>
  <token id="429" number="428" sentence="18">what</token>
  <token id="430" number="429" sentence="18">I</token>
  <token id="431" number="430" sentence="18">'ve</token>
  <token id="432" number="431" sentence="18">been</token>
  <token id="433" number="432" sentence="18">told</token>
  <token id="434" number="433" sentence="18">,</token>
  <token id="435" number="434" sentence="18">she</token>
  <token id="436" number="435" sentence="18">'s</token>
  <token id="437" number="436" sentence="18">following</token>
  <token id="438" number="437" sentence="18">the</token>
  <token id="439" number="438" sentence="18">thing</token>
  <token id="440" number="439" sentence="18">very</token>
  <token id="441" number="440" sentence="18">closely</token>
  <token id="442" number="441" sentence="18">and</token>
  <token id="443" number="442" sentence="18">taking</token>
  <token id="444" number="443" sentence="18">the</token>
  <token id="445" number="444" sentence="18">view</token>
  <token id="446" number="445" sentence="18">it</token>
  <token id="447" number="446" sentence="18">'s</token>
  <token id="448" number="447" sentence="18">our</token>
  <token id="449" number="448" sentence="18">business</token>
  <token id="450" number="449" sentence="18">.</token>
  <token id="451" number="450" sentence="19">"</token>
  <token id="452" number="451" sentence="19">It</token>
  <token id="453" number="452" sentence="19">'s</token>
  <token id="454" number="453" sentence="19">no</token>
  <token id="455" number="454" sentence="19">secret</token>
  <token id="456" number="455" sentence="19">that</token>
  <token id="457" number="456" sentence="19">she</token>
  <token id="458" number="457" sentence="19">'s</token>
  <token id="459" number="458" sentence="19">indicated</token>
  <token id="460" number="459" sentence="19">to</token>
  <token id="461" number="460" sentence="19">me</token>
  <token id="462" number="461" sentence="19">...</token>
  <token id="463" number="462" sentence="19">she</token>
  <token id="464" number="463" sentence="19">is</token>
  <token id="465" number="464" sentence="19">a</token>
  <token id="466" number="465" sentence="19">20th</token>
  <token id="467" number="466" sentence="19">century</token>
  <token id="468" number="467" sentence="19">democrat</token>
  <token id="469" number="468" sentence="19">,</token>
  <token id="470" number="469" sentence="19">understands</token>
  <token id="471" number="470" sentence="19">that</token>
  <token id="472" number="471" sentence="19">the</token>
  <token id="473" number="472" sentence="19">role</token>
  <token id="474" number="473" sentence="19">of</token>
  <token id="475" number="474" sentence="19">the</token>
  <token id="476" number="475" sentence="19">crown</token>
  <token id="477" number="476" sentence="19">in</token>
  <token id="478" number="477" sentence="19">Australia</token>
  <token id="479" number="478" sentence="19">rests</token>
  <token id="480" number="479" sentence="19">in</token>
  <token id="481" number="480" sentence="19">the</token>
  <token id="482" number="481" sentence="19">hands</token>
  <token id="483" number="482" sentence="19">of</token>
  <token id="484" number="483" sentence="19">the</token>
  <token id="485" number="484" sentence="19">Australian</token>
  <token id="486" number="485" sentence="19">people</token>
  <token id="487" number="486" sentence="19">as</token>
  <token id="488" number="487" sentence="19">it</token>
  <token id="489" number="488" sentence="19">has</token>
  <token id="490" number="489" sentence="19">for</token>
  <token id="491" number="490" sentence="19">almost</token>
  <token id="492" number="491" sentence="19">a</token>
  <token id="493" number="492" sentence="19">hundred</token>
  <token id="494" number="493" sentence="19">years</token>
  <token id="495" number="494" sentence="19">.</token>
  <token id="496" number="495" sentence="19">"</token>
  <token id="497" number="496" sentence="20">The</token>
  <token id="498" number="497" sentence="20">model</token>
  <token id="499" number="498" sentence="20">for</token>
  <token id="500" number="499" sentence="20">a</token>
  <token id="501" number="500" sentence="20">republic</token>
  <token id="502" number="501" sentence="20">,</token>
  <token id="503" number="502" sentence="20">adopted</token>
  <token id="504" number="503" sentence="20">over</token>
  <token id="505" number="504" sentence="20">bitter</token>
  <token id="506" number="505" sentence="20">objections</token>
  <token id="507" number="506" sentence="20">from</token>
  <token id="508" number="507" sentence="20">those</token>
  <token id="509" number="508" sentence="20">advocating</token>
  <token id="510" number="509" sentence="20">direct</token>
  <token id="511" number="510" sentence="20">election</token>
  <token id="512" number="511" sentence="20">of</token>
  <token id="513" number="512" sentence="20">a</token>
  <token id="514" number="513" sentence="20">president</token>
  <token id="515" number="514" sentence="20">,</token>
  <token id="516" number="515" sentence="20">is</token>
  <token id="517" number="516" sentence="20">for</token>
  <token id="518" number="517" sentence="20">presidential</token>
  <token id="519" number="518" sentence="20">nominations</token>
  <token id="520" number="519" sentence="20">to</token>
  <token id="521" number="520" sentence="20">be</token>
  <token id="522" number="521" sentence="20">made</token>
  <token id="523" number="522" sentence="20">with</token>
  <token id="524" number="523" sentence="20">public</token>
  <token id="525" number="524" sentence="20">input</token>
  <token id="526" number="525" sentence="20">and</token>
  <token id="527" number="526" sentence="20">the</token>
  <token id="528" number="527" sentence="20">winning</token>
  <token id="529" number="528" sentence="20">candidate</token>
  <token id="530" number="529" sentence="20">decided</token>
  <token id="531" number="530" sentence="20">by</token>
  <token id="532" number="531" sentence="20">a</token>
  <token id="533" number="532" sentence="20">two-thirds</token>
  <token id="534" number="533" sentence="20">majority</token>
  <token id="535" number="534" sentence="20">of</token>
  <token id="536" number="535" sentence="20">Parliament</token>
  <token id="537" number="536" sentence="20">.</token>
  <token id="538" number="537" sentence="21">Former</token>
  <token id="539" number="538" sentence="21">prime</token>
  <token id="540" number="539" sentence="21">minister</token>
  <token id="541" number="540" sentence="21">Paul</token>
  <token id="542" number="541" sentence="21">Keating</token>
  <token id="543" number="542" sentence="21">,</token>
  <token id="544" number="543" sentence="21">who</token>
  <token id="545" number="544" sentence="21">put</token>
  <token id="546" number="545" sentence="21">the</token>
  <token id="547" number="546" sentence="21">republic</token>
  <token id="548" number="547" sentence="21">issue</token>
  <token id="549" number="548" sentence="21">in</token>
  <token id="550" number="549" sentence="21">the</token>
  <token id="551" number="550" sentence="21">spotlight</token>
  <token id="552" number="551" sentence="21">in</token>
  <token id="553" number="552" sentence="21">his</token>
  <token id="554" number="553" sentence="21">unsuccessful</token>
  <token id="555" number="554" sentence="21">1996</token>
  <token id="556" number="555" sentence="21">campaign</token>
  <token id="557" number="556" sentence="21">for</token>
  <token id="558" number="557" sentence="21">re-election</token>
  <token id="559" number="558" sentence="21">,</token>
  <token id="560" number="559" sentence="21">welcomed</token>
  <token id="561" number="560" sentence="21">the</token>
  <token id="562" number="561" sentence="21">result</token>
  <token id="563" number="562" sentence="21">.</token>
  <token id="564" number="563" sentence="22">"</token>
  <token id="565" number="564" sentence="22">This</token>
  <token id="566" number="565" sentence="22">is</token>
  <token id="567" number="566" sentence="22">an</token>
  <token id="568" number="567" sentence="22">important</token>
  <token id="569" number="568" sentence="22">step</token>
  <token id="570" number="569" sentence="22">along</token>
  <token id="571" number="570" sentence="22">the</token>
  <token id="572" number="571" sentence="22">path</token>
  <token id="573" number="572" sentence="22">towards</token>
  <token id="574" number="573" sentence="22">Australia</token>
  <token id="575" number="574" sentence="22">claiming</token>
  <token id="576" number="575" sentence="22">its</token>
  <token id="577" number="576" sentence="22">full</token>
  <token id="578" number="577" sentence="22">sovereignty</token>
  <token id="579" number="578" sentence="22">,</token>
  <token id="580" number="579" sentence="22">and</token>
  <token id="581" number="580" sentence="22">due</token>
  <token id="582" number="581" sentence="22">recognition</token>
  <token id="583" number="582" sentence="22">that</token>
  <token id="584" number="583" sentence="22">the</token>
  <token id="585" number="584" sentence="22">monarchy</token>
  <token id="586" number="585" sentence="22">can</token>
  <token id="587" number="586" sentence="22">no</token>
  <token id="588" number="587" sentence="22">longer</token>
  <token id="589" number="588" sentence="22">serve</token>
  <token id="590" number="589" sentence="22">us</token>
  <token id="591" number="590" sentence="22">appropriately</token>
  <token id="592" number="591" sentence="22">,</token>
  <token id="593" number="592" sentence="22">"</token>
  <token id="594" number="593" sentence="22">Keating</token>
  <token id="595" number="594" sentence="22">said</token>
  <token id="596" number="595" sentence="22">.</token>
</Document>
