<Document doc_name="APW19980306.1001">
  <Markables>
    <TIMEX3 RELATED_TO="" TAG_DESCRIPTOR="Empty_Mark" beginPoint="" comment="" endPoint="" freq="" functionInDocument="CREATION_TIME" id="0" quant="" type="TIME" value="1998-03-06T13:19:00" />
    <EVENT aspect="NONE" certainty="" class="ASPECTUAL" comment="" factuality="" id="1" modality="NONE" polarity="POS" pos="VERB" tense="PAST">
      <token_anchor id="17" />
    </EVENT>
    <EVENT aspect="NONE" certainty="" class="OCCURRENCE" comment="" factuality="" id="2" modality="NONE" polarity="POS" pos="NOUN" tense="NONE">
      <token_anchor id="18" />
    </EVENT>
    <TIMEX3 anchorTimeID="0" beginPoint="" comment="" endPoint="" freq="" functionInDocument="NONE" id="3" quant="" type="DATE" value="1998-03-06">
      <token_anchor id="21" />
    </TIMEX3>
    <TIMEX3 beginPoint="" comment="" endPoint="" freq="" functionInDocument="NONE" id="4" quant="" type="DURATION" value="P2M">
      <token_anchor id="23" />
      <token_anchor id="24" />
      <token_anchor id="25" />
    </TIMEX3>
    <EVENT aspect="NONE" certainty="" class="OCCURRENCE" comment="" factuality="" id="5" modality="NONE" polarity="POS" pos="VERB" tense="PAST">
      <token_anchor id="31" />
    </EVENT>
    <EVENT aspect="NONE" certainty="" class="OCCURRENCE" comment="" factuality="" id="6" modality="NONE" polarity="POS" pos="VERB" tense="PAST">
      <token_anchor id="35" />
    </EVENT>
    <TIMEX3 beginPoint="" comment="" endPoint="" freq="" functionInDocument="NONE" id="7" quant="" type="DURATION" value="PT10H">
      <token_anchor id="40" />
    </TIMEX3>
    <EVENT aspect="NONE" certainty="" class="OCCURRENCE" comment="" factuality="" id="8" modality="NONE" polarity="POS" pos="NOUN" tense="NONE">
      <token_anchor id="41" />
    </EVENT>
    <EVENT aspect="NONE" certainty="" class="REPORTING" comment="" factuality="" id="9" modality="NONE" polarity="POS" pos="VERB" tense="PAST">
      <token_anchor id="61" />
    </EVENT>
    <EVENT aspect="NONE" certainty="" class="OCCURRENCE" comment="" factuality="" id="10" modality="NONE" polarity="POS" pos="VERB" tense="PAST">
      <token_anchor id="67" />
    </EVENT>
    <EVENT aspect="NONE" certainty="" class="REPORTING" comment="" factuality="" id="11" modality="NONE" polarity="POS" pos="VERB" tense="PAST">
      <token_anchor id="85" />
    </EVENT>
    <TIMEX3 anchorTimeID="0" beginPoint="" comment="" endPoint="" freq="" functionInDocument="NONE" id="12" quant="" type="DATE" value="PAST_REF">
      <token_anchor id="111" />
    </TIMEX3>
    <EVENT aspect="PERFECTIVE" certainty="" class="I_ACTION" comment="" factuality="" id="13" modality="NONE" polarity="POS" pos="VERB" tense="PRESENT">
      <token_anchor id="115" />
    </EVENT>
    <EVENT aspect="NONE" certainty="" class="I_ACTION" comment="" factuality="" id="14" modality="NONE" polarity="POS" pos="NOUN" tense="NONE">
      <token_anchor id="116" />
    </EVENT>
    <EVENT aspect="NONE" certainty="" class="OCCURRENCE" comment="" factuality="" id="15" modality="NONE" polarity="POS" pos="VERB" tense="INFINITIVE">
      <token_anchor id="118" />
    </EVENT>
    <EVENT aspect="PERFECTIVE" certainty="" class="I_ACTION" comment="" factuality="" id="16" modality="NONE" polarity="POS" pos="VERB" tense="PRESENT">
      <token_anchor id="127" />
    </EVENT>
    <EVENT aspect="NONE" certainty="" class="I_ACTION" comment="" factuality="" id="17" modality="NONE" polarity="POS" pos="NOUN" tense="NONE">
      <token_anchor id="131" />
    </EVENT>
    <EVENT aspect="PERFECTIVE" certainty="" class="OCCURRENCE" comment="" factuality="" id="18" modality="NONE" polarity="POS" pos="VERB" tense="PRESENT">
      <token_anchor id="135" />
    </EVENT>
    <EVENT aspect="NONE" certainty="" class="OCCURRENCE" comment="" factuality="" id="19" modality="NONE" polarity="POS" pos="VERB" tense="PAST">
      <token_anchor id="154" />
    </EVENT>
    <TIMEX3 anchorTimeID="0" beginPoint="" comment="" endPoint="" freq="" functionInDocument="NONE" id="20" quant="" type="DATE" value="1998-03-05">
      <token_anchor id="155" />
    </TIMEX3>
    <EVENT aspect="NONE" certainty="" class="OCCURRENCE" comment="" factuality="" id="21" modality="NONE" polarity="POS" pos="NOUN" tense="NONE">
      <token_anchor id="162" />
    </EVENT>
    <EVENT aspect="NONE" certainty="" class="OCCURRENCE" comment="" factuality="" id="22" modality="NONE" polarity="POS" pos="VERB" tense="INFINITIVE">
      <token_anchor id="165" />
    </EVENT>
    <TIMEX3 beginPoint="" comment="" endPoint="" freq="" functionInDocument="NONE" id="23" quant="" type="DURATION" value="P1W">
      <token_anchor id="166" />
      <token_anchor id="167" />
      <token_anchor id="168" />
    </TIMEX3>
    <EVENT aspect="PERFECTIVE" certainty="" class="I_STATE" comment="" factuality="" id="24" modality="NONE" polarity="POS" pos="VERB" tense="PAST">
      <token_anchor id="172" />
    </EVENT>
    <EVENT aspect="NONE" certainty="" class="OCCURRENCE" comment="" factuality="" id="25" modality="NONE" polarity="POS" pos="VERB" tense="INFINITIVE">
      <token_anchor id="174" />
    </EVENT>
    <EVENT aspect="NONE" certainty="" class="OCCURRENCE" comment="" factuality="" id="26" modality="NONE" polarity="POS" pos="NOUN" tense="NONE">
      <token_anchor id="177" />
    </EVENT>
    <TIMEX3 anchorTimeID="0" beginPoint="" comment="" endPoint="" freq="" functionInDocument="NONE" id="27" quant="" type="DATE" value="1998-01-13">
      <token_anchor id="179" />
      <token_anchor id="180" />
      <token_anchor id="181" />
    </TIMEX3>
    <EVENT aspect="NONE" certainty="" class="ASPECTUAL" comment="" factuality="" id="28" modality="NONE" polarity="POS" pos="VERB" tense="PAST">
      <token_anchor id="187" />
    </EVENT>
    <EVENT aspect="NONE" certainty="" class="OCCURRENCE" comment="" factuality="" id="29" modality="NONE" polarity="POS" pos="VERB" tense="PRESPART">
      <token_anchor id="188" />
    </EVENT>
    <EVENT aspect="NONE" certainty="" class="I_ACTION" comment="" factuality="" id="30" modality="NONE" polarity="POS" pos="VERB" tense="PRESPART">
      <token_anchor id="195" />
    </EVENT>
    <EVENT aspect="NONE" certainty="" class="OCCURRENCE" comment="" factuality="" id="31" modality="NONE" polarity="NEG" pos="VERB" tense="INFINITIVE">
      <token_anchor id="201" />
    </EVENT>
    <EVENT aspect="NONE" certainty="" class="I_ACTION" comment="" factuality="" id="32" modality="NONE" polarity="POS" pos="VERB" tense="PAST">
      <token_anchor id="206" />
    </EVENT>
    <TIMEX3 beginPoint="" comment="" endPoint="" freq="" functionInDocument="NONE" id="33" quant="" type="SET" value="XXXX-XX-XX">
      <token_anchor id="233" />
    </TIMEX3>
    <EVENT aspect="NONE" certainty="" class="OCCURRENCE" comment="" factuality="" id="34" modality="NONE" polarity="NEG" pos="VERB" tense="PAST">
      <token_anchor id="240" />
    </EVENT>
    <EVENT aspect="NONE" certainty="" class="REPORTING" comment="" factuality="" id="35" modality="NONE" polarity="POS" pos="VERB" tense="PAST">
      <token_anchor id="246" />
    </EVENT>
    <TIMEX3 anchorTimeID="0" beginPoint="" comment="" endPoint="" freq="" functionInDocument="NONE" id="36" quant="" type="DATE" value="1998-03-06">
      <token_anchor id="247" />
    </TIMEX3>
    <EVENT aspect="NONE" certainty="" class="OCCURRENCE" comment="" factuality="" id="37" modality="NONE" polarity="POS" pos="VERB" tense="PAST">
      <token_anchor id="257" />
    </EVENT>
    <EVENT aspect="NONE" certainty="" class="OCCURRENCE" comment="" factuality="" id="38" modality="NONE" polarity="POS" pos="NOUN" tense="NONE">
      <token_anchor id="259" />
    </EVENT>
    <EVENT aspect="NONE" certainty="" class="OCCURRENCE" comment="" factuality="" id="39" modality="NONE" polarity="POS" pos="VERB" tense="PAST">
      <token_anchor id="267" />
    </EVENT>
    <EVENT aspect="NONE" certainty="" class="OCCURRENCE" comment="" factuality="" id="40" modality="NONE" polarity="POS" pos="VERB" tense="PAST">
      <token_anchor id="277" />
    </EVENT>
    <EVENT aspect="NONE" certainty="" class="REPORTING" comment="" factuality="" id="41" modality="NONE" polarity="POS" pos="VERB" tense="PAST">
      <token_anchor id="287" />
    </EVENT>
    <EVENT aspect="NONE" certainty="" class="OCCURRENCE" comment="" factuality="" id="42" modality="NONE" polarity="POS" pos="VERB" tense="PRESPART">
      <token_anchor id="293" />
    </EVENT>
    <EVENT aspect="NONE" certainty="" class="REPORTING" comment="" factuality="" id="43" modality="NONE" polarity="POS" pos="VERB" tense="PAST">
      <token_anchor id="300" />
    </EVENT>
    <EVENT aspect="NONE" certainty="" class="I_ACTION" comment="" factuality="" id="44" modality="would" polarity="NEG" pos="VERB" tense="NONE">
      <token_anchor id="304" />
    </EVENT>
    <EVENT aspect="NONE" certainty="" class="OCCURRENCE" comment="" factuality="" id="45" modality="NONE" polarity="POS" pos="VERB" tense="INFINITIVE">
      <token_anchor id="306" />
    </EVENT>
    <EVENT aspect="PERFECTIVE" certainty="" class="OCCURRENCE" comment="" factuality="" id="46" modality="NONE" polarity="POS" pos="VERB" tense="PAST">
      <token_anchor id="316" />
    </EVENT>
    <EVENT aspect="NONE" certainty="" class="REPORTING" comment="" factuality="" id="47" modality="NONE" polarity="POS" pos="VERB" tense="PAST">
      <token_anchor id="325" />
    </EVENT>
    <EVENT aspect="NONE" certainty="" class="OCCURRENCE" comment="" factuality="" id="48" modality="could" polarity="POS" pos="VERB" tense="NONE">
      <token_anchor id="331" />
    </EVENT>
    <EVENT aspect="NONE" certainty="" class="OCCURRENCE" comment="" factuality="" id="49" modality="NONE" polarity="POS" pos="VERB" tense="PASTPART">
      <token_anchor id="342" />
    </EVENT>
    <TIMEX3 anchorTimeID="0" beginPoint="" comment="" endPoint="" freq="" functionInDocument="NONE" id="50" quant="" type="DATE" value="1998-02-23">
      <token_anchor id="346" />
      <token_anchor id="347" />
      <token_anchor id="348" />
    </TIMEX3>
    <EVENT aspect="NONE" certainty="" class="OCCURRENCE" comment="" factuality="" id="51" modality="NONE" polarity="POS" pos="VERB" tense="PAST">
      <token_anchor id="350" />
    </EVENT>
    <EVENT aspect="NONE" certainty="" class="OCCURRENCE" comment="" factuality="" id="52" modality="NONE" polarity="POS" pos="NOUN" tense="NONE">
      <token_anchor id="368" />
    </EVENT>
    <EVENT aspect="NONE" certainty="" class="I_STATE" comment="" factuality="" id="53" modality="NONE" polarity="POS" pos="VERB" tense="PRESENT">
      <token_anchor id="370" />
    </EVENT>
    <EVENT aspect="NONE" certainty="" class="OCCURRENCE" comment="" factuality="" id="54" modality="NONE" polarity="POS" pos="NOUN" tense="NONE">
      <token_anchor id="375" />
    </EVENT>
    <EVENT aspect="NONE" certainty="" class="OCCURRENCE" comment="" factuality="" id="55" modality="NONE" polarity="POS" pos="NOUN" tense="NONE">
      <token_anchor id="378" />
    </EVENT>
    <EVENT aspect="NONE" certainty="" class="I_ACTION" comment="" factuality="" id="56" modality="NONE" polarity="POS" pos="VERB" tense="PAST">
      <token_anchor id="383" />
    </EVENT>
    <EVENT aspect="NONE" certainty="" class="OCCURRENCE" comment="" factuality="" id="57" modality="NONE" polarity="POS" pos="VERB" tense="INFINITIVE">
      <token_anchor id="385" />
    </EVENT>
    <EVENT aspect="NONE" certainty="" class="OCCURRENCE" comment="" factuality="" id="58" modality="NONE" polarity="POS" pos="NOUN" tense="NONE">
      <token_anchor id="388" />
    </EVENT>
    <EVENT aspect="PERFECTIVE" certainty="" class="OCCURRENCE" comment="" factuality="" id="59" modality="NONE" polarity="POS" pos="VERB" tense="PAST">
      <token_anchor id="402" />
    </EVENT>
    <EVENT aspect="NONE" certainty="" class="REPORTING" comment="" factuality="" id="60" modality="NONE" polarity="POS" pos="VERB" tense="PAST">
      <token_anchor id="413" />
    </EVENT>
    <EVENT aspect="NONE" certainty="" class="OCCURRENCE" comment="" factuality="" id="61" modality="would" polarity="POS" pos="NOUN" tense="NONE">
      <token_anchor id="416" />
    </EVENT>
    <EVENT aspect="PERFECTIVE" certainty="" class="I_ACTION" comment="" factuality="" id="62" modality="NONE" polarity="POS" pos="VERB" tense="PAST">
      <token_anchor id="440" />
    </EVENT>
    <EVENT aspect="NONE" certainty="" class="REPORTING" comment="" factuality="" id="63" modality="NONE" polarity="POS" pos="VERB" tense="PAST">
      <token_anchor id="456" />
    </EVENT>
    <TIMEX3 anchorTimeID="0" beginPoint="" comment="" endPoint="" freq="" functionInDocument="NONE" id="64" quant="" type="DATE" value="1998-03-05">
      <token_anchor id="457" />
    </TIMEX3>
    <EVENT aspect="NONE" certainty="" class="STATE" comment="" factuality="" id="65" modality="NONE" polarity="POS" pos="VERB" tense="FUTURE">
      <token_anchor id="467" />
    </EVENT>
    <EVENT aspect="NONE" certainty="" class="OCCURRENCE" comment="" factuality="" id="66" modality="NONE" polarity="POS" pos="VERB" tense="PRESENT">
      <token_anchor id="470" />
    </EVENT>
    <EVENT aspect="NONE" certainty="" class="STATE" comment="" factuality="" id="67" modality="NONE" polarity="POS" pos="VERB" tense="INFINITIVE">
      <token_anchor id="486" />
    </EVENT>
    <EVENT aspect="NONE" certainty="" class="REPORTING" comment="" factuality="" id="68" modality="NONE" polarity="POS" pos="VERB" tense="PAST">
      <token_anchor id="498" />
    </EVENT>
    <EVENT aspect="NONE" certainty="" class="OCCURRENCE" comment="" factuality="" id="69" modality="NONE" polarity="POS" pos="VERB" tense="PAST">
      <token_anchor id="507" />
    </EVENT>
    <EVENT aspect="NONE" certainty="" class="OCCURRENCE" comment="" factuality="" id="70" modality="NONE" polarity="POS" pos="VERB" tense="PAST">
      <token_anchor id="518" />
    </EVENT>
    <TIMEX3 anchorTimeID="0" beginPoint="" comment="" endPoint="" freq="" functionInDocument="NONE" id="71" quant="" type="DATE" value="1998-03-05">
      <token_anchor id="524" />
    </TIMEX3>
    <EVENT aspect="NONE" certainty="" class="I_ACTION" comment="" factuality="" id="72" modality="NONE" polarity="POS" pos="NOUN" tense="NONE">
      <token_anchor id="550" />
    </EVENT>
    <EVENT aspect="NONE" certainty="" class="OCCURRENCE" comment="" factuality="" id="73" modality="NONE" polarity="POS" pos="VERB" tense="INFINITIVE">
      <token_anchor id="554" />
    </EVENT>
    <EVENT aspect="NONE" certainty="" class="OCCURRENCE" comment="" factuality="" id="74" modality="NONE" polarity="POS" pos="NOUN" tense="NONE">
      <token_anchor id="562" />
    </EVENT>
    <EVENT aspect="NONE" certainty="" class="I_STATE" comment="" factuality="" id="75" modality="NONE" polarity="NEG" pos="VERB" tense="PRESENT">
      <token_anchor id="565" />
    </EVENT>
    <EVENT aspect="NONE" certainty="" class="ASPECTUAL" comment="" factuality="" id="76" modality="NONE" polarity="POS" pos="VERB" tense="INFINITIVE">
      <token_anchor id="567" />
    </EVENT>
    <TIMEX3 anchorTimeID="0" beginPoint="" comment="" endPoint="" freq="" functionInDocument="NONE" id="77" quant="" type="DATE" value="1998-03-06">
      <token_anchor id="584" />
    </TIMEX3>
    <EVENT aspect="NONE" certainty="" class="ASPECTUAL" comment="" factuality="" id="78" modality="NONE" polarity="POS" pos="VERB" tense="PAST">
      <token_anchor id="585" />
    </EVENT>
    <EVENT aspect="NONE" certainty="" class="OCCURRENCE" comment="" factuality="" id="79" modality="NONE" polarity="POS" pos="VERB" tense="PRESPART">
      <token_anchor id="586" />
    </EVENT>
    <EVENT aspect="NONE" certainty="" class="OCCURRENCE" comment="" factuality="" id="80" modality="NONE" polarity="POS" pos="VERB" tense="INFINITIVE">
      <token_anchor id="601" />
    </EVENT>
    <TIMEX3 anchorTimeID="0" beginPoint="" comment="" endPoint="" freq="" functionInDocument="NONE" id="81" quant="" type="DATE" value="1998-W11">
      <token_anchor id="606" />
      <token_anchor id="607" />
    </TIMEX3>
    <EVENT aspect="NONE" certainty="" class="REPORTING" comment="" factuality="" id="82" modality="NONE" polarity="POS" pos="VERB" tense="PRESENT">
      <token_anchor id="613" />
    </EVENT>
    <EVENT aspect="NONE" certainty="" class="OCCURRENCE" comment="" factuality="" id="83" modality="NONE" polarity="NEG" pos="VERB" tense="FUTURE">
      <token_anchor id="617" />
    </EVENT>
    <EVENT aspect="NONE" certainty="" class="OCCURRENCE" comment="" factuality="" id="84" modality="NONE" polarity="POS" pos="NOUN" tense="NONE">
      <token_anchor id="620" />
    </EVENT>
    <EVENT aspect="NONE" certainty="" class="OCCURRENCE" comment="" factuality="" id="85" modality="NONE" polarity="POS" pos="VERB" tense="PASTPART">
      <token_anchor id="621" />
    </EVENT>
    <TIMEX3 beginPoint="" comment="" endPoint="" freq="" functionInDocument="NONE" id="86" quant="" type="DATE" value="1990">
      <token_anchor id="626" />
    </TIMEX3>
    <EVENT aspect="NONE" certainty="" class="OCCURRENCE" comment="" factuality="" id="87" modality="NONE" polarity="POS" pos="NOUN" tense="NONE">
      <token_anchor id="627" />
    </EVENT>
    <EVENT aspect="NONE" certainty="" class="OCCURRENCE" comment="" factuality="" id="88" modality="NONE" polarity="POS" pos="VERB" tense="PRESENT">
      <token_anchor id="634" />
    </EVENT>
    <EVENT aspect="PERFECTIVE" certainty="" class="OCCURRENCE" comment="" factuality="" id="89" modality="NONE" polarity="POS" pos="VERB" tense="PRESENT">
      <token_anchor id="638" />
    </EVENT>
  </Markables>
  <Relations>
    <TLINK comment="" id="1" relType="IS_INCLUDED">
      <source id="1" />
      <target id="3" />
    </TLINK>
    <TLINK comment="" id="2" relType="ENDS">
      <source id="1" />
      <target id="4" />
    </TLINK>
    <TLINK comment="" id="3" relType="AFTER">
      <source id="1" />
      <target id="5" />
    </TLINK>
    <TLINK comment="" id="4" relType="IS_INCLUDED">
      <source id="2" />
      <target id="3" />
    </TLINK>
    <TLINK comment="" id="5" relType="BEGINS">
      <source id="5" />
      <target id="4" />
    </TLINK>
    <TLINK comment="" id="6" relType="SIMULTANEOUS">
      <source id="6" />
      <target id="8" />
    </TLINK>
    <TLINK comment="" id="7" relType="SIMULTANEOUS">
      <source id="8" />
      <target id="7" />
    </TLINK>
    <TLINK comment="" id="8" relType="BEFORE">
      <source id="9" />
      <target id="0" />
    </TLINK>
    <TLINK comment="" id="9" relType="IS_INCLUDED">
      <source id="13" />
      <target id="12" />
    </TLINK>
    <TLINK comment="" id="10" relType="IS_INCLUDED">
      <source id="13" />
      <target id="14" />
    </TLINK>
    <TLINK comment="" id="11" relType="BEFORE">
      <source id="16" />
      <target id="0" />
    </TLINK>
    <TLINK comment="" id="12" relType="IS_INCLUDED">
      <source id="19" />
      <target id="20" />
    </TLINK>
    <TLINK comment="" id="13" relType="IDENTITY">
      <source id="21" />
      <target id="22" />
    </TLINK>
    <TLINK comment="" id="14" relType="SIMULTANEOUS">
      <source id="22" />
      <target id="23" />
    </TLINK>
    <TLINK comment="" id="15" relType="IS_INCLUDED">
      <source id="24" />
      <target id="23" />
    </TLINK>
    <TLINK comment="" id="16" relType="IDENTITY">
      <source id="25" />
      <target id="26" />
    </TLINK>
    <TLINK comment="" id="17" relType="AFTER">
      <source id="26" />
      <target id="27" />
    </TLINK>
    <TLINK comment="" id="18" relType="AFTER">
      <source id="28" />
      <target id="27" />
    </TLINK>
    <CLINK comment="" id="19">
      <source id="28" />
      <target id="31" />
    </CLINK>
    <TLINK comment="" id="20" relType="BEFORE">
      <source id="29" />
      <target id="28" />
    </TLINK>
    <TLINK comment="" id="21" relType="AFTER">
      <source id="30" />
      <target id="28" />
    </TLINK>
    <TLINK comment="" id="22" relType="BEFORE">
      <source id="32" />
      <target id="0" />
    </TLINK>
    <TLINK comment="" id="23" relType="IDENTITY">
      <source id="34" />
      <target id="35" />
    </TLINK>
    <TLINK comment="" id="24" relType="IS_INCLUDED">
      <source id="35" />
      <target id="36" />
    </TLINK>
    <TLINK comment="" id="25" relType="IDENTITY">
      <source id="37" />
      <target id="38" />
    </TLINK>
    <TLINK comment="" id="26" relType="SIMULTANEOUS">
      <source id="41" />
      <target id="35" />
    </TLINK>
    <TLINK comment="" id="27" relType="INCLUDES">
      <source id="42" />
      <target id="43" />
    </TLINK>
    <TLINK comment="" id="28" relType="BEFORE">
      <source id="46" />
      <target id="0" />
    </TLINK>
    <TLINK comment="" id="29" relType="BEFORE">
      <source id="47" />
      <target id="3" />
    </TLINK>
    <TLINK comment="" id="30" relType="IS_INCLUDED">
      <source id="49" />
      <target id="50" />
    </TLINK>
    <TLINK comment="" id="31" relType="IS_INCLUDED">
      <source id="51" />
      <target id="50" />
    </TLINK>
    <TLINK comment="" id="32" relType="BEFORE">
      <source id="52" />
      <target id="0" />
    </TLINK>
    <TLINK comment="" id="33" relType="AFTER">
      <source id="53" />
      <target id="3" />
    </TLINK>
    <CLINK comment="" id="34">
      <source id="55" />
      <target id="58" />
    </CLINK>
    <TLINK comment="" id="35" relType="IS_INCLUDED">
      <source id="56" />
      <target id="54" />
    </TLINK>
    <TLINK comment="" id="36" relType="BEFORE">
      <source id="59" />
      <target id="0" />
    </TLINK>
    <TLINK comment="" id="37" relType="BEFORE">
      <source id="60" />
      <target id="3" />
    </TLINK>
    <TLINK comment="" id="38" relType="BEFORE">
      <source id="62" />
      <target id="3" />
    </TLINK>
    <TLINK comment="" id="39" relType="IS_INCLUDED">
      <source id="63" />
      <target id="64" />
    </TLINK>
    <TLINK comment="" id="40" relType="ENDED_BY">
      <source id="65" />
      <target id="66" />
    </TLINK>
    <TLINK comment="" id="41" relType="IS_INCLUDED">
      <source id="68" />
      <target id="64" />
    </TLINK>
    <TLINK comment="" id="42" relType="BEFORE">
      <source id="69" />
      <target id="0" />
    </TLINK>
    <TLINK comment="" id="43" relType="IS_INCLUDED">
      <source id="70" />
      <target id="71" />
    </TLINK>
    <TLINK comment="" id="44" relType="INCLUDES">
      <source id="72" />
      <target id="73" />
    </TLINK>
    <TLINK comment="" id="45" relType="IS_INCLUDED">
      <source id="75" />
      <target id="74" />
    </TLINK>
    <TLINK comment="" id="46" relType="IS_INCLUDED">
      <source id="78" />
      <target id="77" />
    </TLINK>
    <TLINK comment="" id="47" relType="IS_INCLUDED">
      <source id="80" />
      <target id="81" />
    </TLINK>
    <TLINK comment="" id="48" relType="BEFORE">
      <source id="82" />
      <target id="3" />
    </TLINK>
    <TLINK comment="" id="49" relType="AFTER">
      <source id="83" />
      <target id="88" />
    </TLINK>
    <TLINK comment="" id="50" relType="AFTER">
      <source id="85" />
      <target id="87" />
    </TLINK>
    <TLINK comment="" id="51" relType="IS_INCLUDED">
      <source id="87" />
      <target id="86" />
    </TLINK>
    <CLINK comment="" id="52">
      <source id="87" />
      <target id="84" />
    </CLINK>
  </Relations>
  <token id="1" number="0" sentence="0">BAGHDAD</token>
  <token id="2" number="1" sentence="0">,</token>
  <token id="3" number="2" sentence="0">Iraq</token>
  <token id="4" number="3" sentence="0">(</token>
  <token id="5" number="4" sentence="0">AP</token>
  <token id="6" number="5" sentence="0">)</token>
  <token id="7" number="6" sentence="0">_</token>
  <token id="8" number="7" sentence="0">An</token>
  <token id="9" number="8" sentence="0">American</token>
  <token id="10" number="9" sentence="0">leader</token>
  <token id="11" number="10" sentence="0">of</token>
  <token id="12" number="11" sentence="0">a</token>
  <token id="13" number="12" sentence="0">U.N.</token>
  <token id="14" number="13" sentence="0">weapons</token>
  <token id="15" number="14" sentence="0">inspection</token>
  <token id="16" number="15" sentence="0">team</token>
  <token id="17" number="16" sentence="0">resumed</token>
  <token id="18" number="17" sentence="0">work</token>
  <token id="19" number="18" sentence="0">in</token>
  <token id="20" number="19" sentence="0">Iraq</token>
  <token id="21" number="20" sentence="0">Friday</token>
  <token id="22" number="21" sentence="0">,</token>
  <token id="23" number="22" sentence="0">nearly</token>
  <token id="24" number="23" sentence="0">two</token>
  <token id="25" number="24" sentence="0">months</token>
  <token id="26" number="25" sentence="0">after</token>
  <token id="27" number="26" sentence="0">his</token>
  <token id="28" number="27" sentence="0">team</token>
  <token id="29" number="28" sentence="0">was</token>
  <token id="30" number="29" sentence="0">effectively</token>
  <token id="31" number="30" sentence="0">blocked</token>
  <token id="32" number="31" sentence="0">.</token>
  <token id="33" number="32" sentence="1">Scott</token>
  <token id="34" number="33" sentence="1">Ritter</token>
  <token id="35" number="34" sentence="1">led</token>
  <token id="36" number="35" sentence="1">his</token>
  <token id="37" number="36" sentence="1">team</token>
  <token id="38" number="37" sentence="1">on</token>
  <token id="39" number="38" sentence="1">a</token>
  <token id="40" number="39" sentence="1">10-hour</token>
  <token id="41" number="40" sentence="1">tour</token>
  <token id="42" number="41" sentence="1">of</token>
  <token id="43" number="42" sentence="1">three</token>
  <token id="44" number="43" sentence="1">suspected</token>
  <token id="45" number="44" sentence="1">weapons</token>
  <token id="46" number="45" sentence="1">sites</token>
  <token id="47" number="46" sentence="1">classified</token>
  <token id="48" number="47" sentence="1">as</token>
  <token id="49" number="48" sentence="1">"</token>
  <token id="50" number="49" sentence="1">sensitive</token>
  <token id="51" number="50" sentence="1">"</token>
  <token id="52" number="51" sentence="1">by</token>
  <token id="53" number="52" sentence="1">the</token>
  <token id="54" number="53" sentence="1">Iraqi</token>
  <token id="55" number="54" sentence="1">authorities</token>
  <token id="56" number="55" sentence="1">,</token>
  <token id="57" number="56" sentence="1">U.N.</token>
  <token id="58" number="57" sentence="1">spokesman</token>
  <token id="59" number="58" sentence="1">Alan</token>
  <token id="60" number="59" sentence="1">Dacey</token>
  <token id="61" number="60" sentence="1">said</token>
  <token id="62" number="61" sentence="1">.</token>
  <token id="63" number="62" sentence="2">"</token>
  <token id="64" number="63" sentence="2">All</token>
  <token id="65" number="64" sentence="2">sites</token>
  <token id="66" number="65" sentence="2">were</token>
  <token id="67" number="66" sentence="2">inspected</token>
  <token id="68" number="67" sentence="2">to</token>
  <token id="69" number="68" sentence="2">the</token>
  <token id="70" number="69" sentence="2">satisfaction</token>
  <token id="71" number="70" sentence="2">of</token>
  <token id="72" number="71" sentence="2">the</token>
  <token id="73" number="72" sentence="2">inspection</token>
  <token id="74" number="73" sentence="2">team</token>
  <token id="75" number="74" sentence="2">and</token>
  <token id="76" number="75" sentence="2">with</token>
  <token id="77" number="76" sentence="2">full</token>
  <token id="78" number="77" sentence="2">cooperation</token>
  <token id="79" number="78" sentence="2">of</token>
  <token id="80" number="79" sentence="2">Iraqi</token>
  <token id="81" number="80" sentence="2">authorities</token>
  <token id="82" number="81" sentence="2">,</token>
  <token id="83" number="82" sentence="2">"</token>
  <token id="84" number="83" sentence="2">Dacey</token>
  <token id="85" number="84" sentence="2">said</token>
  <token id="86" number="85" sentence="2">.</token>
  <token id="87" number="86" sentence="3">At</token>
  <token id="88" number="87" sentence="3">least</token>
  <token id="89" number="88" sentence="3">one</token>
  <token id="90" number="89" sentence="3">of</token>
  <token id="91" number="90" sentence="3">the</token>
  <token id="92" number="91" sentence="3">sensitive</token>
  <token id="93" number="92" sentence="3">sites</token>
  <token id="94" number="93" sentence="3">was</token>
  <token id="95" number="94" sentence="3">a</token>
  <token id="96" number="95" sentence="3">barracks</token>
  <token id="97" number="96" sentence="3">of</token>
  <token id="98" number="97" sentence="3">the</token>
  <token id="99" number="98" sentence="3">elite</token>
  <token id="100" number="99" sentence="3">Republican</token>
  <token id="101" number="100" sentence="3">Guard</token>
  <token id="102" number="101" sentence="3">,</token>
  <token id="103" number="102" sentence="3">a</token>
  <token id="104" number="103" sentence="3">well-placed</token>
  <token id="105" number="104" sentence="3">source</token>
  <token id="106" number="105" sentence="3">told</token>
  <token id="107" number="106" sentence="3">The</token>
  <token id="108" number="107" sentence="3">Associated</token>
  <token id="109" number="108" sentence="3">Press</token>
  <token id="110" number="109" sentence="3">.</token>
  <token id="111" number="110" sentence="4">Previously</token>
  <token id="112" number="111" sentence="4">the</token>
  <token id="113" number="112" sentence="4">Iraqis</token>
  <token id="114" number="113" sentence="4">have</token>
  <token id="115" number="114" sentence="4">resisted</token>
  <token id="116" number="115" sentence="4">attempts</token>
  <token id="117" number="116" sentence="4">to</token>
  <token id="118" number="117" sentence="4">inspect</token>
  <token id="119" number="118" sentence="4">such</token>
  <token id="120" number="119" sentence="4">quarters</token>
  <token id="121" number="120" sentence="4">.</token>
  <token id="122" number="121" sentence="5">The</token>
  <token id="123" number="122" sentence="5">U.N.</token>
  <token id="124" number="123" sentence="5">Security</token>
  <token id="125" number="124" sentence="5">Council</token>
  <token id="126" number="125" sentence="5">has</token>
  <token id="127" number="126" sentence="5">charged</token>
  <token id="128" number="127" sentence="5">the</token>
  <token id="129" number="128" sentence="5">inspectors</token>
  <token id="130" number="129" sentence="5">with</token>
  <token id="131" number="130" sentence="5">verifying</token>
  <token id="132" number="131" sentence="5">that</token>
  <token id="133" number="132" sentence="5">Iraq</token>
  <token id="134" number="133" sentence="5">has</token>
  <token id="135" number="134" sentence="5">destroyed</token>
  <token id="136" number="135" sentence="5">its</token>
  <token id="137" number="136" sentence="5">long-range</token>
  <token id="138" number="137" sentence="5">missiles</token>
  <token id="139" number="138" sentence="5">and</token>
  <token id="140" number="139" sentence="5">weapons</token>
  <token id="141" number="140" sentence="5">of</token>
  <token id="142" number="141" sentence="5">mass</token>
  <token id="143" number="142" sentence="5">destruction</token>
  <token id="144" number="143" sentence="5">.</token>
  <token id="145" number="144" sentence="6">It</token>
  <token id="146" number="145" sentence="6">was</token>
  <token id="147" number="146" sentence="6">the</token>
  <token id="148" number="147" sentence="6">first</token>
  <token id="149" number="148" sentence="6">time</token>
  <token id="150" number="149" sentence="6">that</token>
  <token id="151" number="150" sentence="6">Ritter</token>
  <token id="152" number="151" sentence="6">,</token>
  <token id="153" number="152" sentence="6">who</token>
  <token id="154" number="153" sentence="6">arrived</token>
  <token id="155" number="154" sentence="6">Thursday</token>
  <token id="156" number="155" sentence="6">with</token>
  <token id="157" number="156" sentence="6">some</token>
  <token id="158" number="157" sentence="6">50</token>
  <token id="159" number="158" sentence="6">inspectors</token>
  <token id="160" number="159" sentence="6">for</token>
  <token id="161" number="160" sentence="6">a</token>
  <token id="162" number="161" sentence="6">tour</token>
  <token id="163" number="162" sentence="6">likely</token>
  <token id="164" number="163" sentence="6">to</token>
  <token id="165" number="164" sentence="6">last</token>
  <token id="166" number="165" sentence="6">over</token>
  <token id="167" number="166" sentence="6">a</token>
  <token id="168" number="167" sentence="6">week</token>
  <token id="169" number="168" sentence="6">,</token>
  <token id="170" number="169" sentence="6">had</token>
  <token id="171" number="170" sentence="6">been</token>
  <token id="172" number="171" sentence="6">allowed</token>
  <token id="173" number="172" sentence="6">to</token>
  <token id="174" number="173" sentence="6">carry</token>
  <token id="175" number="174" sentence="6">out</token>
  <token id="176" number="175" sentence="6">an</token>
  <token id="177" number="176" sentence="6">inspection</token>
  <token id="178" number="177" sentence="6">since</token>
  <token id="179" number="178" sentence="6">Jan</token>
  <token id="180" number="179" sentence="6">.</token>
  <token id="181" number="180" sentence="6">13</token>
  <token id="182" number="181" sentence="6">.</token>
  <token id="183" number="182" sentence="7">Then</token>
  <token id="184" number="183" sentence="7">the</token>
  <token id="185" number="184" sentence="7">Baghdad</token>
  <token id="186" number="185" sentence="7">government</token>
  <token id="187" number="186" sentence="7">stopped</token>
  <token id="188" number="187" sentence="7">providing</token>
  <token id="189" number="188" sentence="7">Ritter</token>
  <token id="190" number="189" sentence="7">'s</token>
  <token id="191" number="190" sentence="7">team</token>
  <token id="192" number="191" sentence="7">with</token>
  <token id="193" number="192" sentence="7">escorts</token>
  <token id="194" number="193" sentence="7">,</token>
  <token id="195" number="194" sentence="7">making</token>
  <token id="196" number="195" sentence="7">it</token>
  <token id="197" number="196" sentence="7">impossible</token>
  <token id="198" number="197" sentence="7">for</token>
  <token id="199" number="198" sentence="7">him</token>
  <token id="200" number="199" sentence="7">to</token>
  <token id="201" number="200" sentence="7">enter</token>
  <token id="202" number="201" sentence="7">any</token>
  <token id="203" number="202" sentence="7">site</token>
  <token id="204" number="203" sentence="7">.</token>
  <token id="205" number="204" sentence="8">Iraq</token>
  <token id="206" number="205" sentence="8">alleged</token>
  <token id="207" number="206" sentence="8">Ritter</token>
  <token id="208" number="207" sentence="8">was</token>
  <token id="209" number="208" sentence="8">an</token>
  <token id="210" number="209" sentence="8">American</token>
  <token id="211" number="210" sentence="8">spy</token>
  <token id="212" number="211" sentence="8">whose</token>
  <token id="213" number="212" sentence="8">team</token>
  <token id="214" number="213" sentence="8">had</token>
  <token id="215" number="214" sentence="8">a</token>
  <token id="216" number="215" sentence="8">disproportionately</token>
  <token id="217" number="216" sentence="8">high</token>
  <token id="218" number="217" sentence="8">number</token>
  <token id="219" number="218" sentence="8">of</token>
  <token id="220" number="219" sentence="8">Americans</token>
  <token id="221" number="220" sentence="8">and</token>
  <token id="222" number="221" sentence="8">Britons</token>
  <token id="223" number="222" sentence="8">.</token>
  <token id="224" number="223" sentence="9">The</token>
  <token id="225" number="224" sentence="9">official</token>
  <token id="226" number="225" sentence="9">Iraqi</token>
  <token id="227" number="226" sentence="9">News</token>
  <token id="228" number="227" sentence="9">Agency</token>
  <token id="229" number="228" sentence="9">,</token>
  <token id="230" number="229" sentence="9">which</token>
  <token id="231" number="230" sentence="9">gives</token>
  <token id="232" number="231" sentence="9">the</token>
  <token id="233" number="232" sentence="9">daily</token>
  <token id="234" number="233" sentence="9">tally</token>
  <token id="235" number="234" sentence="9">of</token>
  <token id="236" number="235" sentence="9">inspections</token>
  <token id="237" number="236" sentence="9">,</token>
  <token id="238" number="237" sentence="9">did</token>
  <token id="239" number="238" sentence="9">not</token>
  <token id="240" number="239" sentence="9">mention</token>
  <token id="241" number="240" sentence="9">Ritter</token>
  <token id="242" number="241" sentence="9">by</token>
  <token id="243" number="242" sentence="9">name</token>
  <token id="244" number="243" sentence="9">,</token>
  <token id="245" number="244" sentence="9">but</token>
  <token id="246" number="245" sentence="9">said</token>
  <token id="247" number="246" sentence="9">Friday</token>
  <token id="248" number="247" sentence="9">that</token>
  <token id="249" number="248" sentence="9">team</token>
  <token id="250" number="249" sentence="9">no.</token>
  <token id="251" number="250" sentence="9">225</token>
  <token id="252" number="251" sentence="9">_</token>
  <token id="253" number="252" sentence="9">which</token>
  <token id="254" number="253" sentence="9">Ritter</token>
  <token id="255" number="254" sentence="9">heads</token>
  <token id="256" number="255" sentence="9">_</token>
  <token id="257" number="256" sentence="9">made</token>
  <token id="258" number="257" sentence="9">surprise</token>
  <token id="259" number="258" sentence="9">visits</token>
  <token id="260" number="259" sentence="9">to</token>
  <token id="261" number="260" sentence="9">a</token>
  <token id="262" number="261" sentence="9">number</token>
  <token id="263" number="262" sentence="9">of</token>
  <token id="264" number="263" sentence="9">sites</token>
  <token id="265" number="264" sentence="9">and</token>
  <token id="266" number="265" sentence="9">was</token>
  <token id="267" number="266" sentence="9">assisted</token>
  <token id="268" number="267" sentence="9">by</token>
  <token id="269" number="268" sentence="9">aerial</token>
  <token id="270" number="269" sentence="9">surveillance</token>
  <token id="271" number="270" sentence="9">.</token>
  <token id="272" number="271" sentence="10">Five</token>
  <token id="273" number="272" sentence="10">other</token>
  <token id="274" number="273" sentence="10">U.N.</token>
  <token id="275" number="274" sentence="10">inspection</token>
  <token id="276" number="275" sentence="10">teams</token>
  <token id="277" number="276" sentence="10">visited</token>
  <token id="278" number="277" sentence="10">a</token>
  <token id="279" number="278" sentence="10">total</token>
  <token id="280" number="279" sentence="10">of</token>
  <token id="281" number="280" sentence="10">nine</token>
  <token id="282" number="281" sentence="10">other</token>
  <token id="283" number="282" sentence="10">sites</token>
  <token id="284" number="283" sentence="10">,</token>
  <token id="285" number="284" sentence="10">the</token>
  <token id="286" number="285" sentence="10">agency</token>
  <token id="287" number="286" sentence="10">reported</token>
  <token id="288" number="287" sentence="10">.</token>
  <token id="289" number="288" sentence="11">An</token>
  <token id="290" number="289" sentence="11">Iraqi</token>
  <token id="291" number="290" sentence="11">official</token>
  <token id="292" number="291" sentence="11">,</token>
  <token id="293" number="292" sentence="11">speaking</token>
  <token id="294" number="293" sentence="11">on</token>
  <token id="295" number="294" sentence="11">customary</token>
  <token id="296" number="295" sentence="11">condition</token>
  <token id="297" number="296" sentence="11">of</token>
  <token id="298" number="297" sentence="11">anonymity</token>
  <token id="299" number="298" sentence="11">,</token>
  <token id="300" number="299" sentence="11">said</token>
  <token id="301" number="300" sentence="11">Ritter</token>
  <token id="302" number="301" sentence="11">would</token>
  <token id="303" number="302" sentence="11">not</token>
  <token id="304" number="303" sentence="11">try</token>
  <token id="305" number="304" sentence="11">to</token>
  <token id="306" number="305" sentence="11">visit</token>
  <token id="307" number="306" sentence="11">any</token>
  <token id="308" number="307" sentence="11">of</token>
  <token id="309" number="308" sentence="11">the</token>
  <token id="310" number="309" sentence="11">eight</token>
  <token id="311" number="310" sentence="11">presidential</token>
  <token id="312" number="311" sentence="11">sites</token>
  <token id="313" number="312" sentence="11">that</token>
  <token id="314" number="313" sentence="11">Baghdad</token>
  <token id="315" number="314" sentence="11">had</token>
  <token id="316" number="315" sentence="11">placed</token>
  <token id="317" number="316" sentence="11">off-limits</token>
  <token id="318" number="317" sentence="11">to</token>
  <token id="319" number="318" sentence="11">U.N.</token>
  <token id="320" number="319" sentence="11">weapons</token>
  <token id="321" number="320" sentence="11">inspectors</token>
  <token id="322" number="321" sentence="11">.</token>
  <token id="323" number="322" sentence="12">The</token>
  <token id="324" number="323" sentence="12">official</token>
  <token id="325" number="324" sentence="12">said</token>
  <token id="326" number="325" sentence="12">these</token>
  <token id="327" number="326" sentence="12">sites</token>
  <token id="328" number="327" sentence="12">could</token>
  <token id="329" number="328" sentence="12">only</token>
  <token id="330" number="329" sentence="12">be</token>
  <token id="331" number="330" sentence="12">visited</token>
  <token id="332" number="331" sentence="12">by</token>
  <token id="333" number="332" sentence="12">a</token>
  <token id="334" number="333" sentence="12">special</token>
  <token id="335" number="334" sentence="12">team</token>
  <token id="336" number="335" sentence="12">of</token>
  <token id="337" number="336" sentence="12">U.N.</token>
  <token id="338" number="337" sentence="12">monitors</token>
  <token id="339" number="338" sentence="12">and</token>
  <token id="340" number="339" sentence="12">diplomats</token>
  <token id="341" number="340" sentence="12">as</token>
  <token id="342" number="341" sentence="12">laid</token>
  <token id="343" number="342" sentence="12">down</token>
  <token id="344" number="343" sentence="12">by</token>
  <token id="345" number="344" sentence="12">the</token>
  <token id="346" number="345" sentence="12">Feb</token>
  <token id="347" number="346" sentence="12">.</token>
  <token id="348" number="347" sentence="12">23</token>
  <token id="349" number="348" sentence="12">accord</token>
  <token id="350" number="349" sentence="12">signed</token>
  <token id="351" number="350" sentence="12">by</token>
  <token id="352" number="351" sentence="12">U.N.</token>
  <token id="353" number="352" sentence="12">Secretary</token>
  <token id="354" number="353" sentence="12">-</token>
  <token id="355" number="354" sentence="12">General</token>
  <token id="356" number="355" sentence="12">Kofi</token>
  <token id="357" number="356" sentence="12">Annan</token>
  <token id="358" number="357" sentence="12">and</token>
  <token id="359" number="358" sentence="12">Iraqi</token>
  <token id="360" number="359" sentence="12">Deputy</token>
  <token id="361" number="360" sentence="12">Prime</token>
  <token id="362" number="361" sentence="12">Minister</token>
  <token id="363" number="362" sentence="12">Tariq</token>
  <token id="364" number="363" sentence="12">Aziz</token>
  <token id="365" number="364" sentence="12">.</token>
  <token id="366" number="365" sentence="13">Ritter</token>
  <token id="367" number="366" sentence="13">'s</token>
  <token id="368" number="367" sentence="13">return</token>
  <token id="369" number="368" sentence="13">is</token>
  <token id="370" number="369" sentence="13">seen</token>
  <token id="371" number="370" sentence="13">as</token>
  <token id="372" number="371" sentence="13">something</token>
  <token id="373" number="372" sentence="13">of</token>
  <token id="374" number="373" sentence="13">a</token>
  <token id="375" number="374" sentence="13">test</token>
  <token id="376" number="375" sentence="13">of</token>
  <token id="377" number="376" sentence="13">that</token>
  <token id="378" number="377" sentence="13">agreement</token>
  <token id="379" number="378" sentence="13">,</token>
  <token id="380" number="379" sentence="13">under</token>
  <token id="381" number="380" sentence="13">which</token>
  <token id="382" number="381" sentence="13">Iraq</token>
  <token id="383" number="382" sentence="13">agreed</token>
  <token id="384" number="383" sentence="13">to</token>
  <token id="385" number="384" sentence="13">give</token>
  <token id="386" number="385" sentence="13">inspectors</token>
  <token id="387" number="386" sentence="13">full</token>
  <token id="388" number="387" sentence="13">access</token>
  <token id="389" number="388" sentence="13">to</token>
  <token id="390" number="389" sentence="13">eight</token>
  <token id="391" number="390" sentence="13">of</token>
  <token id="392" number="391" sentence="13">Saddam</token>
  <token id="393" number="392" sentence="13">Hussein</token>
  <token id="394" number="393" sentence="13">'s</token>
  <token id="395" number="394" sentence="13">presidential</token>
  <token id="396" number="395" sentence="13">palaces</token>
  <token id="397" number="396" sentence="13">.</token>
  <token id="398" number="397" sentence="14">The</token>
  <token id="399" number="398" sentence="14">United</token>
  <token id="400" number="399" sentence="14">States</token>
  <token id="401" number="400" sentence="14">had</token>
  <token id="402" number="401" sentence="14">moved</token>
  <token id="403" number="402" sentence="14">additional</token>
  <token id="404" number="403" sentence="14">troops</token>
  <token id="405" number="404" sentence="14">and</token>
  <token id="406" number="405" sentence="14">a</token>
  <token id="407" number="406" sentence="14">naval</token>
  <token id="408" number="407" sentence="14">armada</token>
  <token id="409" number="408" sentence="14">into</token>
  <token id="410" number="409" sentence="14">the</token>
  <token id="411" number="410" sentence="14">Gulf</token>
  <token id="412" number="411" sentence="14">and</token>
  <token id="413" number="412" sentence="14">said</token>
  <token id="414" number="413" sentence="14">it</token>
  <token id="415" number="414" sentence="14">would</token>
  <token id="416" number="415" sentence="14">strike</token>
  <token id="417" number="416" sentence="14">Iraq</token>
  <token id="418" number="417" sentence="14">unless</token>
  <token id="419" number="418" sentence="14">it</token>
  <token id="420" number="419" sentence="14">gave</token>
  <token id="421" number="420" sentence="14">the</token>
  <token id="422" number="421" sentence="14">U.N.</token>
  <token id="423" number="422" sentence="14">arms</token>
  <token id="424" number="423" sentence="14">inspectors</token>
  <token id="425" number="424" sentence="14">unfettered</token>
  <token id="426" number="425" sentence="14">access</token>
  <token id="427" number="426" sentence="14">to</token>
  <token id="428" number="427" sentence="14">all</token>
  <token id="429" number="428" sentence="14">potential</token>
  <token id="430" number="429" sentence="14">weapons</token>
  <token id="431" number="430" sentence="14">sites</token>
  <token id="432" number="431" sentence="14">,</token>
  <token id="433" number="432" sentence="14">including</token>
  <token id="434" number="433" sentence="14">Saddam</token>
  <token id="435" number="434" sentence="14">'s</token>
  <token id="436" number="435" sentence="14">palaces</token>
  <token id="437" number="436" sentence="14">.</token>
  <token id="438" number="437" sentence="15">Iraq</token>
  <token id="439" number="438" sentence="15">had</token>
  <token id="440" number="439" sentence="15">argued</token>
  <token id="441" number="440" sentence="15">the</token>
  <token id="442" number="441" sentence="15">presidential</token>
  <token id="443" number="442" sentence="15">sites</token>
  <token id="444" number="443" sentence="15">should</token>
  <token id="445" number="444" sentence="15">be</token>
  <token id="446" number="445" sentence="15">off</token>
  <token id="447" number="446" sentence="15">limits</token>
  <token id="448" number="447" sentence="15">as</token>
  <token id="449" number="448" sentence="15">symbols</token>
  <token id="450" number="449" sentence="15">of</token>
  <token id="451" number="450" sentence="15">sovereignty</token>
  <token id="452" number="451" sentence="15">.</token>
  <token id="453" number="452" sentence="16">A</token>
  <token id="454" number="453" sentence="16">Pentagon</token>
  <token id="455" number="454" sentence="16">spokesman</token>
  <token id="456" number="455" sentence="16">said</token>
  <token id="457" number="456" sentence="16">Thursday</token>
  <token id="458" number="457" sentence="16">that</token>
  <token id="459" number="458" sentence="16">the</token>
  <token id="460" number="459" sentence="16">38,000</token>
  <token id="461" number="460" sentence="16">U.S.</token>
  <token id="462" number="461" sentence="16">troops</token>
  <token id="463" number="462" sentence="16">in</token>
  <token id="464" number="463" sentence="16">the</token>
  <token id="465" number="464" sentence="16">Gulf</token>
  <token id="466" number="465" sentence="16">will</token>
  <token id="467" number="466" sentence="16">remain</token>
  <token id="468" number="467" sentence="16">until</token>
  <token id="469" number="468" sentence="16">Iraq</token>
  <token id="470" number="469" sentence="16">complies</token>
  <token id="471" number="470" sentence="16">with</token>
  <token id="472" number="471" sentence="16">the</token>
  <token id="473" number="472" sentence="16">U.N.</token>
  <token id="474" number="473" sentence="16">Security</token>
  <token id="475" number="474" sentence="16">Council</token>
  <token id="476" number="475" sentence="16">agreement</token>
  <token id="477" number="476" sentence="16">over</token>
  <token id="478" number="477" sentence="16">weapons</token>
  <token id="479" number="478" sentence="16">inspections</token>
  <token id="480" number="479" sentence="16">.</token>
  <token id="481" number="480" sentence="17">"</token>
  <token id="482" number="481" sentence="17">We</token>
  <token id="483" number="482" sentence="17">are</token>
  <token id="484" number="483" sentence="17">going</token>
  <token id="485" number="484" sentence="17">to</token>
  <token id="486" number="485" sentence="17">maintain</token>
  <token id="487" number="486" sentence="17">our</token>
  <token id="488" number="487" sentence="17">forces</token>
  <token id="489" number="488" sentence="17">in</token>
  <token id="490" number="489" sentence="17">the</token>
  <token id="491" number="490" sentence="17">region</token>
  <token id="492" number="491" sentence="17">for</token>
  <token id="493" number="492" sentence="17">the</token>
  <token id="494" number="493" sentence="17">foreseeable</token>
  <token id="495" number="494" sentence="17">future</token>
  <token id="496" number="495" sentence="17">,</token>
  <token id="497" number="496" sentence="17">"</token>
  <token id="498" number="497" sentence="17">said</token>
  <token id="499" number="498" sentence="17">spokesman</token>
  <token id="500" number="499" sentence="17">Kenneth</token>
  <token id="501" number="500" sentence="17">Bacon</token>
  <token id="502" number="501" sentence="17">.</token>
  <token id="503" number="502" sentence="18">The</token>
  <token id="504" number="503" sentence="18">U.N.-Iraq</token>
  <token id="505" number="504" sentence="18">accord</token>
  <token id="506" number="505" sentence="18">was</token>
  <token id="507" number="506" sentence="18">worked</token>
  <token id="508" number="507" sentence="18">out</token>
  <token id="509" number="508" sentence="18">by</token>
  <token id="510" number="509" sentence="18">U.N.</token>
  <token id="511" number="510" sentence="18">Secretary</token>
  <token id="512" number="511" sentence="18">-</token>
  <token id="513" number="512" sentence="18">General</token>
  <token id="514" number="513" sentence="18">Kofi</token>
  <token id="515" number="514" sentence="18">Annan</token>
  <token id="516" number="515" sentence="18">,</token>
  <token id="517" number="516" sentence="18">who</token>
  <token id="518" number="517" sentence="18">appointed</token>
  <token id="519" number="518" sentence="18">a</token>
  <token id="520" number="519" sentence="18">retired</token>
  <token id="521" number="520" sentence="18">Indian</token>
  <token id="522" number="521" sentence="18">diplomat</token>
  <token id="523" number="522" sentence="18">on</token>
  <token id="524" number="523" sentence="18">Thursday</token>
  <token id="525" number="524" sentence="18">as</token>
  <token id="526" number="525" sentence="18">his</token>
  <token id="527" number="526" sentence="18">special</token>
  <token id="528" number="527" sentence="18">representative</token>
  <token id="529" number="528" sentence="18">to</token>
  <token id="530" number="529" sentence="18">Iraq</token>
  <token id="531" number="530" sentence="18">.</token>
  <token id="532" number="531" sentence="19">Prakash</token>
  <token id="533" number="532" sentence="19">Shah</token>
  <token id="534" number="533" sentence="19">,</token>
  <token id="535" number="534" sentence="19">58</token>
  <token id="536" number="535" sentence="19">,</token>
  <token id="537" number="536" sentence="19">a</token>
  <token id="538" number="537" sentence="19">former</token>
  <token id="539" number="538" sentence="19">Indian</token>
  <token id="540" number="539" sentence="19">ambassador</token>
  <token id="541" number="540" sentence="19">to</token>
  <token id="542" number="541" sentence="19">the</token>
  <token id="543" number="542" sentence="19">United</token>
  <token id="544" number="543" sentence="19">Nations</token>
  <token id="545" number="544" sentence="19">,</token>
  <token id="546" number="545" sentence="19">is</token>
  <token id="547" number="546" sentence="19">part</token>
  <token id="548" number="547" sentence="19">of</token>
  <token id="549" number="548" sentence="19">an</token>
  <token id="550" number="549" sentence="19">effort</token>
  <token id="551" number="550" sentence="19">by</token>
  <token id="552" number="551" sentence="19">Annan</token>
  <token id="553" number="552" sentence="19">to</token>
  <token id="554" number="553" sentence="19">expand</token>
  <token id="555" number="554" sentence="19">contacts</token>
  <token id="556" number="555" sentence="19">with</token>
  <token id="557" number="556" sentence="19">the</token>
  <token id="558" number="557" sentence="19">Iraqi</token>
  <token id="559" number="558" sentence="19">leadership</token>
  <token id="560" number="559" sentence="19">.</token>
  <token id="561" number="560" sentence="20">Palace</token>
  <token id="562" number="561" sentence="20">inspections</token>
  <token id="563" number="562" sentence="20">are</token>
  <token id="564" number="563" sentence="20">not</token>
  <token id="565" number="564" sentence="20">expected</token>
  <token id="566" number="565" sentence="20">to</token>
  <token id="567" number="566" sentence="20">start</token>
  <token id="568" number="567" sentence="20">until</token>
  <token id="569" number="568" sentence="20">the</token>
  <token id="570" number="569" sentence="20">new</token>
  <token id="571" number="570" sentence="20">agreement</token>
  <token id="572" number="571" sentence="20">'s</token>
  <token id="573" number="572" sentence="20">procedures</token>
  <token id="574" number="573" sentence="20">are</token>
  <token id="575" number="574" sentence="20">in</token>
  <token id="576" number="575" sentence="20">place</token>
  <token id="577" number="576" sentence="20">.</token>
  <token id="578" number="577" sentence="21">U.N.</token>
  <token id="579" number="578" sentence="21">officials</token>
  <token id="580" number="579" sentence="21">in</token>
  <token id="581" number="580" sentence="21">New</token>
  <token id="582" number="581" sentence="21">York</token>
  <token id="583" number="582" sentence="21">on</token>
  <token id="584" number="583" sentence="21">Friday</token>
  <token id="585" number="584" sentence="21">finished</token>
  <token id="586" number="585" sentence="21">drafting</token>
  <token id="587" number="586" sentence="21">the</token>
  <token id="588" number="587" sentence="21">rules</token>
  <token id="589" number="588" sentence="21">,</token>
  <token id="590" number="589" sentence="21">in</token>
  <token id="591" number="590" sentence="21">consultation</token>
  <token id="592" number="591" sentence="21">with</token>
  <token id="593" number="592" sentence="21">Iraqi</token>
  <token id="594" number="593" sentence="21">diplomats</token>
  <token id="595" number="594" sentence="21">.</token>
  <token id="596" number="595" sentence="22">The</token>
  <token id="597" number="596" sentence="22">procedures</token>
  <token id="598" number="597" sentence="22">are</token>
  <token id="599" number="598" sentence="22">due</token>
  <token id="600" number="599" sentence="22">to</token>
  <token id="601" number="600" sentence="22">go</token>
  <token id="602" number="601" sentence="22">before</token>
  <token id="603" number="602" sentence="22">the</token>
  <token id="604" number="603" sentence="22">Security</token>
  <token id="605" number="604" sentence="22">Council</token>
  <token id="606" number="605" sentence="22">next</token>
  <token id="607" number="606" sentence="22">week</token>
  <token id="608" number="607" sentence="22">.</token>
  <token id="609" number="608" sentence="23">The</token>
  <token id="610" number="609" sentence="23">Security</token>
  <token id="611" number="610" sentence="23">Council</token>
  <token id="612" number="611" sentence="23">has</token>
  <token id="613" number="612" sentence="23">said</token>
  <token id="614" number="613" sentence="23">it</token>
  <token id="615" number="614" sentence="23">will</token>
  <token id="616" number="615" sentence="23">not</token>
  <token id="617" number="616" sentence="23">lift</token>
  <token id="618" number="617" sentence="23">the</token>
  <token id="619" number="618" sentence="23">sweeping</token>
  <token id="620" number="619" sentence="23">sanctions</token>
  <token id="621" number="620" sentence="23">imposed</token>
  <token id="622" number="621" sentence="23">on</token>
  <token id="623" number="622" sentence="23">Iraq</token>
  <token id="624" number="623" sentence="23">after</token>
  <token id="625" number="624" sentence="23">its</token>
  <token id="626" number="625" sentence="23">1990</token>
  <token id="627" number="626" sentence="23">invasion</token>
  <token id="628" number="627" sentence="23">of</token>
  <token id="629" number="628" sentence="23">Kuwait</token>
  <token id="630" number="629" sentence="23">until</token>
  <token id="631" number="630" sentence="23">the</token>
  <token id="632" number="631" sentence="23">U.N.</token>
  <token id="633" number="632" sentence="23">inspectors</token>
  <token id="634" number="633" sentence="23">certify</token>
  <token id="635" number="634" sentence="23">that</token>
  <token id="636" number="635" sentence="23">Baghdad</token>
  <token id="637" number="636" sentence="23">has</token>
  <token id="638" number="637" sentence="23">eliminated</token>
  <token id="639" number="638" sentence="23">its</token>
  <token id="640" number="639" sentence="23">weapons</token>
  <token id="641" number="640" sentence="23">of</token>
  <token id="642" number="641" sentence="23">mass</token>
  <token id="643" number="642" sentence="23">destruction</token>
  <token id="644" number="643" sentence="23">.</token>
</Document>
