<Document doc_name="APW19980227.0489">
  <Markables>
    <TIMEX3 RELATED_TO="" TAG_DESCRIPTOR="Empty_Mark" beginPoint="" comment="" endPoint="" freq="" functionInDocument="CREATION_TIME" id="0" quant="" type="TIME" value="1998-02-27T08:13:00" />
    <EVENT aspect="NONE" certainty="" class="REPORTING" comment="" factuality="" id="1" modality="NONE" polarity="POS" pos="VERB" tense="PAST">
      <token_anchor id="14" />
    </EVENT>
    <TIMEX3 anchorTimeID="0" beginPoint="" comment="" endPoint="" freq="" functionInDocument="NONE" id="2" quant="" type="DATE" value="1998-02-27">
      <token_anchor id="15" />
    </TIMEX3>
    <EVENT aspect="NONE" certainty="" class="I_ACTION" comment="" factuality="" id="3" modality="would" polarity="POS" pos="VERB" tense="NONE">
      <token_anchor id="18" />
    </EVENT>
    <EVENT aspect="NONE" certainty="" class="OCCURRENCE" comment="" factuality="" id="4" modality="NONE" polarity="POS" pos="NOUN" tense="NONE">
      <token_anchor id="21" />
    </EVENT>
    <TIMEX3 anchorTimeID="0" beginPoint="" comment="" endPoint="" freq="" functionInDocument="NONE" id="5" quant="" type="DATE" value="1994">
      <token_anchor id="30" />
      <token_anchor id="31" />
      <token_anchor id="32" />
      <token_anchor id="33" />
    </TIMEX3>
    <EVENT aspect="NONE" certainty="" class="OCCURRENCE" comment="" factuality="" id="6" modality="NONE" polarity="POS" pos="VERB" tense="PRESPART">
      <token_anchor id="39" />
    </EVENT>
    <EVENT aspect="NONE" certainty="" class="I_ACTION" comment="" factuality="" id="7" modality="NONE" polarity="POS" pos="VERB" tense="PAST">
      <token_anchor id="44" />
    </EVENT>
    <EVENT aspect="NONE" certainty="" class="OCCURRENCE" comment="" factuality="" id="8" modality="NONE" polarity="POS" pos="VERB" tense="INFINITIVE">
      <token_anchor id="46" />
    </EVENT>
    <EVENT aspect="NONE" certainty="" class="I_ACTION" comment="" factuality="" id="9" modality="NONE" polarity="POS" pos="VERB" tense="INFINITIVE">
      <token_anchor id="52" />
    </EVENT>
    <EVENT aspect="NONE" certainty="" class="OCCURRENCE" comment="" factuality="" id="10" modality="NONE" polarity="POS" pos="VERB" tense="PAST">
      <token_anchor id="54" />
    </EVENT>
    <TIMEX3 beginPoint="" comment="" endPoint="" freq="" functionInDocument="NONE" id="11" quant="" type="DATE" value="1994-04-06">
      <token_anchor id="63" />
      <token_anchor id="64" />
      <token_anchor id="65" />
      <token_anchor id="66" />
    </TIMEX3>
    <EVENT aspect="NONE" certainty="" class="OCCURRENCE" comment="" factuality="" id="12" modality="NONE" polarity="POS" pos="NOUN" tense="NONE">
      <token_anchor id="69" />
    </EVENT>
    <EVENT aspect="NONE" certainty="" class="I_ACTION" comment="" factuality="" id="13" modality="NONE" polarity="POS" pos="VERB" tense="PAST">
      <token_anchor id="70" />
    </EVENT>
    <EVENT aspect="NONE" certainty="" class="OCCURRENCE" comment="" factuality="" id="14" modality="NONE" polarity="POS" pos="NOUN" tense="NONE">
      <token_anchor id="74" />
    </EVENT>
    <EVENT aspect="NONE" certainty="" class="OCCURRENCE" comment="" factuality="" id="15" modality="NONE" polarity="POS" pos="VERB" tense="PAST">
      <token_anchor id="83" />
    </EVENT>
    <EVENT aspect="NONE" certainty="" class="I_STATE" comment="" factuality="" id="16" modality="NONE" polarity="POS" pos="VERB" tense="PAST">
      <token_anchor id="90" />
    </EVENT>
    <EVENT aspect="NONE" certainty="" class="OCCURRENCE" comment="" factuality="" id="17" modality="NONE" polarity="POS" pos="NOUN" tense="NONE">
      <token_anchor id="91" />
    </EVENT>
    <EVENT aspect="NONE" certainty="" class="ASPECTUAL" comment="" factuality="" id="18" modality="NONE" polarity="POS" pos="VERB" tense="PAST">
      <token_anchor id="98" />
    </EVENT>
    <EVENT aspect="NONE" certainty="" class="OCCURRENCE" comment="" factuality="" id="19" modality="NONE" polarity="POS" pos="NOUN" tense="NONE">
      <token_anchor id="101" />
    </EVENT>
    <EVENT aspect="NONE" certainty="" class="I_ACTION" comment="" factuality="" id="20" modality="NONE" polarity="POS" pos="VERB" tense="FUTURE">
      <token_anchor id="107" />
    </EVENT>
    <EVENT aspect="NONE" certainty="" class="OCCURRENCE" comment="" factuality="" id="21" modality="NONE" polarity="POS" pos="NOUN" tense="NONE">
      <token_anchor id="110" />
    </EVENT>
    <EVENT aspect="NONE" certainty="" class="STATE" comment="" factuality="" id="22" modality="NONE" polarity="POS" pos="VERB" tense="PAST">
      <token_anchor id="122" />
    </EVENT>
    <TIMEX3 beginPoint="" comment="" endPoint="" freq="" functionInDocument="NONE" id="23" quant="" type="DURATION" value="P2Y6M">
      <token_anchor id="128" />
      <token_anchor id="129" />
      <token_anchor id="130" />
    </TIMEX3>
    <EVENT aspect="NONE" certainty="" class="OCCURRENCE" comment="" factuality="" id="24" modality="NONE" polarity="POS" pos="NOUN" tense="NONE">
      <token_anchor id="133" />
    </EVENT>
    <EVENT aspect="NONE" certainty="" class="I_ACTION" comment="" factuality="" id="25" modality="NONE" polarity="POS" pos="VERB" tense="FUTURE">
      <token_anchor id="135" />
    </EVENT>
    <EVENT aspect="NONE" certainty="" class="OCCURRENCE" comment="" factuality="" id="26" modality="NONE" polarity="POS" pos="NOUN" tense="NONE">
      <token_anchor id="147" />
    </EVENT>
    <EVENT aspect="NONE" certainty="" class="OCCURRENCE" comment="" factuality="" id="27" modality="NONE" polarity="POS" pos="NOUN" tense="NONE">
      <token_anchor id="170" />
    </EVENT>
    <EVENT aspect="NONE" certainty="" class="REPORTING" comment="" factuality="" id="28" modality="NONE" polarity="POS" pos="VERB" tense="PAST">
      <token_anchor id="175" />
    </EVENT>
    <EVENT aspect="NONE" certainty="" class="STATE" comment="" factuality="" id="29" modality="NONE" polarity="POS" pos="VERB" tense="FUTURE">
      <token_anchor id="181" />
    </EVENT>
    <EVENT aspect="NONE" certainty="" class="ASPECTUAL" comment="" factuality="" id="30" modality="NONE" polarity="POS" pos="VERB" tense="FUTURE">
      <token_anchor id="188" />
    </EVENT>
    <EVENT aspect="NONE" certainty="" class="OCCURRENCE" comment="" factuality="" id="31" modality="NONE" polarity="POS" pos="NOUN" tense="NONE">
      <token_anchor id="190" />
    </EVENT>
    <TIMEX3 beginPoint="" comment="" endPoint="" freq="" functionInDocument="NONE" id="32" quant="" type="DURATION" value="P1Y">
      <token_anchor id="192" />
      <token_anchor id="193" />
    </TIMEX3>
    <EVENT aspect="NONE" certainty="" class="REPORTING" comment="" factuality="" id="33" modality="NONE" polarity="POS" pos="VERB" tense="PAST">
      <token_anchor id="196" />
    </EVENT>
    <EVENT aspect="NONE" certainty="" class="STATE" comment="" factuality="" id="34" modality="NONE" polarity="POS" pos="VERB" tense="FUTURE">
      <token_anchor id="202" />
    </EVENT>
  </Markables>
  <Relations>
    <TLINK comment="" id="1" relType="IS_INCLUDED">
      <source id="4" />
      <target id="6" />
    </TLINK>
    <TLINK comment="" id="2" relType="INCLUDES">
      <source id="6" />
      <target id="1" />
    </TLINK>
    <TLINK comment="" id="3" relType="INCLUDES">
      <source id="6" />
      <target id="7" />
    </TLINK>
    <TLINK comment="" id="4" relType="IS_INCLUDED">
      <source id="10" />
      <target id="12" />
    </TLINK>
    <TLINK comment="" id="5" relType="IDENTITY">
      <source id="12" />
      <target id="13" />
    </TLINK>
    <TLINK comment="" id="6" relType="IDENTITY">
      <source id="12" />
      <target id="18" />
    </TLINK>
    <CLINK comment="" id="7">
      <source id="12" />
      <target id="14" />
    </CLINK>
    <CLINK comment="" id="8">
      <source id="12" />
      <target id="19" />
    </CLINK>
    <TLINK comment="" id="9" relType="BEFORE">
      <source id="13" />
      <target id="14" />
    </TLINK>
    <TLINK comment="" id="10" relType="INCLUDES">
      <source id="14" />
      <target id="15" />
    </TLINK>
    <TLINK comment="" id="11" relType="BEFORE">
      <source id="16" />
      <target id="14" />
    </TLINK>
    <TLINK comment="" id="12" relType="BEFORE">
      <source id="18" />
      <target id="19" />
    </TLINK>
    <TLINK comment="" id="13" relType="BEFORE">
      <source id="21" />
      <target id="22" />
    </TLINK>
    <TLINK comment="" id="14" relType="DURING">
      <source id="22" />
      <target id="24" />
    </TLINK>
    <TLINK comment="" id="15" relType="INCLUDES">
      <source id="24" />
      <target id="9" />
    </TLINK>
    <TLINK comment="" id="16" relType="INCLUDES">
      <source id="24" />
      <target id="20" />
    </TLINK>
    <TLINK comment="" id="17" relType="INCLUDES">
      <source id="24" />
      <target id="25" />
    </TLINK>
    <TLINK comment="" id="18" relType="IS_INCLUDED">
      <source id="28" />
      <target id="2" />
    </TLINK>
    <TLINK comment="" id="19" relType="AFTER">
      <source id="29" />
      <target id="0" />
    </TLINK>
    <TLINK comment="" id="20" relType="AFTER">
      <source id="30" />
      <target id="0" />
    </TLINK>
    <TLINK comment="" id="21" relType="IDENTITY">
      <source id="31" />
      <target id="24" />
    </TLINK>
    <TLINK comment="" id="22" relType="DURING">
      <source id="31" />
      <target id="33" />
    </TLINK>
    <TLINK comment="" id="23" relType="AFTER">
      <source id="34" />
      <target id="0" />
    </TLINK>
  </Relations>
  <token id="1" number="0" sentence="0">ADDIS</token>
  <token id="2" number="1" sentence="0">ABABA</token>
  <token id="3" number="2" sentence="0">,</token>
  <token id="4" number="3" sentence="0">Ethiopia</token>
  <token id="5" number="4" sentence="0">(</token>
  <token id="6" number="5" sentence="0">AP</token>
  <token id="7" number="6" sentence="0">)</token>
  <token id="8" number="7" sentence="0">_</token>
  <token id="9" number="8" sentence="0">The</token>
  <token id="10" number="9" sentence="0">Organization</token>
  <token id="11" number="10" sentence="0">of</token>
  <token id="12" number="11" sentence="0">African</token>
  <token id="13" number="12" sentence="0">Unity</token>
  <token id="14" number="13" sentence="0">said</token>
  <token id="15" number="14" sentence="0">Friday</token>
  <token id="16" number="15" sentence="0">it</token>
  <token id="17" number="16" sentence="0">would</token>
  <token id="18" number="17" sentence="0">investigate</token>
  <token id="19" number="18" sentence="0">the</token>
  <token id="20" number="19" sentence="0">Hutu-organized</token>
  <token id="21" number="20" sentence="0">genocide</token>
  <token id="22" number="21" sentence="0">of</token>
  <token id="23" number="22" sentence="0">more</token>
  <token id="24" number="23" sentence="0">than</token>
  <token id="25" number="24" sentence="0">500,000</token>
  <token id="26" number="25" sentence="0">minority</token>
  <token id="27" number="26" sentence="0">Tutsis</token>
  <token id="28" number="27" sentence="0">in</token>
  <token id="29" number="28" sentence="0">Rwanda</token>
  <token id="30" number="29" sentence="0">nearly</token>
  <token id="31" number="30" sentence="0">four</token>
  <token id="32" number="31" sentence="0">years</token>
  <token id="33" number="32" sentence="0">ago</token>
  <token id="34" number="33" sentence="0">.</token>
  <token id="35" number="34" sentence="1">Foreign</token>
  <token id="36" number="35" sentence="1">ministers</token>
  <token id="37" number="36" sentence="1">of</token>
  <token id="38" number="37" sentence="1">member-states</token>
  <token id="39" number="38" sentence="1">meeting</token>
  <token id="40" number="39" sentence="1">in</token>
  <token id="41" number="40" sentence="1">the</token>
  <token id="42" number="41" sentence="1">Ethiopian</token>
  <token id="43" number="42" sentence="1">capital</token>
  <token id="44" number="43" sentence="1">agreed</token>
  <token id="45" number="44" sentence="1">to</token>
  <token id="46" number="45" sentence="1">set</token>
  <token id="47" number="46" sentence="1">up</token>
  <token id="48" number="47" sentence="1">a</token>
  <token id="49" number="48" sentence="1">seven-member</token>
  <token id="50" number="49" sentence="1">panel</token>
  <token id="51" number="50" sentence="1">to</token>
  <token id="52" number="51" sentence="1">investigate</token>
  <token id="53" number="52" sentence="1">who</token>
  <token id="54" number="53" sentence="1">shot</token>
  <token id="55" number="54" sentence="1">down</token>
  <token id="56" number="55" sentence="1">Rwandan</token>
  <token id="57" number="56" sentence="1">President</token>
  <token id="58" number="57" sentence="1">Juvenal</token>
  <token id="59" number="58" sentence="1">Habyarimana</token>
  <token id="60" number="59" sentence="1">'s</token>
  <token id="61" number="60" sentence="1">plane</token>
  <token id="62" number="61" sentence="1">on</token>
  <token id="63" number="62" sentence="1">April</token>
  <token id="64" number="63" sentence="1">6</token>
  <token id="65" number="64" sentence="1">,</token>
  <token id="66" number="65" sentence="1">1994</token>
  <token id="67" number="66" sentence="1">.</token>
  <token id="68" number="67" sentence="2">The</token>
  <token id="69" number="68" sentence="2">assassination</token>
  <token id="70" number="69" sentence="2">touched</token>
  <token id="71" number="70" sentence="2">off</token>
  <token id="72" number="71" sentence="2">a</token>
  <token id="73" number="72" sentence="2">murderous</token>
  <token id="74" number="73" sentence="2">rampage</token>
  <token id="75" number="74" sentence="2">by</token>
  <token id="76" number="75" sentence="2">Hutu</token>
  <token id="77" number="76" sentence="2">security</token>
  <token id="78" number="77" sentence="2">forces</token>
  <token id="79" number="78" sentence="2">and</token>
  <token id="80" number="79" sentence="2">civilians</token>
  <token id="81" number="80" sentence="2">,</token>
  <token id="82" number="81" sentence="2">who</token>
  <token id="83" number="82" sentence="2">slaughtered</token>
  <token id="84" number="83" sentence="2">mainly</token>
  <token id="85" number="84" sentence="2">Tutsis</token>
  <token id="86" number="85" sentence="2">but</token>
  <token id="87" number="86" sentence="2">also</token>
  <token id="88" number="87" sentence="2">Hutus</token>
  <token id="89" number="88" sentence="2">who</token>
  <token id="90" number="89" sentence="2">favored</token>
  <token id="91" number="90" sentence="2">reconciliation</token>
  <token id="92" number="91" sentence="2">with</token>
  <token id="93" number="92" sentence="2">the</token>
  <token id="94" number="93" sentence="2">minority</token>
  <token id="95" number="94" sentence="2">.</token>
  <token id="96" number="95" sentence="3">It</token>
  <token id="97" number="96" sentence="3">also</token>
  <token id="98" number="97" sentence="3">reignited</token>
  <token id="99" number="98" sentence="3">the</token>
  <token id="100" number="99" sentence="3">civil</token>
  <token id="101" number="100" sentence="3">war</token>
  <token id="102" number="101" sentence="3">.</token>
  <token id="103" number="102" sentence="4">The</token>
  <token id="104" number="103" sentence="4">panel</token>
  <token id="105" number="104" sentence="4">also</token>
  <token id="106" number="105" sentence="4">will</token>
  <token id="107" number="106" sentence="4">look</token>
  <token id="108" number="107" sentence="4">at</token>
  <token id="109" number="108" sentence="4">the</token>
  <token id="110" number="109" sentence="4">exodus</token>
  <token id="111" number="110" sentence="4">of</token>
  <token id="112" number="111" sentence="4">about</token>
  <token id="113" number="112" sentence="4">2</token>
  <token id="114" number="113" sentence="4">million</token>
  <token id="115" number="114" sentence="4">Rwanda</token>
  <token id="116" number="115" sentence="4">Hutus</token>
  <token id="117" number="116" sentence="4">to</token>
  <token id="118" number="117" sentence="4">neighboring</token>
  <token id="119" number="118" sentence="4">countries</token>
  <token id="120" number="119" sentence="4">where</token>
  <token id="121" number="120" sentence="4">they</token>
  <token id="122" number="121" sentence="4">lived</token>
  <token id="123" number="122" sentence="4">in</token>
  <token id="124" number="123" sentence="4">U.N.-run</token>
  <token id="125" number="124" sentence="4">refugee</token>
  <token id="126" number="125" sentence="4">camps</token>
  <token id="127" number="126" sentence="4">for</token>
  <token id="128" number="127" sentence="4">2</token>
  <token id="129" number="128" sentence="4">1/2</token>
  <token id="130" number="129" sentence="4">years</token>
  <token id="131" number="130" sentence="4">.</token>
  <token id="132" number="131" sentence="5">The</token>
  <token id="133" number="132" sentence="5">investigation</token>
  <token id="134" number="133" sentence="5">will</token>
  <token id="135" number="134" sentence="5">consider</token>
  <token id="136" number="135" sentence="5">the</token>
  <token id="137" number="136" sentence="5">role</token>
  <token id="138" number="137" sentence="5">of</token>
  <token id="139" number="138" sentence="5">"</token>
  <token id="140" number="139" sentence="5">internal</token>
  <token id="141" number="140" sentence="5">and</token>
  <token id="142" number="141" sentence="5">external</token>
  <token id="143" number="142" sentence="5">forces</token>
  <token id="144" number="143" sentence="5">prior</token>
  <token id="145" number="144" sentence="5">to</token>
  <token id="146" number="145" sentence="5">the</token>
  <token id="147" number="146" sentence="5">genocide</token>
  <token id="148" number="147" sentence="5">and</token>
  <token id="149" number="148" sentence="5">subsequently</token>
  <token id="150" number="149" sentence="5">,</token>
  <token id="151" number="150" sentence="5">and</token>
  <token id="152" number="151" sentence="5">the</token>
  <token id="153" number="152" sentence="5">role</token>
  <token id="154" number="153" sentence="5">of</token>
  <token id="155" number="154" sentence="5">the</token>
  <token id="156" number="155" sentence="5">United</token>
  <token id="157" number="156" sentence="5">Nations</token>
  <token id="158" number="157" sentence="5">and</token>
  <token id="159" number="158" sentence="5">its</token>
  <token id="160" number="159" sentence="5">agencies</token>
  <token id="161" number="160" sentence="5">and</token>
  <token id="162" number="161" sentence="5">the</token>
  <token id="163" number="162" sentence="5">OAU</token>
  <token id="164" number="163" sentence="5">before</token>
  <token id="165" number="164" sentence="5">,</token>
  <token id="166" number="165" sentence="5">during</token>
  <token id="167" number="166" sentence="5">and</token>
  <token id="168" number="167" sentence="5">after</token>
  <token id="169" number="168" sentence="5">the</token>
  <token id="170" number="169" sentence="5">genocide</token>
  <token id="171" number="170" sentence="5">,</token>
  <token id="172" number="171" sentence="5">"</token>
  <token id="173" number="172" sentence="5">the</token>
  <token id="174" number="173" sentence="5">OAU</token>
  <token id="175" number="174" sentence="5">said</token>
  <token id="176" number="175" sentence="5">.</token>
  <token id="177" number="176" sentence="6">The</token>
  <token id="178" number="177" sentence="6">panel</token>
  <token id="179" number="178" sentence="6">will</token>
  <token id="180" number="179" sentence="6">be</token>
  <token id="181" number="180" sentence="6">based</token>
  <token id="182" number="181" sentence="6">in</token>
  <token id="183" number="182" sentence="6">Addis</token>
  <token id="184" number="183" sentence="6">Ababa</token>
  <token id="185" number="184" sentence="6">,</token>
  <token id="186" number="185" sentence="6">and</token>
  <token id="187" number="186" sentence="6">will</token>
  <token id="188" number="187" sentence="6">finish</token>
  <token id="189" number="188" sentence="6">its</token>
  <token id="190" number="189" sentence="6">investigation</token>
  <token id="191" number="190" sentence="6">within</token>
  <token id="192" number="191" sentence="6">a</token>
  <token id="193" number="192" sentence="6">year</token>
  <token id="194" number="193" sentence="6">,</token>
  <token id="195" number="194" sentence="6">it</token>
  <token id="196" number="195" sentence="6">said</token>
  <token id="197" number="196" sentence="6">.</token>
  <token id="198" number="197" sentence="7">It</token>
  <token id="199" number="198" sentence="7">is</token>
  <token id="200" number="199" sentence="7">to</token>
  <token id="201" number="200" sentence="7">be</token>
  <token id="202" number="201" sentence="7">funded</token>
  <token id="203" number="202" sentence="7">by</token>
  <token id="204" number="203" sentence="7">voluntary</token>
  <token id="205" number="204" sentence="7">contributions</token>
  <token id="206" number="205" sentence="7">from</token>
  <token id="207" number="206" sentence="7">within</token>
  <token id="208" number="207" sentence="7">and</token>
  <token id="209" number="208" sentence="7">outside</token>
  <token id="210" number="209" sentence="7">the</token>
  <token id="211" number="210" sentence="7">continent</token>
  <token id="212" number="211" sentence="7">.</token>
  <token id="213" number="212" sentence="8">(</token>
  <token id="214" number="213" sentence="8">aa-kjd</token>
  <token id="215" number="214" sentence="8">)</token>
</Document>
