<Document doc_name="APW19980227.0476">
  <Markables>
    <TIMEX3 RELATED_TO="" TAG_DESCRIPTOR="Empty_Mark" beginPoint="" comment="" endPoint="" freq="" functionInDocument="CREATION_TIME" id="0" quant="" type="TIME" value="1998-02-27T08:02:00" />
    <TIMEX3 anchorTimeID="0" beginPoint="" comment="" endPoint="" freq="" functionInDocument="NONE" id="1" quant="" type="DATE" value="1998-02-27">
      <token_anchor id="12" />
    </TIMEX3>
    <EVENT aspect="NONE" certainty="" class="OCCURRENCE" comment="" factuality="" id="2" modality="NONE" polarity="POS" pos="VERB" tense="PAST">
      <token_anchor id="13" />
    </EVENT>
    <EVENT aspect="NONE" certainty="" class="OCCURRENCE" comment="" factuality="" id="3" modality="NONE" polarity="POS" pos="NOUN" tense="NONE">
      <token_anchor id="17" />
    </EVENT>
    <EVENT aspect="PERFECTIVE" certainty="" class="I_ACTION" comment="" factuality="" id="4" modality="NONE" polarity="POS" pos="VERB" tense="PRESENT">
      <token_anchor id="26" />
    </EVENT>
    <EVENT aspect="NONE" certainty="" class="OCCURRENCE" comment="" factuality="" id="5" modality="NONE" polarity="POS" pos="NOUN" tense="NONE">
      <token_anchor id="28" />
    </EVENT>
    <EVENT aspect="NONE" certainty="" class="I_STATE" comment="" factuality="" id="6" modality="NONE" polarity="POS" pos="VERB" tense="PASTPART">
      <token_anchor id="32" />
    </EVENT>
    <EVENT aspect="NONE" certainty="" class="OCCURRENCE" comment="" factuality="" id="7" modality="NONE" polarity="POS" pos="VERB" tense="PRESPART">
      <token_anchor id="34" />
    </EVENT>
    <TIMEX3 beginPoint="" comment="" endPoint="" freq="" functionInDocument="NONE" id="8" quant="" type="DATE" value="1988">
      <token_anchor id="44" />
    </TIMEX3>
    <EVENT aspect="NONE" certainty="" class="OCCURRENCE" comment="" factuality="" id="9" modality="NONE" polarity="POS" pos="VERB" tense="PAST">
      <token_anchor id="49" />
    </EVENT>
    <EVENT aspect="NONE" certainty="" class="OCCURRENCE" comment="" factuality="" id="10" modality="NONE" polarity="POS" pos="NOUN" tense="NONE">
      <token_anchor id="62" />
    </EVENT>
    <EVENT aspect="NONE" certainty="" class="I_ACTION" comment="" factuality="" id="11" modality="NONE" polarity="POS" pos="VERB" tense="PAST">
      <token_anchor id="70" />
    </EVENT>
    <EVENT aspect="NONE" certainty="" class="OCCURRENCE" comment="" factuality="" id="12" modality="NONE" polarity="POS" pos="NOUN" tense="NONE">
      <token_anchor id="72" />
    </EVENT>
    <EVENT aspect="NONE" certainty="" class="REPORTING" comment="" factuality="" id="13" modality="NONE" polarity="POS" pos="VERB" tense="PAST">
      <token_anchor id="74" />
    </EVENT>
    <EVENT aspect="NONE" certainty="" class="I_ACTION" comment="" factuality="" id="14" modality="would" polarity="POS" pos="VERB" tense="NONE">
      <token_anchor id="77" />
    </EVENT>
    <EVENT aspect="NONE" certainty="" class="OCCURRENCE" comment="" factuality="" id="15" modality="NONE" polarity="POS" pos="NOUN" tense="NONE">
      <token_anchor id="81" />
    </EVENT>
    <EVENT aspect="NONE" certainty="" class="OCCURRENCE" comment="" factuality="" id="16" modality="NONE" polarity="POS" pos="VERB" tense="PAST">
      <token_anchor id="93" />
    </EVENT>
    <TIMEX3 beginPoint="" comment="" endPoint="" freq="" functionInDocument="NONE" id="17" quant="" type="DATE" value="1995">
      <token_anchor id="101" />
    </TIMEX3>
    <EVENT aspect="NONE" certainty="" class="I_ACTION" comment="" factuality="" id="18" modality="NONE" polarity="POS" pos="VERB" tense="PRESPART">
      <token_anchor id="103" />
    </EVENT>
    <EVENT aspect="NONE" certainty="" class="OCCURRENCE" comment="" factuality="" id="19" modality="NONE" polarity="POS" pos="NOUN" tense="NONE">
      <token_anchor id="106" />
    </EVENT>
    <EVENT aspect="NONE" certainty="" class="OCCURRENCE" comment="" factuality="" id="20" modality="NONE" polarity="POS" pos="VERB" tense="PAST">
      <token_anchor id="107" />
    </EVENT>
    <EVENT aspect="NONE" certainty="" class="OCCURRENCE" comment="" factuality="" id="21" modality="NONE" polarity="POS" pos="VERB" tense="INFINITIVE">
      <token_anchor id="111" />
    </EVENT>
    <EVENT aspect="NONE" certainty="" class="OCCURRENCE" comment="" factuality="" id="22" modality="NONE" polarity="POS" pos="NOUN" tense="NONE">
      <token_anchor id="115" />
    </EVENT>
    <EVENT aspect="NONE" certainty="" class="OCCURRENCE" comment="" factuality="" id="23" modality="NONE" polarity="POS" pos="VERB" tense="PAST">
      <token_anchor id="116" />
    </EVENT>
    <TIMEX3 beginPoint="" comment="" endPoint="" freq="" functionInDocument="NONE" id="24" quant="" type="DATE" value="1971">
      <token_anchor id="118" />
    </TIMEX3>
  </Markables>
  <Relations>
    <TLINK comment="" id="1" relType="INCLUDES">
      <source id="1" />
      <target id="2" />
    </TLINK>
    <TLINK comment="" id="2" relType="BEFORE">
      <source id="3" />
      <target id="2" />
    </TLINK>
    <CLINK comment="" id="3">
      <source id="3" />
      <target id="5" />
    </CLINK>
    <TLINK comment="" id="4" relType="DURING">
      <source id="4" />
      <target id="3" />
    </TLINK>
    <TLINK comment="" id="5" relType="INCLUDES">
      <source id="6" />
      <target id="3" />
    </TLINK>
    <TLINK comment="" id="6" relType="INCLUDES">
      <source id="8" />
      <target id="7" />
    </TLINK>
    <TLINK comment="" id="7" relType="IS_INCLUDED">
      <source id="9" />
      <target id="10" />
    </TLINK>
    <TLINK comment="" id="8" relType="IDENTITY">
      <source id="12" />
      <target id="2" />
    </TLINK>
    <TLINK comment="" id="9" relType="BEFORE">
      <source id="13" />
      <target id="0" />
    </TLINK>
    <TLINK comment="" id="10" relType="IS_INCLUDED">
      <source id="16" />
      <target id="17" />
    </TLINK>
    <TLINK comment="" id="11" relType="IS_INCLUDED">
      <source id="18" />
      <target id="16" />
    </TLINK>
    <CLINK comment="" id="12">
      <source id="19" />
      <target id="22" />
    </CLINK>
  </Relations>
  <token id="1" number="0" sentence="0">THE</token>
  <token id="2" number="1" sentence="0">HAGUE</token>
  <token id="3" number="2" sentence="0">,</token>
  <token id="4" number="3" sentence="0">Netherlands</token>
  <token id="5" number="4" sentence="0">(</token>
  <token id="6" number="5" sentence="0">AP</token>
  <token id="7" number="6" sentence="0">)</token>
  <token id="8" number="7" sentence="0">_</token>
  <token id="9" number="8" sentence="0">The</token>
  <token id="10" number="9" sentence="0">World</token>
  <token id="11" number="10" sentence="0">Court</token>
  <token id="12" number="11" sentence="0">Friday</token>
  <token id="13" number="12" sentence="0">rejected</token>
  <token id="14" number="13" sentence="0">U.S.</token>
  <token id="15" number="14" sentence="0">and</token>
  <token id="16" number="15" sentence="0">British</token>
  <token id="17" number="16" sentence="0">objections</token>
  <token id="18" number="17" sentence="0">to</token>
  <token id="19" number="18" sentence="0">a</token>
  <token id="20" number="19" sentence="0">Libyan</token>
  <token id="21" number="20" sentence="0">World</token>
  <token id="22" number="21" sentence="0">Court</token>
  <token id="23" number="22" sentence="0">case</token>
  <token id="24" number="23" sentence="0">that</token>
  <token id="25" number="24" sentence="0">has</token>
  <token id="26" number="25" sentence="0">blocked</token>
  <token id="27" number="26" sentence="0">the</token>
  <token id="28" number="27" sentence="0">trial</token>
  <token id="29" number="28" sentence="0">of</token>
  <token id="30" number="29" sentence="0">two</token>
  <token id="31" number="30" sentence="0">Libyans</token>
  <token id="32" number="31" sentence="0">suspected</token>
  <token id="33" number="32" sentence="0">of</token>
  <token id="34" number="33" sentence="0">blowing</token>
  <token id="35" number="34" sentence="0">up</token>
  <token id="36" number="35" sentence="0">a</token>
  <token id="37" number="36" sentence="0">Pan</token>
  <token id="38" number="37" sentence="0">Am</token>
  <token id="39" number="38" sentence="0">jumbo</token>
  <token id="40" number="39" sentence="0">jet</token>
  <token id="41" number="40" sentence="0">over</token>
  <token id="42" number="41" sentence="0">Scotland</token>
  <token id="43" number="42" sentence="0">in</token>
  <token id="44" number="43" sentence="0">1988</token>
  <token id="45" number="44" sentence="0">.</token>
  <token id="46" number="45" sentence="1">Libya</token>
  <token id="47" number="46" sentence="1">,</token>
  <token id="48" number="47" sentence="1">which</token>
  <token id="49" number="48" sentence="1">brought</token>
  <token id="50" number="49" sentence="1">the</token>
  <token id="51" number="50" sentence="1">case</token>
  <token id="52" number="51" sentence="1">to</token>
  <token id="53" number="52" sentence="1">the</token>
  <token id="54" number="53" sentence="1">United</token>
  <token id="55" number="54" sentence="1">Nations</token>
  <token id="56" number="55" sentence="1">'</token>
  <token id="57" number="56" sentence="1">highest</token>
  <token id="58" number="57" sentence="1">judicial</token>
  <token id="59" number="58" sentence="1">body</token>
  <token id="60" number="59" sentence="1">in</token>
  <token id="61" number="60" sentence="1">its</token>
  <token id="62" number="61" sentence="1">dispute</token>
  <token id="63" number="62" sentence="1">with</token>
  <token id="64" number="63" sentence="1">the</token>
  <token id="65" number="64" sentence="1">United</token>
  <token id="66" number="65" sentence="1">States</token>
  <token id="67" number="66" sentence="1">and</token>
  <token id="68" number="67" sentence="1">Britain</token>
  <token id="69" number="68" sentence="1">,</token>
  <token id="70" number="69" sentence="1">hailed</token>
  <token id="71" number="70" sentence="1">the</token>
  <token id="72" number="71" sentence="1">ruling</token>
  <token id="73" number="72" sentence="1">and</token>
  <token id="74" number="73" sentence="1">said</token>
  <token id="75" number="74" sentence="1">it</token>
  <token id="76" number="75" sentence="1">would</token>
  <token id="77" number="76" sentence="1">press</token>
  <token id="78" number="77" sentence="1">anew</token>
  <token id="79" number="78" sentence="1">for</token>
  <token id="80" number="79" sentence="1">a</token>
  <token id="81" number="80" sentence="1">trial</token>
  <token id="82" number="81" sentence="1">in</token>
  <token id="83" number="82" sentence="1">a</token>
  <token id="84" number="83" sentence="1">third</token>
  <token id="85" number="84" sentence="1">neutral</token>
  <token id="86" number="85" sentence="1">country</token>
  <token id="87" number="86" sentence="1">.</token>
  <token id="88" number="87" sentence="2">Both</token>
  <token id="89" number="88" sentence="2">U.S.</token>
  <token id="90" number="89" sentence="2">and</token>
  <token id="91" number="90" sentence="2">British</token>
  <token id="92" number="91" sentence="2">officials</token>
  <token id="93" number="92" sentence="2">filed</token>
  <token id="94" number="93" sentence="2">objections</token>
  <token id="95" number="94" sentence="2">to</token>
  <token id="96" number="95" sentence="2">the</token>
  <token id="97" number="96" sentence="2">court</token>
  <token id="98" number="97" sentence="2">'s</token>
  <token id="99" number="98" sentence="2">jurisdiction</token>
  <token id="100" number="99" sentence="2">in</token>
  <token id="101" number="100" sentence="2">1995</token>
  <token id="102" number="101" sentence="2">,</token>
  <token id="103" number="102" sentence="2">claiming</token>
  <token id="104" number="103" sentence="2">Security</token>
  <token id="105" number="104" sentence="2">Council</token>
  <token id="106" number="105" sentence="2">resolutions</token>
  <token id="107" number="106" sentence="2">imposed</token>
  <token id="108" number="107" sentence="2">on</token>
  <token id="109" number="108" sentence="2">Lybia</token>
  <token id="110" number="109" sentence="2">to</token>
  <token id="111" number="110" sentence="2">force</token>
  <token id="112" number="111" sentence="2">the</token>
  <token id="113" number="112" sentence="2">suspects</token>
  <token id="114" number="113" sentence="2">'</token>
  <token id="115" number="114" sentence="2">extradition</token>
  <token id="116" number="115" sentence="2">overruled</token>
  <token id="117" number="116" sentence="2">a</token>
  <token id="118" number="117" sentence="2">1971</token>
  <token id="119" number="118" sentence="2">Convention</token>
  <token id="120" number="119" sentence="2">which</token>
  <token id="121" number="120" sentence="2">gives</token>
  <token id="122" number="121" sentence="2">Libya</token>
  <token id="123" number="122" sentence="2">the</token>
  <token id="124" number="123" sentence="2">right</token>
  <token id="125" number="124" sentence="2">to</token>
  <token id="126" number="125" sentence="2">try</token>
  <token id="127" number="126" sentence="2">the</token>
  <token id="128" number="127" sentence="2">men</token>
  <token id="129" number="128" sentence="2">.</token>
  <token id="130" number="129" sentence="3">The</token>
  <token id="131" number="130" sentence="3">decision</token>
  <token id="132" number="131" sentence="3">,</token>
  <token id="133" number="132" sentence="3">3rd</token>
  <token id="134" number="133" sentence="3">graf</token>
  <token id="135" number="134" sentence="3">pvs</token>
  <token id="136" number="135" sentence="3">.</token>
</Document>
