<Document doc_name="APW19980322.0749">
  <Markables>
    <TIMEX3 RELATED_TO="" TAG_DESCRIPTOR="Empty_Mark" beginPoint="" comment="" endPoint="" freq="" functionInDocument="CREATION_TIME" id="0" quant="" type="TIME" value="1998-03-22T14:57:00" />
    <EVENT aspect="NONE" certainty="" class="OCCURRENCE" comment="" factuality="" id="1" modality="NONE" polarity="POS" pos="VERB" tense="PAST">
      <token_anchor id="10" />
    </EVENT>
    <TIMEX3 anchorTimeID="0" beginPoint="" comment="" endPoint="" freq="" functionInDocument="NONE" id="2" quant="" type="DATE" value="1998-03-22">
      <token_anchor id="16" />
    </TIMEX3>
    <EVENT aspect="NONE" certainty="" class="ASPECTUAL" comment="" factuality="" id="3" modality="NONE" polarity="POS" pos="NOUN" tense="NONE">
      <token_anchor id="28" />
    </EVENT>
    <EVENT aspect="NONE" certainty="" class="OCCURRENCE" comment="" factuality="" id="4" modality="NONE" polarity="POS" pos="NOUN" tense="NONE">
      <token_anchor id="31" />
    </EVENT>
    <EVENT aspect="NONE" certainty="" class="REPORTING" comment="" factuality="" id="5" modality="NONE" polarity="POS" pos="VERB" tense="PAST">
      <token_anchor id="43" />
    </EVENT>
    <EVENT aspect="NONE" certainty="" class="OCCURRENCE" comment="" factuality="" id="6" modality="NONE" polarity="POS" pos="NOUN" tense="NONE">
      <token_anchor id="45" />
    </EVENT>
    <EVENT aspect="NONE" certainty="" class="OCCURRENCE" comment="" factuality="" id="7" modality="NONE" polarity="POS" pos="VERB" tense="PASTPART">
      <token_anchor id="46" />
    </EVENT>
    <EVENT aspect="PERFECTIVE" certainty="" class="OCCURRENCE" comment="" factuality="" id="8" modality="would" polarity="POS" pos="VERB" tense="NONE">
      <token_anchor id="64" />
    </EVENT>
    <EVENT aspect="NONE" certainty="" class="OCCURRENCE" comment="" factuality="" id="9" modality="NONE" polarity="POS" pos="NOUN" tense="NONE">
      <token_anchor id="66" />
    </EVENT>
    <EVENT aspect="NONE" certainty="" class="OCCURRENCE" comment="" factuality="" id="10" modality="NONE" polarity="POS" pos="NOUN" tense="NONE">
      <token_anchor id="70" />
    </EVENT>
    <EVENT aspect="NONE" certainty="" class="I_STATE" comment="" factuality="" id="11" modality="NONE" polarity="POS" pos="VERB" tense="PAST">
      <token_anchor id="71" />
    </EVENT>
    <EVENT aspect="NONE" certainty="" class="I_ACTION" comment="" factuality="" id="12" modality="NONE" polarity="POS" pos="NOUN" tense="NONE">
      <token_anchor id="76" />
    </EVENT>
    <TIMEX3 beginPoint="" comment="" endPoint="" freq="" functionInDocument="NONE" id="13" quant="" type="DURATION" value="P8M">
      <token_anchor id="84" />
    </TIMEX3>
    <EVENT aspect="NONE" certainty="" class="STATE" comment="" factuality="" id="14" modality="NONE" polarity="POS" pos="NOUN" tense="NONE">
      <token_anchor id="85" />
    </EVENT>
    <EVENT aspect="NONE" certainty="" class="OCCURRENCE" comment="" factuality="" id="15" modality="NONE" polarity="POS" pos="VERB" tense="INFINITIVE">
      <token_anchor id="87" />
    </EVENT>
    <EVENT aspect="NONE" certainty="" class="I_ACTION" comment="" factuality="" id="16" modality="NONE" polarity="POS" pos="VERB" tense="PASTPART">
      <token_anchor id="92" />
    </EVENT>
    <EVENT aspect="NONE" certainty="" class="OCCURRENCE" comment="" factuality="" id="17" modality="NONE" polarity="POS" pos="VERB" tense="INFINITIVE">
      <token_anchor id="94" />
    </EVENT>
    <TIMEX3 anchorTimeID="0" beginPoint="" comment="" endPoint="" freq="" functionInDocument="NONE" id="18" quant="" type="DATE" value="1998-03-23">
      <token_anchor id="95" />
    </TIMEX3>
    <EVENT aspect="PERFECTIVE" certainty="" class="OCCURRENCE" comment="" factuality="" id="19" modality="NONE" polarity="POS" pos="VERB" tense="PRESENT">
      <token_anchor id="101" />
    </EVENT>
    <EVENT aspect="NONE" certainty="" class="OCCURRENCE" comment="" factuality="" id="20" modality="NONE" polarity="POS" pos="VERB" tense="PAST">
      <token_anchor id="119" />
    </EVENT>
    <TIMEX3 anchorTimeID="0" beginPoint="" comment="" endPoint="" freq="" functionInDocument="NONE" id="21" quant="" type="DATE" value="1998-02-20">
      <token_anchor id="124" />
      <token_anchor id="125" />
      <token_anchor id="126" />
    </TIMEX3>
    <EVENT aspect="NONE" certainty="" class="OCCURRENCE" comment="" factuality="" id="23" modality="NONE" polarity="POS" pos="NOUN" tense="NONE">
      <token_anchor id="128" />
    </EVENT>
    <C-SIGNAL id="22">
      <token_anchor id="127" />
      <token_anchor id="128" />
      <token_anchor id="129" />
    </C-SIGNAL>
    <EVENT aspect="NONE" certainty="" class="OCCURRENCE" comment="" factuality="" id="24" modality="NONE" polarity="POS" pos="NOUN" tense="NONE">
      <token_anchor id="131" />
    </EVENT>
    <EVENT aspect="NONE" certainty="" class="OCCURRENCE" comment="" factuality="" id="25" modality="NONE" polarity="POS" pos="VERB" tense="PAST">
      <token_anchor id="140" />
    </EVENT>
    <TIMEX3 anchorTimeID="0" beginPoint="" comment="" endPoint="" freq="" functionInDocument="NONE" id="26" quant="" type="DATE" value="1998-03-22">
      <token_anchor id="152" />
    </TIMEX3>
    <EVENT aspect="NONE" certainty="" class="OCCURRENCE" comment="" factuality="" id="27" modality="NONE" polarity="POS" pos="VERB" tense="PAST">
      <token_anchor id="170" />
    </EVENT>
    <EVENT aspect="PERFECTIVE" certainty="" class="OCCURRENCE" comment="" factuality="" id="28" modality="would" polarity="POS" pos="VERB" tense="NONE">
      <token_anchor id="194" />
    </EVENT>
    <EVENT aspect="NONE" certainty="" class="OCCURRENCE" comment="" factuality="" id="29" modality="NONE" polarity="POS" pos="VERB" tense="PRESENT">
      <token_anchor id="205" />
    </EVENT>
    <EVENT aspect="NONE" certainty="" class="I_STATE" comment="" factuality="" id="30" modality="NONE" polarity="POS" pos="VERB" tense="PRESENT">
      <token_anchor id="211" />
    </EVENT>
    <EVENT aspect="NONE" certainty="" class="OCCURRENCE" comment="" factuality="" id="31" modality="NONE" polarity="POS" pos="VERB" tense="INFINITIVE">
      <token_anchor id="213" />
    </EVENT>
    <TIMEX3 anchorTimeID="0" beginPoint="" comment="" endPoint="" freq="" functionInDocument="NONE" id="32" quant="" type="DATE" value="1998-05">
      <token_anchor id="215" />
    </TIMEX3>
    <EVENT aspect="NONE" certainty="" class="I_ACTION" comment="" factuality="" id="33" modality="NONE" polarity="POS" pos="VERB" tense="PAST">
      <token_anchor id="217" />
    </EVENT>
    <EVENT aspect="NONE" certainty="" class="OCCURRENCE" comment="" factuality="" id="34" modality="NONE" polarity="POS" pos="VERB" tense="INFINITIVE">
      <token_anchor id="221" />
    </EVENT>
    <TIMEX3 anchorTimeID="0" beginPoint="" comment="" endPoint="" freq="" functionInDocument="NONE" id="35" quant="" type="DATE" value="1998-03-08">
      <token_anchor id="222" />
      <token_anchor id="223" />
      <token_anchor id="224" />
    </TIMEX3>
    <EVENT aspect="NONE" certainty="" class="ASPECTUAL" comment="" factuality="" id="36" modality="NONE" polarity="POS" pos="VERB" tense="PAST">
      <token_anchor id="232" />
    </EVENT>
    <EVENT aspect="NONE" certainty="" class="OCCURRENCE" comment="" factuality="" id="37" modality="NONE" polarity="POS" pos="NOUN" tense="NONE">
      <token_anchor id="237" />
    </EVENT>
    <TIMEX3 anchorTimeID="0" beginPoint="" comment="" endPoint="" freq="" functionInDocument="NONE" id="38" quant="" type="DATE" value="1998-03-12">
      <token_anchor id="244" />
      <token_anchor id="245" />
      <token_anchor id="246" />
    </TIMEX3>
    <TIMEX3 anchorTimeID="0" beginPoint="" comment="" endPoint="" freq="" functionInDocument="NONE" id="39" quant="" type="DATE" value="1998-W12">
      <token_anchor id="250" />
      <token_anchor id="251" />
    </TIMEX3>
    <EVENT aspect="NONE" certainty="" class="OCCURRENCE" comment="" factuality="" id="40" modality="NONE" polarity="POS" pos="VERB" tense="PAST">
      <token_anchor id="257" />
    </EVENT>
    <EVENT aspect="NONE" certainty="" class="OCCURRENCE" comment="" factuality="" id="41" modality="NONE" polarity="POS" pos="NOUN" tense="NONE">
      <token_anchor id="261" />
    </EVENT>
    <TIMEX3 anchorTimeID="0" beginPoint="" comment="" endPoint="" freq="" functionInDocument="NONE" id="42" quant="" type="DATE" value="1998-02">
      <token_anchor id="263" />
    </TIMEX3>
    <EVENT aspect="NONE" certainty="" class="REPORTING" comment="" factuality="" id="43" modality="NONE" polarity="POS" pos="VERB" tense="PAST">
      <token_anchor id="271" />
    </EVENT>
    <TIMEX3 anchorTimeID="0" beginPoint="" comment="" endPoint="" freq="" functionInDocument="NONE" id="44" quant="" type="DATE" value="1998-03-22">
      <token_anchor id="272" />
    </TIMEX3>
    <EVENT aspect="NONE" certainty="" class="REPORTING" comment="" factuality="" id="45" modality="NONE" polarity="POS" pos="VERB" tense="PAST">
      <token_anchor id="275" />
    </EVENT>
    <EVENT aspect="NONE" certainty="" class="I_ACTION" comment="" factuality="" id="46" modality="NONE" polarity="POS" pos="VERB" tense="PAST">
      <token_anchor id="282" />
    </EVENT>
    <EVENT aspect="NONE" certainty="" class="OCCURRENCE" comment="" factuality="" id="47" modality="NONE" polarity="POS" pos="NOUN" tense="NONE">
      <token_anchor id="284" />
    </EVENT>
    <EVENT aspect="NONE" certainty="" class="I_ACTION" comment="" factuality="" id="48" modality="would" polarity="POS" pos="VERB" tense="NONE">
      <token_anchor id="287" />
    </EVENT>
    <EVENT aspect="NONE" certainty="" class="OCCURRENCE" comment="" factuality="" id="49" modality="NONE" polarity="POS" pos="NOUN" tense="NONE">
      <token_anchor id="292" />
    </EVENT>
    <EVENT aspect="NONE" certainty="" class="OCCURRENCE" comment="" factuality="" id="50" modality="NONE" polarity="POS" pos="VERB" tense="PRESPART">
      <token_anchor id="318" />
    </EVENT>
    <EVENT aspect="NONE" certainty="" class="REPORTING" comment="" factuality="" id="51" modality="NONE" polarity="POS" pos="VERB" tense="PAST">
      <token_anchor id="326" />
    </EVENT>
    <EVENT aspect="NONE" certainty="" class="REPORTING" comment="" factuality="" id="52" modality="NONE" polarity="POS" pos="VERB" tense="PRESPART">
      <token_anchor id="328" />
    </EVENT>
    <EVENT aspect="NONE" certainty="" class="I_STATE" comment="" factuality="" id="53" modality="NONE" polarity="POS" pos="VERB" tense="PRESENT">
      <token_anchor id="332" />
    </EVENT>
    <EVENT aspect="NONE" certainty="" class="OCCURRENCE" comment="" factuality="" id="54" modality="NONE" polarity="POS" pos="VERB" tense="INFINITIVE">
      <token_anchor id="334" />
    </EVENT>
    <EVENT aspect="NONE" certainty="" class="I_STATE" comment="" factuality="" id="55" modality="NONE" polarity="POS" pos="VERB" tense="PRESENT">
      <token_anchor id="359" />
    </EVENT>
    <EVENT aspect="NONE" certainty="" class="OCCURRENCE" comment="" factuality="" id="56" modality="NONE" polarity="POS" pos="VERB" tense="PRESPART">
      <token_anchor id="361" />
    </EVENT>
    <EVENT aspect="NONE" certainty="" class="I_STATE" comment="" factuality="" id="57" modality="NONE" polarity="POS" pos="VERB" tense="PRESENT">
      <token_anchor id="365" />
    </EVENT>
    <EVENT aspect="PERFECTIVE" certainty="" class="OCCURRENCE" comment="" factuality="" id="58" modality="NONE" polarity="POS" pos="VERB" tense="PRESENT">
      <token_anchor id="376" />
    </EVENT>
    <TIMEX3 beginPoint="" comment="" endPoint="" freq="" functionInDocument="NONE" id="59" quant="" type="DATE" value="1972">
      <token_anchor id="381" />
    </TIMEX3>
    <EVENT aspect="PROGRESSIVE" certainty="" class="I_ACTION" comment="" factuality="" id="60" modality="NONE" polarity="POS" pos="VERB" tense="PRESENT">
      <token_anchor id="395" />
    </EVENT>
    <EVENT aspect="NONE" certainty="" class="I_ACTION" comment="" factuality="" id="61" modality="NONE" polarity="POS" pos="VERB" tense="INFINITIVE">
      <token_anchor id="397" />
    </EVENT>
    <EVENT aspect="NONE" certainty="" class="OCCURRENCE" comment="" factuality="" id="62" modality="NONE" polarity="POS" pos="NOUN" tense="NONE">
      <token_anchor id="402" />
    </EVENT>
    <EVENT aspect="NONE" certainty="" class="REPORTING" comment="" factuality="" id="63" modality="NONE" polarity="POS" pos="VERB" tense="PRESENT">
      <token_anchor id="407" />
    </EVENT>
    <EVENT aspect="NONE" certainty="" class="STATE" comment="" factuality="" id="64" modality="NONE" polarity="POS" pos="ADJECTIVE" tense="PRESENT">
      <token_anchor id="411" />
    </EVENT>
    <EVENT aspect="NONE" certainty="" class="OCCURRENCE" comment="" factuality="" id="65" modality="NONE" polarity="POS" pos="NOUN" tense="NONE">
      <token_anchor id="416" />
    </EVENT>
    <TIMEX3 anchorTimeID="0" beginPoint="" comment="" endPoint="" freq="" functionInDocument="NONE" id="66" quant="" type="DATE" value="1998-02-22">
      <token_anchor id="419" />
    </TIMEX3>
    <EVENT aspect="NONE" certainty="" class="OCCURRENCE" comment="" factuality="" id="67" modality="NONE" polarity="POS" pos="VERB" tense="PAST">
      <token_anchor id="426" />
    </EVENT>
    <EVENT aspect="NONE" certainty="" class="OCCURRENCE" comment="" factuality="" id="68" modality="NONE" polarity="POS" pos="NOUN" tense="NONE">
      <token_anchor id="446" />
    </EVENT>
    <EVENT aspect="PERFECTIVE" certainty="" class="OCCURRENCE" comment="" factuality="" id="69" modality="NONE" polarity="POS" pos="VERB" tense="PRESENT">
      <token_anchor id="457" />
    </EVENT>
    <EVENT aspect="NONE" certainty="" class="OCCURRENCE" comment="" factuality="" id="70" modality="NONE" polarity="POS" pos="NOUN" tense="NONE">
      <token_anchor id="459" />
    </EVENT>
    <TIMEX3 anchorTimeID="0" beginPoint="" comment="" endPoint="" freq="" functionInDocument="NONE" id="71" quant="" type="SET" value="XXXX-SU">
      <token_anchor id="464" />
      <token_anchor id="465" />
      <token_anchor id="466" />
      <token_anchor id="467" />
    </TIMEX3>
    <TIMEX3 beginPoint="" comment="" endPoint="" freq="" functionInDocument="NONE" id="72" quant="" type="SET" value="XXXX-07">
      <token_anchor id="487" />
      <token_anchor id="488" />
    </TIMEX3>
    <EVENT aspect="NONE" certainty="" class="OCCURRENCE" comment="" factuality="" id="73" modality="NONE" polarity="POS" pos="VERB" tense="PAST">
      <token_anchor id="509" />
    </EVENT>
    <EVENT aspect="NONE" certainty="" class="PERCEPTION" comment="" factuality="" id="74" modality="NONE" polarity="POS" pos="VERB" tense="INFINITIVE">
      <token_anchor id="517" />
    </EVENT>
    <EVENT aspect="NONE" certainty="" class="I_ACTION" comment="" factuality="" id="75" modality="NONE" polarity="POS" pos="NOUN" tense="PRESENT">
      <token_anchor id="519" />
    </EVENT>
    <EVENT aspect="NONE" certainty="" class="OCCURRENCE" comment="" factuality="" id="76" modality="NONE" polarity="POS" pos="NOUN" tense="NONE">
      <token_anchor id="520" />
    </EVENT>
    <EVENT aspect="NONE" certainty="" class="I_ACTION" comment="" factuality="" id="77" modality="NONE" polarity="POS" pos="NOUN" tense="PRESENT">
      <token_anchor id="527" />
    </EVENT>
    <EVENT aspect="NONE" certainty="" class="OCCURRENCE" comment="" factuality="" id="78" modality="NONE" polarity="POS" pos="VERB" tense="INFINITIVE">
      <token_anchor id="529" />
    </EVENT>
    <EVENT aspect="NONE" certainty="" class="OCCURRENCE" comment="" factuality="" id="79" modality="NONE" polarity="POS" pos="NOUN" tense="NONE">
      <token_anchor id="535" />
    </EVENT>
    <TIMEX3 anchorTimeID="0" beginPoint="" comment="" endPoint="" freq="" functionInDocument="NONE" id="80" quant="" type="DATE" value="1998-SU">
      <token_anchor id="536" />
      <token_anchor id="537" />
    </TIMEX3>
    <EVENT aspect="NONE" certainty="" class="OCCURRENCE" comment="" factuality="" id="81" modality="NONE" polarity="NEG" pos="ADJECTIVE" tense="PRESENT">
      <token_anchor id="548" />
    </EVENT>
    <TIMEX3 anchorTimeID="0" beginPoint="" comment="" endPoint="" freq="" functionInDocument="NONE" id="82" quant="" type="DATE" value="1998-SU">
      <token_anchor id="552" />
      <token_anchor id="553" />
    </TIMEX3>
    <EVENT aspect="NONE" certainty="" class="REPORTING" comment="" factuality="" id="83" modality="NONE" polarity="POS" pos="VERB" tense="PAST">
      <token_anchor id="556" />
    </EVENT>
    <EVENT aspect="NONE" certainty="" class="I_ACTION" comment="" factuality="" id="84" modality="NONE" polarity="POS" pos="VERB" tense="PAST">
      <token_anchor id="585" />
    </EVENT>
    <EVENT aspect="NONE" certainty="" class="OCCURRENCE" comment="" factuality="" id="85" modality="NONE" polarity="POS" pos="VERB" tense="PRESPART">
      <token_anchor id="592" />
    </EVENT>
    <EVENT aspect="NONE" certainty="" class="OCCURRENCE" comment="" factuality="" id="86" modality="NONE" polarity="POS" pos="VERB" tense="PRESPART">
      <token_anchor id="599" />
    </EVENT>
    <EVENT aspect="NONE" certainty="" class="OCCURRENCE" comment="" factuality="" id="87" modality="NONE" polarity="POS" pos="VERB" tense="PAST">
      <token_anchor id="605" />
    </EVENT>
    <TIMEX3 anchorTimeID="0" beginPoint="" comment="" endPoint="" freq="" functionInDocument="NONE" id="88" quant="" type="DATE" value="1998-03-22">
      <token_anchor id="613" />
      <token_anchor id="614" />
    </TIMEX3>
    <EVENT aspect="NONE" certainty="" class="OCCURRENCE" comment="" factuality="" id="89" modality="NONE" polarity="POS" pos="VERB" tense="PAST">
      <token_anchor id="620" />
    </EVENT>
    <EVENT aspect="NONE" certainty="" class="REPORTING" comment="" factuality="" id="90" modality="NONE" polarity="POS" pos="VERB" tense="PAST">
      <token_anchor id="631" />
    </EVENT>
    <EVENT aspect="NONE" certainty="" class="OCCURRENCE" comment="" factuality="" id="91" modality="NONE" polarity="POS" pos="VERB" tense="PAST">
      <token_anchor id="637" />
    </EVENT>
    <EVENT aspect="NONE" certainty="" class="OCCURRENCE" comment="" factuality="" id="92" modality="NONE" polarity="POS" pos="VERB" tense="PAST">
      <token_anchor id="648" />
    </EVENT>
    <EVENT aspect="NONE" certainty="" class="OCCURRENCE" comment="" factuality="" id="93" modality="NONE" polarity="POS" pos="VERB" tense="PAST">
      <token_anchor id="656" />
    </EVENT>
    <EVENT aspect="NONE" certainty="" class="OCCURRENCE" comment="" factuality="" id="94" modality="NONE" polarity="POS" pos="VERB" tense="PAST">
      <token_anchor id="666" />
    </EVENT>
    <C-SIGNAL id="95">
      <token_anchor id="667" />
    </C-SIGNAL>
    <EVENT aspect="NONE" certainty="" class="OCCURRENCE" comment="" factuality="" id="96" modality="NONE" polarity="POS" pos="NOUN" tense="NONE">
      <token_anchor id="668" />
    </EVENT>
    <EVENT aspect="NONE" certainty="" class="OCCURRENCE" comment="" factuality="" id="97" modality="NONE" polarity="POS" pos="VERB" tense="PAST">
      <token_anchor id="674" />
    </EVENT>
    <EVENT aspect="NONE" certainty="" class="OCCURRENCE" comment="" factuality="" id="98" modality="NONE" polarity="POS" pos="VERB" tense="PAST">
      <token_anchor id="681" />
    </EVENT>
  </Markables>
  <Relations>
    <TLINK comment="" id="1" relType="IS_INCLUDED">
      <source id="1" />
      <target id="2" />
    </TLINK>
    <TLINK comment="" id="2" relType="AFTER">
      <source id="3" />
      <target id="2" />
    </TLINK>
    <TLINK comment="" id="3" relType="AFTER">
      <source id="4" />
      <target id="2" />
    </TLINK>
    <TLINK comment="" id="4" relType="BEFORE">
      <source id="5" />
      <target id="0" />
    </TLINK>
    <CLINK comment="" id="5">
      <source id="6" />
      <target id="9" />
    </CLINK>
    <TLINK comment="" id="6" relType="IDENTITY">
      <source id="7" />
      <target id="10" />
    </TLINK>
    <TLINK comment="" id="7" relType="BEFORE">
      <source id="8" />
      <target id="9" />
    </TLINK>
    <TLINK comment="" id="8" relType="IDENTITY">
      <source id="10" />
      <target id="25" />
    </TLINK>
    <TLINK comment="" id="9" relType="IS_INCLUDED">
      <source id="11" />
      <target id="2" />
    </TLINK>
    <TLINK comment="" id="10" relType="DURING">
      <source id="14" />
      <target id="13" />
    </TLINK>
    <TLINK comment="" id="11" relType="BEFORE">
      <source id="16" />
      <target id="0" />
    </TLINK>
    <TLINK comment="" id="12" relType="IS_INCLUDED">
      <source id="17" />
      <target id="18" />
    </TLINK>
    <TLINK comment="" id="13" relType="BEFORE">
      <source id="19" />
      <target id="20" />
    </TLINK>
    <TLINK comment="" id="14" relType="IS_INCLUDED">
      <source id="20" />
      <target id="21" />
    </TLINK>
    <TLINK comment="" id="15" relType="IDENTITY">
      <source id="20" />
      <target id="23" />
    </TLINK>
    <TLINK comment="" id="16" relType="BEFORE">
      <source id="24" />
      <target id="21" />
    </TLINK>
    <CLINK c-signalID="22" comment="" id="17">
      <source id="24" />
      <target id="20" />
    </CLINK>
    <TLINK comment="" id="18" relType="IS_INCLUDED">
      <source id="25" />
      <target id="26" />
    </TLINK>
    <TLINK comment="" id="19" relType="BEFORE">
      <source id="25" />
      <target id="27" />
    </TLINK>
    <TLINK comment="" id="20" relType="AFTER">
      <source id="28" />
      <target id="1" />
    </TLINK>
    <TLINK comment="" id="21" relType="INCLUDES">
      <source id="29" />
      <target id="0" />
    </TLINK>
    <TLINK comment="" id="22" relType="IS_INCLUDED">
      <source id="30" />
      <target id="0" />
    </TLINK>
    <TLINK comment="" id="23" relType="BEFORE">
      <source id="31" />
      <target id="32" />
    </TLINK>
    <TLINK comment="" id="24" relType="IS_INCLUDED">
      <source id="33" />
      <target id="35" />
    </TLINK>
    <TLINK comment="" id="25" relType="SIMULTANEOUS">
      <source id="36" />
      <target id="37" />
    </TLINK>
    <TLINK comment="" id="26" relType="IS_INCLUDED">
      <source id="37" />
      <target id="38" />
    </TLINK>
    <TLINK comment="" id="27" relType="IS_INCLUDED">
      <source id="37" />
      <target id="39" />
    </TLINK>
    <TLINK comment="" id="28" relType="IS_INCLUDED">
      <source id="40" />
      <target id="41" />
    </TLINK>
    <TLINK comment="" id="29" relType="IS_INCLUDED">
      <source id="41" />
      <target id="42" />
    </TLINK>
    <TLINK comment="" id="30" relType="IS_INCLUDED">
      <source id="43" />
      <target id="44" />
    </TLINK>
    <TLINK comment="" id="31" relType="IS_INCLUDED">
      <source id="45" />
      <target id="44" />
    </TLINK>
    <CLINK comment="" id="32">
      <source id="47" />
      <target id="49" />
    </CLINK>
    <TLINK comment="" id="33" relType="SIMULTANEOUS">
      <source id="51" />
      <target id="43" />
    </TLINK>
    <TLINK comment="" id="34" relType="IAFTER">
      <source id="52" />
      <target id="51" />
    </TLINK>
    <TLINK comment="" id="35" relType="IS_INCLUDED">
      <source id="55" />
      <target id="0" />
    </TLINK>
    <TLINK comment="" id="36" relType="IS_INCLUDED">
      <source id="57" />
      <target id="0" />
    </TLINK>
    <TLINK comment="" id="37" relType="BEGUN_BY">
      <source id="58" />
      <target id="59" />
    </TLINK>
    <TLINK comment="" id="38" relType="IS_INCLUDED">
      <source id="60" />
      <target id="0" />
    </TLINK>
    <TLINK comment="" id="39" relType="INCLUDES">
      <source id="63" />
      <target id="60" />
    </TLINK>
    <TLINK comment="" id="40" relType="IS_INCLUDED">
      <source id="67" />
      <target id="66" />
    </TLINK>
    <TLINK comment="" id="41" relType="IDENTITY">
      <source id="68" />
      <target id="69" />
    </TLINK>
    <CLINK comment="" id="42">
      <source id="68" />
      <target id="70" />
    </CLINK>
    <TLINK comment="" id="43" relType="BEFORE">
      <source id="69" />
      <target id="70" />
    </TLINK>
    <TLINK comment="" id="44" relType="IS_INCLUDED">
      <source id="69" />
      <target id="71" />
    </TLINK>
    <TLINK comment="" id="45" relType="BEFORE">
      <source id="73" />
      <target id="74" />
    </TLINK>
    <TLINK comment="" id="46" relType="SIMULTANEOUS">
      <source id="74" />
      <target id="75" />
    </TLINK>
    <TLINK comment="" id="47" relType="SIMULTANEOUS">
      <source id="74" />
      <target id="77" />
    </TLINK>
    <TLINK comment="" id="48" relType="IS_INCLUDED">
      <source id="79" />
      <target id="80" />
    </TLINK>
    <TLINK comment="" id="49" relType="IS_INCLUDED">
      <source id="81" />
      <target id="82" />
    </TLINK>
    <TLINK comment="" id="50" relType="BEFORE">
      <source id="83" />
      <target id="0" />
    </TLINK>
    <TLINK comment="" id="51" relType="IS_INCLUDED">
      <source id="84" />
      <target id="80" />
    </TLINK>
    <TLINK comment="" id="52" relType="IS_INCLUDED">
      <source id="85" />
      <target id="87" />
    </TLINK>
    <TLINK comment="" id="53" relType="SIMULTANEOUS">
      <source id="86" />
      <target id="87" />
    </TLINK>
    <TLINK comment="" id="54" relType="IS_INCLUDED">
      <source id="88" />
      <target id="89" />
    </TLINK>
    <TLINK comment="" id="55" relType="IS_INCLUDED">
      <source id="90" />
      <target id="88" />
    </TLINK>
    <TLINK comment="" id="56" relType="BEFORE">
      <source id="91" />
      <target id="92" />
    </TLINK>
    <TLINK comment="" id="57" relType="BEFORE">
      <source id="91" />
      <target id="93" />
    </TLINK>
    <TLINK comment="" id="58" relType="AFTER">
      <source id="94" />
      <target id="97" />
    </TLINK>
    <CLINK c-signalID="95" comment="" id="59">
      <source id="96" />
      <target id="94" />
    </CLINK>
    <TLINK comment="" id="60" relType="IS_INCLUDED">
      <source id="98" />
      <target id="88" />
    </TLINK>
  </Relations>
  <token id="1" number="0" sentence="0">BELFAST</token>
  <token id="2" number="1" sentence="0">,</token>
  <token id="3" number="2" sentence="0">Northern</token>
  <token id="4" number="3" sentence="0">Ireland</token>
  <token id="5" number="4" sentence="0">(</token>
  <token id="6" number="5" sentence="0">AP</token>
  <token id="7" number="6" sentence="0">)</token>
  <token id="8" number="7" sentence="0">_</token>
  <token id="9" number="8" sentence="0">Police</token>
  <token id="10" number="9" sentence="0">seized</token>
  <token id="11" number="10" sentence="0">a</token>
  <token id="12" number="11" sentence="0">car</token>
  <token id="13" number="12" sentence="0">bomb</token>
  <token id="14" number="13" sentence="0">under</token>
  <token id="15" number="14" sentence="0">construction</token>
  <token id="16" number="15" sentence="0">Sunday</token>
  <token id="17" number="16" sentence="0">in</token>
  <token id="18" number="17" sentence="0">a</token>
  <token id="19" number="18" sentence="0">town</token>
  <token id="20" number="19" sentence="0">bordering</token>
  <token id="21" number="20" sentence="0">Northern</token>
  <token id="22" number="21" sentence="0">Ireland</token>
  <token id="23" number="22" sentence="0">on</token>
  <token id="24" number="23" sentence="0">the</token>
  <token id="25" number="24" sentence="0">eve</token>
  <token id="26" number="25" sentence="0">of</token>
  <token id="27" number="26" sentence="0">the</token>
  <token id="28" number="27" sentence="0">return</token>
  <token id="29" number="28" sentence="0">to</token>
  <token id="30" number="29" sentence="0">peace</token>
  <token id="31" number="30" sentence="0">talks</token>
  <token id="32" number="31" sentence="0">by</token>
  <token id="33" number="32" sentence="0">the</token>
  <token id="34" number="33" sentence="0">IRA-allied</token>
  <token id="35" number="34" sentence="0">Sinn</token>
  <token id="36" number="35" sentence="0">Fein</token>
  <token id="37" number="36" sentence="0">party</token>
  <token id="38" number="37" sentence="0">.</token>
  <token id="39" number="38" sentence="1">Chief</token>
  <token id="40" number="39" sentence="1">Superintendent</token>
  <token id="41" number="40" sentence="1">Al</token>
  <token id="42" number="41" sentence="1">McHugh</token>
  <token id="43" number="42" sentence="1">said</token>
  <token id="44" number="43" sentence="1">the</token>
  <token id="45" number="44" sentence="1">bomb</token>
  <token id="46" number="45" sentence="1">discovered</token>
  <token id="47" number="46" sentence="1">in</token>
  <token id="48" number="47" sentence="1">the</token>
  <token id="49" number="48" sentence="1">Irish</token>
  <token id="50" number="49" sentence="1">Republic</token>
  <token id="51" number="50" sentence="1">was</token>
  <token id="52" number="51" sentence="1">destined</token>
  <token id="53" number="52" sentence="1">for</token>
  <token id="54" number="53" sentence="1">an</token>
  <token id="55" number="54" sentence="1">unknown</token>
  <token id="56" number="55" sentence="1">target</token>
  <token id="57" number="56" sentence="1">in</token>
  <token id="58" number="57" sentence="1">Northern</token>
  <token id="59" number="58" sentence="1">Ireland</token>
  <token id="60" number="59" sentence="1">and</token>
  <token id="61" number="60" sentence="1">"</token>
  <token id="62" number="61" sentence="1">would</token>
  <token id="63" number="62" sentence="1">have</token>
  <token id="64" number="63" sentence="1">caused</token>
  <token id="65" number="64" sentence="1">massive</token>
  <token id="66" number="65" sentence="1">destruction</token>
  <token id="67" number="66" sentence="1">.</token>
  <token id="68" number="67" sentence="1">"</token>
  <token id="69" number="68" sentence="2">The</token>
  <token id="70" number="69" sentence="2">discovery</token>
  <token id="71" number="70" sentence="2">appeared</token>
  <token id="72" number="71" sentence="2">to</token>
  <token id="73" number="72" sentence="2">be</token>
  <token id="74" number="73" sentence="2">the</token>
  <token id="75" number="74" sentence="2">latest</token>
  <token id="76" number="75" sentence="2">attempt</token>
  <token id="77" number="76" sentence="2">by</token>
  <token id="78" number="77" sentence="2">extremists</token>
  <token id="79" number="78" sentence="2">opposed</token>
  <token id="80" number="79" sentence="2">to</token>
  <token id="81" number="80" sentence="2">the</token>
  <token id="82" number="81" sentence="2">IRA</token>
  <token id="83" number="82" sentence="2">'s</token>
  <token id="84" number="83" sentence="2">8-month-old</token>
  <token id="85" number="84" sentence="2">truce</token>
  <token id="86" number="85" sentence="2">to</token>
  <token id="87" number="86" sentence="2">undermine</token>
  <token id="88" number="87" sentence="2">the</token>
  <token id="89" number="88" sentence="2">peace</token>
  <token id="90" number="89" sentence="2">process</token>
  <token id="91" number="90" sentence="2">,</token>
  <token id="92" number="91" sentence="2">set</token>
  <token id="93" number="92" sentence="2">to</token>
  <token id="94" number="93" sentence="2">resume</token>
  <token id="95" number="94" sentence="2">Monday</token>
  <token id="96" number="95" sentence="2">in</token>
  <token id="97" number="96" sentence="2">Belfast</token>
  <token id="98" number="97" sentence="2">.</token>
  <token id="99" number="98" sentence="3">Extremists</token>
  <token id="100" number="99" sentence="3">have</token>
  <token id="101" number="100" sentence="3">bombed</token>
  <token id="102" number="101" sentence="3">two</token>
  <token id="103" number="102" sentence="3">predominantly</token>
  <token id="104" number="103" sentence="3">pro-British</token>
  <token id="105" number="104" sentence="3">Protestant</token>
  <token id="106" number="105" sentence="3">towns</token>
  <token id="107" number="106" sentence="3">and</token>
  <token id="108" number="107" sentence="3">fired</token>
  <token id="109" number="108" sentence="3">mortar</token>
  <token id="110" number="109" sentence="3">shells</token>
  <token id="111" number="110" sentence="3">at</token>
  <token id="112" number="111" sentence="3">a</token>
  <token id="113" number="112" sentence="3">police</token>
  <token id="114" number="113" sentence="3">station</token>
  <token id="115" number="114" sentence="3">since</token>
  <token id="116" number="115" sentence="3">Sinn</token>
  <token id="117" number="116" sentence="3">Fein</token>
  <token id="118" number="117" sentence="3">was</token>
  <token id="119" number="118" sentence="3">expelled</token>
  <token id="120" number="119" sentence="3">from</token>
  <token id="121" number="120" sentence="3">peace</token>
  <token id="122" number="121" sentence="3">talks</token>
  <token id="123" number="122" sentence="3">on</token>
  <token id="124" number="123" sentence="3">Feb</token>
  <token id="125" number="124" sentence="3">.</token>
  <token id="126" number="125" sentence="3">20</token>
  <token id="127" number="126" sentence="3">in</token>
  <token id="128" number="127" sentence="3">punishment</token>
  <token id="129" number="128" sentence="3">for</token>
  <token id="130" number="129" sentence="3">two</token>
  <token id="131" number="130" sentence="3">killings</token>
  <token id="132" number="131" sentence="3">blamed</token>
  <token id="133" number="132" sentence="3">on</token>
  <token id="134" number="133" sentence="3">the</token>
  <token id="135" number="134" sentence="3">Irish</token>
  <token id="136" number="135" sentence="3">Republican</token>
  <token id="137" number="136" sentence="3">Army</token>
  <token id="138" number="137" sentence="3">.</token>
  <token id="139" number="138" sentence="4">Police</token>
  <token id="140" number="139" sentence="4">found</token>
  <token id="141" number="140" sentence="4">more</token>
  <token id="142" number="141" sentence="4">than</token>
  <token id="143" number="142" sentence="4">1,300</token>
  <token id="144" number="143" sentence="4">pounds</token>
  <token id="145" number="144" sentence="4">(</token>
  <token id="146" number="145" sentence="4">600</token>
  <token id="147" number="146" sentence="4">kgs</token>
  <token id="148" number="147" sentence="4">)</token>
  <token id="149" number="148" sentence="4">of</token>
  <token id="150" number="149" sentence="4">fertilizer-based</token>
  <token id="151" number="150" sentence="4">explosives</token>
  <token id="152" number="151" sentence="4">Sunday</token>
  <token id="153" number="152" sentence="4">in</token>
  <token id="154" number="153" sentence="4">a</token>
  <token id="155" number="154" sentence="4">shed</token>
  <token id="156" number="155" sentence="4">in</token>
  <token id="157" number="156" sentence="4">Dundalk</token>
  <token id="158" number="157" sentence="4">,</token>
  <token id="159" number="158" sentence="4">50</token>
  <token id="160" number="159" sentence="4">miles</token>
  <token id="161" number="160" sentence="4">(</token>
  <token id="162" number="161" sentence="4">80</token>
  <token id="163" number="162" sentence="4">kms</token>
  <token id="164" number="163" sentence="4">)</token>
  <token id="165" number="164" sentence="4">south</token>
  <token id="166" number="165" sentence="4">of</token>
  <token id="167" number="166" sentence="4">Belfast</token>
  <token id="168" number="167" sentence="4">.</token>
  <token id="169" number="168" sentence="5">They</token>
  <token id="170" number="169" sentence="5">arrested</token>
  <token id="171" number="170" sentence="5">two</token>
  <token id="172" number="171" sentence="5">men</token>
  <token id="173" number="172" sentence="5">in</token>
  <token id="174" number="173" sentence="5">connection</token>
  <token id="175" number="174" sentence="5">with</token>
  <token id="176" number="175" sentence="5">the</token>
  <token id="177" number="176" sentence="5">bomb</token>
  <token id="178" number="177" sentence="5">factory</token>
  <token id="179" number="178" sentence="5">,</token>
  <token id="180" number="179" sentence="5">which</token>
  <token id="181" number="180" sentence="5">also</token>
  <token id="182" number="181" sentence="5">contained</token>
  <token id="183" number="182" sentence="5">circuitry</token>
  <token id="184" number="183" sentence="5">,</token>
  <token id="185" number="184" sentence="5">detonating</token>
  <token id="186" number="185" sentence="5">cord</token>
  <token id="187" number="186" sentence="5">and</token>
  <token id="188" number="187" sentence="5">the</token>
  <token id="189" number="188" sentence="5">Mitsubishi</token>
  <token id="190" number="189" sentence="5">truck</token>
  <token id="191" number="190" sentence="5">that</token>
  <token id="192" number="191" sentence="5">would</token>
  <token id="193" number="192" sentence="5">have</token>
  <token id="194" number="193" sentence="5">carried</token>
  <token id="195" number="194" sentence="5">the</token>
  <token id="196" number="195" sentence="5">bomb</token>
  <token id="197" number="196" sentence="5">.</token>
  <token id="198" number="197" sentence="6">The</token>
  <token id="199" number="198" sentence="6">British</token>
  <token id="200" number="199" sentence="6">and</token>
  <token id="201" number="200" sentence="6">Irish</token>
  <token id="202" number="201" sentence="6">governments</token>
  <token id="203" number="202" sentence="6">,</token>
  <token id="204" number="203" sentence="6">which</token>
  <token id="205" number="204" sentence="6">cosponsor</token>
  <token id="206" number="205" sentence="6">the</token>
  <token id="207" number="206" sentence="6">multi-party</token>
  <token id="208" number="207" sentence="6">talks</token>
  <token id="209" number="208" sentence="6">that</token>
  <token id="210" number="209" sentence="6">are</token>
  <token id="211" number="210" sentence="6">supposed</token>
  <token id="212" number="211" sentence="6">to</token>
  <token id="213" number="212" sentence="6">conclude</token>
  <token id="214" number="213" sentence="6">by</token>
  <token id="215" number="214" sentence="6">May</token>
  <token id="216" number="215" sentence="6">,</token>
  <token id="217" number="216" sentence="6">invited</token>
  <token id="218" number="217" sentence="6">Sinn</token>
  <token id="219" number="218" sentence="6">Fein</token>
  <token id="220" number="219" sentence="6">to</token>
  <token id="221" number="220" sentence="6">rejoin</token>
  <token id="222" number="221" sentence="6">two</token>
  <token id="223" number="222" sentence="6">weeks</token>
  <token id="224" number="223" sentence="6">ago</token>
  <token id="225" number="224" sentence="6">.</token>
  <token id="226" number="225" sentence="7">But</token>
  <token id="227" number="226" sentence="7">Sinn</token>
  <token id="228" number="227" sentence="7">Fein</token>
  <token id="229" number="228" sentence="7">leader</token>
  <token id="230" number="229" sentence="7">Gerry</token>
  <token id="231" number="230" sentence="7">Adams</token>
  <token id="232" number="231" sentence="7">kept</token>
  <token id="233" number="232" sentence="7">his</token>
  <token id="234" number="233" sentence="7">party</token>
  <token id="235" number="234" sentence="7">out</token>
  <token id="236" number="235" sentence="7">pending</token>
  <token id="237" number="236" sentence="7">meetings</token>
  <token id="238" number="237" sentence="7">with</token>
  <token id="239" number="238" sentence="7">British</token>
  <token id="240" number="239" sentence="7">Prime</token>
  <token id="241" number="240" sentence="7">Minister</token>
  <token id="242" number="241" sentence="7">Tony</token>
  <token id="243" number="242" sentence="7">Blair</token>
  <token id="244" number="243" sentence="7">10</token>
  <token id="245" number="244" sentence="7">days</token>
  <token id="246" number="245" sentence="7">ago</token>
  <token id="247" number="246" sentence="7">and</token>
  <token id="248" number="247" sentence="7">President</token>
  <token id="249" number="248" sentence="7">Clinton</token>
  <token id="250" number="249" sentence="7">last</token>
  <token id="251" number="250" sentence="7">week</token>
  <token id="252" number="251" sentence="7">.</token>
  <token id="253" number="252" sentence="8">"</token>
  <token id="254" number="253" sentence="8">We</token>
  <token id="255" number="254" sentence="8">were</token>
  <token id="256" number="255" sentence="8">unjustly</token>
  <token id="257" number="256" sentence="8">pushed</token>
  <token id="258" number="257" sentence="8">out</token>
  <token id="259" number="258" sentence="8">of</token>
  <token id="260" number="259" sentence="8">the</token>
  <token id="261" number="260" sentence="8">talks</token>
  <token id="262" number="261" sentence="8">in</token>
  <token id="263" number="262" sentence="8">February</token>
  <token id="264" number="263" sentence="8">but</token>
  <token id="265" number="264" sentence="8">we</token>
  <token id="266" number="265" sentence="8">are</token>
  <token id="267" number="266" sentence="8">back</token>
  <token id="268" number="267" sentence="8">,</token>
  <token id="269" number="268" sentence="8">"</token>
  <token id="270" number="269" sentence="8">Adams</token>
  <token id="271" number="270" sentence="8">said</token>
  <token id="272" number="271" sentence="8">Sunday</token>
  <token id="273" number="272" sentence="8">.</token>
  <token id="274" number="273" sentence="9">He</token>
  <token id="275" number="274" sentence="9">said</token>
  <token id="276" number="275" sentence="9">the</token>
  <token id="277" number="276" sentence="9">north</token>
  <token id="278" number="277" sentence="9">'s</token>
  <token id="279" number="278" sentence="9">substantial</token>
  <token id="280" number="279" sentence="9">Catholic</token>
  <token id="281" number="280" sentence="9">minority</token>
  <token id="282" number="281" sentence="9">demanded</token>
  <token id="283" number="282" sentence="9">a</token>
  <token id="284" number="283" sentence="9">settlement</token>
  <token id="285" number="284" sentence="9">that</token>
  <token id="286" number="285" sentence="9">would</token>
  <token id="287" number="286" sentence="9">promote</token>
  <token id="288" number="287" sentence="9">Northern</token>
  <token id="289" number="288" sentence="9">Ireland</token>
  <token id="290" number="289" sentence="9">'s</token>
  <token id="291" number="290" sentence="9">eventual</token>
  <token id="292" number="291" sentence="9">unification</token>
  <token id="293" number="292" sentence="9">with</token>
  <token id="294" number="293" sentence="9">the</token>
  <token id="295" number="294" sentence="9">Irish</token>
  <token id="296" number="295" sentence="9">Republic</token>
  <token id="297" number="296" sentence="9">.</token>
  <token id="298" number="297" sentence="10">"</token>
  <token id="299" number="298" sentence="10">Nationalists</token>
  <token id="300" number="299" sentence="10">in</token>
  <token id="301" number="300" sentence="10">the</token>
  <token id="302" number="301" sentence="10">north</token>
  <token id="303" number="302" sentence="10">are</token>
  <token id="304" number="303" sentence="10">not</token>
  <token id="305" number="304" sentence="10">a</token>
  <token id="306" number="305" sentence="10">minority</token>
  <token id="307" number="306" sentence="10">in</token>
  <token id="308" number="307" sentence="10">someone</token>
  <token id="309" number="308" sentence="10">else</token>
  <token id="310" number="309" sentence="10">'s</token>
  <token id="311" number="310" sentence="10">country</token>
  <token id="312" number="311" sentence="10">.</token>
  <token id="313" number="312" sentence="11">We</token>
  <token id="314" number="313" sentence="11">are</token>
  <token id="315" number="314" sentence="11">Irish</token>
  <token id="316" number="315" sentence="11">citizens</token>
  <token id="317" number="316" sentence="11">,</token>
  <token id="318" number="317" sentence="11">living</token>
  <token id="319" number="318" sentence="11">in</token>
  <token id="320" number="319" sentence="11">our</token>
  <token id="321" number="320" sentence="11">own</token>
  <token id="322" number="321" sentence="11">country</token>
  <token id="323" number="322" sentence="11">,</token>
  <token id="324" number="323" sentence="11">"</token>
  <token id="325" number="324" sentence="11">Adams</token>
  <token id="326" number="325" sentence="11">said</token>
  <token id="327" number="326" sentence="11">,</token>
  <token id="328" number="327" sentence="11">adding</token>
  <token id="329" number="328" sentence="11">:</token>
  <token id="330" number="329" sentence="11">"</token>
  <token id="331" number="330" sentence="11">Nationalists</token>
  <token id="332" number="331" sentence="11">want</token>
  <token id="333" number="332" sentence="11">to</token>
  <token id="334" number="333" sentence="11">move</token>
  <token id="335" number="334" sentence="11">towards</token>
  <token id="336" number="335" sentence="11">Irish</token>
  <token id="337" number="336" sentence="11">unity</token>
  <token id="338" number="337" sentence="11">and</token>
  <token id="339" number="338" sentence="11">see</token>
  <token id="340" number="339" sentence="11">this</token>
  <token id="341" number="340" sentence="11">process</token>
  <token id="342" number="341" sentence="11">as</token>
  <token id="343" number="342" sentence="11">a</token>
  <token id="344" number="343" sentence="11">bridge</token>
  <token id="345" number="344" sentence="11">in</token>
  <token id="346" number="345" sentence="11">that</token>
  <token id="347" number="346" sentence="11">direction</token>
  <token id="348" number="347" sentence="11">.</token>
  <token id="349" number="348" sentence="11">"</token>
  <token id="350" number="349" sentence="12">But</token>
  <token id="351" number="350" sentence="12">the</token>
  <token id="352" number="351" sentence="12">north</token>
  <token id="353" number="352" sentence="12">'s</token>
  <token id="354" number="353" sentence="12">pro-British</token>
  <token id="355" number="354" sentence="12">Protestant</token>
  <token id="356" number="355" sentence="12">majority</token>
  <token id="357" number="356" sentence="12">is</token>
  <token id="358" number="357" sentence="12">bitterly</token>
  <token id="359" number="358" sentence="12">opposed</token>
  <token id="360" number="359" sentence="12">to</token>
  <token id="361" number="360" sentence="12">uniting</token>
  <token id="362" number="361" sentence="12">Ireland</token>
  <token id="363" number="362" sentence="12">and</token>
  <token id="364" number="363" sentence="12">instead</token>
  <token id="365" number="364" sentence="12">wants</token>
  <token id="366" number="365" sentence="12">a</token>
  <token id="367" number="366" sentence="12">strong</token>
  <token id="368" number="367" sentence="12">government</token>
  <token id="369" number="368" sentence="12">for</token>
  <token id="370" number="369" sentence="12">Northern</token>
  <token id="371" number="370" sentence="12">Ireland</token>
  <token id="372" number="371" sentence="12">,</token>
  <token id="373" number="372" sentence="12">which</token>
  <token id="374" number="373" sentence="12">has</token>
  <token id="375" number="374" sentence="12">been</token>
  <token id="376" number="375" sentence="12">ruled</token>
  <token id="377" number="376" sentence="12">directly</token>
  <token id="378" number="377" sentence="12">by</token>
  <token id="379" number="378" sentence="12">London</token>
  <token id="380" number="379" sentence="12">since</token>
  <token id="381" number="380" sentence="12">1972</token>
  <token id="382" number="381" sentence="12">.</token>
  <token id="383" number="382" sentence="13">Northern</token>
  <token id="384" number="383" sentence="13">Ireland</token>
  <token id="385" number="384" sentence="13">'s</token>
  <token id="386" number="385" sentence="13">biggest</token>
  <token id="387" number="386" sentence="13">Protestant</token>
  <token id="388" number="387" sentence="13">party</token>
  <token id="389" number="388" sentence="13">,</token>
  <token id="390" number="389" sentence="13">the</token>
  <token id="391" number="390" sentence="13">Ulster</token>
  <token id="392" number="391" sentence="13">Unionists</token>
  <token id="393" number="392" sentence="13">,</token>
  <token id="394" number="393" sentence="13">is</token>
  <token id="395" number="394" sentence="13">threatening</token>
  <token id="396" number="395" sentence="13">to</token>
  <token id="397" number="396" sentence="13">push</token>
  <token id="398" number="397" sentence="13">for</token>
  <token id="399" number="398" sentence="13">Sinn</token>
  <token id="400" number="399" sentence="13">Fein</token>
  <token id="401" number="400" sentence="13">'s</token>
  <token id="402" number="401" sentence="13">expulsion</token>
  <token id="403" number="402" sentence="13">once</token>
  <token id="404" number="403" sentence="13">again</token>
  <token id="405" number="404" sentence="13">.</token>
  <token id="406" number="405" sentence="14">They</token>
  <token id="407" number="406" sentence="14">say</token>
  <token id="408" number="407" sentence="14">IRA</token>
  <token id="409" number="408" sentence="14">commanders</token>
  <token id="410" number="409" sentence="14">are</token>
  <token id="411" number="410" sentence="14">responsible</token>
  <token id="412" number="411" sentence="14">for</token>
  <token id="413" number="412" sentence="14">the</token>
  <token id="414" number="413" sentence="14">recent</token>
  <token id="415" number="414" sentence="14">bomb</token>
  <token id="416" number="415" sentence="14">attacks</token>
  <token id="417" number="416" sentence="14">.</token>
  <token id="418" number="417" sentence="15">Also</token>
  <token id="419" number="418" sentence="15">Sunday</token>
  <token id="420" number="419" sentence="15">,</token>
  <token id="421" number="420" sentence="15">more</token>
  <token id="422" number="421" sentence="15">than</token>
  <token id="423" number="422" sentence="15">2,000</token>
  <token id="424" number="423" sentence="15">Catholic</token>
  <token id="425" number="424" sentence="15">protesters</token>
  <token id="426" number="425" sentence="15">rallied</token>
  <token id="427" number="426" sentence="15">in</token>
  <token id="428" number="427" sentence="15">Portadown</token>
  <token id="429" number="428" sentence="15">against</token>
  <token id="430" number="429" sentence="15">the</token>
  <token id="431" number="430" sentence="15">annual</token>
  <token id="432" number="431" sentence="15">parades</token>
  <token id="433" number="432" sentence="15">by</token>
  <token id="434" number="433" sentence="15">the</token>
  <token id="435" number="434" sentence="15">Orange</token>
  <token id="436" number="435" sentence="15">Order</token>
  <token id="437" number="436" sentence="15">,</token>
  <token id="438" number="437" sentence="15">Northern</token>
  <token id="439" number="438" sentence="15">Ireland</token>
  <token id="440" number="439" sentence="15">'s</token>
  <token id="441" number="440" sentence="15">dominant</token>
  <token id="442" number="441" sentence="15">Protestant</token>
  <token id="443" number="442" sentence="15">fraternal</token>
  <token id="444" number="443" sentence="15">group</token>
  <token id="445" number="444" sentence="15">.</token>
  <token id="446" number="445" sentence="16">Confrontations</token>
  <token id="447" number="446" sentence="16">among</token>
  <token id="448" number="447" sentence="16">Catholic</token>
  <token id="449" number="448" sentence="16">protesters</token>
  <token id="450" number="449" sentence="16">,</token>
  <token id="451" number="450" sentence="16">Protestant</token>
  <token id="452" number="451" sentence="16">marchers</token>
  <token id="453" number="452" sentence="16">and</token>
  <token id="454" number="453" sentence="16">the</token>
  <token id="455" number="454" sentence="16">police</token>
  <token id="456" number="455" sentence="16">have</token>
  <token id="457" number="456" sentence="16">provoked</token>
  <token id="458" number="457" sentence="16">widespread</token>
  <token id="459" number="458" sentence="16">violence</token>
  <token id="460" number="459" sentence="16">in</token>
  <token id="461" number="460" sentence="16">Northern</token>
  <token id="462" number="461" sentence="16">Ireland</token>
  <token id="463" number="462" sentence="16">for</token>
  <token id="464" number="463" sentence="16">the</token>
  <token id="465" number="464" sentence="16">past</token>
  <token id="466" number="465" sentence="16">three</token>
  <token id="467" number="466" sentence="16">summers</token>
  <token id="468" number="467" sentence="16">.</token>
  <token id="469" number="468" sentence="17">The</token>
  <token id="470" number="469" sentence="17">crucible</token>
  <token id="471" number="470" sentence="17">is</token>
  <token id="472" number="471" sentence="17">Portadown</token>
  <token id="473" number="472" sentence="17">,</token>
  <token id="474" number="473" sentence="17">30</token>
  <token id="475" number="474" sentence="17">miles</token>
  <token id="476" number="475" sentence="17">(</token>
  <token id="477" number="476" sentence="17">50</token>
  <token id="478" number="477" sentence="17">kms</token>
  <token id="479" number="478" sentence="17">)</token>
  <token id="480" number="479" sentence="17">southwest</token>
  <token id="481" number="480" sentence="17">of</token>
  <token id="482" number="481" sentence="17">Belfast</token>
  <token id="483" number="482" sentence="17">,</token>
  <token id="484" number="483" sentence="17">where</token>
  <token id="485" number="484" sentence="17">Orangemen</token>
  <token id="486" number="485" sentence="17">march</token>
  <token id="487" number="486" sentence="17">each</token>
  <token id="488" number="487" sentence="17">July</token>
  <token id="489" number="488" sentence="17">from</token>
  <token id="490" number="489" sentence="17">their</token>
  <token id="491" number="490" sentence="17">rural</token>
  <token id="492" number="491" sentence="17">church</token>
  <token id="493" number="492" sentence="17">back</token>
  <token id="494" number="493" sentence="17">downtown</token>
  <token id="495" number="494" sentence="17">_</token>
  <token id="496" number="495" sentence="17">through</token>
  <token id="497" number="496" sentence="17">the</token>
  <token id="498" number="497" sentence="17">town</token>
  <token id="499" number="498" sentence="17">'s</token>
  <token id="500" number="499" sentence="17">main</token>
  <token id="501" number="500" sentence="17">Catholic</token>
  <token id="502" number="501" sentence="17">area</token>
  <token id="503" number="502" sentence="17">.</token>
  <token id="504" number="503" sentence="18">Protesters</token>
  <token id="505" number="504" sentence="18">from</token>
  <token id="506" number="505" sentence="18">several</token>
  <token id="507" number="506" sentence="18">Catholic</token>
  <token id="508" number="507" sentence="18">communities</token>
  <token id="509" number="508" sentence="18">crowded</token>
  <token id="510" number="509" sentence="18">into</token>
  <token id="511" number="510" sentence="18">Portadown</token>
  <token id="512" number="511" sentence="18">'s</token>
  <token id="513" number="512" sentence="18">Catholic</token>
  <token id="514" number="513" sentence="18">Garvaghy</token>
  <token id="515" number="514" sentence="18">Road</token>
  <token id="516" number="515" sentence="18">to</token>
  <token id="517" number="516" sentence="18">hear</token>
  <token id="518" number="517" sentence="18">speakers</token>
  <token id="519" number="518" sentence="18">demand</token>
  <token id="520" number="519" sentence="18">negotiations</token>
  <token id="521" number="520" sentence="18">with</token>
  <token id="522" number="521" sentence="18">Orange</token>
  <token id="523" number="522" sentence="18">Order</token>
  <token id="524" number="523" sentence="18">leaders</token>
  <token id="525" number="524" sentence="18">,</token>
  <token id="526" number="525" sentence="18">and</token>
  <token id="527" number="526" sentence="18">pledge</token>
  <token id="528" number="527" sentence="18">to</token>
  <token id="529" number="528" sentence="18">participate</token>
  <token id="530" number="529" sentence="18">in</token>
  <token id="531" number="530" sentence="18">each</token>
  <token id="532" number="531" sentence="18">others</token>
  <token id="533" number="532" sentence="18">'</token>
  <token id="534" number="533" sentence="18">road-blocking</token>
  <token id="535" number="534" sentence="18">protests</token>
  <token id="536" number="535" sentence="18">this</token>
  <token id="537" number="536" sentence="18">summer</token>
  <token id="538" number="537" sentence="18">.</token>
  <token id="539" number="538" sentence="19">"</token>
  <token id="540" number="539" sentence="19">Small</token>
  <token id="541" number="540" sentence="19">nationalist</token>
  <token id="542" number="541" sentence="19">communities</token>
  <token id="543" number="542" sentence="19">are</token>
  <token id="544" number="543" sentence="19">not</token>
  <token id="545" number="544" sentence="19">going</token>
  <token id="546" number="545" sentence="19">to</token>
  <token id="547" number="546" sentence="19">be</token>
  <token id="548" number="547" sentence="19">left</token>
  <token id="549" number="548" sentence="19">on</token>
  <token id="550" number="549" sentence="19">their</token>
  <token id="551" number="550" sentence="19">own</token>
  <token id="552" number="551" sentence="19">this</token>
  <token id="553" number="552" sentence="19">summer</token>
  <token id="554" number="553" sentence="19">,</token>
  <token id="555" number="554" sentence="19">"</token>
  <token id="556" number="555" sentence="19">said</token>
  <token id="557" number="556" sentence="19">Gerard</token>
  <token id="558" number="557" sentence="19">Rice</token>
  <token id="559" number="558" sentence="19">,</token>
  <token id="560" number="559" sentence="19">a</token>
  <token id="561" number="560" sentence="19">former</token>
  <token id="562" number="561" sentence="19">IRA</token>
  <token id="563" number="562" sentence="19">prisoner</token>
  <token id="564" number="563" sentence="19">who</token>
  <token id="565" number="564" sentence="19">leads</token>
  <token id="566" number="565" sentence="19">anti-Orange</token>
  <token id="567" number="566" sentence="19">protests</token>
  <token id="568" number="567" sentence="19">in</token>
  <token id="569" number="568" sentence="19">a</token>
  <token id="570" number="569" sentence="19">Catholic</token>
  <token id="571" number="570" sentence="19">neighborhood</token>
  <token id="572" number="571" sentence="19">of</token>
  <token id="573" number="572" sentence="19">south</token>
  <token id="574" number="573" sentence="19">Belfast</token>
  <token id="575" number="574" sentence="19">.</token>
  <token id="576" number="575" sentence="20">Riot</token>
  <token id="577" number="576" sentence="20">police</token>
  <token id="578" number="577" sentence="20">in</token>
  <token id="579" number="578" sentence="20">armored</token>
  <token id="580" number="579" sentence="20">cars</token>
  <token id="581" number="580" sentence="20">,</token>
  <token id="582" number="581" sentence="20">shields</token>
  <token id="583" number="582" sentence="20">and</token>
  <token id="584" number="583" sentence="20">helmets</token>
  <token id="585" number="584" sentence="20">prevented</token>
  <token id="586" number="585" sentence="20">a</token>
  <token id="587" number="586" sentence="20">few</token>
  <token id="588" number="587" sentence="20">hundred</token>
  <token id="589" number="588" sentence="20">Protestants</token>
  <token id="590" number="589" sentence="20">,</token>
  <token id="591" number="590" sentence="20">many</token>
  <token id="592" number="591" sentence="20">waving</token>
  <token id="593" number="592" sentence="20">British</token>
  <token id="594" number="593" sentence="20">and</token>
  <token id="595" number="594" sentence="20">Ulster</token>
  <token id="596" number="595" sentence="20">flags</token>
  <token id="597" number="596" sentence="20">,</token>
  <token id="598" number="597" sentence="20">from</token>
  <token id="599" number="598" sentence="20">interfering</token>
  <token id="600" number="599" sentence="20">with</token>
  <token id="601" number="600" sentence="20">the</token>
  <token id="602" number="601" sentence="20">Catholics</token>
  <token id="603" number="602" sentence="20">as</token>
  <token id="604" number="603" sentence="20">they</token>
  <token id="605" number="604" sentence="20">marched</token>
  <token id="606" number="605" sentence="20">within</token>
  <token id="607" number="606" sentence="20">Portadown</token>
  <token id="608" number="607" sentence="20">'s</token>
  <token id="609" number="608" sentence="20">few</token>
  <token id="610" number="609" sentence="20">Catholic</token>
  <token id="611" number="610" sentence="20">streets</token>
  <token id="612" number="611" sentence="20">.</token>
  <token id="613" number="612" sentence="21">Earlier</token>
  <token id="614" number="613" sentence="21">Sunday</token>
  <token id="615" number="614" sentence="21">,</token>
  <token id="616" number="615" sentence="21">police</token>
  <token id="617" number="616" sentence="21">and</token>
  <token id="618" number="617" sentence="21">militant</token>
  <token id="619" number="618" sentence="21">Protestants</token>
  <token id="620" number="619" sentence="21">clashed</token>
  <token id="621" number="620" sentence="21">in</token>
  <token id="622" number="621" sentence="21">a</token>
  <token id="623" number="622" sentence="21">religiously</token>
  <token id="624" number="623" sentence="21">polarized</token>
  <token id="625" number="624" sentence="21">part</token>
  <token id="626" number="625" sentence="21">of</token>
  <token id="627" number="626" sentence="21">north</token>
  <token id="628" number="627" sentence="21">Belfast</token>
  <token id="629" number="628" sentence="21">.</token>
  <token id="630" number="629" sentence="22">Police</token>
  <token id="631" number="630" sentence="22">said</token>
  <token id="632" number="631" sentence="22">an</token>
  <token id="633" number="632" sentence="22">unmarked</token>
  <token id="634" number="633" sentence="22">police</token>
  <token id="635" number="634" sentence="22">car</token>
  <token id="636" number="635" sentence="22">was</token>
  <token id="637" number="636" sentence="22">hit</token>
  <token id="638" number="637" sentence="22">with</token>
  <token id="639" number="638" sentence="22">gasoline</token>
  <token id="640" number="639" sentence="22">bombs</token>
  <token id="641" number="640" sentence="22">from</token>
  <token id="642" number="641" sentence="22">the</token>
  <token id="643" number="642" sentence="22">Protestant</token>
  <token id="644" number="643" sentence="22">side</token>
  <token id="645" number="644" sentence="22">.</token>
  <token id="646" number="645" sentence="23">Riot</token>
  <token id="647" number="646" sentence="23">police</token>
  <token id="648" number="647" sentence="23">responded</token>
  <token id="649" number="648" sentence="23">with</token>
  <token id="650" number="649" sentence="23">a</token>
  <token id="651" number="650" sentence="23">volley</token>
  <token id="652" number="651" sentence="23">of</token>
  <token id="653" number="652" sentence="23">plastic</token>
  <token id="654" number="653" sentence="23">bullets</token>
  <token id="655" number="654" sentence="23">that</token>
  <token id="656" number="655" sentence="23">scattered</token>
  <token id="657" number="656" sentence="23">a</token>
  <token id="658" number="657" sentence="23">50-strong</token>
  <token id="659" number="658" sentence="23">mob</token>
  <token id="660" number="659" sentence="23">.</token>
  <token id="661" number="660" sentence="24">An</token>
  <token id="662" number="661" sentence="24">elderly</token>
  <token id="663" number="662" sentence="24">Catholic</token>
  <token id="664" number="663" sentence="24">man</token>
  <token id="665" number="664" sentence="24">was</token>
  <token id="666" number="665" sentence="24">hospitalized</token>
  <token id="667" number="666" sentence="24">from</token>
  <token id="668" number="667" sentence="24">cuts</token>
  <token id="669" number="668" sentence="24">after</token>
  <token id="670" number="669" sentence="24">a</token>
  <token id="671" number="670" sentence="24">Protestant</token>
  <token id="672" number="671" sentence="24">gasoline</token>
  <token id="673" number="672" sentence="24">bomb</token>
  <token id="674" number="673" sentence="24">landed</token>
  <token id="675" number="674" sentence="24">in</token>
  <token id="676" number="675" sentence="24">his</token>
  <token id="677" number="676" sentence="24">back</token>
  <token id="678" number="677" sentence="24">yard</token>
  <token id="679" number="678" sentence="24">.</token>
  <token id="680" number="679" sentence="25">Police</token>
  <token id="681" number="680" sentence="25">arrested</token>
  <token id="682" number="681" sentence="25">six</token>
  <token id="683" number="682" sentence="25">Protestants</token>
  <token id="684" number="683" sentence="25">on</token>
  <token id="685" number="684" sentence="25">suspicion</token>
  <token id="686" number="685" sentence="25">of</token>
  <token id="687" number="686" sentence="25">rioting</token>
  <token id="688" number="687" sentence="25">.</token>
  <token id="689" number="688" sentence="26">(</token>
  <token id="690" number="689" sentence="26">sp</token>
  <token id="691" number="690" sentence="26">/</token>
  <token id="692" number="691" sentence="26">eml</token>
  <token id="693" number="692" sentence="26">)</token>
</Document>
