<Document doc_name="APW19980213.1320">
  <Markables>
    <TIMEX3 RELATED_TO="" TAG_DESCRIPTOR="Empty_Mark" beginPoint="" comment="" endPoint="" freq="" functionInDocument="CREATION_TIME" id="0" quant="" type="TIME" value="1998-02-13T14:35:00" />
    <EVENT aspect="NONE" certainty="" class="OCCURRENCE" comment="" factuality="" id="1" modality="NONE" polarity="POS" pos="VERB" tense="FUTURE">
      <token_anchor id="11" />
    </EVENT>
    <TIMEX3 anchorTimeID="0" beginPoint="" comment="" endPoint="" freq="" functionInDocument="NONE" id="2" quant="" type="DATE" value="1998-08">
      <token_anchor id="19" />
    </TIMEX3>
    <EVENT aspect="NONE" certainty="" class="OCCURRENCE" comment="" factuality="" id="3" modality="NONE" polarity="POS" pos="NOUN" tense="NONE">
      <token_anchor id="22" />
    </EVENT>
    <EVENT aspect="NONE" certainty="" class="OCCURRENCE" comment="" factuality="" id="4" modality="NONE" polarity="POS" pos="NOUN" tense="NONE">
      <token_anchor id="32" />
    </EVENT>
    <EVENT aspect="NONE" certainty="" class="OCCURRENCE" comment="" factuality="" id="5" modality="NONE" polarity="POS" pos="NOUN" tense="NONE">
      <token_anchor id="35" />
    </EVENT>
    <TIMEX3 beginPoint="" comment="" endPoint="" freq="" functionInDocument="NONE" id="6" quant="" type="DURATION" value="P1M">
      <token_anchor id="38" />
      <token_anchor id="39" />
    </TIMEX3>
    <EVENT aspect="NONE" certainty="" class="ASPECTUAL" comment="" factuality="" id="7" modality="NONE" polarity="POS" pos="VERB" tense="PAST">
      <token_anchor id="42" />
    </EVENT>
    <EVENT aspect="NONE" certainty="" class="OCCURRENCE" comment="" factuality="" id="8" modality="NONE" polarity="POS" pos="NOUN" tense="NONE">
      <token_anchor id="62" />
    </EVENT>
    <EVENT aspect="PERFECTIVE" certainty="" class="ASPECTUAL" comment="" factuality="" id="9" modality="NONE" polarity="POS" pos="VERB" tense="PRESENT">
      <token_anchor id="68" />
    </EVENT>
    <EVENT aspect="NONE" certainty="" class="I_ACTION" comment="" factuality="" id="10" modality="NONE" polarity="POS" pos="VERB" tense="PRESENT">
      <token_anchor id="76" />
    </EVENT>
    <TIMEX3 anchorTimeID="0" beginPoint="" comment="" endPoint="" freq="" functionInDocument="NONE" id="11" quant="" type="DATE" value="PRESENT_REF">
      <token_anchor id="87" />
    </TIMEX3>
    <EVENT aspect="NONE" certainty="" class="I_ACTION" comment="" factuality="" id="12" modality="NONE" polarity="POS" pos="VERB" tense="INFINITIVE">
      <token_anchor id="94" />
    </EVENT>
    <EVENT aspect="NONE" certainty="" class="REPORTING" comment="" factuality="" id="13" modality="NONE" polarity="POS" pos="VERB" tense="PAST">
      <token_anchor id="104" />
    </EVENT>
    <TIMEX3 anchorTimeID="0" beginPoint="" comment="" endPoint="" freq="" functionInDocument="NONE" id="14" quant="" type="DATE" value="1998-02-13">
      <token_anchor id="105" />
    </TIMEX3>
    <EVENT aspect="NONE" certainty="" class="REPORTING" comment="" factuality="" id="15" modality="NONE" polarity="POS" pos="VERB" tense="PAST">
      <token_anchor id="118" />
    </EVENT>
    <EVENT aspect="NONE" certainty="" class="OCCURRENCE" comment="" factuality="" id="16" modality="would" polarity="POS" pos="VERB" tense="NONE">
      <token_anchor id="123" />
    </EVENT>
    <TIMEX3 anchorTimeID="18" beginPoint="" comment="" endPoint="" freq="" functionInDocument="NONE" id="17" quant="" type="SET" value="XXXX-WXX-1TNI">
      <token_anchor id="126" />
    </TIMEX3>
    <TIMEX3 beginPoint="" comment="" endPoint="" freq="" functionInDocument="NONE" id="18" quant="" type="SET" value="XXXX-WXX-2TNI">
      <token_anchor id="128" />
      <token_anchor id="129" />
    </TIMEX3>
    <TIMEX3 anchorTimeID="0" beginPoint="" comment="" endPoint="" freq="" functionInDocument="NONE" id="19" quant="" type="DATE" value="1998-03-30">
      <token_anchor id="131" />
      <token_anchor id="132" />
    </TIMEX3>
    <EVENT aspect="NONE" certainty="" class="OCCURRENCE" comment="" factuality="" id="20" modality="NONE" polarity="POS" pos="VERB" tense="PRESPART">
      <token_anchor id="137" />
    </EVENT>
    <TIMEX3 beginPoint="" comment="" endPoint="" freq="" functionInDocument="NONE" id="21" quant="" type="SET" value="XXXX-WXX-4">
      <token_anchor id="138" />
      <token_anchor id="139" />
    </TIMEX3>
    <TIMEX3 anchorTimeID="0" beginPoint="" comment="" endPoint="" freq="" functionInDocument="NONE" id="22" quant="" type="DATE" value="1998-08-06">
      <token_anchor id="141" />
      <token_anchor id="142" />
    </TIMEX3>
    <EVENT aspect="NONE" certainty="" class="OCCURRENCE" comment="" factuality="" id="23" modality="NONE" polarity="POS" pos="VERB" tense="FUTURE">
      <token_anchor id="146" />
    </EVENT>
    <EVENT aspect="NONE" certainty="" class="OCCURRENCE" comment="" factuality="" id="24" modality="NONE" polarity="POS" pos="VERB" tense="INFINITIVE">
      <token_anchor id="161" />
    </EVENT>
    <EVENT aspect="NONE" certainty="" class="REPORTING" comment="" factuality="" id="25" modality="NONE" polarity="POS" pos="VERB" tense="PAST">
      <token_anchor id="166" />
    </EVENT>
    <EVENT aspect="NONE" certainty="" class="OCCURRENCE" comment="" factuality="" id="26" modality="NONE" polarity="POS" pos="NOUN" tense="NONE">
      <token_anchor id="168" />
    </EVENT>
    <EVENT aspect="NONE" certainty="" class="I_STATE" comment="" factuality="" id="27" modality="would" polarity="POS" pos="VERB" tense="NONE">
      <token_anchor id="170" />
    </EVENT>
    <EVENT aspect="NONE" certainty="" class="OCCURRENCE" comment="" factuality="" id="28" modality="NONE" polarity="POS" pos="NOUN" tense="NONE">
      <token_anchor id="172" />
    </EVENT>
    <EVENT aspect="NONE" certainty="" class="REPORTING" comment="" factuality="" id="29" modality="NONE" polarity="POS" pos="VERB" tense="PAST">
      <token_anchor id="185" />
    </EVENT>
    <EVENT aspect="PROGRESSIVE" certainty="" class="OCCURRENCE" comment="" factuality="" id="30" modality="NONE" polarity="POS" pos="VERB" tense="PAST">
      <token_anchor id="189" />
    </EVENT>
    <EVENT aspect="NONE" certainty="" class="I_ACTION" comment="" factuality="" id="31" modality="NONE" polarity="POS" pos="VERB" tense="INFINITIVE">
      <token_anchor id="197" />
    </EVENT>
    <EVENT aspect="NONE" certainty="" class="OCCURRENCE" comment="" factuality="" id="32" modality="NONE" polarity="POS" pos="VERB" tense="FUTURE">
      <token_anchor id="210" />
    </EVENT>
  </Markables>
  <Relations>
    <TLINK comment="" id="1" relType="ENDED_BY">
      <source id="1" />
      <target id="2" />
    </TLINK>
    <TLINK comment="" id="2" relType="AFTER">
      <source id="4" />
      <target id="0" />
    </TLINK>
    <TLINK comment="" id="3" relType="IDENTITY">
      <source id="5" />
      <target id="1" />
    </TLINK>
    <TLINK comment="" id="4" relType="ENDS">
      <source id="5" />
      <target id="6" />
    </TLINK>
    <TLINK comment="" id="5" relType="AFTER">
      <source id="5" />
      <target id="7" />
    </TLINK>
    <TLINK comment="" id="6" relType="BEGINS">
      <source id="7" />
      <target id="6" />
    </TLINK>
    <TLINK comment="" id="7" relType="AFTER">
      <source id="7" />
      <target id="8" />
    </TLINK>
    <TLINK comment="" id="8" relType="IS_INCLUDED">
      <source id="9" />
      <target id="7" />
    </TLINK>
    <TLINK comment="" id="9" relType="IS_INCLUDED">
      <source id="13" />
      <target id="14" />
    </TLINK>
    <TLINK comment="" id="10" relType="BEGUN_BY">
      <source id="16" />
      <target id="19" />
    </TLINK>
    <TLINK comment="" id="11" relType="IS_INCLUDED">
      <source id="20" />
      <target id="21" />
    </TLINK>
    <TLINK comment="" id="12" relType="BEGUN_BY">
      <source id="20" />
      <target id="22" />
    </TLINK>
    <TLINK comment="" id="13" relType="AFTER">
      <source id="23" />
      <target id="0" />
    </TLINK>
    <CLINK comment="" id="14">
      <source id="26" />
      <target id="28" />
    </CLINK>
    <TLINK comment="" id="15" relType="BEFORE">
      <source id="29" />
      <target id="0" />
    </TLINK>
    <TLINK comment="" id="16" relType="AFTER">
      <source id="32" />
      <target id="0" />
    </TLINK>
  </Relations>
  <token id="1" number="0" sentence="0">CANBERRA</token>
  <token id="2" number="1" sentence="0">,</token>
  <token id="3" number="2" sentence="0">Australia</token>
  <token id="4" number="3" sentence="0">(</token>
  <token id="5" number="4" sentence="0">AP</token>
  <token id="6" number="5" sentence="0">)</token>
  <token id="7" number="6" sentence="0">_</token>
  <token id="8" number="7" sentence="0">Qantas</token>
  <token id="9" number="8" sentence="0">will</token>
  <token id="10" number="9" sentence="0">almost</token>
  <token id="11" number="10" sentence="0">double</token>
  <token id="12" number="11" sentence="0">its</token>
  <token id="13" number="12" sentence="0">flights</token>
  <token id="14" number="13" sentence="0">between</token>
  <token id="15" number="14" sentence="0">Australia</token>
  <token id="16" number="15" sentence="0">and</token>
  <token id="17" number="16" sentence="0">India</token>
  <token id="18" number="17" sentence="0">by</token>
  <token id="19" number="18" sentence="0">August</token>
  <token id="20" number="19" sentence="0">in</token>
  <token id="21" number="20" sentence="0">the</token>
  <token id="22" number="21" sentence="0">search</token>
  <token id="23" number="22" sentence="0">for</token>
  <token id="24" number="23" sentence="0">new</token>
  <token id="25" number="24" sentence="0">markets</token>
  <token id="26" number="25" sentence="0">untouched</token>
  <token id="27" number="26" sentence="0">by</token>
  <token id="28" number="27" sentence="0">the</token>
  <token id="29" number="28" sentence="0">crippling</token>
  <token id="30" number="29" sentence="0">Asian</token>
  <token id="31" number="30" sentence="0">financial</token>
  <token id="32" number="31" sentence="0">crisis</token>
  <token id="33" number="32" sentence="0">.</token>
  <token id="34" number="33" sentence="1">This</token>
  <token id="35" number="34" sentence="1">move</token>
  <token id="36" number="35" sentence="1">comes</token>
  <token id="37" number="36" sentence="1">barely</token>
  <token id="38" number="37" sentence="1">a</token>
  <token id="39" number="38" sentence="1">month</token>
  <token id="40" number="39" sentence="1">after</token>
  <token id="41" number="40" sentence="1">Qantas</token>
  <token id="42" number="41" sentence="1">suspended</token>
  <token id="43" number="42" sentence="1">a</token>
  <token id="44" number="43" sentence="1">number</token>
  <token id="45" number="44" sentence="1">of</token>
  <token id="46" number="45" sentence="1">services</token>
  <token id="47" number="46" sentence="1">between</token>
  <token id="48" number="47" sentence="1">Australia</token>
  <token id="49" number="48" sentence="1">,</token>
  <token id="50" number="49" sentence="1">Indonesia</token>
  <token id="51" number="50" sentence="1">,</token>
  <token id="52" number="51" sentence="1">Thailand</token>
  <token id="53" number="52" sentence="1">and</token>
  <token id="54" number="53" sentence="1">Malaysia</token>
  <token id="55" number="54" sentence="1">in</token>
  <token id="56" number="55" sentence="1">the</token>
  <token id="57" number="56" sentence="1">wake</token>
  <token id="58" number="57" sentence="1">of</token>
  <token id="59" number="58" sentence="1">the</token>
  <token id="60" number="59" sentence="1">Asian</token>
  <token id="61" number="60" sentence="1">economic</token>
  <token id="62" number="61" sentence="1">crisis</token>
  <token id="63" number="62" sentence="1">.</token>
  <token id="64" number="63" sentence="2">The</token>
  <token id="65" number="64" sentence="2">airline</token>
  <token id="66" number="65" sentence="2">has</token>
  <token id="67" number="66" sentence="2">also</token>
  <token id="68" number="67" sentence="2">cut</token>
  <token id="69" number="68" sentence="2">all</token>
  <token id="70" number="69" sentence="2">flights</token>
  <token id="71" number="70" sentence="2">to</token>
  <token id="72" number="71" sentence="2">South</token>
  <token id="73" number="72" sentence="2">Korea</token>
  <token id="74" number="73" sentence="2">.</token>
  <token id="75" number="74" sentence="3">Qantas</token>
  <token id="76" number="75" sentence="3">plans</token>
  <token id="77" number="76" sentence="3">daily</token>
  <token id="78" number="77" sentence="3">flights</token>
  <token id="79" number="78" sentence="3">between</token>
  <token id="80" number="79" sentence="3">Sydney</token>
  <token id="81" number="80" sentence="3">and</token>
  <token id="82" number="81" sentence="3">Bombay</token>
  <token id="83" number="82" sentence="3">,</token>
  <token id="84" number="83" sentence="3">up</token>
  <token id="85" number="84" sentence="3">from</token>
  <token id="86" number="85" sentence="3">the</token>
  <token id="87" number="86" sentence="3">current</token>
  <token id="88" number="87" sentence="3">four</token>
  <token id="89" number="88" sentence="3">flights</token>
  <token id="90" number="89" sentence="3">a</token>
  <token id="91" number="90" sentence="3">week</token>
  <token id="92" number="91" sentence="3">,</token>
  <token id="93" number="92" sentence="3">to</token>
  <token id="94" number="93" sentence="3">boost</token>
  <token id="95" number="94" sentence="3">business</token>
  <token id="96" number="95" sentence="3">and</token>
  <token id="97" number="96" sentence="3">tourism</token>
  <token id="98" number="97" sentence="3">ties</token>
  <token id="99" number="98" sentence="3">with</token>
  <token id="100" number="99" sentence="3">India</token>
  <token id="101" number="100" sentence="3">,</token>
  <token id="102" number="101" sentence="3">the</token>
  <token id="103" number="102" sentence="3">airline</token>
  <token id="104" number="103" sentence="3">announced</token>
  <token id="105" number="104" sentence="3">Friday</token>
  <token id="106" number="105" sentence="3">.</token>
  <token id="107" number="106" sentence="4">In</token>
  <token id="108" number="107" sentence="4">a</token>
  <token id="109" number="108" sentence="4">joint</token>
  <token id="110" number="109" sentence="4">statement</token>
  <token id="111" number="110" sentence="4">with</token>
  <token id="112" number="111" sentence="4">Tourism</token>
  <token id="113" number="112" sentence="4">Minister</token>
  <token id="114" number="113" sentence="4">Andrew</token>
  <token id="115" number="114" sentence="4">Thomson</token>
  <token id="116" number="115" sentence="4">,</token>
  <token id="117" number="116" sentence="4">it</token>
  <token id="118" number="117" sentence="4">said</token>
  <token id="119" number="118" sentence="4">two</token>
  <token id="120" number="119" sentence="4">new</token>
  <token id="121" number="120" sentence="4">flights</token>
  <token id="122" number="121" sentence="4">would</token>
  <token id="123" number="122" sentence="4">leave</token>
  <token id="124" number="123" sentence="4">Bombay</token>
  <token id="125" number="124" sentence="4">on</token>
  <token id="126" number="125" sentence="4">Monday</token>
  <token id="127" number="126" sentence="4">and</token>
  <token id="128" number="127" sentence="4">Tuesday</token>
  <token id="129" number="128" sentence="4">nights</token>
  <token id="130" number="129" sentence="4">from</token>
  <token id="131" number="130" sentence="4">March</token>
  <token id="132" number="131" sentence="4">30</token>
  <token id="133" number="132" sentence="4">,</token>
  <token id="134" number="133" sentence="4">with</token>
  <token id="135" number="134" sentence="4">the</token>
  <token id="136" number="135" sentence="4">third</token>
  <token id="137" number="136" sentence="4">departing</token>
  <token id="138" number="137" sentence="4">each</token>
  <token id="139" number="138" sentence="4">Thursday</token>
  <token id="140" number="139" sentence="4">from</token>
  <token id="141" number="140" sentence="4">August</token>
  <token id="142" number="141" sentence="4">6</token>
  <token id="143" number="142" sentence="4">.</token>
  <token id="144" number="143" sentence="5">This</token>
  <token id="145" number="144" sentence="5">will</token>
  <token id="146" number="145" sentence="5">add</token>
  <token id="147" number="146" sentence="5">nearly</token>
  <token id="148" number="147" sentence="5">700</token>
  <token id="149" number="148" sentence="5">seats</token>
  <token id="150" number="149" sentence="5">a</token>
  <token id="151" number="150" sentence="5">week</token>
  <token id="152" number="151" sentence="5">on</token>
  <token id="153" number="152" sentence="5">the</token>
  <token id="154" number="153" sentence="5">route</token>
  <token id="155" number="154" sentence="5">.</token>
  <token id="156" number="155" sentence="6">Thomson</token>
  <token id="157" number="156" sentence="6">,</token>
  <token id="158" number="157" sentence="6">in</token>
  <token id="159" number="158" sentence="6">India</token>
  <token id="160" number="159" sentence="6">to</token>
  <token id="161" number="160" sentence="6">talk</token>
  <token id="162" number="161" sentence="6">to</token>
  <token id="163" number="162" sentence="6">tourism</token>
  <token id="164" number="163" sentence="6">leaders</token>
  <token id="165" number="164" sentence="6">,</token>
  <token id="166" number="165" sentence="6">said</token>
  <token id="167" number="166" sentence="6">the</token>
  <token id="168" number="167" sentence="6">flights</token>
  <token id="169" number="168" sentence="6">would</token>
  <token id="170" number="169" sentence="6">provide</token>
  <token id="171" number="170" sentence="6">extra</token>
  <token id="172" number="171" sentence="6">support</token>
  <token id="173" number="172" sentence="6">to</token>
  <token id="174" number="173" sentence="6">the</token>
  <token id="175" number="174" sentence="6">growing</token>
  <token id="176" number="175" sentence="6">tourism</token>
  <token id="177" number="176" sentence="6">market</token>
  <token id="178" number="177" sentence="6">.</token>
  <token id="179" number="178" sentence="7">Qantas</token>
  <token id="180" number="179" sentence="7">'</token>
  <token id="181" number="180" sentence="7">India</token>
  <token id="182" number="181" sentence="7">manager</token>
  <token id="183" number="182" sentence="7">Khursheed</token>
  <token id="184" number="183" sentence="7">Lam</token>
  <token id="185" number="184" sentence="7">said</token>
  <token id="186" number="185" sentence="7">the</token>
  <token id="187" number="186" sentence="7">airline</token>
  <token id="188" number="187" sentence="7">was</token>
  <token id="189" number="188" sentence="7">working</token>
  <token id="190" number="189" sentence="7">closely</token>
  <token id="191" number="190" sentence="7">with</token>
  <token id="192" number="191" sentence="7">the</token>
  <token id="193" number="192" sentence="7">Australian</token>
  <token id="194" number="193" sentence="7">Tourist</token>
  <token id="195" number="194" sentence="7">Commission</token>
  <token id="196" number="195" sentence="7">to</token>
  <token id="197" number="196" sentence="7">develop</token>
  <token id="198" number="197" sentence="7">greater</token>
  <token id="199" number="198" sentence="7">awareness</token>
  <token id="200" number="199" sentence="7">of</token>
  <token id="201" number="200" sentence="7">Australia</token>
  <token id="202" number="201" sentence="7">in</token>
  <token id="203" number="202" sentence="7">the</token>
  <token id="204" number="203" sentence="7">Indian</token>
  <token id="205" number="204" sentence="7">market</token>
  <token id="206" number="205" sentence="7">.</token>
  <token id="207" number="206" sentence="8">Qantas</token>
  <token id="208" number="207" sentence="8">will</token>
  <token id="209" number="208" sentence="8">also</token>
  <token id="210" number="209" sentence="8">appoint</token>
  <token id="211" number="210" sentence="8">a</token>
  <token id="212" number="211" sentence="8">Bombay-based</token>
  <token id="213" number="212" sentence="8">public</token>
  <token id="214" number="213" sentence="8">relations</token>
  <token id="215" number="214" sentence="8">consultant</token>
  <token id="216" number="215" sentence="8">.</token>
</Document>
