<Document doc_name="APW19980227.0494">
  <Markables>
    <TIMEX3 RELATED_TO="" TAG_DESCRIPTOR="Empty_Mark" beginPoint="" comment="" endPoint="" freq="" functionInDocument="CREATION_TIME" id="0" quant="" type="TIME" value="1998-02-27T08:17:00" />
    <EVENT aspect="NONE" certainty="" class="OCCURRENCE" comment="" factuality="" id="1" modality="NONE" polarity="POS" pos="VERB" tense="PAST">
      <token_anchor id="16" />
    </EVENT>
    <TIMEX3 anchorTimeID="0" beginPoint="" comment="" endPoint="" freq="" functionInDocument="NONE" id="2" quant="" type="DATE" value="1998-02-27">
      <token_anchor id="21" />
    </TIMEX3>
    <EVENT aspect="NONE" certainty="" class="I_ACTION" comment="" factuality="" id="3" modality="NONE" polarity="POS" pos="VERB" tense="PAST">
      <token_anchor id="25" />
    </EVENT>
    <EVENT aspect="NONE" certainty="" class="OCCURRENCE" comment="" factuality="" id="4" modality="NONE" polarity="POS" pos="VERB" tense="PAST">
      <token_anchor id="27" />
    </EVENT>
    <EVENT aspect="NONE" certainty="" class="OCCURRENCE" comment="" factuality="" id="5" modality="NONE" polarity="POS" pos="VERB" tense="PAST">
      <token_anchor id="45" />
    </EVENT>
    <TIMEX3 beginPoint="" comment="" endPoint="" freq="" functionInDocument="NONE" id="6" quant="" type="DURATION" value="PXE">
      <token_anchor id="49" />
    </TIMEX3>
    <EVENT aspect="NONE" certainty="" class="OCCURRENCE" comment="" factuality="" id="7" modality="NONE" polarity="POS" pos="NOUN" tense="NONE">
      <token_anchor id="67" />
    </EVENT>
    <EVENT aspect="PERFECTIVE" certainty="" class="OCCURRENCE" comment="" factuality="" id="8" modality="NONE" polarity="POS" pos="VERB" tense="PRESENT">
      <token_anchor id="74" />
    </EVENT>
    <EVENT aspect="NONE" certainty="" class="OCCURRENCE" comment="" factuality="" id="9" modality="NONE" polarity="POS" pos="NOUN" tense="NONE">
      <token_anchor id="79" />
    </EVENT>
    <EVENT aspect="PERFECTIVE" certainty="" class="OCCURRENCE" comment="" factuality="" id="10" modality="NONE" polarity="POS" pos="VERB" tense="PRESENT">
      <token_anchor id="98" />
    </EVENT>
    <EVENT aspect="NONE" certainty="" class="OCCURRENCE" comment="" factuality="" id="11" modality="NONE" polarity="POS" pos="VERB" tense="PAST">
      <token_anchor id="105" />
    </EVENT>
    <EVENT aspect="PROGRESSIVE" certainty="" class="OCCURRENCE" comment="" factuality="" id="12" modality="NONE" polarity="POS" pos="VERB" tense="FUTURE">
      <token_anchor id="110" />
    </EVENT>
    <EVENT aspect="NONE" certainty="" class="REPORTING" comment="" factuality="" id="13" modality="NONE" polarity="POS" pos="VERB" tense="PAST">
      <token_anchor id="116" />
    </EVENT>
    <EVENT aspect="NONE" certainty="" class="REPORTING" comment="" factuality="" id="14" modality="NONE" polarity="POS" pos="VERB" tense="PRESPART">
      <token_anchor id="118" />
    </EVENT>
    <EVENT aspect="NONE" certainty="" class="REPORTING" comment="" factuality="" id="15" modality="must" polarity="POS" pos="VERB" tense="NONE">
      <token_anchor id="130" />
    </EVENT>
    <EVENT aspect="PERFECTIVE" certainty="" class="OCCURRENCE" comment="" factuality="" id="16" modality="NONE" polarity="POS" pos="VERB" tense="PRESENT">
      <token_anchor id="141" />
    </EVENT>
    <EVENT aspect="NONE" certainty="" class="OCCURRENCE" comment="" factuality="" id="17" modality="NONE" polarity="POS" pos="NOUN" tense="NONE">
      <token_anchor id="161" />
    </EVENT>
    <EVENT aspect="NONE" certainty="" class="OCCURRENCE" comment="" factuality="" id="18" modality="could" polarity="POS" pos="VERB" tense="NONE">
      <token_anchor id="164" />
    </EVENT>
    <EVENT aspect="NONE" certainty="" class="I_STATE" comment="" factuality="" id="19" modality="would" polarity="POS" pos="VERB" tense="NONE">
      <token_anchor id="169" />
    </EVENT>
    <EVENT aspect="NONE" certainty="" class="OCCURRENCE" comment="" factuality="" id="20" modality="NONE" polarity="POS" pos="NOUN" tense="NONE">
      <token_anchor id="171" />
    </EVENT>
    <EVENT aspect="NONE" certainty="" class="OCCURRENCE" comment="" factuality="" id="21" modality="NONE" polarity="POS" pos="NOUN" tense="NONE">
      <token_anchor id="181" />
    </EVENT>
    <EVENT aspect="NONE" certainty="" class="OCCURRENCE" comment="" factuality="" id="22" modality="NONE" polarity="POS" pos="VERB" tense="PAST">
      <token_anchor id="196" />
    </EVENT>
    <TIMEX3 anchorTimeID="0" beginPoint="" comment="" endPoint="" freq="" functionInDocument="NONE" id="23" quant="" type="DATE" value="1997-05">
      <token_anchor id="197" />
      <token_anchor id="198" />
    </TIMEX3>
    <EVENT aspect="PERFECTIVE" certainty="" class="OCCURRENCE" comment="" factuality="" id="24" modality="NONE" polarity="POS" pos="VERB" tense="PRESENT">
      <token_anchor id="222" />
    </EVENT>
    <EVENT aspect="PERFECTIVE" certainty="" class="I_ACTION" comment="" factuality="" id="25" modality="NONE" polarity="POS" pos="VERB" tense="PRESENT">
      <token_anchor id="229" />
    </EVENT>
    <EVENT aspect="NONE" certainty="" class="OCCURRENCE" comment="" factuality="" id="26" modality="NONE" polarity="POS" pos="NOUN" tense="NONE">
      <token_anchor id="230" />
    </EVENT>
    <EVENT aspect="NONE" certainty="" class="I_ACTION" comment="" factuality="" id="27" modality="NONE" polarity="POS" pos="VERB" tense="PRESPART">
      <token_anchor id="232" />
    </EVENT>
    <EVENT aspect="NONE" certainty="" class="OCCURRENCE" comment="" factuality="" id="28" modality="NONE" polarity="POS" pos="VERB" tense="INFINITIVE">
      <token_anchor id="234" />
    </EVENT>
    <EVENT aspect="NONE" certainty="" class="OCCURRENCE" comment="" factuality="" id="29" modality="NONE" polarity="POS" pos="NOUN" tense="NONE">
      <token_anchor id="238" />
    </EVENT>
    <EVENT aspect="NONE" certainty="" class="I_ACTION" comment="" factuality="" id="30" modality="would" polarity="POS" pos="VERB" tense="NONE">
      <token_anchor id="241" />
    </EVENT>
    <EVENT aspect="NONE" certainty="" class="OCCURRENCE" comment="" factuality="" id="31" modality="NONE" polarity="POS" pos="VERB" tense="INFINITIVE">
      <token_anchor id="246" />
    </EVENT>
    <TIMEX3 beginPoint="" comment="" endPoint="" freq="" functionInDocument="NONE" id="32" quant="" type="DURATION" value="P20Y">
      <token_anchor id="256" />
      <token_anchor id="257" />
      <token_anchor id="258" />
      <token_anchor id="259" />
      <token_anchor id="260" />
    </TIMEX3>
    <EVENT aspect="NONE" certainty="" class="OCCURRENCE" comment="" factuality="" id="33" modality="NONE" polarity="POS" pos="VERB" tense="PAST">
      <token_anchor id="266" />
    </EVENT>
    <EVENT aspect="NONE" certainty="" class="OCCURRENCE" comment="" factuality="" id="34" modality="NONE" polarity="POS" pos="NOUN" tense="NONE">
      <token_anchor id="269" />
    </EVENT>
    <EVENT aspect="NONE" certainty="" class="I_ACTION" comment="" factuality="" id="35" modality="NONE" polarity="POS" pos="VERB" tense="PAST">
      <token_anchor id="274" />
    </EVENT>
    <EVENT aspect="NONE" certainty="" class="OCCURRENCE" comment="" factuality="" id="36" modality="NONE" polarity="POS" pos="NOUN" tense="NONE">
      <token_anchor id="279" />
    </EVENT>
    <EVENT aspect="NONE" certainty="" class="REPORTING" comment="" factuality="" id="37" modality="NONE" polarity="POS" pos="VERB" tense="PRESPART">
      <token_anchor id="284" />
    </EVENT>
    <EVENT aspect="NONE" certainty="" class="OCCURRENCE" comment="" factuality="" id="38" modality="would" polarity="POS" pos="VERB" tense="NONE">
      <token_anchor id="287" />
    </EVENT>
    <EVENT aspect="NONE" certainty="" class="OCCURRENCE" comment="" factuality="" id="39" modality="would" polarity="POS" pos="VERB" tense="NONE">
      <token_anchor id="298" />
    </EVENT>
    <EVENT aspect="NONE" certainty="" class="I_ACTION" comment="" factuality="" id="40" modality="NONE" polarity="POS" pos="VERB" tense="PAST">
      <token_anchor id="304" />
    </EVENT>
    <EVENT aspect="NONE" certainty="" class="OCCURRENCE" comment="" factuality="" id="41" modality="would" polarity="NEG" pos="VERB" tense="NONE">
      <token_anchor id="310" />
    </EVENT>
    <EVENT aspect="NONE" certainty="" class="REPORTING" comment="" factuality="" id="42" modality="NONE" polarity="POS" pos="VERB" tense="PAST">
      <token_anchor id="318" />
    </EVENT>
    <EVENT aspect="NONE" certainty="" class="REPORTING" comment="" factuality="" id="43" modality="NONE" polarity="POS" pos="VERB" tense="PRESPART">
      <token_anchor id="320" />
    </EVENT>
    <EVENT aspect="PERFECTIVE" certainty="" class="I_ACTION" comment="" factuality="" id="44" modality="NONE" polarity="POS" pos="VERB" tense="PRESENT">
      <token_anchor id="332" />
    </EVENT>
    <EVENT aspect="NONE" certainty="" class="OCCURRENCE" comment="" factuality="" id="45" modality="NONE" polarity="POS" pos="NOUN" tense="NONE">
      <token_anchor id="337" />
    </EVENT>
    <EVENT aspect="NONE" certainty="" class="OCCURRENCE" comment="" factuality="" id="46" modality="NONE" polarity="POS" pos="VERB" tense="PASTPART">
      <token_anchor id="347" />
    </EVENT>
    <EVENT aspect="NONE" certainty="" class="I_ACTION" comment="" factuality="" id="47" modality="NONE" polarity="POS" pos="VERB" tense="PAST">
      <token_anchor id="356" />
    </EVENT>
    <EVENT aspect="NONE" certainty="" class="OCCURRENCE" comment="" factuality="" id="48" modality="NONE" polarity="POS" pos="VERB" tense="INFINITIVE">
      <token_anchor id="358" />
    </EVENT>
    <TIMEX3 anchorTimeID="0" beginPoint="" comment="" endPoint="" freq="" functionInDocument="NONE" id="49" quant="" type="DATE" value="1997">
      <token_anchor id="387" />
      <token_anchor id="388" />
    </TIMEX3>
    <EVENT aspect="NONE" certainty="" class="OCCURRENCE" comment="" factuality="" id="50" modality="NONE" polarity="POS" pos="VERB" tense="PAST">
      <token_anchor id="392" />
    </EVENT>
    <EVENT aspect="NONE" certainty="" class="OCCURRENCE" comment="" factuality="" id="51" modality="NONE" polarity="POS" pos="VERB" tense="PRESPART">
      <token_anchor id="395" />
    </EVENT>
    <EVENT aspect="NONE" certainty="" class="OCCURRENCE" comment="" factuality="" id="52" modality="NONE" polarity="POS" pos="NOUN" tense="NONE">
      <token_anchor id="398" />
    </EVENT>
    <EVENT aspect="NONE" certainty="" class="REPORTING" comment="" factuality="" id="53" modality="NONE" polarity="POS" pos="VERB" tense="PRESENT">
      <token_anchor id="416" />
    </EVENT>
    <EVENT aspect="NONE" certainty="" class="STATE" comment="" factuality="" id="54" modality="would" polarity="POS" pos="VERB" tense="NONE">
      <token_anchor id="421" />
    </EVENT>
    <EVENT aspect="NONE" certainty="" class="I_ACTION" comment="" factuality="" id="55" modality="NONE" polarity="POS" pos="VERB" tense="PAST">
      <token_anchor id="432" />
    </EVENT>
    <EVENT aspect="NONE" certainty="" class="OCCURRENCE" comment="" factuality="" id="56" modality="NONE" polarity="POS" pos="VERB" tense="PRESPART">
      <token_anchor id="434" />
    </EVENT>
    <TIMEX3 anchorTimeID="0" beginPoint="" comment="" endPoint="" freq="" functionInDocument="NONE" id="57" quant="" type="DATE" value="PAST_REF">
      <token_anchor id="457" />
      <token_anchor id="458" />
    </TIMEX3>
    <EVENT aspect="PERFECTIVE" certainty="" class="I_ACTION" comment="" factuality="" id="58" modality="NONE" polarity="POS" pos="VERB" tense="PRESENT">
      <token_anchor id="463" />
    </EVENT>
    <EVENT aspect="NONE" certainty="" class="OCCURRENCE" comment="" factuality="" id="59" modality="NONE" polarity="POS" pos="VERB" tense="PAST">
      <token_anchor id="467" />
    </EVENT>
    <TIMEX3 beginPoint="" comment="" endPoint="" freq="" functionInDocument="NONE" id="60" quant="" type="DURATION" value="P4D">
      <token_anchor id="482" />
    </TIMEX3>
    <EVENT aspect="NONE" certainty="" class="OCCURRENCE" comment="" factuality="" id="61" modality="NONE" polarity="POS" pos="NOUN" tense="NONE">
      <token_anchor id="484" />
    </EVENT>
    <EVENT aspect="NONE" certainty="" class="OCCURRENCE" comment="" factuality="" id="62" modality="NONE" polarity="POS" pos="NOUN" tense="NONE">
      <token_anchor id="487" />
    </EVENT>
    <TIMEX3 beginPoint="" comment="" endPoint="" freq="" functionInDocument="NONE" id="63" quant="" type="DURATION" value="P10Y">
      <token_anchor id="490" />
    </TIMEX3>
    <EVENT aspect="NONE" certainty="" class="I_ACTION" comment="" factuality="" id="64" modality="NONE" polarity="POS" pos="VERB" tense="PASTPART">
      <token_anchor id="493" />
    </EVENT>
    <EVENT aspect="NONE" certainty="" class="OCCURRENCE" comment="" factuality="" id="65" modality="NONE" polarity="POS" pos="VERB" tense="PRESPART">
      <token_anchor id="495" />
    </EVENT>
    <EVENT aspect="NONE" certainty="" class="OCCURRENCE" comment="" factuality="" id="66" modality="NONE" polarity="POS" pos="VERB" tense="PAST">
      <token_anchor id="504" />
    </EVENT>
    <TIMEX3 anchorTimeID="0" beginPoint="" comment="" endPoint="" freq="" functionInDocument="NONE" id="67" quant="" type="DATE" value="1997">
      <token_anchor id="509" />
      <token_anchor id="510" />
    </TIMEX3>
    <TIMEX3 beginPoint="" comment="" endPoint="" freq="" functionInDocument="NONE" id="68" quant="" type="DATE" value="1996">
      <token_anchor id="517" />
    </TIMEX3>
    <TIMEX3 anchorTimeID="0" beginPoint="" comment="" endPoint="" freq="" functionInDocument="NONE" id="69" quant="" type="DATE" value="1998-02-27">
      <token_anchor id="523" />
    </TIMEX3>
    <EVENT aspect="NONE" certainty="" class="OCCURRENCE" comment="" factuality="" id="70" modality="NONE" polarity="POS" pos="VERB" tense="PAST">
      <token_anchor id="524" />
    </EVENT>
    <EVENT aspect="NONE" certainty="" class="I_ACTION" comment="" factuality="" id="71" modality="NONE" polarity="POS" pos="VERB" tense="PRESENT">
      <token_anchor id="529" />
    </EVENT>
    <EVENT aspect="NONE" certainty="" class="OCCURRENCE" comment="" factuality="" id="72" modality="NONE" polarity="POS" pos="NOUN" tense="NONE">
      <token_anchor id="531" />
    </EVENT>
    <EVENT aspect="NONE" certainty="" class="OCCURRENCE" comment="" factuality="" id="73" modality="NONE" polarity="POS" pos="VERB" tense="PRESENT">
      <token_anchor id="555" />
    </EVENT>
    <EVENT aspect="NONE" certainty="" class="REPORTING" comment="" factuality="" id="74" modality="NONE" polarity="POS" pos="VERB" tense="PAST">
      <token_anchor id="564" />
    </EVENT>
    <EVENT aspect="NONE" certainty="" class="I_ACTION" comment="" factuality="" id="75" modality="NONE" polarity="POS" pos="VERB" tense="PRESENT">
      <token_anchor id="569" />
    </EVENT>
    <EVENT aspect="NONE" certainty="" class="OCCURRENCE" comment="" factuality="" id="76" modality="NONE" polarity="POS" pos="NOUN" tense="NONE">
      <token_anchor id="571" />
    </EVENT>
    <EVENT aspect="NONE" certainty="" class="OCCURRENCE" comment="" factuality="" id="77" modality="NONE" polarity="POS" pos="NOUN" tense="NONE">
      <token_anchor id="577" />
    </EVENT>
    <EVENT aspect="NONE" certainty="" class="OCCURRENCE" comment="" factuality="" id="78" modality="NONE" polarity="POS" pos="VERB" tense="PASTPART">
      <token_anchor id="591" />
    </EVENT>
    <EVENT aspect="NONE" certainty="" class="OCCURRENCE" comment="" factuality="" id="79" modality="NONE" polarity="POS" pos="NOUN" tense="NONE">
      <token_anchor id="596" />
    </EVENT>
    <EVENT aspect="NONE" certainty="" class="I_STATE" comment="" factuality="" id="80" modality="NONE" polarity="POS" pos="VERB" tense="PAST">
      <token_anchor id="602" />
    </EVENT>
    <EVENT aspect="NONE" certainty="" class="OCCURRENCE" comment="" factuality="" id="81" modality="NONE" polarity="POS" pos="VERB" tense="INFINITIVE">
      <token_anchor id="604" />
    </EVENT>
    <EVENT aspect="NONE" certainty="" class="OCCURRENCE" comment="" factuality="" id="82" modality="NONE" polarity="POS" pos="VERB" tense="INFINITIVE">
      <token_anchor id="613" />
    </EVENT>
  </Markables>
  <Relations>
    <TLINK comment="" id="1" relType="IS_INCLUDED">
      <source id="1" />
      <target id="2" />
    </TLINK>
    <TLINK comment="" id="2" relType="IDENTITY">
      <source id="1" />
      <target id="70" />
    </TLINK>
    <TLINK comment="" id="3" relType="BEFORE">
      <source id="3" />
      <target id="2" />
    </TLINK>
    <TLINK comment="" id="4" relType="SIMULTANEOUS">
      <source id="5" />
      <target id="6" />
    </TLINK>
    <TLINK comment="" id="5" relType="AFTER">
      <source id="8" />
      <target id="7" />
    </TLINK>
    <TLINK comment="" id="6" relType="AFTER">
      <source id="8" />
      <target id="9" />
    </TLINK>
    <TLINK comment="" id="7" relType="BEFORE">
      <source id="13" />
      <target id="2" />
    </TLINK>
    <TLINK comment="" id="8" relType="DURING">
      <source id="15" />
      <target id="14" />
    </TLINK>
    <TLINK comment="" id="9" relType="IDENTITY">
      <source id="17" />
      <target id="9" />
    </TLINK>
    <TLINK comment="" id="10" relType="IDENTITY">
      <source id="18" />
      <target id="9" />
    </TLINK>
    <TLINK comment="" id="11" relType="DURING">
      <source id="19" />
      <target id="18" />
    </TLINK>
    <TLINK comment="" id="12" relType="IS_INCLUDED">
      <source id="21" />
      <target id="17" />
    </TLINK>
    <TLINK comment="" id="13" relType="IS_INCLUDED">
      <source id="22" />
      <target id="23" />
    </TLINK>
    <TLINK comment="" id="14" relType="BEFORE">
      <source id="24" />
      <target id="0" />
    </TLINK>
    <TLINK comment="" id="15" relType="BEFORE">
      <source id="25" />
      <target id="2" />
    </TLINK>
    <TLINK comment="" id="16" relType="IS_INCLUDED">
      <source id="27" />
      <target id="2" />
    </TLINK>
    <CLINK comment="" id="17">
      <source id="29" />
      <target id="31" />
    </CLINK>
    <TLINK comment="" id="18" relType="SIMULTANEOUS">
      <source id="31" />
      <target id="32" />
    </TLINK>
    <TLINK comment="" id="19" relType="AFTER">
      <source id="33" />
      <target id="34" />
    </TLINK>
    <TLINK comment="" id="20" relType="AFTER">
      <source id="35" />
      <target id="34" />
    </TLINK>
    <TLINK comment="" id="21" relType="AFTER">
      <source id="43" />
      <target id="42" />
    </TLINK>
    <TLINK comment="" id="22" relType="BEFORE">
      <source id="44" />
      <target id="2" />
    </TLINK>
    <TLINK comment="" id="23" relType="BEFORE">
      <source id="46" />
      <target id="0" />
    </TLINK>
    <TLINK comment="" id="24" relType="SIMULTANEOUS">
      <source id="47" />
      <target id="46" />
    </TLINK>
    <TLINK comment="" id="25" relType="IS_INCLUDED">
      <source id="50" />
      <target id="49" />
    </TLINK>
    <TLINK comment="" id="26" relType="IDENTITY">
      <source id="51" />
      <target id="52" />
    </TLINK>
    <TLINK comment="" id="27" relType="BEFORE">
      <source id="53" />
      <target id="2" />
    </TLINK>
    <TLINK comment="" id="28" relType="SIMULTANEOUS">
      <source id="55" />
      <target id="47" />
    </TLINK>
    <TLINK comment="" id="29" relType="IS_INCLUDED">
      <source id="58" />
      <target id="57" />
    </TLINK>
    <TLINK comment="" id="30" relType="SIMULTANEOUS">
      <source id="61" />
      <target id="60" />
    </TLINK>
    <TLINK comment="" id="31" relType="IDENTITY">
      <source id="62" />
      <target id="70" />
    </TLINK>
    <TLINK comment="" id="32" relType="IS_INCLUDED">
      <source id="64" />
      <target id="61" />
    </TLINK>
    <TLINK comment="" id="33" relType="IS_INCLUDED">
      <source id="66" />
      <target id="67" />
    </TLINK>
    <TLINK comment="" id="34" relType="AFTER">
      <source id="66" />
      <target id="68" />
    </TLINK>
    <TLINK comment="" id="35" relType="IS_INCLUDED">
      <source id="70" />
      <target id="69" />
    </TLINK>
    <TLINK comment="" id="36" relType="IS_INCLUDED">
      <source id="71" />
      <target id="69" />
    </TLINK>
    <TLINK comment="" id="37" relType="IS_INCLUDED">
      <source id="74" />
      <target id="69" />
    </TLINK>
    <TLINK comment="" id="38" relType="IDENTITY">
      <source id="75" />
      <target id="71" />
    </TLINK>
    <TLINK comment="" id="39" relType="IS_INCLUDED">
      <source id="78" />
      <target id="79" />
    </TLINK>
    <TLINK comment="" id="40" relType="AFTER">
      <source id="80" />
      <target id="2" />
    </TLINK>
    <TLINK comment="" id="41" relType="INCLUDES">
      <source id="81" />
      <target id="82" />
    </TLINK>
  </Relations>
  <token id="1" number="0" sentence="0">MOSCOW</token>
  <token id="2" number="1" sentence="0">(</token>
  <token id="3" number="2" sentence="0">AP</token>
  <token id="4" number="3" sentence="0">)</token>
  <token id="5" number="4" sentence="0">_</token>
  <token id="6" number="5" sentence="0">Presidents</token>
  <token id="7" number="6" sentence="0">Leonid</token>
  <token id="8" number="7" sentence="0">Kuchma</token>
  <token id="9" number="8" sentence="0">of</token>
  <token id="10" number="9" sentence="0">Ukraine</token>
  <token id="11" number="10" sentence="0">and</token>
  <token id="12" number="11" sentence="0">Boris</token>
  <token id="13" number="12" sentence="0">Yeltsin</token>
  <token id="14" number="13" sentence="0">of</token>
  <token id="15" number="14" sentence="0">Russia</token>
  <token id="16" number="15" sentence="0">signed</token>
  <token id="17" number="16" sentence="0">an</token>
  <token id="18" number="17" sentence="0">economic</token>
  <token id="19" number="18" sentence="0">cooperation</token>
  <token id="20" number="19" sentence="0">plan</token>
  <token id="21" number="20" sentence="0">Friday</token>
  <token id="22" number="21" sentence="0">,</token>
  <token id="23" number="22" sentence="0">and</token>
  <token id="24" number="23" sentence="0">Yeltsin</token>
  <token id="25" number="24" sentence="0">claimed</token>
  <token id="26" number="25" sentence="0">they</token>
  <token id="27" number="26" sentence="0">resolved</token>
  <token id="28" number="27" sentence="0">even</token>
  <token id="29" number="28" sentence="0">more</token>
  <token id="30" number="29" sentence="0">nagging</token>
  <token id="31" number="30" sentence="0">problems</token>
  <token id="32" number="31" sentence="0">.</token>
  <token id="33" number="32" sentence="1">Russia</token>
  <token id="34" number="33" sentence="1">and</token>
  <token id="35" number="34" sentence="1">Ukraine</token>
  <token id="36" number="35" sentence="1">share</token>
  <token id="37" number="36" sentence="1">similar</token>
  <token id="38" number="37" sentence="1">cultures</token>
  <token id="39" number="38" sentence="1">and</token>
  <token id="40" number="39" sentence="1">languages</token>
  <token id="41" number="40" sentence="1">,</token>
  <token id="42" number="41" sentence="1">and</token>
  <token id="43" number="42" sentence="1">Ukraine</token>
  <token id="44" number="43" sentence="1">was</token>
  <token id="45" number="44" sentence="1">ruled</token>
  <token id="46" number="45" sentence="1">from</token>
  <token id="47" number="46" sentence="1">Moscow</token>
  <token id="48" number="47" sentence="1">for</token>
  <token id="49" number="48" sentence="1">centuries</token>
  <token id="50" number="49" sentence="1">.</token>
  <token id="51" number="50" sentence="2">But</token>
  <token id="52" number="51" sentence="2">while</token>
  <token id="53" number="52" sentence="2">the</token>
  <token id="54" number="53" sentence="2">two</token>
  <token id="55" number="54" sentence="2">Slavic</token>
  <token id="56" number="55" sentence="2">neighbors</token>
  <token id="57" number="56" sentence="2">see</token>
  <token id="58" number="57" sentence="2">themselves</token>
  <token id="59" number="58" sentence="2">as</token>
  <token id="60" number="59" sentence="2">natural</token>
  <token id="61" number="60" sentence="2">partners</token>
  <token id="62" number="61" sentence="2">,</token>
  <token id="63" number="62" sentence="2">their</token>
  <token id="64" number="63" sentence="2">relations</token>
  <token id="65" number="64" sentence="2">since</token>
  <token id="66" number="65" sentence="2">the</token>
  <token id="67" number="66" sentence="2">breakup</token>
  <token id="68" number="67" sentence="2">of</token>
  <token id="69" number="68" sentence="2">the</token>
  <token id="70" number="69" sentence="2">Soviet</token>
  <token id="71" number="70" sentence="2">Union</token>
  <token id="72" number="71" sentence="2">have</token>
  <token id="73" number="72" sentence="2">been</token>
  <token id="74" number="73" sentence="2">bedeviled</token>
  <token id="75" number="74" sentence="2">by</token>
  <token id="76" number="75" sentence="2">a</token>
  <token id="77" number="76" sentence="2">number</token>
  <token id="78" number="77" sentence="2">of</token>
  <token id="79" number="78" sentence="2">disputes</token>
  <token id="80" number="79" sentence="2">_</token>
  <token id="81" number="80" sentence="2">Black</token>
  <token id="82" number="81" sentence="2">Sea</token>
  <token id="83" number="82" sentence="2">naval</token>
  <token id="84" number="83" sentence="2">bases</token>
  <token id="85" number="84" sentence="2">,</token>
  <token id="86" number="85" sentence="2">border</token>
  <token id="87" number="86" sentence="2">problems</token>
  <token id="88" number="87" sentence="2">and</token>
  <token id="89" number="88" sentence="2">Ukraine</token>
  <token id="90" number="89" sentence="2">'s</token>
  <token id="91" number="90" sentence="2">natural</token>
  <token id="92" number="91" sentence="2">gas</token>
  <token id="93" number="92" sentence="2">debts</token>
  <token id="94" number="93" sentence="2">.</token>
  <token id="95" number="94" sentence="3">"</token>
  <token id="96" number="95" sentence="3">We</token>
  <token id="97" number="96" sentence="3">have</token>
  <token id="98" number="97" sentence="3">covered</token>
  <token id="99" number="98" sentence="3">the</token>
  <token id="100" number="99" sentence="3">entire</token>
  <token id="101" number="100" sentence="3">list</token>
  <token id="102" number="101" sentence="3">of</token>
  <token id="103" number="102" sentence="3">questions</token>
  <token id="104" number="103" sentence="3">and</token>
  <token id="105" number="104" sentence="3">discussed</token>
  <token id="106" number="105" sentence="3">how</token>
  <token id="107" number="106" sentence="3">we</token>
  <token id="108" number="107" sentence="3">will</token>
  <token id="109" number="108" sentence="3">be</token>
  <token id="110" number="109" sentence="3">tackling</token>
  <token id="111" number="110" sentence="3">them</token>
  <token id="112" number="111" sentence="3">,</token>
  <token id="113" number="112" sentence="3">"</token>
  <token id="114" number="113" sentence="3">Yeltsin</token>
  <token id="115" number="114" sentence="3">was</token>
  <token id="116" number="115" sentence="3">quoted</token>
  <token id="117" number="116" sentence="3">as</token>
  <token id="118" number="117" sentence="3">saying</token>
  <token id="119" number="118" sentence="3">by</token>
  <token id="120" number="119" sentence="3">the</token>
  <token id="121" number="120" sentence="3">ITAR</token>
  <token id="122" number="121" sentence="3">-</token>
  <token id="123" number="122" sentence="3">Tass</token>
  <token id="124" number="123" sentence="3">news</token>
  <token id="125" number="124" sentence="3">agency</token>
  <token id="126" number="125" sentence="3">.</token>
  <token id="127" number="126" sentence="4">"</token>
  <token id="128" number="127" sentence="4">I</token>
  <token id="129" number="128" sentence="4">must</token>
  <token id="130" number="129" sentence="4">say</token>
  <token id="131" number="130" sentence="4">there</token>
  <token id="132" number="131" sentence="4">are</token>
  <token id="133" number="132" sentence="4">no</token>
  <token id="134" number="133" sentence="4">unsettled</token>
  <token id="135" number="134" sentence="4">problems</token>
  <token id="136" number="135" sentence="4">any</token>
  <token id="137" number="136" sentence="4">more</token>
  <token id="138" number="137" sentence="4">.</token>
  <token id="139" number="138" sentence="5">We</token>
  <token id="140" number="139" sentence="5">have</token>
  <token id="141" number="140" sentence="5">solved</token>
  <token id="142" number="141" sentence="5">them</token>
  <token id="143" number="142" sentence="5">all</token>
  <token id="144" number="143" sentence="5">.</token>
  <token id="145" number="144" sentence="5">"</token>
  <token id="146" number="145" sentence="6">But</token>
  <token id="147" number="146" sentence="6">his</token>
  <token id="148" number="147" sentence="6">sweeping</token>
  <token id="149" number="148" sentence="6">statement</token>
  <token id="150" number="149" sentence="6">contained</token>
  <token id="151" number="150" sentence="6">no</token>
  <token id="152" number="151" sentence="6">details</token>
  <token id="153" number="152" sentence="6">,</token>
  <token id="154" number="153" sentence="6">and</token>
  <token id="155" number="154" sentence="6">gave</token>
  <token id="156" number="155" sentence="6">no</token>
  <token id="157" number="156" sentence="6">indication</token>
  <token id="158" number="157" sentence="6">of</token>
  <token id="159" number="158" sentence="6">how</token>
  <token id="160" number="159" sentence="6">the</token>
  <token id="161" number="160" sentence="6">disputes</token>
  <token id="162" number="161" sentence="6">could</token>
  <token id="163" number="162" sentence="6">be</token>
  <token id="164" number="163" sentence="6">resolved</token>
  <token id="165" number="164" sentence="6">.</token>
  <token id="166" number="165" sentence="7">Their</token>
  <token id="167" number="166" sentence="7">solution</token>
  <token id="168" number="167" sentence="7">would</token>
  <token id="169" number="168" sentence="7">require</token>
  <token id="170" number="169" sentence="7">a</token>
  <token id="171" number="170" sentence="7">compromise</token>
  <token id="172" number="171" sentence="7">between</token>
  <token id="173" number="172" sentence="7">the</token>
  <token id="174" number="173" sentence="7">two</token>
  <token id="175" number="174" sentence="7">nations</token>
  <token id="176" number="175" sentence="7">'</token>
  <token id="177" number="176" sentence="7">parliaments</token>
  <token id="178" number="177" sentence="7">.</token>
  <token id="179" number="178" sentence="8">A</token>
  <token id="180" number="179" sentence="8">major</token>
  <token id="181" number="180" sentence="8">dispute</token>
  <token id="182" number="181" sentence="8">concerns</token>
  <token id="183" number="182" sentence="8">a</token>
  <token id="184" number="183" sentence="8">broad</token>
  <token id="185" number="184" sentence="8">political</token>
  <token id="186" number="185" sentence="8">treaty</token>
  <token id="187" number="186" sentence="8">calling</token>
  <token id="188" number="187" sentence="8">for</token>
  <token id="189" number="188" sentence="8">border</token>
  <token id="190" number="189" sentence="8">demarcation</token>
  <token id="191" number="190" sentence="8">,</token>
  <token id="192" number="191" sentence="8">which</token>
  <token id="193" number="192" sentence="8">the</token>
  <token id="194" number="193" sentence="8">two</token>
  <token id="195" number="194" sentence="8">presidents</token>
  <token id="196" number="195" sentence="8">signed</token>
  <token id="197" number="196" sentence="8">last</token>
  <token id="198" number="197" sentence="8">May</token>
  <token id="199" number="198" sentence="8">.</token>
  <token id="200" number="199" sentence="9">In</token>
  <token id="201" number="200" sentence="9">effect</token>
  <token id="202" number="201" sentence="9">,</token>
  <token id="203" number="202" sentence="9">the</token>
  <token id="204" number="203" sentence="9">treaty</token>
  <token id="205" number="204" sentence="9">amounts</token>
  <token id="206" number="205" sentence="9">to</token>
  <token id="207" number="206" sentence="9">Russian</token>
  <token id="208" number="207" sentence="9">recognition</token>
  <token id="209" number="208" sentence="9">of</token>
  <token id="210" number="209" sentence="9">Ukraine</token>
  <token id="211" number="210" sentence="9">'s</token>
  <token id="212" number="211" sentence="9">sovereignty</token>
  <token id="213" number="212" sentence="9">and</token>
  <token id="214" number="213" sentence="9">borders</token>
  <token id="215" number="214" sentence="9">,</token>
  <token id="216" number="215" sentence="9">and</token>
  <token id="217" number="216" sentence="9">the</token>
  <token id="218" number="217" sentence="9">Ukrainian</token>
  <token id="219" number="218" sentence="9">parliament</token>
  <token id="220" number="219" sentence="9">has</token>
  <token id="221" number="220" sentence="9">already</token>
  <token id="222" number="221" sentence="9">ratified</token>
  <token id="223" number="222" sentence="9">it</token>
  <token id="224" number="223" sentence="9">.</token>
  <token id="225" number="224" sentence="10">However</token>
  <token id="226" number="225" sentence="10">,</token>
  <token id="227" number="226" sentence="10">Russia</token>
  <token id="228" number="227" sentence="10">has</token>
  <token id="229" number="228" sentence="10">stalled</token>
  <token id="230" number="229" sentence="10">ratification</token>
  <token id="231" number="230" sentence="10">,</token>
  <token id="232" number="231" sentence="10">trying</token>
  <token id="233" number="232" sentence="10">to</token>
  <token id="234" number="233" sentence="10">tie</token>
  <token id="235" number="234" sentence="10">it</token>
  <token id="236" number="235" sentence="10">to</token>
  <token id="237" number="236" sentence="10">an</token>
  <token id="238" number="237" sentence="10">agreement</token>
  <token id="239" number="238" sentence="10">that</token>
  <token id="240" number="239" sentence="10">would</token>
  <token id="241" number="240" sentence="10">permit</token>
  <token id="242" number="241" sentence="10">the</token>
  <token id="243" number="242" sentence="10">Russian</token>
  <token id="244" number="243" sentence="10">navy</token>
  <token id="245" number="244" sentence="10">to</token>
  <token id="246" number="245" sentence="10">use</token>
  <token id="247" number="246" sentence="10">a</token>
  <token id="248" number="247" sentence="10">naval</token>
  <token id="249" number="248" sentence="10">base</token>
  <token id="250" number="249" sentence="10">on</token>
  <token id="251" number="250" sentence="10">Ukraine</token>
  <token id="252" number="251" sentence="10">'s</token>
  <token id="253" number="252" sentence="10">Crimean</token>
  <token id="254" number="253" sentence="10">peninsula</token>
  <token id="255" number="254" sentence="10">for</token>
  <token id="256" number="255" sentence="10">at</token>
  <token id="257" number="256" sentence="10">least</token>
  <token id="258" number="257" sentence="10">20</token>
  <token id="259" number="258" sentence="10">more</token>
  <token id="260" number="259" sentence="10">years</token>
  <token id="261" number="260" sentence="10">.</token>
  <token id="262" number="261" sentence="11">In</token>
  <token id="263" number="262" sentence="11">their</token>
  <token id="264" number="263" sentence="11">joint</token>
  <token id="265" number="264" sentence="11">statement</token>
  <token id="266" number="265" sentence="11">issued</token>
  <token id="267" number="266" sentence="11">after</token>
  <token id="268" number="267" sentence="11">the</token>
  <token id="269" number="268" sentence="11">talks</token>
  <token id="270" number="269" sentence="11">,</token>
  <token id="271" number="270" sentence="11">Yeltsin</token>
  <token id="272" number="271" sentence="11">and</token>
  <token id="273" number="272" sentence="11">Kuchma</token>
  <token id="274" number="273" sentence="11">called</token>
  <token id="275" number="274" sentence="11">for</token>
  <token id="276" number="275" sentence="11">the</token>
  <token id="277" number="276" sentence="11">fastest</token>
  <token id="278" number="277" sentence="11">possible</token>
  <token id="279" number="278" sentence="11">ratification</token>
  <token id="280" number="279" sentence="11">of</token>
  <token id="281" number="280" sentence="11">the</token>
  <token id="282" number="281" sentence="11">treaty</token>
  <token id="283" number="282" sentence="11">,</token>
  <token id="284" number="283" sentence="11">saying</token>
  <token id="285" number="284" sentence="11">it</token>
  <token id="286" number="285" sentence="11">would</token>
  <token id="287" number="286" sentence="11">create</token>
  <token id="288" number="287" sentence="11">a</token>
  <token id="289" number="288" sentence="11">"</token>
  <token id="290" number="289" sentence="11">strong</token>
  <token id="291" number="290" sentence="11">legal</token>
  <token id="292" number="291" sentence="11">foundation</token>
  <token id="293" number="292" sentence="11">"</token>
  <token id="294" number="293" sentence="11">for</token>
  <token id="295" number="294" sentence="11">bilateral</token>
  <token id="296" number="295" sentence="11">ties</token>
  <token id="297" number="296" sentence="11">and</token>
  <token id="298" number="297" sentence="11">help</token>
  <token id="299" number="298" sentence="11">stability</token>
  <token id="300" number="299" sentence="11">in</token>
  <token id="301" number="300" sentence="11">Europe</token>
  <token id="302" number="301" sentence="11">.</token>
  <token id="303" number="302" sentence="12">Kuchma</token>
  <token id="304" number="303" sentence="12">assured</token>
  <token id="305" number="304" sentence="12">Yeltsin</token>
  <token id="306" number="305" sentence="12">that</token>
  <token id="307" number="306" sentence="12">Ukraine</token>
  <token id="308" number="307" sentence="12">would</token>
  <token id="309" number="308" sentence="12">not</token>
  <token id="310" number="309" sentence="12">join</token>
  <token id="311" number="310" sentence="12">NATO</token>
  <token id="312" number="311" sentence="12">,</token>
  <token id="313" number="312" sentence="12">Yeltsin</token>
  <token id="314" number="313" sentence="12">'s</token>
  <token id="315" number="314" sentence="12">spokesman</token>
  <token id="316" number="315" sentence="12">Sergei</token>
  <token id="317" number="316" sentence="12">Yastrzhembsky</token>
  <token id="318" number="317" sentence="12">said</token>
  <token id="319" number="318" sentence="12">,</token>
  <token id="320" number="319" sentence="12">according</token>
  <token id="321" number="320" sentence="12">to</token>
  <token id="322" number="321" sentence="12">the</token>
  <token id="323" number="322" sentence="12">Interfax</token>
  <token id="324" number="323" sentence="12">news</token>
  <token id="325" number="324" sentence="12">agency</token>
  <token id="326" number="325" sentence="12">.</token>
  <token id="327" number="326" sentence="13">The</token>
  <token id="328" number="327" sentence="13">Russian</token>
  <token id="329" number="328" sentence="13">leadership</token>
  <token id="330" number="329" sentence="13">has</token>
  <token id="331" number="330" sentence="13">staunchly</token>
  <token id="332" number="331" sentence="13">opposed</token>
  <token id="333" number="332" sentence="13">the</token>
  <token id="334" number="333" sentence="13">western</token>
  <token id="335" number="334" sentence="13">alliance</token>
  <token id="336" number="335" sentence="13">'s</token>
  <token id="337" number="336" sentence="13">expansion</token>
  <token id="338" number="337" sentence="13">into</token>
  <token id="339" number="338" sentence="13">Eastern</token>
  <token id="340" number="339" sentence="13">Europe</token>
  <token id="341" number="340" sentence="13">.</token>
  <token id="342" number="341" sentence="14">In</token>
  <token id="343" number="342" sentence="14">their</token>
  <token id="344" number="343" sentence="14">joint</token>
  <token id="345" number="344" sentence="14">statement</token>
  <token id="346" number="345" sentence="14">,</token>
  <token id="347" number="346" sentence="14">released</token>
  <token id="348" number="347" sentence="14">by</token>
  <token id="349" number="348" sentence="14">the</token>
  <token id="350" number="349" sentence="14">Kremlin</token>
  <token id="351" number="350" sentence="14">,</token>
  <token id="352" number="351" sentence="14">the</token>
  <token id="353" number="352" sentence="14">two</token>
  <token id="354" number="353" sentence="14">leaders</token>
  <token id="355" number="354" sentence="14">also</token>
  <token id="356" number="355" sentence="14">pledged</token>
  <token id="357" number="356" sentence="14">to</token>
  <token id="358" number="357" sentence="14">consult</token>
  <token id="359" number="358" sentence="14">each</token>
  <token id="360" number="359" sentence="14">other</token>
  <token id="361" number="360" sentence="14">regularly</token>
  <token id="362" number="361" sentence="14">on</token>
  <token id="363" number="362" sentence="14">their</token>
  <token id="364" number="363" sentence="14">approaches</token>
  <token id="365" number="364" sentence="14">to</token>
  <token id="366" number="365" sentence="14">relations</token>
  <token id="367" number="366" sentence="14">with</token>
  <token id="368" number="367" sentence="14">NATO</token>
  <token id="369" number="368" sentence="14">and</token>
  <token id="370" number="369" sentence="14">,</token>
  <token id="371" number="370" sentence="14">in</token>
  <token id="372" number="371" sentence="14">particular</token>
  <token id="373" number="372" sentence="14">,</token>
  <token id="374" number="373" sentence="14">their</token>
  <token id="375" number="374" sentence="14">action</token>
  <token id="376" number="375" sentence="14">within</token>
  <token id="377" number="376" sentence="14">the</token>
  <token id="378" number="377" sentence="14">framework</token>
  <token id="379" number="378" sentence="14">of</token>
  <token id="380" number="379" sentence="14">NATO</token>
  <token id="381" number="380" sentence="14">'s</token>
  <token id="382" number="381" sentence="14">Partnership</token>
  <token id="383" number="382" sentence="14">for</token>
  <token id="384" number="383" sentence="14">Peace</token>
  <token id="385" number="384" sentence="14">program</token>
  <token id="386" number="385" sentence="14">.</token>
  <token id="387" number="386" sentence="15">Last</token>
  <token id="388" number="387" sentence="15">year</token>
  <token id="389" number="388" sentence="15">,</token>
  <token id="390" number="389" sentence="15">Russian</token>
  <token id="391" number="390" sentence="15">officials</token>
  <token id="392" number="391" sentence="15">assailed</token>
  <token id="393" number="392" sentence="15">Ukraine</token>
  <token id="394" number="393" sentence="15">for</token>
  <token id="395" number="394" sentence="15">holding</token>
  <token id="396" number="395" sentence="15">joint</token>
  <token id="397" number="396" sentence="15">naval</token>
  <token id="398" number="397" sentence="15">exercises</token>
  <token id="399" number="398" sentence="15">with</token>
  <token id="400" number="399" sentence="15">NATO</token>
  <token id="401" number="400" sentence="15">in</token>
  <token id="402" number="401" sentence="15">the</token>
  <token id="403" number="402" sentence="15">Black</token>
  <token id="404" number="403" sentence="15">Sea</token>
  <token id="405" number="404" sentence="15">_</token>
  <token id="406" number="405" sentence="15">an</token>
  <token id="407" number="406" sentence="15">area</token>
  <token id="408" number="407" sentence="15">Moscow</token>
  <token id="409" number="408" sentence="15">considers</token>
  <token id="410" number="409" sentence="15">its</token>
  <token id="411" number="410" sentence="15">own</token>
  <token id="412" number="411" sentence="15">turf</token>
  <token id="413" number="412" sentence="15">.</token>
  <token id="414" number="413" sentence="16">Kuchma</token>
  <token id="415" number="414" sentence="16">has</token>
  <token id="416" number="415" sentence="16">said</token>
  <token id="417" number="416" sentence="16">repeatedly</token>
  <token id="418" number="417" sentence="16">that</token>
  <token id="419" number="418" sentence="16">Ukraine</token>
  <token id="420" number="419" sentence="16">would</token>
  <token id="421" number="420" sentence="16">remain</token>
  <token id="422" number="421" sentence="16">neutral</token>
  <token id="423" number="422" sentence="16">for</token>
  <token id="424" number="423" sentence="16">the</token>
  <token id="425" number="424" sentence="16">foreseeable</token>
  <token id="426" number="425" sentence="16">future</token>
  <token id="427" number="426" sentence="16">.</token>
  <token id="428" number="427" sentence="17">Yeltsin</token>
  <token id="429" number="428" sentence="17">and</token>
  <token id="430" number="429" sentence="17">Kuchma</token>
  <token id="431" number="430" sentence="17">also</token>
  <token id="432" number="431" sentence="17">called</token>
  <token id="433" number="432" sentence="17">for</token>
  <token id="434" number="433" sentence="17">developing</token>
  <token id="435" number="434" sentence="17">the</token>
  <token id="436" number="435" sentence="17">stagnant</token>
  <token id="437" number="436" sentence="17">relations</token>
  <token id="438" number="437" sentence="17">between</token>
  <token id="439" number="438" sentence="17">the</token>
  <token id="440" number="439" sentence="17">members</token>
  <token id="441" number="440" sentence="17">of</token>
  <token id="442" number="441" sentence="17">the</token>
  <token id="443" number="442" sentence="17">Commonwealth</token>
  <token id="444" number="443" sentence="17">of</token>
  <token id="445" number="444" sentence="17">Independent</token>
  <token id="446" number="445" sentence="17">States</token>
  <token id="447" number="446" sentence="17">,</token>
  <token id="448" number="447" sentence="17">a</token>
  <token id="449" number="448" sentence="17">loose</token>
  <token id="450" number="449" sentence="17">coalition</token>
  <token id="451" number="450" sentence="17">of</token>
  <token id="452" number="451" sentence="17">former</token>
  <token id="453" number="452" sentence="17">Soviet</token>
  <token id="454" number="453" sentence="17">republics</token>
  <token id="455" number="454" sentence="17">.</token>
  <token id="456" number="455" sentence="18">In</token>
  <token id="457" number="456" sentence="18">the</token>
  <token id="458" number="457" sentence="18">past</token>
  <token id="459" number="458" sentence="18">,</token>
  <token id="460" number="459" sentence="18">Russia</token>
  <token id="461" number="460" sentence="18">has</token>
  <token id="462" number="461" sentence="18">often</token>
  <token id="463" number="462" sentence="18">claimed</token>
  <token id="464" number="463" sentence="18">that</token>
  <token id="465" number="464" sentence="18">Ukraine</token>
  <token id="466" number="465" sentence="18">was</token>
  <token id="467" number="466" sentence="18">undermining</token>
  <token id="468" number="467" sentence="18">efforts</token>
  <token id="469" number="468" sentence="18">at</token>
  <token id="470" number="469" sentence="18">closer</token>
  <token id="471" number="470" sentence="18">cooperation</token>
  <token id="472" number="471" sentence="18">within</token>
  <token id="473" number="472" sentence="18">the</token>
  <token id="474" number="473" sentence="18">CIS</token>
  <token id="475" number="474" sentence="18">.</token>
  <token id="476" number="475" sentence="19">A</token>
  <token id="477" number="476" sentence="19">major</token>
  <token id="478" number="477" sentence="19">goal</token>
  <token id="479" number="478" sentence="19">of</token>
  <token id="480" number="479" sentence="19">Kuchma</token>
  <token id="481" number="480" sentence="19">'s</token>
  <token id="482" number="481" sentence="19">four-day</token>
  <token id="483" number="482" sentence="19">state</token>
  <token id="484" number="483" sentence="19">visit</token>
  <token id="485" number="484" sentence="19">was</token>
  <token id="486" number="485" sentence="19">the</token>
  <token id="487" number="486" sentence="19">signing</token>
  <token id="488" number="487" sentence="19">of</token>
  <token id="489" number="488" sentence="19">a</token>
  <token id="490" number="489" sentence="19">10-year</token>
  <token id="491" number="490" sentence="19">economic</token>
  <token id="492" number="491" sentence="19">program</token>
  <token id="493" number="492" sentence="19">aimed</token>
  <token id="494" number="493" sentence="19">at</token>
  <token id="495" number="494" sentence="19">doubling</token>
  <token id="496" number="495" sentence="19">the</token>
  <token id="497" number="496" sentence="19">two</token>
  <token id="498" number="497" sentence="19">nations</token>
  <token id="499" number="498" sentence="19">'</token>
  <token id="500" number="499" sentence="19">trade</token>
  <token id="501" number="500" sentence="19">turnover</token>
  <token id="502" number="501" sentence="19">,</token>
  <token id="503" number="502" sentence="19">which</token>
  <token id="504" number="503" sentence="19">fell</token>
  <token id="505" number="504" sentence="19">to</token>
  <token id="506" number="505" sentence="19">dlrs</token>
  <token id="507" number="506" sentence="19">14</token>
  <token id="508" number="507" sentence="19">billion</token>
  <token id="509" number="508" sentence="19">last</token>
  <token id="510" number="509" sentence="19">year</token>
  <token id="511" number="510" sentence="19">,</token>
  <token id="512" number="511" sentence="19">down</token>
  <token id="513" number="512" sentence="19">dlrs</token>
  <token id="514" number="513" sentence="19">2.5</token>
  <token id="515" number="514" sentence="19">billion</token>
  <token id="516" number="515" sentence="19">from</token>
  <token id="517" number="516" sentence="19">1996</token>
  <token id="518" number="517" sentence="19">.</token>
  <token id="519" number="518" sentence="20">The</token>
  <token id="520" number="519" sentence="20">two</token>
  <token id="521" number="520" sentence="20">presidents</token>
  <token id="522" number="521" sentence="20">on</token>
  <token id="523" number="522" sentence="20">Friday</token>
  <token id="524" number="523" sentence="20">signed</token>
  <token id="525" number="524" sentence="20">the</token>
  <token id="526" number="525" sentence="20">plan</token>
  <token id="527" number="526" sentence="20">,</token>
  <token id="528" number="527" sentence="20">which</token>
  <token id="529" number="528" sentence="20">calls</token>
  <token id="530" number="529" sentence="20">for</token>
  <token id="531" number="530" sentence="20">cooperation</token>
  <token id="532" number="531" sentence="20">in</token>
  <token id="533" number="532" sentence="20">the</token>
  <token id="534" number="533" sentence="20">metallurgy</token>
  <token id="535" number="534" sentence="20">,</token>
  <token id="536" number="535" sentence="20">fuel</token>
  <token id="537" number="536" sentence="20">,</token>
  <token id="538" number="537" sentence="20">energy</token>
  <token id="539" number="538" sentence="20">,</token>
  <token id="540" number="539" sentence="20">aircraft</token>
  <token id="541" number="540" sentence="20">building</token>
  <token id="542" number="541" sentence="20">,</token>
  <token id="543" number="542" sentence="20">missile</token>
  <token id="544" number="543" sentence="20">,</token>
  <token id="545" number="544" sentence="20">space</token>
  <token id="546" number="545" sentence="20">and</token>
  <token id="547" number="546" sentence="20">chemical</token>
  <token id="548" number="547" sentence="20">industries</token>
  <token id="549" number="548" sentence="20">.</token>
  <token id="550" number="549" sentence="21">A</token>
  <token id="551" number="550" sentence="21">major</token>
  <token id="552" number="551" sentence="21">project</token>
  <token id="553" number="552" sentence="21">is</token>
  <token id="554" number="553" sentence="21">joint</token>
  <token id="555" number="554" sentence="21">manufacturing</token>
  <token id="556" number="555" sentence="21">of</token>
  <token id="557" number="556" sentence="21">An-70</token>
  <token id="558" number="557" sentence="21">cargo</token>
  <token id="559" number="558" sentence="21">planes</token>
  <token id="560" number="559" sentence="21">,</token>
  <token id="561" number="560" sentence="21">the</token>
  <token id="562" number="561" sentence="21">Kremlin</token>
  <token id="563" number="562" sentence="21">statement</token>
  <token id="564" number="563" sentence="21">said</token>
  <token id="565" number="564" sentence="21">.</token>
  <token id="566" number="565" sentence="22">The</token>
  <token id="567" number="566" sentence="22">program</token>
  <token id="568" number="567" sentence="22">also</token>
  <token id="569" number="568" sentence="22">calls</token>
  <token id="570" number="569" sentence="22">for</token>
  <token id="571" number="570" sentence="22">coordination</token>
  <token id="572" number="571" sentence="22">of</token>
  <token id="573" number="572" sentence="22">economic</token>
  <token id="574" number="573" sentence="22">reforms</token>
  <token id="575" number="574" sentence="22">and</token>
  <token id="576" number="575" sentence="22">joint</token>
  <token id="577" number="576" sentence="22">improvement</token>
  <token id="578" number="577" sentence="22">of</token>
  <token id="579" number="578" sentence="22">social</token>
  <token id="580" number="579" sentence="22">programs</token>
  <token id="581" number="580" sentence="22">in</token>
  <token id="582" number="581" sentence="22">the</token>
  <token id="583" number="582" sentence="22">two</token>
  <token id="584" number="583" sentence="22">countries</token>
  <token id="585" number="584" sentence="22">,</token>
  <token id="586" number="585" sentence="22">where</token>
  <token id="587" number="586" sentence="22">many</token>
  <token id="588" number="587" sentence="22">people</token>
  <token id="589" number="588" sentence="22">have</token>
  <token id="590" number="589" sentence="22">become</token>
  <token id="591" number="590" sentence="22">impoverished</token>
  <token id="592" number="591" sentence="22">during</token>
  <token id="593" number="592" sentence="22">the</token>
  <token id="594" number="593" sentence="22">chaotic</token>
  <token id="595" number="594" sentence="22">post-Soviet</token>
  <token id="596" number="595" sentence="22">transition</token>
  <token id="597" number="596" sentence="22">to</token>
  <token id="598" number="597" sentence="22">capitalism</token>
  <token id="599" number="598" sentence="22">.</token>
  <token id="600" number="599" sentence="23">Kuchma</token>
  <token id="601" number="600" sentence="23">also</token>
  <token id="602" number="601" sentence="23">planned</token>
  <token id="603" number="602" sentence="23">to</token>
  <token id="604" number="603" sentence="23">visit</token>
  <token id="605" number="604" sentence="23">Russian</token>
  <token id="606" number="605" sentence="23">gas</token>
  <token id="607" number="606" sentence="23">giant</token>
  <token id="608" number="607" sentence="23">Gazprom</token>
  <token id="609" number="608" sentence="23">,</token>
  <token id="610" number="609" sentence="23">most</token>
  <token id="611" number="610" sentence="23">likely</token>
  <token id="612" number="611" sentence="23">to</token>
  <token id="613" number="612" sentence="23">discuss</token>
  <token id="614" number="613" sentence="23">Ukraine</token>
  <token id="615" number="614" sentence="23">'s</token>
  <token id="616" number="615" sentence="23">dlrs</token>
  <token id="617" number="616" sentence="23">1.2</token>
  <token id="618" number="617" sentence="23">billion</token>
  <token id="619" number="618" sentence="23">debt</token>
  <token id="620" number="619" sentence="23">to</token>
  <token id="621" number="620" sentence="23">the</token>
  <token id="622" number="621" sentence="23">company</token>
  <token id="623" number="622" sentence="23">.</token>
  <token id="624" number="623" sentence="24">(</token>
  <token id="625" number="624" sentence="24">pvs</token>
  <token id="626" number="625" sentence="24">/</token>
  <token id="627" number="626" sentence="24">vi</token>
  <token id="628" number="627" sentence="24">/</token>
  <token id="629" number="628" sentence="24">ji</token>
  <token id="630" number="629" sentence="24">)</token>
</Document>
