<Document doc_name="CNN19980126.1600.1104">
  <Markables>
    <TIMEX3 RELATED_TO="" TAG_DESCRIPTOR="Empty_Mark" beginPoint="" comment="" endPoint="" freq="" functionInDocument="CREATION_TIME" id="0" quant="" type="DATE" value="1998-01-26" />
    <EVENT aspect="NONE" certainty="" class="OCCURRENCE" comment="" factuality="" id="1" modality="NONE" polarity="POS" pos="VERB" tense="PRESPART">
      <token_anchor id="12" />
    </EVENT>
    <EVENT aspect="NONE" certainty="" class="OCCURRENCE" comment="" factuality="" id="2" modality="NONE" polarity="POS" pos="VERB" tense="PRESENT">
      <token_anchor id="23" />
    </EVENT>
    <EVENT aspect="NONE" certainty="" class="ASPECTUAL" comment="" factuality="" id="3" modality="NONE" polarity="POS" pos="NOUN" tense="NONE">
      <token_anchor id="28" />
    </EVENT>
    <EVENT aspect="NONE" certainty="" class="OCCURRENCE" comment="" factuality="" id="4" modality="NONE" polarity="POS" pos="VERB" tense="INFINITIVE">
      <token_anchor id="42" />
    </EVENT>
    <EVENT aspect="NONE" certainty="" class="REPORTING" comment="" factuality="" id="5" modality="NONE" polarity="POS" pos="VERB" tense="PAST">
      <token_anchor id="55" />
    </EVENT>
    <EVENT aspect="NONE" certainty="" class="OCCURRENCE" comment="" factuality="" id="6" modality="NONE" polarity="POS" pos="NOUN" tense="NONE">
      <token_anchor id="59" />
    </EVENT>
    <TIMEX3 anchorTimeID="0" beginPoint="" comment="" endPoint="" freq="" functionInDocument="NONE" id="7" quant="" type="DURATION" value="1997-Q4">
      <token_anchor id="63" />
      <token_anchor id="64" />
      <token_anchor id="65" />
    </TIMEX3>
    <EVENT aspect="NONE" certainty="" class="I_ACTION" comment="" factuality="" id="8" modality="NONE" polarity="POS" pos="VERB" tense="PAST">
      <token_anchor id="72" />
    </EVENT>
    <EVENT aspect="NONE" certainty="" class="STATE" comment="" factuality="" id="9" modality="NONE" polarity="NEG" pos="VERB" tense="PRESENT">
      <token_anchor id="84" />
    </EVENT>
    <EVENT aspect="NONE" certainty="" class="I_STATE" comment="" factuality="" id="10" modality="NONE" polarity="POS" pos="VERB" tense="PRESENT">
      <token_anchor id="92" />
    </EVENT>
    <TIMEX3 anchorTimeID="0" beginPoint="" comment="" endPoint="" freq="" functionInDocument="NONE" id="11" quant="" type="DATE" value="PRESENT_REF">
      <token_anchor id="94" />
    </TIMEX3>
    <EVENT aspect="NONE" certainty="" class="STATE" comment="" factuality="" id="12" modality="NONE" polarity="POS" pos="ADJECTIVE" tense="PRESENT">
      <token_anchor id="108" />
    </EVENT>
    <EVENT aspect="NONE" certainty="" class="OCCURRENCE" comment="" factuality="" id="13" modality="NONE" polarity="POS" pos="VERB" tense="PAST">
      <token_anchor id="134" />
    </EVENT>
    <EVENT aspect="NONE" certainty="" class="I_STATE" comment="" factuality="" id="14" modality="NONE" polarity="POS" pos="VERB" tense="PRESENT">
      <token_anchor id="139" />
    </EVENT>
    <EVENT aspect="PROGRESSIVE" certainty="" class="OCCURRENCE" comment="" factuality="" id="15" modality="NONE" polarity="POS" pos="VERB" tense="PRESENT">
      <token_anchor id="142" />
    </EVENT>
    <EVENT aspect="NONE" certainty="" class="I_STATE" comment="" factuality="" id="16" modality="NONE" polarity="POS" pos="VERB" tense="PRESENT">
      <token_anchor id="148" />
    </EVENT>
    <EVENT aspect="NONE" certainty="" class="OCCURRENCE" comment="" factuality="" id="17" modality="NONE" polarity="POS" pos="VERB" tense="PRESPART">
      <token_anchor id="161" />
    </EVENT>
    <TIMEX3 anchorTimeID="0" beginPoint="" comment="" endPoint="" freq="" functionInDocument="NONE" id="18" quant="" type="DATE" value="1998-01-26">
      <token_anchor id="181" />
    </TIMEX3>
    <EVENT aspect="NONE" certainty="" class="I_STATE" comment="" factuality="" id="19" modality="NONE" polarity="POS" pos="VERB" tense="PRESENT">
      <token_anchor id="184" />
    </EVENT>
    <EVENT aspect="NONE" certainty="" class="STATE" comment="" factuality="" id="20" modality="NONE" polarity="POS" pos="ADJECTIVE" tense="PRESENT">
      <token_anchor id="187" />
    </EVENT>
    <EVENT aspect="PROGRESSIVE" certainty="" class="I_ACTION" comment="" factuality="" id="21" modality="NONE" polarity="POS" pos="VERB" tense="PRESENT">
      <token_anchor id="195" />
    </EVENT>
    <EVENT aspect="NONE" certainty="" class="OCCURRENCE" comment="" factuality="" id="22" modality="NONE" polarity="POS" pos="NOUN" tense="NONE">
      <token_anchor id="197" />
    </EVENT>
  </Markables>
  <Relations>
    <TLINK comment="" id="1" relType="IS_INCLUDED">
      <source id="1" />
      <target id="3" />
    </TLINK>
    <TLINK comment="" id="2" relType="IS_INCLUDED">
      <source id="2" />
      <target id="3" />
    </TLINK>
    <TLINK comment="" id="3" relType="AFTER">
      <source id="5" />
      <target id="6" />
    </TLINK>
    <TLINK comment="" id="4" relType="AFTER">
      <source id="8" />
      <target id="5" />
    </TLINK>
    <TLINK comment="" id="5" relType="BEFORE">
      <source id="9" />
      <target id="0" />
    </TLINK>
    <TLINK comment="" id="6" relType="SIMULTANEOUS">
      <source id="10" />
      <target id="11" />
    </TLINK>
    <TLINK comment="" id="7" relType="INCLUDES">
      <source id="11" />
      <target id="0" />
    </TLINK>
    <TLINK comment="" id="8" relType="INCLUDES">
      <source id="11" />
      <target id="12" />
    </TLINK>
    <TLINK comment="" id="9" relType="BEFORE">
      <source id="13" />
      <target id="0" />
    </TLINK>
    <TLINK comment="" id="10" relType="SIMULTANEOUS">
      <source id="14" />
      <target id="10" />
    </TLINK>
    <TLINK comment="" id="11" relType="IDENTITY">
      <source id="18" />
      <target id="0" />
    </TLINK>
    <TLINK comment="" id="12" relType="SIMULTANEOUS">
      <source id="19" />
      <target id="16" />
    </TLINK>
    <TLINK comment="" id="13" relType="BEFORE">
      <source id="21" />
      <target id="0" />
    </TLINK>
    <TLINK comment="" id="14" relType="AFTER">
      <source id="21" />
      <target id="22" />
    </TLINK>
    <TLINK comment="" id="15" relType="IDENTITY">
      <source id="22" />
      <target id="3" />
    </TLINK>
  </Relations>
  <token id="1" number="0" sentence="0">Major</token>
  <token id="2" number="1" sentence="0">job</token>
  <token id="3" number="2" sentence="0">cuts</token>
  <token id="4" number="3" sentence="0">at</token>
  <token id="5" number="4" sentence="0">AT</token>
  <token id="6" number="5" sentence="0">and</token>
  <token id="7" number="6" sentence="0">T.</token>
  <token id="8" number="7" sentence="1">The</token>
  <token id="9" number="8" sentence="1">long</token>
  <token id="10" number="9" sentence="1">distance</token>
  <token id="11" number="10" sentence="1">giant</token>
  <token id="12" number="11" sentence="1">slashing</token>
  <token id="13" number="12" sentence="1">up</token>
  <token id="14" number="13" sentence="1">to</token>
  <token id="15" number="14" sentence="1">eighteen</token>
  <token id="16" number="15" sentence="1">thousand</token>
  <token id="17" number="16" sentence="1">jobs</token>
  <token id="18" number="17" sentence="1">,</token>
  <token id="19" number="18" sentence="1">freezing</token>
  <token id="20" number="19" sentence="1">executive</token>
  <token id="21" number="20" sentence="1">salaries</token>
  <token id="22" number="21" sentence="1">and</token>
  <token id="23" number="22" sentence="1">shaking</token>
  <token id="24" number="23" sentence="1">up</token>
  <token id="25" number="24" sentence="1">management</token>
  <token id="26" number="25" sentence="1">.</token>
  <token id="27" number="26" sentence="2">The</token>
  <token id="28" number="27" sentence="2">changes</token>
  <token id="29" number="28" sentence="2">are</token>
  <token id="30" number="29" sentence="2">part</token>
  <token id="31" number="30" sentence="2">of</token>
  <token id="32" number="31" sentence="2">a</token>
  <token id="33" number="32" sentence="2">one</token>
  <token id="34" number="33" sentence="2">point</token>
  <token id="35" number="34" sentence="2">six</token>
  <token id="36" number="35" sentence="2">billion</token>
  <token id="37" number="36" sentence="2">dollar</token>
  <token id="38" number="37" sentence="2">cost</token>
  <token id="39" number="38" sentence="2">cutting</token>
  <token id="40" number="39" sentence="2">initiative</token>
  <token id="41" number="40" sentence="2">to</token>
  <token id="42" number="41" sentence="2">revitalize</token>
  <token id="43" number="42" sentence="2">its</token>
  <token id="44" number="43" sentence="2">position</token>
  <token id="45" number="44" sentence="2">in</token>
  <token id="46" number="45" sentence="2">the</token>
  <token id="47" number="46" sentence="2">telecommunications</token>
  <token id="48" number="47" sentence="2">business</token>
  <token id="49" number="48" sentence="2">.</token>
  <token id="50" number="49" sentence="3">Earlier</token>
  <token id="51" number="50" sentence="3">AT</token>
  <token id="52" number="51" sentence="3">and</token>
  <token id="53" number="52" sentence="3">T</token>
  <token id="54" number="53" sentence="3">also</token>
  <token id="55" number="54" sentence="3">announced</token>
  <token id="56" number="55" sentence="3">an</token>
  <token id="57" number="56" sentence="3">eighteen</token>
  <token id="58" number="57" sentence="3">percent</token>
  <token id="59" number="58" sentence="3">drop</token>
  <token id="60" number="59" sentence="3">in</token>
  <token id="61" number="60" sentence="3">profits</token>
  <token id="62" number="61" sentence="3">for</token>
  <token id="63" number="62" sentence="3">the</token>
  <token id="64" number="63" sentence="3">fourth</token>
  <token id="65" number="64" sentence="3">quarter</token>
  <token id="66" number="65" sentence="3">.</token>
  <token id="67" number="66" sentence="4">The</token>
  <token id="68" number="67" sentence="4">company</token>
  <token id="69" number="68" sentence="4">'s</token>
  <token id="70" number="69" sentence="4">sales</token>
  <token id="71" number="70" sentence="4">force</token>
  <token id="72" number="71" sentence="4">applauded</token>
  <token id="73" number="72" sentence="4">the</token>
  <token id="74" number="73" sentence="4">shake</token>
  <token id="75" number="74" sentence="4">up</token>
  <token id="76" number="75" sentence="4">.</token>
  <token id="77" number="76" sentence="5">It</token>
  <token id="78" number="77" sentence="5">'s</token>
  <token id="79" number="78" sentence="5">not</token>
  <token id="80" number="79" sentence="5">something</token>
  <token id="81" number="80" sentence="5">we</token>
  <token id="82" number="81" sentence="5">'re</token>
  <token id="83" number="82" sentence="5">not</token>
  <token id="84" number="83" sentence="5">used</token>
  <token id="85" number="84" sentence="5">to</token>
  <token id="86" number="85" sentence="5">in</token>
  <token id="87" number="86" sentence="5">the</token>
  <token id="88" number="87" sentence="5">industry</token>
  <token id="89" number="88" sentence="5">.</token>
  <token id="90" number="89" sentence="6">But</token>
  <token id="91" number="90" sentence="6">I</token>
  <token id="92" number="91" sentence="6">think</token>
  <token id="93" number="92" sentence="6">right</token>
  <token id="94" number="93" sentence="6">now</token>
  <token id="95" number="94" sentence="6">,</token>
  <token id="96" number="95" sentence="6">for</token>
  <token id="97" number="96" sentence="6">AT</token>
  <token id="98" number="97" sentence="6">and</token>
  <token id="99" number="98" sentence="6">T</token>
  <token id="100" number="99" sentence="6">and</token>
  <token id="101" number="100" sentence="6">the</token>
  <token id="102" number="101" sentence="6">people</token>
  <token id="103" number="102" sentence="6">here</token>
  <token id="104" number="103" sentence="6">,</token>
  <token id="105" number="104" sentence="6">it</token>
  <token id="106" number="105" sentence="6">'s</token>
  <token id="107" number="106" sentence="6">fairly</token>
  <token id="108" number="107" sentence="6">intense</token>
  <token id="109" number="108" sentence="6">as</token>
  <token id="110" number="109" sentence="6">you</token>
  <token id="111" number="110" sentence="6">might</token>
  <token id="112" number="111" sentence="6">w</token>
  <token id="113" number="112" sentence="6">-</token>
  <token id="114" number="113" sentence="6">well</token>
  <token id="115" number="114" sentence="6">imagine</token>
  <token id="116" number="115" sentence="6">.</token>
  <token id="117" number="116" sentence="7">I</token>
  <token id="118" number="117" sentence="7">mean</token>
  <token id="119" number="118" sentence="7">look</token>
  <token id="120" number="119" sentence="7">at</token>
  <token id="121" number="120" sentence="7">the</token>
  <token id="122" number="121" sentence="7">stock</token>
  <token id="123" number="122" sentence="7">.</token>
  <token id="124" number="123" sentence="8">You</token>
  <token id="125" number="124" sentence="8">know</token>
  <token id="126" number="125" sentence="8">,</token>
  <token id="127" number="126" sentence="8">since</token>
  <token id="128" number="127" sentence="8">he</token>
  <token id="129" number="128" sentence="8">'s</token>
  <token id="130" number="129" sentence="8">been</token>
  <token id="131" number="130" sentence="8">here</token>
  <token id="132" number="131" sentence="8">the</token>
  <token id="133" number="132" sentence="8">stock</token>
  <token id="134" number="133" sentence="8">skyrocketed</token>
  <token id="135" number="134" sentence="8">so</token>
  <token id="136" number="135" sentence="8">,</token>
  <token id="137" number="136" sentence="8">Yeah</token>
  <token id="138" number="137" sentence="8">I</token>
  <token id="139" number="138" sentence="8">think</token>
  <token id="140" number="139" sentence="8">he</token>
  <token id="141" number="140" sentence="8">'s</token>
  <token id="142" number="141" sentence="8">doing</token>
  <token id="143" number="142" sentence="8">the</token>
  <token id="144" number="143" sentence="8">right</token>
  <token id="145" number="144" sentence="8">thing</token>
  <token id="146" number="145" sentence="8">.</token>
  <token id="147" number="146" sentence="9">I</token>
  <token id="148" number="147" sentence="9">think</token>
  <token id="149" number="148" sentence="9">it</token>
  <token id="150" number="149" sentence="9">'s</token>
  <token id="151" number="150" sentence="9">a</token>
  <token id="152" number="151" sentence="9">good</token>
  <token id="153" number="152" sentence="9">thing</token>
  <token id="154" number="153" sentence="9">that</token>
  <token id="155" number="154" sentence="9">they</token>
  <token id="156" number="155" sentence="9">'re</token>
  <token id="157" number="156" sentence="9">finally</token>
  <token id="158" number="157" sentence="9">going</token>
  <token id="159" number="158" sentence="9">to</token>
  <token id="160" number="159" sentence="9">be</token>
  <token id="161" number="160" sentence="9">downsizing</token>
  <token id="162" number="161" sentence="9">you</token>
  <token id="163" number="162" sentence="9">know</token>
  <token id="164" number="163" sentence="9">some</token>
  <token id="165" number="164" sentence="9">management</token>
  <token id="166" number="165" sentence="9">because</token>
  <token id="167" number="166" sentence="9">there</token>
  <token id="168" number="167" sentence="9">is</token>
  <token id="169" number="168" sentence="9">a</token>
  <token id="170" number="169" sentence="9">whole</token>
  <token id="171" number="170" sentence="9">lot</token>
  <token id="172" number="171" sentence="9">of</token>
  <token id="173" number="172" sentence="9">waste</token>
  <token id="174" number="173" sentence="9">.</token>
  <token id="175" number="174" sentence="10">Good</token>
  <token id="176" number="175" sentence="10">news</token>
  <token id="177" number="176" sentence="10">for</token>
  <token id="178" number="177" sentence="10">AT</token>
  <token id="179" number="178" sentence="10">and</token>
  <token id="180" number="179" sentence="10">T</token>
  <token id="181" number="180" sentence="10">today</token>
  <token id="182" number="181" sentence="10">.</token>
  <token id="183" number="182" sentence="11">I</token>
  <token id="184" number="183" sentence="11">think</token>
  <token id="185" number="184" sentence="11">it</token>
  <token id="186" number="185" sentence="11">'s</token>
  <token id="187" number="186" sentence="11">excellent</token>
  <token id="188" number="187" sentence="11">for</token>
  <token id="189" number="188" sentence="11">the</token>
  <token id="190" number="189" sentence="11">company</token>
  <token id="191" number="190" sentence="11">.</token>
  <token id="192" number="191" sentence="12">But</token>
  <token id="193" number="192" sentence="12">investors</token>
  <token id="194" number="193" sentence="12">are</token>
  <token id="195" number="194" sentence="12">approaching</token>
  <token id="196" number="195" sentence="12">the</token>
  <token id="197" number="196" sentence="12">changes</token>
  <token id="198" number="197" sentence="12">with</token>
  <token id="199" number="198" sentence="12">caution</token>
  <token id="200" number="199" sentence="12">shares</token>
  <token id="201" number="200" sentence="12">of</token>
  <token id="202" number="201" sentence="12">AT</token>
  <token id="203" number="202" sentence="12">and</token>
  <token id="204" number="203" sentence="12">T</token>
  <token id="205" number="204" sentence="12">down</token>
  <token id="206" number="205" sentence="12">nearly</token>
  <token id="207" number="206" sentence="12">four</token>
  <token id="208" number="207" sentence="12">at</token>
  <token id="209" number="208" sentence="12">sixty-one</token>
  <token id="210" number="209" sentence="12">and</token>
  <token id="211" number="210" sentence="12">a</token>
  <token id="212" number="211" sentence="12">half</token>
  <token id="213" number="212" sentence="12">.</token>
</Document>
