<Document doc_name="CNN19980213.2130.0155">
  <Markables>
    <TIMEX3 RELATED_TO="" TAG_DESCRIPTOR="Empty_Mark" beginPoint="" comment="" endPoint="" freq="" functionInDocument="CREATION_TIME" id="0" quant="" type="DATE" value="1998-02-13" />
    <EVENT aspect="NONE" certainty="" class="REPORTING" comment="" factuality="" id="1" modality="NONE" polarity="POS" pos="VERB" tense="PRESENT">
      <token_anchor id="3" />
    </EVENT>
    <EVENT aspect="NONE" certainty="" class="I_STATE" comment="" factuality="" id="2" modality="NONE" polarity="POS" pos="VERB" tense="PRESENT">
      <token_anchor id="6" />
    </EVENT>
    <EVENT aspect="NONE" certainty="" class="OCCURRENCE" comment="" factuality="" id="3" modality="possible" polarity="POS" pos="NOUN" tense="NONE">
      <token_anchor id="10" />
    </EVENT>
    <EVENT aspect="NONE" certainty="" class="OCCURRENCE" comment="" factuality="" id="4" modality="NONE" polarity="POS" pos="NOUN" tense="NONE">
      <token_anchor id="15" />
    </EVENT>
    <EVENT aspect="NONE" certainty="" class="OCCURRENCE" comment="" factuality="" id="5" modality="NONE" polarity="POS" pos="NOUN" tense="NONE">
      <token_anchor id="28" />
    </EVENT>
    <EVENT aspect="NONE" certainty="" class="ASPECTUAL" comment="" factuality="" id="6" modality="NONE" polarity="POS" pos="VERB" tense="PRESENT">
      <token_anchor id="33" />
    </EVENT>
    <EVENT aspect="NONE" certainty="" class="OCCURRENCE" comment="" factuality="" id="7" modality="NONE" polarity="POS" pos="VERB" tense="PAST">
      <token_anchor id="38" />
    </EVENT>
    <EVENT aspect="NONE" certainty="" class="REPORTING" comment="" factuality="" id="8" modality="NONE" polarity="POS" pos="VERB" tense="PRESENT">
      <token_anchor id="46" />
    </EVENT>
    <EVENT aspect="NONE" certainty="" class="I_STATE" comment="" factuality="" id="9" modality="can" polarity="POS" pos="VERB" tense="NONE">
      <token_anchor id="53" />
    </EVENT>
    <EVENT aspect="NONE" certainty="" class="OCCURRENCE" comment="" factuality="" id="10" modality="NONE" polarity="POS" pos="NOUN" tense="NONE">
      <token_anchor id="56" />
    </EVENT>
    <EVENT aspect="NONE" certainty="" class="ASPECTUAL" comment="" factuality="" id="11" modality="NONE" polarity="POS" pos="VERB" tense="INFINITIVE">
      <token_anchor id="58" />
    </EVENT>
    <TIMEX3 anchorTimeID="0" beginPoint="" comment="" endPoint="" freq="" functionInDocument="NONE" id="12" quant="" type="DATE" value="FUTURE_REF">
      <token_anchor id="61" />
      <token_anchor id="62" />
    </TIMEX3>
    <EVENT aspect="NONE" certainty="" class="ASPECTUAL" comment="" factuality="" id="13" modality="NONE" polarity="NEG" pos="VERB" tense="PRESENT">
      <token_anchor id="67" />
    </EVENT>
    <EVENT aspect="NONE" certainty="" class="OCCURRENCE" comment="" factuality="" id="14" modality="NONE" polarity="POS" pos="VERB" tense="PRESPART">
      <token_anchor id="68" />
    </EVENT>
    <EVENT aspect="NONE" certainty="" class="I_STATE" comment="" factuality="" id="15" modality="NONE" polarity="POS" pos="VERB" tense="FUTURE">
      <token_anchor id="76" />
    </EVENT>
    <EVENT aspect="NONE" certainty="" class="OCCURRENCE" comment="" factuality="" id="16" modality="NONE" polarity="POS" pos="NOUN" tense="NONE">
      <token_anchor id="79" />
    </EVENT>
    <EVENT aspect="NONE" certainty="" class="OCCURRENCE" comment="" factuality="" id="17" modality="NONE" polarity="POS" pos="NOUN" tense="NONE">
      <token_anchor id="82" />
    </EVENT>
    <EVENT aspect="NONE" certainty="" class="I_STATE" comment="" factuality="" id="18" modality="NONE" polarity="POS" pos="VERB" tense="FUTURE">
      <token_anchor id="87" />
    </EVENT>
    <EVENT aspect="NONE" certainty="" class="OCCURRENCE" comment="" factuality="" id="19" modality="NONE" polarity="POS" pos="VERB" tense="INFINITIVE">
      <token_anchor id="89" />
    </EVENT>
    <EVENT aspect="PROGRESSIVE" certainty="" class="I_ACTION" comment="" factuality="" id="20" modality="NONE" polarity="POS" pos="VERB" tense="PRESENT">
      <token_anchor id="97" />
    </EVENT>
    <EVENT aspect="NONE" certainty="" class="OCCURRENCE" comment="" factuality="" id="21" modality="NONE" polarity="POS" pos="VERB" tense="INFINITIVE">
      <token_anchor id="99" />
    </EVENT>
    <EVENT aspect="NONE" certainty="" class="OCCURRENCE" comment="" factuality="" id="22" modality="NONE" polarity="POS" pos="VERB" tense="PAST">
      <token_anchor id="119" />
    </EVENT>
    <TIMEX3 beginPoint="" comment="" endPoint="" freq="" functionInDocument="NONE" id="23" quant="" type="DURATION" value="PT1H">
      <token_anchor id="123" />
      <token_anchor id="124" />
      <token_anchor id="125" />
      <token_anchor id="126" />
    </TIMEX3>
    <EVENT aspect="NONE" certainty="" class="REPORTING" comment="" factuality="" id="24" modality="NONE" polarity="POS" pos="VERB" tense="PRESPART">
      <token_anchor id="128" />
    </EVENT>
    <EVENT aspect="NONE" certainty="" class="OCCURRENCE" comment="" factuality="" id="25" modality="would" polarity="POS" pos="VERB" tense="NONE">
      <token_anchor id="131" />
    </EVENT>
    <EVENT aspect="NONE" certainty="" class="OCCURRENCE" comment="" factuality="" id="26" modality="NONE" polarity="POS" pos="VERB" tense="PRESPART">
      <token_anchor id="135" />
    </EVENT>
    <EVENT aspect="NONE" certainty="" class="OCCURRENCE" comment="" factuality="" id="27" modality="NONE" polarity="NEG" pos="NOUN" tense="NONE">
      <token_anchor id="138" />
    </EVENT>
    <EVENT aspect="NONE" certainty="" class="I_STATE" comment="" factuality="" id="28" modality="NONE" polarity="NEG" pos="VERB" tense="PRESENT">
      <token_anchor id="145" />
    </EVENT>
    <EVENT aspect="NONE" certainty="" class="OCCURRENCE" comment="" factuality="" id="29" modality="NONE" polarity="POS" pos="VERB" tense="INFINITIVE">
      <token_anchor id="147" />
    </EVENT>
    <EVENT aspect="NONE" certainty="" class="OCCURRENCE" comment="" factuality="" id="30" modality="NONE" polarity="POS" pos="VERB" tense="PRESPART">
      <token_anchor id="150" />
    </EVENT>
    <EVENT aspect="NONE" certainty="" class="REPORTING" comment="" factuality="" id="31" modality="NONE" polarity="POS" pos="VERB" tense="PAST">
      <token_anchor id="160" />
    </EVENT>
    <EVENT aspect="NONE" certainty="" class="I_ACTION" comment="" factuality="" id="32" modality="NONE" polarity="POS" pos="NOUN" tense="NONE">
      <token_anchor id="163" />
    </EVENT>
    <TIMEX3 anchorTimeID="0" beginPoint="" comment="" endPoint="" freq="" functionInDocument="NONE" id="33" quant="" type="DATE" value="1998-02-12">
      <token_anchor id="167" />
    </TIMEX3>
    <EVENT aspect="NONE" certainty="" class="OCCURRENCE" comment="" factuality="" id="34" modality="NONE" polarity="POS" pos="NOUN" tense="NONE">
      <token_anchor id="171" />
    </EVENT>
    <EVENT aspect="NONE" certainty="" class="OCCURRENCE" comment="" factuality="" id="35" modality="could" polarity="POS" pos="VERB" tense="NONE">
      <token_anchor id="175" />
    </EVENT>
    <EVENT aspect="PROGRESSIVE" certainty="" class="I_ACTION" comment="" factuality="" id="36" modality="NONE" polarity="POS" pos="VERB" tense="PRESENT">
      <token_anchor id="186" />
    </EVENT>
    <EVENT aspect="NONE" certainty="" class="OCCURRENCE" comment="" factuality="" id="37" modality="NONE" polarity="POS" pos="VERB" tense="INFINITIVE">
      <token_anchor id="188" />
    </EVENT>
    <EVENT aspect="NONE" certainty="" class="I_STATE" comment="" factuality="" id="38" modality="NONE" polarity="POS" pos="VERB" tense="PRESENT">
      <token_anchor id="195" />
    </EVENT>
    <EVENT aspect="NONE" certainty="" class="OCCURRENCE" comment="" factuality="" id="39" modality="NONE" polarity="POS" pos="VERB" tense="PRESENT">
      <token_anchor id="199" />
    </EVENT>
    <TIMEX3 anchorTimeID="0" beginPoint="" comment="" endPoint="" freq="" functionInDocument="NONE" id="40" quant="" type="DATE" value="1998-02-13">
      <token_anchor id="200" />
    </TIMEX3>
    <EVENT aspect="NONE" certainty="" class="ASPECTUAL" comment="" factuality="" id="41" modality="NONE" polarity="POS" pos="VERB" tense="FUTURE">
      <token_anchor id="208" />
    </EVENT>
    <EVENT aspect="NONE" certainty="" class="OCCURRENCE" comment="" factuality="" id="42" modality="NONE" polarity="POS" pos="VERB" tense="PAST">
      <token_anchor id="235" />
    </EVENT>
    <EVENT aspect="NONE" certainty="" class="OCCURRENCE" comment="" factuality="" id="43" modality="NONE" polarity="POS" pos="VERB" tense="PAST">
      <token_anchor id="242" />
    </EVENT>
    <TIMEX3 anchorTimeID="40" beginPoint="" comment="" endPoint="" freq="" functionInDocument="NONE" id="44" quant="" type="DATE" value="1998-02-13">
      <token_anchor id="247" />
      <token_anchor id="248" />
    </TIMEX3>
    <EVENT aspect="NONE" certainty="" class="REPORTING" comment="" factuality="" id="45" modality="NONE" polarity="POS" pos="VERB" tense="PAST">
      <token_anchor id="254" />
    </EVENT>
    <EVENT aspect="NONE" certainty="" class="OCCURRENCE" comment="" factuality="" id="46" modality="would" polarity="POS" pos="VERB" tense="NONE">
      <token_anchor id="257" />
    </EVENT>
    <EVENT aspect="NONE" certainty="" class="I_ACTION" comment="" factuality="" id="47" modality="NONE" polarity="POS" pos="VERB" tense="PRESENT">
      <token_anchor id="261" />
    </EVENT>
    <EVENT aspect="NONE" certainty="" class="I_ACTION" comment="" factuality="" id="48" modality="NONE" polarity="POS" pos="VERB" tense="INFINITIVE">
      <token_anchor id="263" />
    </EVENT>
    <EVENT aspect="NONE" certainty="" class="OCCURRENCE" comment="" factuality="" id="49" modality="NONE" polarity="POS" pos="VERB" tense="INFINITIVE">
      <token_anchor id="267" />
    </EVENT>
    <EVENT aspect="NONE" certainty="" class="I_ACTION" comment="" factuality="" id="50" modality="NONE" polarity="POS" pos="VERB" tense="PAST">
      <token_anchor id="277" />
    </EVENT>
    <EVENT aspect="NONE" certainty="" class="OCCURRENCE" comment="" factuality="" id="51" modality="NONE" polarity="POS" pos="VERB" tense="INFINITIVE">
      <token_anchor id="279" />
    </EVENT>
    <EVENT aspect="NONE" certainty="" class="REPORTING" comment="" factuality="" id="52" modality="NONE" polarity="POS" pos="VERB" tense="PRESPART">
      <token_anchor id="288" />
    </EVENT>
    <TIMEX3 anchorTimeID="0" beginPoint="" comment="" endPoint="" freq="" functionInDocument="NONE" id="53" quant="" type="DATE" value="1998-02-13">
      <token_anchor id="290" />
    </TIMEX3>
    <TIMEX3 anchorTimeID="53" beginPoint="" comment="" endPoint="" freq="" functionInDocument="NONE" id="54" quant="" type="DATE" value="PRESENT_REF">
      <token_anchor id="293" />
    </TIMEX3>
    <EVENT aspect="NONE" certainty="" class="I_STATE" comment="" factuality="" id="55" modality="NONE" polarity="POS" pos="VERB" tense="PRESENT">
      <token_anchor id="294" />
    </EVENT>
    <EVENT aspect="NONE" certainty="" class="OCCURRENCE" comment="" factuality="" id="56" modality="must" polarity="POS" pos="VERB" tense="NONE">
      <token_anchor id="298" />
    </EVENT>
    <EVENT aspect="NONE" certainty="" class="OCCURRENCE" comment="" factuality="" id="57" modality="NONE" polarity="POS" pos="VERB" tense="PRESENT">
      <token_anchor id="308" />
    </EVENT>
    <EVENT aspect="NONE" certainty="" class="OCCURRENCE" comment="" factuality="" id="58" modality="NONE" polarity="POS" pos="NOUN" tense="NONE">
      <token_anchor id="320" />
    </EVENT>
    <EVENT aspect="NONE" certainty="" class="I_STATE" comment="" factuality="" id="59" modality="NONE" polarity="NEG" pos="VERB" tense="PASTPART">
      <token_anchor id="321" />
    </EVENT>
    <EVENT aspect="NONE" certainty="" class="I_ACTION" comment="" factuality="" id="60" modality="NONE" polarity="POS" pos="VERB" tense="PAST">
      <token_anchor id="339" />
    </EVENT>
    <EVENT aspect="NONE" certainty="" class="I_STATE" comment="" factuality="" id="61" modality="NONE" polarity="POS" pos="NOUN" tense="NONE">
      <token_anchor id="340" />
    </EVENT>
    <EVENT aspect="NONE" certainty="" class="OCCURRENCE" comment="" factuality="" id="62" modality="NONE" polarity="POS" pos="VERB" tense="INFINITIVE">
      <token_anchor id="342" />
    </EVENT>
    <TIMEX3 anchorTimeID="0" beginPoint="" comment="" endPoint="" freq="" functionInDocument="NONE" id="63" quant="" type="DATE" value="1998-WXX">
      <token_anchor id="351" />
      <token_anchor id="352" />
    </TIMEX3>
    <EVENT aspect="NONE" certainty="" class="I_ACTION" comment="" factuality="" id="64" modality="NONE" polarity="POS" pos="VERB" tense="INFINITIVE">
      <token_anchor id="355" />
    </EVENT>
    <EVENT aspect="NONE" certainty="" class="STATE" comment="" factuality="" id="65" modality="NONE" polarity="POS" pos="VERB" tense="FUTURE">
      <token_anchor id="366" />
    </EVENT>
    <EVENT aspect="NONE" certainty="" class="OCCURRENCE" comment="" factuality="" id="66" modality="NONE" polarity="POS" pos="VERB" tense="PRESENT">
      <token_anchor id="369" />
    </EVENT>
  </Markables>
  <Relations>
    <TLINK comment="" id="1" relType="IS_INCLUDED">
      <source id="1" />
      <target id="0" />
    </TLINK>
    <TLINK comment="" id="2" relType="SIMULTANEOUS">
      <source id="4" />
      <target id="2" />
    </TLINK>
    <TLINK comment="" id="3" relType="INCLUDES">
      <source id="5" />
      <target id="6" />
    </TLINK>
    <TLINK comment="" id="4" relType="INCLUDES">
      <source id="6" />
      <target id="0" />
    </TLINK>
    <TLINK comment="" id="5" relType="BEFORE">
      <source id="7" />
      <target id="0" />
    </TLINK>
    <TLINK comment="" id="6" relType="IS_INCLUDED">
      <source id="7" />
      <target id="6" />
    </TLINK>
    <TLINK comment="" id="7" relType="IS_INCLUDED">
      <source id="8" />
      <target id="0" />
    </TLINK>
    <TLINK comment="" id="8" relType="BEGINS">
      <source id="8" />
      <target id="23" />
    </TLINK>
    <TLINK comment="" id="9" relType="INCLUDES">
      <source id="10" />
      <target id="11" />
    </TLINK>
    <TLINK comment="" id="10" relType="IS_INCLUDED">
      <source id="11" />
      <target id="12" />
    </TLINK>
    <TLINK comment="" id="11" relType="AFTER">
      <source id="11" />
      <target id="13" />
    </TLINK>
    <TLINK comment="" id="12" relType="BEFORE">
      <source id="14" />
      <target id="0" />
    </TLINK>
    <TLINK comment="" id="13" relType="AFTER">
      <source id="15" />
      <target id="16" />
    </TLINK>
    <TLINK comment="" id="14" relType="AFTER">
      <source id="15" />
      <target id="17" />
    </TLINK>
    <TLINK comment="" id="15" relType="AFTER">
      <source id="22" />
      <target id="8" />
    </TLINK>
    <TLINK comment="" id="16" relType="ENDS">
      <source id="22" />
      <target id="23" />
    </TLINK>
    <TLINK comment="" id="17" relType="INCLUDES">
      <source id="22" />
      <target id="24" />
    </TLINK>
    <TLINK comment="" id="18" relType="SIMULTANEOUS">
      <source id="25" />
      <target id="26" />
    </TLINK>
    <TLINK comment="" id="19" relType="IS_INCLUDED">
      <source id="26" />
      <target id="19" />
    </TLINK>
    <TLINK comment="" id="20" relType="AFTER">
      <source id="26" />
      <target id="27" />
    </TLINK>
    <TLINK comment="" id="21" relType="IS_INCLUDED">
      <source id="28" />
      <target id="0" />
    </TLINK>
    <TLINK comment="" id="22" relType="BEFORE">
      <source id="29" />
      <target id="30" />
    </TLINK>
    <TLINK comment="" id="23" relType="AFTER">
      <source id="31" />
      <target id="32" />
    </TLINK>
    <TLINK comment="" id="24" relType="IS_INCLUDED">
      <source id="31" />
      <target id="44" />
    </TLINK>
    <TLINK comment="" id="25" relType="IS_INCLUDED">
      <source id="32" />
      <target id="33" />
    </TLINK>
    <TLINK comment="" id="26" relType="IS_INCLUDED">
      <source id="39" />
      <target id="40" />
    </TLINK>
    <TLINK comment="" id="27" relType="AFTER">
      <source id="41" />
      <target id="39" />
    </TLINK>
    <TLINK comment="" id="28" relType="SIMULTANEOUS">
      <source id="42" />
      <target id="43" />
    </TLINK>
    <TLINK comment="" id="29" relType="AFTER">
      <source id="43" />
      <target id="31" />
    </TLINK>
    <TLINK comment="" id="30" relType="IS_INCLUDED">
      <source id="43" />
      <target id="44" />
    </TLINK>
    <TLINK comment="" id="31" relType="AFTER">
      <source id="45" />
      <target id="43" />
    </TLINK>
    <TLINK comment="" id="32" relType="AFTER">
      <source id="46" />
      <target id="47" />
    </TLINK>
    <TLINK comment="" id="33" relType="SIMULTANEOUS">
      <source id="50" />
      <target id="45" />
    </TLINK>
    <TLINK comment="" id="34" relType="IS_INCLUDED">
      <source id="50" />
      <target id="53" />
    </TLINK>
    <TLINK comment="" id="35" relType="SIMULTANEOUS">
      <source id="50" />
      <target id="60" />
    </TLINK>
    <TLINK comment="" id="36" relType="IS_INCLUDED">
      <source id="52" />
      <target id="50" />
    </TLINK>
    <TLINK comment="" id="37" relType="IS_INCLUDED">
      <source id="52" />
      <target id="53" />
    </TLINK>
    <TLINK comment="" id="38" relType="IS_INCLUDED">
      <source id="55" />
      <target id="54" />
    </TLINK>
    <TLINK comment="" id="39" relType="ENDED_BY">
      <source id="56" />
      <target id="57" />
    </TLINK>
    <TLINK comment="" id="40" relType="IS_INCLUDED">
      <source id="59" />
      <target id="0" />
    </TLINK>
    <TLINK comment="" id="41" relType="IS_INCLUDED">
      <source id="62" />
      <target id="63" />
    </TLINK>
    <TLINK comment="" id="42" relType="AFTER">
      <source id="65" />
      <target id="66" />
    </TLINK>
  </Relations>
  <token id="1" number="0" sentence="0">President</token>
  <token id="2" number="1" sentence="0">Clinton</token>
  <token id="3" number="2" sentence="0">says</token>
  <token id="4" number="3" sentence="0">he</token>
  <token id="5" number="4" sentence="0">is</token>
  <token id="6" number="5" sentence="0">committed</token>
  <token id="7" number="6" sentence="0">to</token>
  <token id="8" number="7" sentence="0">a</token>
  <token id="9" number="8" sentence="0">possible</token>
  <token id="10" number="9" sentence="0">strike</token>
  <token id="11" number="10" sentence="0">against</token>
  <token id="12" number="11" sentence="0">Iraq</token>
  <token id="13" number="12" sentence="0">,</token>
  <token id="14" number="13" sentence="0">despite</token>
  <token id="15" number="14" sentence="0">objections</token>
  <token id="16" number="15" sentence="0">from</token>
  <token id="17" number="16" sentence="0">other</token>
  <token id="18" number="17" sentence="0">countries</token>
  <token id="19" number="18" sentence="0">.</token>
  <token id="20" number="19" sentence="1">Steve</token>
  <token id="21" number="20" sentence="1">Hurst</token>
  <token id="22" number="21" sentence="1">has</token>
  <token id="23" number="22" sentence="1">that</token>
  <token id="24" number="23" sentence="1">.</token>
  <token id="25" number="24" sentence="2">The</token>
  <token id="26" number="25" sentence="2">US</token>
  <token id="27" number="26" sentence="2">military</token>
  <token id="28" number="27" sentence="2">buildup</token>
  <token id="29" number="28" sentence="2">in</token>
  <token id="30" number="29" sentence="2">the</token>
  <token id="31" number="30" sentence="2">Persian</token>
  <token id="32" number="31" sentence="2">gulf</token>
  <token id="33" number="32" sentence="2">continues</token>
  <token id="34" number="33" sentence="2">apace</token>
  <token id="35" number="34" sentence="2">,</token>
  <token id="36" number="35" sentence="2">more</token>
  <token id="37" number="36" sentence="2">planes</token>
  <token id="38" number="37" sentence="2">headed</token>
  <token id="39" number="38" sentence="2">from</token>
  <token id="40" number="39" sentence="2">the</token>
  <token id="41" number="40" sentence="2">united</token>
  <token id="42" number="41" sentence="2">states</token>
  <token id="43" number="42" sentence="2">and</token>
  <token id="44" number="43" sentence="2">senior</token>
  <token id="45" number="44" sentence="2">officials</token>
  <token id="46" number="45" sentence="2">say</token>
  <token id="47" number="46" sentence="2">Iraq</token>
  <token id="48" number="47" sentence="2">'s</token>
  <token id="49" number="48" sentence="2">president</token>
  <token id="50" number="49" sentence="2">Saddam</token>
  <token id="51" number="50" sentence="2">Hussein</token>
  <token id="52" number="51" sentence="2">can</token>
  <token id="53" number="52" sentence="2">expect</token>
  <token id="54" number="53" sentence="2">punishing</token>
  <token id="55" number="54" sentence="2">air</token>
  <token id="56" number="55" sentence="2">strikes</token>
  <token id="57" number="56" sentence="2">to</token>
  <token id="58" number="57" sentence="2">continue</token>
  <token id="59" number="58" sentence="2">well</token>
  <token id="60" number="59" sentence="2">into</token>
  <token id="61" number="60" sentence="2">the</token>
  <token id="62" number="61" sentence="2">future</token>
  <token id="63" number="62" sentence="2">if</token>
  <token id="64" number="63" sentence="2">he</token>
  <token id="65" number="64" sentence="2">does</token>
  <token id="66" number="65" sentence="2">n't</token>
  <token id="67" number="66" sentence="2">stop</token>
  <token id="68" number="67" sentence="2">building</token>
  <token id="69" number="68" sentence="2">biological</token>
  <token id="70" number="69" sentence="2">and</token>
  <token id="71" number="70" sentence="2">chemical</token>
  <token id="72" number="71" sentence="2">weapons</token>
  <token id="73" number="72" sentence="2">.</token>
  <token id="74" number="73" sentence="3">Saddam</token>
  <token id="75" number="74" sentence="3">will</token>
  <token id="76" number="75" sentence="3">know</token>
  <token id="77" number="76" sentence="3">by</token>
  <token id="78" number="77" sentence="3">our</token>
  <token id="79" number="78" sentence="3">actions</token>
  <token id="80" number="79" sentence="3">and</token>
  <token id="81" number="80" sentence="3">our</token>
  <token id="82" number="81" sentence="3">warning</token>
  <token id="83" number="82" sentence="3">that</token>
  <token id="84" number="83" sentence="3">we</token>
  <token id="85" number="84" sentence="3">will</token>
  <token id="86" number="85" sentence="3">be</token>
  <token id="87" number="86" sentence="3">prepared</token>
  <token id="88" number="87" sentence="3">to</token>
  <token id="89" number="88" sentence="3">act</token>
  <token id="90" number="89" sentence="3">again</token>
  <token id="91" number="90" sentence="3">if</token>
  <token id="92" number="91" sentence="3">we</token>
  <token id="93" number="92" sentence="3">have</token>
  <token id="94" number="93" sentence="3">evidence</token>
  <token id="95" number="94" sentence="3">he</token>
  <token id="96" number="95" sentence="3">is</token>
  <token id="97" number="96" sentence="3">trying</token>
  <token id="98" number="97" sentence="3">to</token>
  <token id="99" number="98" sentence="3">rebuild</token>
  <token id="100" number="99" sentence="3">his</token>
  <token id="101" number="100" sentence="3">weapons</token>
  <token id="102" number="101" sentence="3">of</token>
  <token id="103" number="102" sentence="3">mass</token>
  <token id="104" number="103" sentence="3">destruction</token>
  <token id="105" number="104" sentence="3">capabilities</token>
  <token id="106" number="105" sentence="3">.</token>
  <token id="107" number="106" sentence="4">In</token>
  <token id="108" number="107" sentence="4">a</token>
  <token id="109" number="108" sentence="4">bit</token>
  <token id="110" number="109" sentence="4">of</token>
  <token id="111" number="110" sentence="4">television</token>
  <token id="112" number="111" sentence="4">diplomacy</token>
  <token id="113" number="112" sentence="4">,</token>
  <token id="114" number="113" sentence="4">Iraq</token>
  <token id="115" number="114" sentence="4">'s</token>
  <token id="116" number="115" sentence="4">deputy</token>
  <token id="117" number="116" sentence="4">foreign</token>
  <token id="118" number="117" sentence="4">minister</token>
  <token id="119" number="118" sentence="4">responded</token>
  <token id="120" number="119" sentence="4">from</token>
  <token id="121" number="120" sentence="4">Baghdad</token>
  <token id="122" number="121" sentence="4">in</token>
  <token id="123" number="122" sentence="4">less</token>
  <token id="124" number="123" sentence="4">than</token>
  <token id="125" number="124" sentence="4">one</token>
  <token id="126" number="125" sentence="4">hour</token>
  <token id="127" number="126" sentence="4">,</token>
  <token id="128" number="127" sentence="4">saying</token>
  <token id="129" number="128" sentence="4">Washington</token>
  <token id="130" number="129" sentence="4">would</token>
  <token id="131" number="130" sentence="4">break</token>
  <token id="132" number="131" sentence="4">international</token>
  <token id="133" number="132" sentence="4">law</token>
  <token id="134" number="133" sentence="4">by</token>
  <token id="135" number="134" sentence="4">attacking</token>
  <token id="136" number="135" sentence="4">without</token>
  <token id="137" number="136" sentence="4">UN</token>
  <token id="138" number="137" sentence="4">approval</token>
  <token id="139" number="138" sentence="4">.</token>
  <token id="140" number="139" sentence="5">The</token>
  <token id="141" number="140" sentence="5">united</token>
  <token id="142" number="141" sentence="5">states</token>
  <token id="143" number="142" sentence="5">is</token>
  <token id="144" number="143" sentence="5">not</token>
  <token id="145" number="144" sentence="5">authorized</token>
  <token id="146" number="145" sentence="5">to</token>
  <token id="147" number="146" sentence="5">use</token>
  <token id="148" number="147" sentence="5">force</token>
  <token id="149" number="148" sentence="5">before</token>
  <token id="150" number="149" sentence="5">going</token>
  <token id="151" number="150" sentence="5">to</token>
  <token id="152" number="151" sentence="5">the</token>
  <token id="153" number="152" sentence="5">council</token>
  <token id="154" number="153" sentence="5">.</token>
  <token id="155" number="154" sentence="6">President</token>
  <token id="156" number="155" sentence="6">Clinton</token>
  <token id="157" number="156" sentence="6">,</token>
  <token id="158" number="157" sentence="6">meantime</token>
  <token id="159" number="158" sentence="6">,</token>
  <token id="160" number="159" sentence="6">glossed</token>
  <token id="161" number="160" sentence="6">over</token>
  <token id="162" number="161" sentence="6">stern</token>
  <token id="163" number="162" sentence="6">warnings</token>
  <token id="164" number="163" sentence="6">from</token>
  <token id="165" number="164" sentence="6">Moscow</token>
  <token id="166" number="165" sentence="6">on</token>
  <token id="167" number="166" sentence="6">Thursday</token>
  <token id="168" number="167" sentence="6">that</token>
  <token id="169" number="168" sentence="6">US</token>
  <token id="170" number="169" sentence="6">air</token>
  <token id="171" number="170" sentence="6">strikes</token>
  <token id="172" number="171" sentence="6">against</token>
  <token id="173" number="172" sentence="6">Iraq</token>
  <token id="174" number="173" sentence="6">could</token>
  <token id="175" number="174" sentence="6">do</token>
  <token id="176" number="175" sentence="6">serious</token>
  <token id="177" number="176" sentence="6">harm</token>
  <token id="178" number="177" sentence="6">to</token>
  <token id="179" number="178" sentence="6">relations</token>
  <token id="180" number="179" sentence="6">with</token>
  <token id="181" number="180" sentence="6">the</token>
  <token id="182" number="181" sentence="6">Kremlin</token>
  <token id="183" number="182" sentence="6">.</token>
  <token id="184" number="183" sentence="7">We</token>
  <token id="185" number="184" sentence="7">'re</token>
  <token id="186" number="185" sentence="7">trying</token>
  <token id="187" number="186" sentence="7">to</token>
  <token id="188" number="187" sentence="7">find</token>
  <token id="189" number="188" sentence="7">a</token>
  <token id="190" number="189" sentence="7">diplomatic</token>
  <token id="191" number="190" sentence="7">solution</token>
  <token id="192" number="191" sentence="7">.</token>
  <token id="193" number="192" sentence="8">And</token>
  <token id="194" number="193" sentence="8">I</token>
  <token id="195" number="194" sentence="8">hope</token>
  <token id="196" number="195" sentence="8">that</token>
  <token id="197" number="196" sentence="8">,</token>
  <token id="198" number="197" sentence="8">whatever</token>
  <token id="199" number="198" sentence="8">happens</token>
  <token id="200" number="199" sentence="8">today</token>
  <token id="201" number="200" sentence="8">,</token>
  <token id="202" number="201" sentence="8">that</token>
  <token id="203" number="202" sentence="8">our</token>
  <token id="204" number="203" sentence="8">relationships</token>
  <token id="205" number="204" sentence="8">with</token>
  <token id="206" number="205" sentence="8">Russia</token>
  <token id="207" number="206" sentence="8">will</token>
  <token id="208" number="207" sentence="8">continue</token>
  <token id="209" number="208" sentence="8">to</token>
  <token id="210" number="209" sentence="8">be</token>
  <token id="211" number="210" sentence="8">productive</token>
  <token id="212" number="211" sentence="8">and</token>
  <token id="213" number="212" sentence="8">constructive</token>
  <token id="214" number="213" sentence="8">and</token>
  <token id="215" number="214" sentence="8">strong</token>
  <token id="216" number="215" sentence="8">,</token>
  <token id="217" number="216" sentence="8">because</token>
  <token id="218" number="217" sentence="8">that</token>
  <token id="219" number="218" sentence="8">'s</token>
  <token id="220" number="219" sentence="8">very</token>
  <token id="221" number="220" sentence="8">important</token>
  <token id="222" number="221" sentence="8">to</token>
  <token id="223" number="222" sentence="8">the</token>
  <token id="224" number="223" sentence="8">future</token>
  <token id="225" number="224" sentence="8">of</token>
  <token id="226" number="225" sentence="8">our</token>
  <token id="227" number="226" sentence="8">peoples</token>
  <token id="228" number="227" sentence="8">.</token>
  <token id="229" number="228" sentence="9">One</token>
  <token id="230" number="229" sentence="9">contrary</token>
  <token id="231" number="230" sentence="9">view</token>
  <token id="232" number="231" sentence="9">of</token>
  <token id="233" number="232" sentence="9">the</token>
  <token id="234" number="233" sentence="9">issue</token>
  <token id="235" number="234" sentence="9">presented</token>
  <token id="236" number="235" sentence="9">itself</token>
  <token id="237" number="236" sentence="9">to</token>
  <token id="238" number="237" sentence="9">the</token>
  <token id="239" number="238" sentence="9">president</token>
  <token id="240" number="239" sentence="9">as</token>
  <token id="241" number="240" sentence="9">he</token>
  <token id="242" number="241" sentence="9">arrived</token>
  <token id="243" number="242" sentence="9">in</token>
  <token id="244" number="243" sentence="9">Philadelphia</token>
  <token id="245" number="244" sentence="9">later</token>
  <token id="246" number="245" sentence="9">in</token>
  <token id="247" number="246" sentence="9">the</token>
  <token id="248" number="247" sentence="9">day</token>
  <token id="249" number="248" sentence="9">.</token>
  <token id="250" number="249" sentence="10">Nevertheless</token>
  <token id="251" number="250" sentence="10">,</token>
  <token id="252" number="251" sentence="10">the</token>
  <token id="253" number="252" sentence="10">president</token>
  <token id="254" number="253" sentence="10">said</token>
  <token id="255" number="254" sentence="10">Washington</token>
  <token id="256" number="255" sentence="10">would</token>
  <token id="257" number="256" sentence="10">use</token>
  <token id="258" number="257" sentence="10">force</token>
  <token id="259" number="258" sentence="10">if</token>
  <token id="260" number="259" sentence="10">diplomacy</token>
  <token id="261" number="260" sentence="10">fails</token>
  <token id="262" number="261" sentence="10">to</token>
  <token id="263" number="262" sentence="10">force</token>
  <token id="264" number="263" sentence="10">Saddam</token>
  <token id="265" number="264" sentence="10">Hussein</token>
  <token id="266" number="265" sentence="10">to</token>
  <token id="267" number="266" sentence="10">back</token>
  <token id="268" number="267" sentence="10">down</token>
  <token id="269" number="268" sentence="10">.</token>
  <token id="270" number="269" sentence="11">The</token>
  <token id="271" number="270" sentence="11">Russian</token>
  <token id="272" number="271" sentence="11">foreign</token>
  <token id="273" number="272" sentence="11">minister</token>
  <token id="274" number="273" sentence="11">,</token>
  <token id="275" number="274" sentence="11">meanwhile</token>
  <token id="276" number="275" sentence="11">,</token>
  <token id="277" number="276" sentence="11">sought</token>
  <token id="278" number="277" sentence="11">to</token>
  <token id="279" number="278" sentence="11">soften</token>
  <token id="280" number="279" sentence="11">the</token>
  <token id="281" number="280" sentence="11">harsh</token>
  <token id="282" number="281" sentence="11">words</token>
  <token id="283" number="282" sentence="11">of</token>
  <token id="284" number="283" sentence="11">his</token>
  <token id="285" number="284" sentence="11">military</token>
  <token id="286" number="285" sentence="11">counterpart</token>
  <token id="287" number="286" sentence="11">,</token>
  <token id="288" number="287" sentence="11">saying</token>
  <token id="289" number="288" sentence="11">on</token>
  <token id="290" number="289" sentence="11">Friday</token>
  <token id="291" number="290" sentence="11">that</token>
  <token id="292" number="291" sentence="11">Russia</token>
  <token id="293" number="292" sentence="11">now</token>
  <token id="294" number="293" sentence="11">feels</token>
  <token id="295" number="294" sentence="11">the</token>
  <token id="296" number="295" sentence="11">US</token>
  <token id="297" number="296" sentence="11">must</token>
  <token id="298" number="297" sentence="11">hold</token>
  <token id="299" number="298" sentence="11">off</token>
  <token id="300" number="299" sentence="11">at</token>
  <token id="301" number="300" sentence="11">least</token>
  <token id="302" number="301" sentence="11">until</token>
  <token id="303" number="302" sentence="11">UN</token>
  <token id="304" number="303" sentence="11">secretary</token>
  <token id="305" number="304" sentence="11">general</token>
  <token id="306" number="305" sentence="11">Kofi</token>
  <token id="307" number="306" sentence="11">Annan</token>
  <token id="308" number="307" sentence="11">visits</token>
  <token id="309" number="308" sentence="11">Baghdad</token>
  <token id="310" number="309" sentence="11">in</token>
  <token id="311" number="310" sentence="11">a</token>
  <token id="312" number="311" sentence="11">last-ditch</token>
  <token id="313" number="312" sentence="11">effort</token>
  <token id="314" number="313" sentence="11">at</token>
  <token id="315" number="314" sentence="11">diplomacy</token>
  <token id="316" number="315" sentence="11">.</token>
  <token id="317" number="316" sentence="12">Annan</token>
  <token id="318" number="317" sentence="12">has</token>
  <token id="319" number="318" sentence="12">no</token>
  <token id="320" number="319" sentence="12">trip</token>
  <token id="321" number="320" sentence="12">planned</token>
  <token id="322" number="321" sentence="12">so</token>
  <token id="323" number="322" sentence="12">far</token>
  <token id="324" number="323" sentence="12">.</token>
  <token id="325" number="324" sentence="13">Meanwhile</token>
  <token id="326" number="325" sentence="13">,</token>
  <token id="327" number="326" sentence="13">secretary</token>
  <token id="328" number="327" sentence="13">of</token>
  <token id="329" number="328" sentence="13">state</token>
  <token id="330" number="329" sentence="13">Madeleine</token>
  <token id="331" number="330" sentence="13">Albright</token>
  <token id="332" number="331" sentence="13">,</token>
  <token id="333" number="332" sentence="13">Berger</token>
  <token id="334" number="333" sentence="13">and</token>
  <token id="335" number="334" sentence="13">defense</token>
  <token id="336" number="335" sentence="13">secretary</token>
  <token id="337" number="336" sentence="13">William</token>
  <token id="338" number="337" sentence="13">Cohen</token>
  <token id="339" number="338" sentence="13">announced</token>
  <token id="340" number="339" sentence="13">plans</token>
  <token id="341" number="340" sentence="13">to</token>
  <token id="342" number="341" sentence="13">travel</token>
  <token id="343" number="342" sentence="13">to</token>
  <token id="344" number="343" sentence="13">an</token>
  <token id="345" number="344" sentence="13">unnamed</token>
  <token id="346" number="345" sentence="13">city</token>
  <token id="347" number="346" sentence="13">in</token>
  <token id="348" number="347" sentence="13">the</token>
  <token id="349" number="348" sentence="13">US</token>
  <token id="350" number="349" sentence="13">heartland</token>
  <token id="351" number="350" sentence="13">next</token>
  <token id="352" number="351" sentence="13">week</token>
  <token id="353" number="352" sentence="13">,</token>
  <token id="354" number="353" sentence="13">to</token>
  <token id="355" number="354" sentence="13">explain</token>
  <token id="356" number="355" sentence="13">to</token>
  <token id="357" number="356" sentence="13">the</token>
  <token id="358" number="357" sentence="13">American</token>
  <token id="359" number="358" sentence="13">people</token>
  <token id="360" number="359" sentence="13">just</token>
  <token id="361" number="360" sentence="13">why</token>
  <token id="362" number="361" sentence="13">military</token>
  <token id="363" number="362" sentence="13">force</token>
  <token id="364" number="363" sentence="13">will</token>
  <token id="365" number="364" sentence="13">be</token>
  <token id="366" number="365" sentence="13">necessary</token>
  <token id="367" number="366" sentence="13">if</token>
  <token id="368" number="367" sentence="13">diplomacy</token>
  <token id="369" number="368" sentence="13">fails</token>
  <token id="370" number="369" sentence="13">.</token>
  <token id="371" number="370" sentence="14">Steve</token>
  <token id="372" number="371" sentence="14">Hurst</token>
  <token id="373" number="372" sentence="14">,</token>
  <token id="374" number="373" sentence="14">CNN</token>
  <token id="375" number="374" sentence="14">,</token>
  <token id="376" number="375" sentence="14">the</token>
  <token id="377" number="376" sentence="14">state</token>
  <token id="378" number="377" sentence="14">department</token>
  <token id="379" number="378" sentence="14">.</token>
</Document>
