<Document doc_name="CNN19980222.1130.0084">
  <Markables>
    <TIMEX3 RELATED_TO="" TAG_DESCRIPTOR="Empty_Mark" beginPoint="" comment="" endPoint="" freq="" functionInDocument="CREATION_TIME" id="0" quant="" type="DATE" value="1998-02-22" />
    <EVENT aspect="NONE" certainty="" class="I_STATE" comment="" factuality="" id="1" modality="NONE" polarity="POS" pos="VERB" tense="PRESENT">
      <token_anchor id="11" />
    </EVENT>
    <EVENT aspect="NONE" certainty="" class="I_ACTION" comment="" factuality="" id="2" modality="NONE" polarity="POS" pos="VERB" tense="PRESPART">
      <token_anchor id="14" />
    </EVENT>
    <EVENT aspect="NONE" certainty="" class="I_ACTION" comment="" factuality="" id="3" modality="NONE" polarity="POS" pos="VERB" tense="PRESPART">
      <token_anchor id="17" />
    </EVENT>
    <EVENT aspect="NONE" certainty="" class="OCCURRENCE" comment="" factuality="" id="4" modality="NONE" polarity="POS" pos="NOUN" tense="NONE">
      <token_anchor id="22" />
    </EVENT>
    <EVENT aspect="NONE" certainty="" class="REPORTING" comment="" factuality="" id="5" modality="NONE" polarity="POS" pos="VERB" tense="PRESENT">
      <token_anchor id="29" />
    </EVENT>
    <EVENT aspect="NONE" certainty="" class="REPORTING" comment="" factuality="" id="6" modality="NONE" polarity="POS" pos="VERB" tense="PAST">
      <token_anchor id="44" />
    </EVENT>
    <EVENT aspect="NONE" certainty="" class="OCCURRENCE" comment="" factuality="" id="7" modality="NONE" polarity="NEG" pos="ADJECTIVE" tense="PRESENT">
      <token_anchor id="48" />
    </EVENT>
    <EVENT aspect="NONE" certainty="" class="ASPECTUAL" comment="" factuality="" id="8" modality="NONE" polarity="POS" pos="VERB" tense="PAST">
      <token_anchor id="52" />
    </EVENT>
    <TIMEX3 beginPoint="" comment="" endPoint="" freq="" functionInDocument="NONE" id="9" quant="" type="DURATION" value="PT3H">
      <token_anchor id="55" />
      <token_anchor id="56" />
    </TIMEX3>
    <EVENT aspect="NONE" certainty="" class="OCCURRENCE" comment="" factuality="" id="10" modality="NONE" polarity="POS" pos="NOUN" tense="NONE">
      <token_anchor id="57" />
    </EVENT>
    <TIMEX3 anchorTimeID="0" beginPoint="" comment="" endPoint="" freq="" functionInDocument="NONE" id="11" quant="" type="DATE" value="1998-02-22">
      <token_anchor id="65" />
    </TIMEX3>
    <EVENT aspect="NONE" certainty="" class="I_STATE" comment="" factuality="" id="12" modality="NONE" polarity="POS" pos="VERB" tense="PRESENT">
      <token_anchor id="69" />
    </EVENT>
    <EVENT aspect="NONE" certainty="" class="OCCURRENCE" comment="" factuality="" id="13" modality="NONE" polarity="POS" pos="VERB" tense="INFINITIVE">
      <token_anchor id="71" />
    </EVENT>
    <TIMEX3 anchorTimeID="0" beginPoint="" comment="" endPoint="" freq="" functionInDocument="NONE" id="14" quant="" type="TIME" value="1998-02-22TAF">
      <token_anchor id="79" />
      <token_anchor id="80" />
      <token_anchor id="81" />
    </TIMEX3>
    <EVENT aspect="NONE" certainty="" class="I_ACTION" comment="" factuality="" id="15" modality="NONE" polarity="POS" pos="NOUN" tense="NONE">
      <token_anchor id="91" />
    </EVENT>
    <EVENT aspect="NONE" certainty="" class="OCCURRENCE" comment="" factuality="" id="16" modality="NONE" polarity="POS" pos="VERB" tense="INFINITIVE">
      <token_anchor id="93" />
    </EVENT>
    <TIMEX3 beginPoint="" comment="" endPoint="" freq="" functionInDocument="NONE" id="17" quant="" type="DURATION" value="P60D">
      <token_anchor id="99" />
      <token_anchor id="100" />
      <token_anchor id="101" />
      <token_anchor id="102" />
      <token_anchor id="103" />
    </TIMEX3>
    <EVENT aspect="NONE" certainty="" class="I_ACTION" comment="" factuality="" id="18" modality="NONE" polarity="POS" pos="VERB" tense="PRESENT">
      <token_anchor id="109" />
    </EVENT>
    <EVENT aspect="NONE" certainty="" class="I_ACTION" comment="" factuality="" id="19" modality="NONE" polarity="POS" pos="NOUN" tense="NONE">
      <token_anchor id="111" />
    </EVENT>
    <EVENT aspect="NONE" certainty="" class="I_STATE" comment="" factuality="" id="20" modality="must" polarity="POS" pos="VERB" tense="NONE">
      <token_anchor id="113" />
    </EVENT>
    <EVENT aspect="NONE" certainty="" class="OCCURRENCE" comment="" factuality="" id="21" modality="NONE" polarity="POS" pos="NOUN" tense="NONE">
      <token_anchor id="117" />
    </EVENT>
  </Markables>
  <Relations>
    <TLINK comment="" id="1" relType="IS_INCLUDED">
      <source id="1" />
      <target id="0" />
    </TLINK>
    <TLINK comment="" id="2" relType="SIMULTANEOUS">
      <source id="2" />
      <target id="3" />
    </TLINK>
    <TLINK comment="" id="3" relType="SIMULTANEOUS">
      <source id="5" />
      <target id="6" />
    </TLINK>
    <TLINK comment="" id="4" relType="IS_INCLUDED">
      <source id="8" />
      <target id="11" />
    </TLINK>
    <TLINK comment="" id="5" relType="DURING">
      <source id="10" />
      <target id="9" />
    </TLINK>
    <TLINK comment="" id="6" relType="IS_INCLUDED">
      <source id="12" />
      <target id="14" />
    </TLINK>
    <TLINK comment="" id="7" relType="IS_INCLUDED">
      <source id="13" />
      <target id="14" />
    </TLINK>
    <TLINK comment="" id="8" relType="BEFORE">
      <source id="15" />
      <target id="0" />
    </TLINK>
    <TLINK comment="" id="9" relType="DURING">
      <source id="16" />
      <target id="17" />
    </TLINK>
    <TLINK comment="" id="10" relType="IS_INCLUDED">
      <source id="18" />
      <target id="14" />
    </TLINK>
    <CLINK comment="" id="11">
      <source id="19" />
      <target id="21" />
    </CLINK>
    <TLINK comment="" id="12" relType="IS_INCLUDED">
      <source id="20" />
      <target id="19" />
    </TLINK>
  </Relations>
  <token id="1" number="0" sentence="0">CNN</token>
  <token id="2" number="1" sentence="0">headline</token>
  <token id="3" number="2" sentence="0">news</token>
  <token id="4" number="3" sentence="0">,</token>
  <token id="5" number="4" sentence="0">I</token>
  <token id="6" number="5" sentence="0">'m</token>
  <token id="7" number="6" sentence="0">Sachi</token>
  <token id="8" number="7" sentence="0">Koto</token>
  <token id="9" number="8" sentence="0">.</token>
  <token id="10" number="9" sentence="1">Diplomacy</token>
  <token id="11" number="10" sentence="1">appears</token>
  <token id="12" number="11" sentence="1">to</token>
  <token id="13" number="12" sentence="1">be</token>
  <token id="14" number="13" sentence="1">making</token>
  <token id="15" number="14" sentence="1">headway</token>
  <token id="16" number="15" sentence="1">in</token>
  <token id="17" number="16" sentence="1">resolving</token>
  <token id="18" number="17" sentence="1">the</token>
  <token id="19" number="18" sentence="1">united</token>
  <token id="20" number="19" sentence="1">nation</token>
  <token id="21" number="20" sentence="1">'s</token>
  <token id="22" number="21" sentence="1">standoff</token>
  <token id="23" number="22" sentence="1">with</token>
  <token id="24" number="23" sentence="1">Iraq</token>
  <token id="25" number="24" sentence="1">.</token>
  <token id="26" number="25" sentence="2">A</token>
  <token id="27" number="26" sentence="2">UN</token>
  <token id="28" number="27" sentence="2">spokesman</token>
  <token id="29" number="28" sentence="2">says</token>
  <token id="30" number="29" sentence="2">UN</token>
  <token id="31" number="30" sentence="2">secretary</token>
  <token id="32" number="31" sentence="2">general</token>
  <token id="33" number="32" sentence="2">Kofi</token>
  <token id="34" number="33" sentence="2">Annan</token>
  <token id="35" number="34" sentence="2">is</token>
  <token id="36" number="35" sentence="2">on</token>
  <token id="37" number="36" sentence="2">the</token>
  <token id="38" number="37" sentence="2">verge</token>
  <token id="39" number="38" sentence="2">of</token>
  <token id="40" number="39" sentence="2">a</token>
  <token id="41" number="40" sentence="2">breakthrough</token>
  <token id="42" number="41" sentence="2">,</token>
  <token id="43" number="42" sentence="2">but</token>
  <token id="44" number="43" sentence="2">added</token>
  <token id="45" number="44" sentence="2">it</token>
  <token id="46" number="45" sentence="2">'s</token>
  <token id="47" number="46" sentence="2">not</token>
  <token id="48" number="47" sentence="2">done</token>
  <token id="49" number="48" sentence="2">yet</token>
  <token id="50" number="49" sentence="2">.</token>
  <token id="51" number="50" sentence="3">Annan</token>
  <token id="52" number="51" sentence="3">wrapped</token>
  <token id="53" number="52" sentence="3">up</token>
  <token id="54" number="53" sentence="3">a</token>
  <token id="55" number="54" sentence="3">three</token>
  <token id="56" number="55" sentence="3">hour</token>
  <token id="57" number="56" sentence="3">meeting</token>
  <token id="58" number="57" sentence="3">with</token>
  <token id="59" number="58" sentence="3">Iraqi</token>
  <token id="60" number="59" sentence="3">president</token>
  <token id="61" number="60" sentence="3">Saddam</token>
  <token id="62" number="61" sentence="3">Hussein</token>
  <token id="63" number="62" sentence="3">in</token>
  <token id="64" number="63" sentence="3">Baghdad</token>
  <token id="65" number="64" sentence="3">today</token>
  <token id="66" number="65" sentence="3">.</token>
  <token id="67" number="66" sentence="4">He</token>
  <token id="68" number="67" sentence="4">'s</token>
  <token id="69" number="68" sentence="4">expected</token>
  <token id="70" number="69" sentence="4">to</token>
  <token id="71" number="70" sentence="4">meet</token>
  <token id="72" number="71" sentence="4">with</token>
  <token id="73" number="72" sentence="4">Iraqi</token>
  <token id="74" number="73" sentence="4">deputy</token>
  <token id="75" number="74" sentence="4">prime</token>
  <token id="76" number="75" sentence="4">minister</token>
  <token id="77" number="76" sentence="4">Tariq</token>
  <token id="78" number="77" sentence="4">Aziz</token>
  <token id="79" number="78" sentence="4">later</token>
  <token id="80" number="79" sentence="4">this</token>
  <token id="81" number="80" sentence="4">afternoon</token>
  <token id="82" number="81" sentence="4">.</token>
  <token id="83" number="82" sentence="5">One</token>
  <token id="84" number="83" sentence="5">major</token>
  <token id="85" number="84" sentence="5">sticking</token>
  <token id="86" number="85" sentence="5">point</token>
  <token id="87" number="86" sentence="5">has</token>
  <token id="88" number="87" sentence="5">been</token>
  <token id="89" number="88" sentence="5">Iraq</token>
  <token id="90" number="89" sentence="5">'s</token>
  <token id="91" number="90" sentence="5">proposal</token>
  <token id="92" number="91" sentence="5">to</token>
  <token id="93" number="92" sentence="5">open</token>
  <token id="94" number="93" sentence="5">it</token>
  <token id="95" number="94" sentence="5">'s</token>
  <token id="96" number="95" sentence="5">presidential</token>
  <token id="97" number="96" sentence="5">sites</token>
  <token id="98" number="97" sentence="5">for</token>
  <token id="99" number="98" sentence="5">no</token>
  <token id="100" number="99" sentence="5">more</token>
  <token id="101" number="100" sentence="5">than</token>
  <token id="102" number="101" sentence="5">sixty</token>
  <token id="103" number="102" sentence="5">days</token>
  <token id="104" number="103" sentence="5">.</token>
  <token id="105" number="104" sentence="6">The</token>
  <token id="106" number="105" sentence="6">UN</token>
  <token id="107" number="106" sentence="6">security</token>
  <token id="108" number="107" sentence="6">council</token>
  <token id="109" number="108" sentence="6">insists</token>
  <token id="110" number="109" sentence="6">any</token>
  <token id="111" number="110" sentence="6">deal</token>
  <token id="112" number="111" sentence="6">must</token>
  <token id="113" number="112" sentence="6">allow</token>
  <token id="114" number="113" sentence="6">UN</token>
  <token id="115" number="114" sentence="6">inspectors</token>
  <token id="116" number="115" sentence="6">unrestricted</token>
  <token id="117" number="116" sentence="6">access</token>
  <token id="118" number="117" sentence="6">to</token>
  <token id="119" number="118" sentence="6">all</token>
  <token id="120" number="119" sentence="6">suspected</token>
  <token id="121" number="120" sentence="6">weapons</token>
  <token id="122" number="121" sentence="6">sites</token>
  <token id="123" number="122" sentence="6">.</token>
</Document>
