<Document doc_name="CNN19980223.1130.0960">
  <Markables>
    <TIMEX3 RELATED_TO="" TAG_DESCRIPTOR="Empty_Mark" beginPoint="" comment="" endPoint="" freq="" functionInDocument="CREATION_TIME" id="0" quant="" type="DATE" value="1998-02-23" />
    <EVENT aspect="NONE" certainty="" class="OCCURRENCE" comment="" factuality="" id="1" modality="NONE" polarity="POS" pos="NOUN" tense="NONE">
      <token_anchor id="7" />
    </EVENT>
    <EVENT aspect="PERFECTIVE_PROGRESSIVE" certainty="" class="OCCURRENCE" comment="" factuality="" id="2" modality="NONE" polarity="POS" pos="VERB" tense="PRESENT">
      <token_anchor id="15" />
    </EVENT>
    <C-SIGNAL id="3">
      <token_anchor id="19" />
      <token_anchor id="20" />
    </C-SIGNAL>
    <EVENT aspect="NONE" certainty="" class="OCCURRENCE" comment="" factuality="" id="4" modality="NONE" polarity="POS" pos="NOUN" tense="NONE">
      <token_anchor id="23" />
    </EVENT>
    <TIMEX3 anchorTimeID="0" beginPoint="" comment="" endPoint="" freq="" functionInDocument="NONE" id="5" quant="" type="DATE" value="PRESENT_REF">
      <token_anchor id="27" />
    </TIMEX3>
    <EVENT aspect="NONE" certainty="" class="OCCURRENCE" comment="" factuality="" id="6" modality="NONE" polarity="POS" pos="NOUN" tense="NONE">
      <token_anchor id="31" />
    </EVENT>
    <EVENT aspect="NONE" certainty="" class="OCCURRENCE" comment="" factuality="" id="7" modality="NONE" polarity="POS" pos="NOUN" tense="NONE">
      <token_anchor id="34" />
    </EVENT>
    <EVENT aspect="NONE" certainty="" class="I_ACTION" comment="" factuality="" id="8" modality="NONE" polarity="POS" pos="ADJECTIVE" tense="NONE">
      <token_anchor id="40" />
    </EVENT>
    <EVENT aspect="NONE" certainty="" class="OCCURRENCE" comment="" factuality="" id="9" modality="NONE" polarity="POS" pos="VERB" tense="INFINITIVE">
      <token_anchor id="55" />
    </EVENT>
    <EVENT aspect="PERFECTIVE" certainty="" class="OCCURRENCE" comment="" factuality="" id="10" modality="NONE" polarity="POS" pos="VERB" tense="PRESENT">
      <token_anchor id="61" />
    </EVENT>
    <TIMEX3 anchorTimeID="0" beginPoint="" comment="" endPoint="" freq="" functionInDocument="NONE" id="11" quant="" type="DATE" value="1997-10">
      <token_anchor id="64" />
      <token_anchor id="65" />
      <token_anchor id="66" />
      <token_anchor id="67" />
    </TIMEX3>
    <EVENT aspect="PROGRESSIVE" certainty="" class="PERCEPTION" comment="" factuality="" id="12" modality="NONE" polarity="POS" pos="VERB" tense="PRESENT">
      <token_anchor id="81" />
    </EVENT>
    <TIMEX3 anchorTimeID="0" beginPoint="" comment="" endPoint="" freq="" functionInDocument="NONE" id="13" quant="" type="DATE" value="1998-02-23">
      <token_anchor id="82" />
    </TIMEX3>
    <EVENT aspect="PERFECTIVE" certainty="" class="OCCURRENCE" comment="" factuality="" id="14" modality="NONE" polarity="POS" pos="VERB" tense="PRESENT">
      <token_anchor id="86" />
    </EVENT>
    <EVENT aspect="NONE" certainty="" class="I_ACTION" comment="" factuality="" id="15" modality="NONE" polarity="POS" pos="VERB" tense="FUTURE">
      <token_anchor id="97" />
    </EVENT>
    <EVENT aspect="NONE" certainty="" class="OCCURRENCE" comment="" factuality="" id="16" modality="NONE" polarity="POS" pos="VERB" tense="INFINITIVE">
      <token_anchor id="99" />
    </EVENT>
    <EVENT aspect="NONE" certainty="" class="PERCEPTION" comment="" factuality="" id="17" modality="NONE" polarity="POS" pos="VERB" tense="PAST">
      <token_anchor id="112" />
    </EVENT>
    <TIMEX3 beginPoint="" comment="" endPoint="" freq="" functionInDocument="NONE" id="18" quant="" type="DATE" value="1994-WI">
      <token_anchor id="114" />
      <token_anchor id="115" />
      <token_anchor id="116" />
      <token_anchor id="117" />
      <token_anchor id="118" />
    </TIMEX3>
    <EVENT aspect="PERFECTIVE" certainty="" class="I_ACTION" comment="" factuality="" id="19" modality="NONE" polarity="POS" pos="VERB" tense="PRESENT">
      <token_anchor id="125" />
    </EVENT>
    <EVENT aspect="NONE" certainty="" class="OCCURRENCE" comment="" factuality="" id="20" modality="NONE" polarity="POS" pos="VERB" tense="PAST">
      <token_anchor id="137" />
    </EVENT>
    <TIMEX3 beginPoint="" comment="" endPoint="" freq="" functionInDocument="NONE" id="21" quant="" type="DURATION" value="P2W">
      <token_anchor id="144" />
      <token_anchor id="145" />
      <token_anchor id="146" />
      <token_anchor id="147" />
    </TIMEX3>
    <EVENT aspect="NONE" certainty="" class="REPORTING" comment="" factuality="" id="22" modality="NONE" polarity="POS" pos="VERB" tense="PRESPART">
      <token_anchor id="150" />
    </EVENT>
  </Markables>
  <Relations>
    <TLINK comment="" id="1" relType="IAFTER">
      <source id="0" />
      <target id="21" />
    </TLINK>
    <TLINK comment="" id="2" relType="DURING">
      <source id="2" />
      <target id="0" />
    </TLINK>
    <TLINK comment="" id="3" relType="DURING">
      <source id="4" />
      <target id="0" />
    </TLINK>
    <CLINK comment="" id="4">
      <source id="4" />
      <target id="2" />
    </CLINK>
    <TLINK comment="" id="5" relType="IDENTITY">
      <source id="7" />
      <target id="1" />
    </TLINK>
    <TLINK comment="" id="6" relType="BEFORE">
      <source id="10" />
      <target id="0" />
    </TLINK>
    <TLINK comment="" id="7" relType="DURING">
      <source id="12" />
      <target id="13" />
    </TLINK>
    <TLINK comment="" id="8" relType="BEFORE">
      <source id="14" />
      <target id="0" />
    </TLINK>
    <TLINK comment="" id="9" relType="AFTER">
      <source id="15" />
      <target id="0" />
    </TLINK>
    <TLINK comment="" id="10" relType="IS_INCLUDED">
      <source id="17" />
      <target id="18" />
    </TLINK>
    <TLINK comment="" id="11" relType="IS_INCLUDED">
      <source id="20" />
      <target id="21" />
    </TLINK>
    <TLINK comment="" id="12" relType="IS_INCLUDED">
      <source id="22" />
      <target id="0" />
    </TLINK>
  </Relations>
  <token id="1" number="0" sentence="0">Despite</token>
  <token id="2" number="1" sentence="0">the</token>
  <token id="3" number="2" sentence="0">recent</token>
  <token id="4" number="3" sentence="0">possibility</token>
  <token id="5" number="4" sentence="0">of</token>
  <token id="6" number="5" sentence="0">military</token>
  <token id="7" number="6" sentence="0">conflict</token>
  <token id="8" number="7" sentence="0">with</token>
  <token id="9" number="8" sentence="0">Iraq</token>
  <token id="10" number="9" sentence="0">,</token>
  <token id="11" number="10" sentence="0">oil</token>
  <token id="12" number="11" sentence="0">prices</token>
  <token id="13" number="12" sentence="0">have</token>
  <token id="14" number="13" sentence="0">been</token>
  <token id="15" number="14" sentence="0">falling</token>
  <token id="16" number="15" sentence="0">,</token>
  <token id="17" number="16" sentence="0">that</token>
  <token id="18" number="17" sentence="0">'s</token>
  <token id="19" number="18" sentence="0">because</token>
  <token id="20" number="19" sentence="0">of</token>
  <token id="21" number="20" sentence="0">a</token>
  <token id="22" number="21" sentence="0">worldwide</token>
  <token id="23" number="22" sentence="0">glut</token>
  <token id="24" number="23" sentence="0">of</token>
  <token id="25" number="24" sentence="0">oil</token>
  <token id="26" number="25" sentence="0">.</token>
  <token id="27" number="26" sentence="1">Now</token>
  <token id="28" number="27" sentence="1">with</token>
  <token id="29" number="28" sentence="1">a</token>
  <token id="30" number="29" sentence="1">diplomatic</token>
  <token id="31" number="30" sentence="1">solution</token>
  <token id="32" number="31" sentence="1">to</token>
  <token id="33" number="32" sentence="1">the</token>
  <token id="34" number="33" sentence="1">crisis</token>
  <token id="35" number="34" sentence="1">seemingly</token>
  <token id="36" number="35" sentence="1">at</token>
  <token id="37" number="36" sentence="1">hand</token>
  <token id="38" number="37" sentence="1">,</token>
  <token id="39" number="38" sentence="1">get</token>
  <token id="40" number="39" sentence="1">set</token>
  <token id="41" number="40" sentence="1">for</token>
  <token id="42" number="41" sentence="1">oil</token>
  <token id="43" number="42" sentence="1">prices</token>
  <token id="44" number="43" sentence="1">from</token>
  <token id="45" number="44" sentence="1">the</token>
  <token id="46" number="45" sentence="1">Brent</token>
  <token id="47" number="46" sentence="1">north</token>
  <token id="48" number="47" sentence="1">sea</token>
  <token id="49" number="48" sentence="1">variety</token>
  <token id="50" number="49" sentence="1">to</token>
  <token id="51" number="50" sentence="1">light</token>
  <token id="52" number="51" sentence="1">swede</token>
  <token id="53" number="52" sentence="1">crude</token>
  <token id="54" number="53" sentence="1">to</token>
  <token id="55" number="54" sentence="1">fall</token>
  <token id="56" number="55" sentence="1">further</token>
  <token id="57" number="56" sentence="1">.</token>
  <token id="58" number="57" sentence="2">Oil</token>
  <token id="59" number="58" sentence="2">prices</token>
  <token id="60" number="59" sentence="2">have</token>
  <token id="61" number="60" sentence="2">come</token>
  <token id="62" number="61" sentence="2">down</token>
  <token id="63" number="62" sentence="2">from</token>
  <token id="64" number="63" sentence="2">the</token>
  <token id="65" number="64" sentence="2">middle</token>
  <token id="66" number="65" sentence="2">of</token>
  <token id="67" number="66" sentence="2">October</token>
  <token id="68" number="67" sentence="2">from</token>
  <token id="69" number="68" sentence="2">a</token>
  <token id="70" number="69" sentence="2">twenty-two</token>
  <token id="71" number="70" sentence="2">dollar</token>
  <token id="72" number="71" sentence="2">barrel</token>
  <token id="73" number="72" sentence="2">level</token>
  <token id="74" number="73" sentence="2">down</token>
  <token id="75" number="74" sentence="2">to</token>
  <token id="76" number="75" sentence="2">the</token>
  <token id="77" number="76" sentence="2">fourteen</token>
  <token id="78" number="77" sentence="2">dollars</token>
  <token id="79" number="78" sentence="2">we</token>
  <token id="80" number="79" sentence="2">'re</token>
  <token id="81" number="80" sentence="2">seeing</token>
  <token id="82" number="81" sentence="2">today</token>
  <token id="83" number="82" sentence="2">.</token>
  <token id="84" number="83" sentence="3">That</token>
  <token id="85" number="84" sentence="3">'s</token>
  <token id="86" number="85" sentence="3">built</token>
  <token id="87" number="86" sentence="3">up</token>
  <token id="88" number="87" sentence="3">a</token>
  <token id="89" number="88" sentence="3">heck</token>
  <token id="90" number="89" sentence="3">of</token>
  <token id="91" number="90" sentence="3">a</token>
  <token id="92" number="91" sentence="3">momentum</token>
  <token id="93" number="92" sentence="3">and</token>
  <token id="94" number="93" sentence="3">that</token>
  <token id="95" number="94" sentence="3">momentum</token>
  <token id="96" number="95" sentence="3">will</token>
  <token id="97" number="96" sentence="3">look</token>
  <token id="98" number="97" sentence="3">to</token>
  <token id="99" number="98" sentence="3">increase</token>
  <token id="100" number="99" sentence="3">.</token>
  <token id="101" number="100" sentence="4">Ah</token>
  <token id="102" number="101" sentence="4">next</token>
  <token id="103" number="102" sentence="4">up</token>
  <token id="104" number="103" sentence="4">is</token>
  <token id="105" number="104" sentence="4">that</token>
  <token id="106" number="105" sentence="4">thirteen</token>
  <token id="107" number="106" sentence="4">dollar</token>
  <token id="108" number="107" sentence="4">a</token>
  <token id="109" number="108" sentence="4">barrel</token>
  <token id="110" number="109" sentence="4">level</token>
  <token id="111" number="110" sentence="4">we</token>
  <token id="112" number="111" sentence="4">saw</token>
  <token id="113" number="112" sentence="4">in</token>
  <token id="114" number="113" sentence="4">the</token>
  <token id="115" number="114" sentence="4">winter</token>
  <token id="116" number="115" sentence="4">of</token>
  <token id="117" number="116" sentence="4">nineteen</token>
  <token id="118" number="117" sentence="4">ninety-four</token>
  <token id="119" number="118" sentence="4">.</token>
  <token id="120" number="119" sentence="5">Weakened</token>
  <token id="121" number="120" sentence="5">oil</token>
  <token id="122" number="121" sentence="5">prices</token>
  <token id="123" number="122" sentence="5">have</token>
  <token id="124" number="123" sentence="5">already</token>
  <token id="125" number="124" sentence="5">made</token>
  <token id="126" number="125" sentence="5">life</token>
  <token id="127" number="126" sentence="5">easier</token>
  <token id="128" number="127" sentence="5">for</token>
  <token id="129" number="128" sentence="5">motorists</token>
  <token id="130" number="129" sentence="5">at</token>
  <token id="131" number="130" sentence="5">the</token>
  <token id="132" number="131" sentence="5">gas</token>
  <token id="133" number="132" sentence="5">pump</token>
  <token id="134" number="133" sentence="5">.</token>
  <token id="135" number="134" sentence="6">Gas</token>
  <token id="136" number="135" sentence="6">prices</token>
  <token id="137" number="136" sentence="6">fell</token>
  <token id="138" number="137" sentence="6">nearly</token>
  <token id="139" number="138" sentence="6">two</token>
  <token id="140" number="139" sentence="6">cents</token>
  <token id="141" number="140" sentence="6">a</token>
  <token id="142" number="141" sentence="6">gallon</token>
  <token id="143" number="142" sentence="6">over</token>
  <token id="144" number="143" sentence="6">the</token>
  <token id="145" number="144" sentence="6">last</token>
  <token id="146" number="145" sentence="6">two</token>
  <token id="147" number="146" sentence="6">weeks</token>
  <token id="148" number="147" sentence="6">.</token>
  <token id="149" number="148" sentence="7">That</token>
  <token id="150" number="149" sentence="7">according</token>
  <token id="151" number="150" sentence="7">to</token>
  <token id="152" number="151" sentence="7">the</token>
  <token id="153" number="152" sentence="7">Lundberg</token>
  <token id="154" number="153" sentence="7">survey</token>
  <token id="155" number="154" sentence="7">of</token>
  <token id="156" number="155" sentence="7">ten</token>
  <token id="157" number="156" sentence="7">thousand</token>
  <token id="158" number="157" sentence="7">gas</token>
  <token id="159" number="158" sentence="7">stations</token>
  <token id="160" number="159" sentence="7">nationwide</token>
  <token id="161" number="160" sentence="7">.</token>
</Document>
