<Document doc_name="ea980120.1830.0071">
  <Markables>
    <TIMEX3 RELATED_TO="" TAG_DESCRIPTOR="Empty_Mark" beginPoint="" comment="" endPoint="" freq="" functionInDocument="CREATION_TIME" id="0" quant="" type="DATE" value="1998-01-20" />
    <EVENT aspect="NONE" certainty="" class="STATE" comment="" factuality="" id="1" modality="NONE" polarity="POS" pos="OTHER" tense="PRESENT">
      <token_anchor id="13" />
    </EVENT>
    <TIMEX3 anchorTimeID="0" beginPoint="" comment="" endPoint="" freq="" functionInDocument="NONE" id="2" quant="" type="DATE" value="1998-W04">
      <token_anchor id="14" />
      <token_anchor id="15" />
    </TIMEX3>
    <EVENT aspect="NONE" certainty="" class="PERCEPTION" comment="" factuality="" id="3" modality="NONE" polarity="POS" pos="VERB" tense="INFINITIVE">
      <token_anchor id="17" />
    </EVENT>
    <EVENT aspect="NONE" certainty="" class="OCCURRENCE" comment="" factuality="" id="4" modality="NONE" polarity="POS" pos="NOUN" tense="NONE">
      <token_anchor id="19" />
    </EVENT>
    <EVENT aspect="NONE" certainty="" class="STATE" comment="" factuality="" id="5" modality="NONE" polarity="POS" pos="OTHER" tense="PRESENT">
      <token_anchor id="33" />
    </EVENT>
    <C-SIGNAL id="6">
      <token_anchor id="34" />
    </C-SIGNAL>
    <EVENT aspect="NONE" certainty="" class="OCCURRENCE" comment="" factuality="" id="7" modality="NONE" polarity="POS" pos="VERB" tense="PRESENT">
      <token_anchor id="36" />
    </EVENT>
    <EVENT aspect="NONE" certainty="" class="OCCURRENCE" comment="" factuality="" id="8" modality="NONE" polarity="POS" pos="NOUN" tense="NONE">
      <token_anchor id="44" />
    </EVENT>
    <EVENT aspect="NONE" certainty="" class="OCCURRENCE" comment="" factuality="" id="9" modality="NONE" polarity="POS" pos="NOUN" tense="NONE">
      <token_anchor id="69" />
    </EVENT>
    <EVENT aspect="NONE" certainty="" class="I_STATE" comment="" factuality="" id="10" modality="NONE" polarity="POS" pos="VERB" tense="PRESENT">
      <token_anchor id="73" />
    </EVENT>
    <EVENT aspect="NONE" certainty="" class="I_STATE" comment="" factuality="" id="11" modality="NONE" polarity="POS" pos="VERB" tense="INFINITIVE">
      <token_anchor id="75" />
    </EVENT>
    <EVENT aspect="NONE" certainty="" class="REPORTING" comment="" factuality="" id="12" modality="NONE" polarity="POS" pos="VERB" tense="INFINITIVE">
      <token_anchor id="81" />
    </EVENT>
    <EVENT aspect="NONE" certainty="" class="PERCEPTION" comment="" factuality="" id="13" modality="NONE" polarity="POS" pos="VERB" tense="FUTURE">
      <token_anchor id="98" />
    </EVENT>
    <EVENT aspect="NONE" certainty="" class="OCCURRENCE" comment="" factuality="" id="14" modality="NONE" polarity="POS" pos="NOUN" tense="NONE">
      <token_anchor id="110" />
    </EVENT>
    <EVENT aspect="PROGRESSIVE" certainty="" class="OCCURRENCE" comment="" factuality="" id="15" modality="NONE" polarity="POS" pos="VERB" tense="PRESENT">
      <token_anchor id="128" />
    </EVENT>
    <EVENT aspect="NONE" certainty="" class="OCCURRENCE" comment="" factuality="" id="16" modality="NONE" polarity="POS" pos="NOUN" tense="NONE">
      <token_anchor id="130" />
    </EVENT>
    <EVENT aspect="NONE" certainty="" class="OCCURRENCE" comment="" factuality="" id="17" modality="NONE" polarity="POS" pos="VERB" tense="PAST">
      <token_anchor id="137" />
    </EVENT>
    <TIMEX3 anchorTimeID="0" beginPoint="" comment="" endPoint="" freq="" functionInDocument="NONE" id="18" quant="" type="DATE" value="1998-01-20">
      <token_anchor id="142" />
    </TIMEX3>
    <TIMEX3 anchorTimeID="0" beginPoint="" comment="" endPoint="" freq="" functionInDocument="NONE" id="19" quant="" type="DATE" value="PRESENT_REF">
      <token_anchor id="156" />
    </TIMEX3>
    <EVENT aspect="PERFECTIVE" certainty="" class="I_ACTION" comment="" factuality="" id="20" modality="NONE" polarity="POS" pos="VERB" tense="PRESENT">
      <token_anchor id="184" />
    </EVENT>
    <EVENT aspect="NONE" certainty="" class="OCCURRENCE" comment="" factuality="" id="21" modality="NONE" polarity="POS" pos="VERB" tense="INFINITIVE">
      <token_anchor id="187" />
    </EVENT>
    <C-SIGNAL id="22">
      <token_anchor id="202" />
      <token_anchor id="203" />
      <token_anchor id="204" />
    </C-SIGNAL>
    <EVENT aspect="NONE" certainty="" class="STATE" comment="" factuality="" id="23" modality="NONE" polarity="POS" pos="NOUN" tense="NONE">
      <token_anchor id="207" />
    </EVENT>
    <EVENT aspect="NONE" certainty="" class="I_STATE" comment="" factuality="" id="24" modality="NONE" polarity="POS" pos="VERB" tense="PRESENT">
      <token_anchor id="210" />
    </EVENT>
    <EVENT aspect="NONE" certainty="" class="I_STATE" comment="" factuality="" id="25" modality="NONE" polarity="POS" pos="VERB" tense="INFINITIVE">
      <token_anchor id="212" />
    </EVENT>
    <EVENT aspect="NONE" certainty="" class="OCCURRENCE" comment="" factuality="" id="26" modality="NONE" polarity="POS" pos="VERB" tense="INFINITIVE">
      <token_anchor id="219" />
    </EVENT>
    <EVENT aspect="PERFECTIVE" certainty="" class="REPORTING" comment="" factuality="" id="27" modality="NONE" polarity="POS" pos="VERB" tense="PAST">
      <token_anchor id="223" />
    </EVENT>
    <TIMEX3 anchorTimeID="0" beginPoint="" comment="" endPoint="" freq="" functionInDocument="NONE" id="28" quant="" type="DATE" value="1998-01-20">
      <token_anchor id="241" />
    </TIMEX3>
    <EVENT aspect="NONE" certainty="" class="ASPECTUAL" comment="" factuality="" id="29" modality="NONE" polarity="POS" pos="VERB" tense="PAST">
      <token_anchor id="255" />
    </EVENT>
    <EVENT aspect="NONE" certainty="" class="OCCURRENCE" comment="" factuality="" id="30" modality="NONE" polarity="POS" pos="VERB" tense="INFINITIVE">
      <token_anchor id="257" />
    </EVENT>
    <EVENT aspect="NONE" certainty="" class="OCCURRENCE" comment="" factuality="" id="31" modality="NONE" polarity="POS" pos="NOUN" tense="NONE">
      <token_anchor id="260" />
    </EVENT>
    <TIMEX3 anchorTimeID="0" beginPoint="" comment="" endPoint="" freq="" functionInDocument="NONE" id="32" quant="" type="DATE" value="1998-01-20">
      <token_anchor id="262" />
    </TIMEX3>
    <EVENT aspect="NONE" certainty="" class="ASPECTUAL" comment="" factuality="" id="33" modality="NONE" polarity="POS" pos="VERB" tense="PAST">
      <token_anchor id="270" />
    </EVENT>
    <EVENT aspect="NONE" certainty="" class="OCCURRENCE" comment="" factuality="" id="34" modality="NONE" polarity="POS" pos="VERB" tense="INFINITIVE">
      <token_anchor id="272" />
    </EVENT>
    <EVENT aspect="NONE" certainty="" class="OCCURRENCE" comment="" factuality="" id="35" modality="NONE" polarity="POS" pos="VERB" tense="PAST">
      <token_anchor id="279" />
    </EVENT>
    <EVENT aspect="NONE" certainty="" class="OCCURRENCE" comment="" factuality="" id="36" modality="NONE" polarity="POS" pos="VERB" tense="PAST">
      <token_anchor id="283" />
    </EVENT>
    <EVENT aspect="PROGRESSIVE" certainty="" class="OCCURRENCE" comment="" factuality="" id="37" modality="NONE" polarity="POS" pos="VERB" tense="PRESENT">
      <token_anchor id="288" />
    </EVENT>
    <EVENT aspect="NONE" certainty="" class="OCCURRENCE" comment="" factuality="" id="38" modality="NONE" polarity="POS" pos="NOUN" tense="NONE">
      <token_anchor id="299" />
    </EVENT>
    <EVENT aspect="PROGRESSIVE" certainty="" class="I_ACTION" comment="" factuality="" id="39" modality="NONE" polarity="POS" pos="VERB" tense="PRESENT">
      <token_anchor id="307" />
    </EVENT>
    <EVENT aspect="NONE" certainty="" class="OCCURRENCE" comment="" factuality="" id="40" modality="NONE" polarity="POS" pos="NOUN" tense="PRESENT">
      <token_anchor id="315" />
    </EVENT>
    <EVENT aspect="NONE" certainty="" class="ASPECTUAL" comment="" factuality="" id="41" modality="NONE" polarity="POS" pos="VERB" tense="PRESPART">
      <token_anchor id="316" />
    </EVENT>
    <EVENT aspect="NONE" certainty="" class="OCCURRENCE" comment="" factuality="" id="42" modality="NONE" polarity="POS" pos="VERB" tense="FUTURE">
      <token_anchor id="321" />
    </EVENT>
    <EVENT aspect="NONE" certainty="" class="OCCURRENCE" comment="" factuality="" id="43" modality="NONE" polarity="POS" pos="NOUN" tense="NONE">
      <token_anchor id="328" />
    </EVENT>
    <TIMEX3 anchorTimeID="0" beginPoint="" comment="" endPoint="" freq="" functionInDocument="NONE" id="44" quant="" type="DATE" value="PRESENT_REF">
      <token_anchor id="331" />
    </TIMEX3>
    <EVENT aspect="NONE" certainty="" class="OCCURRENCE" comment="" factuality="" id="45" modality="NONE" polarity="POS" pos="VERB" tense="FUTURE">
      <token_anchor id="336" />
    </EVENT>
  </Markables>
  <Relations>
    <TLINK comment="" id="1" relType="SIMULTANEOUS">
      <source id="3" />
      <target id="4" />
    </TLINK>
    <TLINK comment="" id="2" relType="IDENTITY">
      <source id="5" />
      <target id="1" />
    </TLINK>
    <TLINK comment="" id="3" relType="BEFORE">
      <source id="7" />
      <target id="8" />
    </TLINK>
    <CLINK c-signalID="6" comment="" id="4">
      <source id="8" />
      <target id="5" />
    </CLINK>
    <TLINK comment="" id="5" relType="IS_INCLUDED">
      <source id="9" />
      <target id="0" />
    </TLINK>
    <TLINK comment="" id="6" relType="IS_INCLUDED">
      <source id="10" />
      <target id="0" />
    </TLINK>
    <TLINK comment="" id="7" relType="IDENTITY">
      <source id="12" />
      <target id="9" />
    </TLINK>
    <TLINK comment="" id="8" relType="SIMULTANEOUS">
      <source id="13" />
      <target id="12" />
    </TLINK>
    <CLINK comment="" id="9">
      <source id="14" />
      <target id="16" />
    </CLINK>
    <TLINK comment="" id="10" relType="IS_INCLUDED">
      <source id="17" />
      <target id="18" />
    </TLINK>
    <CLINK c-signalID="22" comment="" id="11">
      <source id="20" />
      <target id="23" />
    </CLINK>
    <TLINK comment="" id="12" relType="IS_INCLUDED">
      <source id="24" />
      <target id="0" />
    </TLINK>
    <TLINK comment="" id="13" relType="BEFORE">
      <source id="27" />
      <target id="0" />
    </TLINK>
    <TLINK comment="" id="14" relType="IS_INCLUDED">
      <source id="29" />
      <target id="28" />
    </TLINK>
    <TLINK comment="" id="15" relType="DURING">
      <source id="30" />
      <target id="28" />
    </TLINK>
    <TLINK comment="" id="16" relType="SIMULTANEOUS">
      <source id="31" />
      <target id="30" />
    </TLINK>
    <TLINK comment="" id="17" relType="IS_INCLUDED">
      <source id="33" />
      <target id="32" />
    </TLINK>
    <TLINK comment="" id="18" relType="DURING">
      <source id="34" />
      <target id="32" />
    </TLINK>
    <TLINK comment="" id="19" relType="AFTER">
      <source id="35" />
      <target id="36" />
    </TLINK>
    <TLINK comment="" id="20" relType="IS_INCLUDED">
      <source id="37" />
      <target id="0" />
    </TLINK>
    <TLINK comment="" id="21" relType="IDENTITY">
      <source id="38" />
      <target id="4" />
    </TLINK>
    <TLINK comment="" id="22" relType="IDENTITY">
      <source id="39" />
      <target id="34" />
    </TLINK>
    <TLINK comment="" id="23" relType="IDENTITY">
      <source id="40" />
      <target id="38" />
    </TLINK>
    <TLINK comment="" id="24" relType="IS_INCLUDED">
      <source id="41" />
      <target id="32" />
    </TLINK>
    <TLINK comment="" id="25" relType="IS_INCLUDED">
      <source id="42" />
      <target id="43" />
    </TLINK>
    <TLINK comment="" id="26" relType="BEFORE">
      <source id="44" />
      <target id="45" />
    </TLINK>
  </Relations>
  <token id="1" number="0" sentence="0">Good</token>
  <token id="2" number="1" sentence="0">evening</token>
  <token id="3" number="2" sentence="0">from</token>
  <token id="4" number="3" sentence="0">the</token>
  <token id="5" number="4" sentence="0">central</token>
  <token id="6" number="5" sentence="0">park</token>
  <token id="7" number="6" sentence="0">in</token>
  <token id="8" number="7" sentence="0">downtown</token>
  <token id="9" number="8" sentence="0">Havana</token>
  <token id="10" number="9" sentence="0">.</token>
  <token id="11" number="10" sentence="1">We</token>
  <token id="12" number="11" sentence="1">are</token>
  <token id="13" number="12" sentence="1">here</token>
  <token id="14" number="13" sentence="1">this</token>
  <token id="15" number="14" sentence="1">week</token>
  <token id="16" number="15" sentence="1">to</token>
  <token id="17" number="16" sentence="1">witness</token>
  <token id="18" number="17" sentence="1">the</token>
  <token id="19" number="18" sentence="1">rendezvous</token>
  <token id="20" number="19" sentence="1">that</token>
  <token id="21" number="20" sentence="1">Fidel</token>
  <token id="22" number="21" sentence="1">Castro</token>
  <token id="23" number="22" sentence="1">and</token>
  <token id="24" number="23" sentence="1">the</token>
  <token id="25" number="24" sentence="1">Pope</token>
  <token id="26" number="25" sentence="1">are</token>
  <token id="27" number="26" sentence="1">having</token>
  <token id="28" number="27" sentence="1">with</token>
  <token id="29" number="28" sentence="1">history</token>
  <token id="30" number="29" sentence="1">.</token>
  <token id="31" number="30" sentence="2">We</token>
  <token id="32" number="31" sentence="2">are</token>
  <token id="33" number="32" sentence="2">here</token>
  <token id="34" number="33" sentence="2">because</token>
  <token id="35" number="34" sentence="2">what</token>
  <token id="36" number="35" sentence="2">happens</token>
  <token id="37" number="36" sentence="2">on</token>
  <token id="38" number="37" sentence="2">this</token>
  <token id="39" number="38" sentence="2">island</token>
  <token id="40" number="39" sentence="2">will</token>
  <token id="41" number="40" sentence="2">also</token>
  <token id="42" number="41" sentence="2">have</token>
  <token id="43" number="42" sentence="2">an</token>
  <token id="44" number="43" sentence="2">impact</token>
  <token id="45" number="44" sentence="2">on</token>
  <token id="46" number="45" sentence="2">the</token>
  <token id="47" number="46" sentence="2">United</token>
  <token id="48" number="47" sentence="2">States</token>
  <token id="49" number="48" sentence="2">.</token>
  <token id="50" number="49" sentence="3">Everything</token>
  <token id="51" number="50" sentence="3">that</token>
  <token id="52" number="51" sentence="3">happens</token>
  <token id="53" number="52" sentence="3">in</token>
  <token id="54" number="53" sentence="3">Cuba</token>
  <token id="55" number="54" sentence="3">gets</token>
  <token id="56" number="55" sentence="3">America</token>
  <token id="57" number="56" sentence="3">'s</token>
  <token id="58" number="57" sentence="3">attention</token>
  <token id="59" number="58" sentence="3">.</token>
  <token id="60" number="59" sentence="4">Incidentally</token>
  <token id="61" number="60" sentence="4">,</token>
  <token id="62" number="61" sentence="4">we</token>
  <token id="63" number="62" sentence="4">just</token>
  <token id="64" number="63" sentence="4">show</token>
  <token id="65" number="64" sentence="4">up</token>
  <token id="66" number="65" sentence="4">to</token>
  <token id="67" number="66" sentence="4">do</token>
  <token id="68" number="67" sentence="4">the</token>
  <token id="69" number="68" sentence="4">broadcast</token>
  <token id="70" number="69" sentence="4">,</token>
  <token id="71" number="70" sentence="4">and</token>
  <token id="72" number="71" sentence="4">Cubans</token>
  <token id="73" number="72" sentence="4">want</token>
  <token id="74" number="73" sentence="4">to</token>
  <token id="75" number="74" sentence="4">know</token>
  <token id="76" number="75" sentence="4">what</token>
  <token id="77" number="76" sentence="4">we</token>
  <token id="78" number="77" sentence="4">'re</token>
  <token id="79" number="78" sentence="4">going</token>
  <token id="80" number="79" sentence="4">to</token>
  <token id="81" number="80" sentence="4">tell</token>
  <token id="82" number="81" sentence="4">Americans</token>
  <token id="83" number="82" sentence="4">,</token>
  <token id="84" number="83" sentence="4">in</token>
  <token id="85" number="84" sentence="4">many</token>
  <token id="86" number="85" sentence="4">cases</token>
  <token id="87" number="86" sentence="4">,</token>
  <token id="88" number="87" sentence="4">what</token>
  <token id="89" number="88" sentence="4">their</token>
  <token id="90" number="89" sentence="4">relatives</token>
  <token id="91" number="90" sentence="4">in</token>
  <token id="92" number="91" sentence="4">the</token>
  <token id="93" number="92" sentence="4">United</token>
  <token id="94" number="93" sentence="4">States</token>
  <token id="95" number="94" sentence="4">are</token>
  <token id="96" number="95" sentence="4">going</token>
  <token id="97" number="96" sentence="4">to</token>
  <token id="98" number="97" sentence="4">hear</token>
  <token id="99" number="98" sentence="4">.</token>
  <token id="100" number="99" sentence="5">Well</token>
  <token id="101" number="100" sentence="5">,</token>
  <token id="102" number="101" sentence="5">this</token>
  <token id="103" number="102" sentence="5">is</token>
  <token id="104" number="103" sentence="5">the</token>
  <token id="105" number="104" sentence="5">eve</token>
  <token id="106" number="105" sentence="5">of</token>
  <token id="107" number="106" sentence="5">the</token>
  <token id="108" number="107" sentence="5">Pope</token>
  <token id="109" number="108" sentence="5">'s</token>
  <token id="110" number="109" sentence="5">visit</token>
  <token id="111" number="110" sentence="5">to</token>
  <token id="112" number="111" sentence="5">one</token>
  <token id="113" number="112" sentence="5">of</token>
  <token id="114" number="113" sentence="5">the</token>
  <token id="115" number="114" sentence="5">last</token>
  <token id="116" number="115" sentence="5">bastions</token>
  <token id="117" number="116" sentence="5">of</token>
  <token id="118" number="117" sentence="5">Communism</token>
  <token id="119" number="118" sentence="5">anywhere</token>
  <token id="120" number="119" sentence="5">in</token>
  <token id="121" number="120" sentence="5">the</token>
  <token id="122" number="121" sentence="5">world</token>
  <token id="123" number="122" sentence="5">,</token>
  <token id="124" number="123" sentence="5">and</token>
  <token id="125" number="124" sentence="5">it</token>
  <token id="126" number="125" sentence="5">is</token>
  <token id="127" number="126" sentence="5">already</token>
  <token id="128" number="127" sentence="5">causing</token>
  <token id="129" number="128" sentence="5">enormous</token>
  <token id="130" number="129" sentence="5">expectations</token>
  <token id="131" number="130" sentence="5">.</token>
  <token id="132" number="131" sentence="6">In</token>
  <token id="133" number="132" sentence="6">Revolution</token>
  <token id="134" number="133" sentence="6">Square</token>
  <token id="135" number="134" sentence="6">,</token>
  <token id="136" number="135" sentence="6">they</token>
  <token id="137" number="136" sentence="6">put</token>
  <token id="138" number="137" sentence="6">up</token>
  <token id="139" number="138" sentence="6">a</token>
  <token id="140" number="139" sentence="6">giant</token>
  <token id="141" number="140" sentence="6">cross</token>
  <token id="142" number="141" sentence="6">today</token>
  <token id="143" number="142" sentence="6">.</token>
  <token id="144" number="143" sentence="7">And</token>
  <token id="145" number="144" sentence="7">right</token>
  <token id="146" number="145" sentence="7">across</token>
  <token id="147" number="146" sentence="7">from</token>
  <token id="148" number="147" sentence="7">the</token>
  <token id="149" number="148" sentence="7">Cuban</token>
  <token id="150" number="149" sentence="7">revolutionary</token>
  <token id="151" number="150" sentence="7">icon</token>
  <token id="152" number="151" sentence="7">Che</token>
  <token id="153" number="152" sentence="7">Guevara</token>
  <token id="154" number="153" sentence="7">,</token>
  <token id="155" number="154" sentence="7">they</token>
  <token id="156" number="155" sentence="7">now</token>
  <token id="157" number="156" sentence="7">have</token>
  <token id="158" number="157" sentence="7">a</token>
  <token id="159" number="158" sentence="7">giant</token>
  <token id="160" number="159" sentence="7">portrait</token>
  <token id="161" number="160" sentence="7">of</token>
  <token id="162" number="161" sentence="7">Jesus</token>
  <token id="163" number="162" sentence="7">.</token>
  <token id="164" number="163" sentence="8">Above</token>
  <token id="165" number="164" sentence="8">it</token>
  <token id="166" number="165" sentence="8">in</token>
  <token id="167" number="166" sentence="8">Spanish</token>
  <token id="168" number="167" sentence="8">,</token>
  <token id="169" number="168" sentence="8">Jesus</token>
  <token id="170" number="169" sentence="8">,</token>
  <token id="171" number="170" sentence="8">in</token>
  <token id="172" number="171" sentence="8">you</token>
  <token id="173" number="172" sentence="8">we</token>
  <token id="174" number="173" sentence="8">believe</token>
  <token id="175" number="174" sentence="8">.</token>
  <token id="176" number="175" sentence="9">Not</token>
  <token id="177" number="176" sentence="9">all</token>
  <token id="178" number="177" sentence="9">Cubans</token>
  <token id="179" number="178" sentence="9">believe</token>
  <token id="180" number="179" sentence="9">,</token>
  <token id="181" number="180" sentence="9">but</token>
  <token id="182" number="181" sentence="9">Castro</token>
  <token id="183" number="182" sentence="9">has</token>
  <token id="184" number="183" sentence="9">invited</token>
  <token id="185" number="184" sentence="9">everyone</token>
  <token id="186" number="185" sentence="9">to</token>
  <token id="187" number="186" sentence="9">welcome</token>
  <token id="188" number="187" sentence="9">the</token>
  <token id="189" number="188" sentence="9">man</token>
  <token id="190" number="189" sentence="9">who</token>
  <token id="191" number="190" sentence="9">has</token>
  <token id="192" number="191" sentence="9">been</token>
  <token id="193" number="192" sentence="9">one</token>
  <token id="194" number="193" sentence="9">of</token>
  <token id="195" number="194" sentence="9">Communism</token>
  <token id="196" number="195" sentence="9">'s</token>
  <token id="197" number="196" sentence="9">most</token>
  <token id="198" number="197" sentence="9">effective</token>
  <token id="199" number="198" sentence="9">adversaries</token>
  <token id="200" number="199" sentence="9">,</token>
  <token id="201" number="200" sentence="9">and</token>
  <token id="202" number="201" sentence="9">that</token>
  <token id="203" number="202" sentence="9">'s</token>
  <token id="204" number="203" sentence="9">why</token>
  <token id="205" number="204" sentence="9">there</token>
  <token id="206" number="205" sentence="9">is</token>
  <token id="207" number="206" sentence="9">suspense</token>
  <token id="208" number="207" sentence="9">.</token>
  <token id="209" number="208" sentence="10">Everyone</token>
  <token id="210" number="209" sentence="10">appears</token>
  <token id="211" number="210" sentence="10">to</token>
  <token id="212" number="211" sentence="10">believe</token>
  <token id="213" number="212" sentence="10">that</token>
  <token id="214" number="213" sentence="10">somehow</token>
  <token id="215" number="214" sentence="10">Cuba</token>
  <token id="216" number="215" sentence="10">is</token>
  <token id="217" number="216" sentence="10">going</token>
  <token id="218" number="217" sentence="10">to</token>
  <token id="219" number="218" sentence="10">change</token>
  <token id="220" number="219" sentence="10">.</token>
  <token id="221" number="220" sentence="11">Castro</token>
  <token id="222" number="221" sentence="11">has</token>
  <token id="223" number="222" sentence="11">said</token>
  <token id="224" number="223" sentence="11">officially</token>
  <token id="225" number="224" sentence="11">that</token>
  <token id="226" number="225" sentence="11">it</token>
  <token id="227" number="226" sentence="11">'s</token>
  <token id="228" number="227" sentence="11">okay</token>
  <token id="229" number="228" sentence="11">to</token>
  <token id="230" number="229" sentence="11">be</token>
  <token id="231" number="230" sentence="11">enthusiastic</token>
  <token id="232" number="231" sentence="11">.</token>
  <token id="233" number="232" sentence="12">And</token>
  <token id="234" number="233" sentence="12">so</token>
  <token id="235" number="234" sentence="12">,</token>
  <token id="236" number="235" sentence="12">people</token>
  <token id="237" number="236" sentence="12">are</token>
  <token id="238" number="237" sentence="12">increasingly</token>
  <token id="239" number="238" sentence="12">enthusiastic</token>
  <token id="240" number="239" sentence="12">by</token>
  <token id="241" number="240" sentence="12">today</token>
  <token id="242" number="241" sentence="12">,</token>
  <token id="243" number="242" sentence="12">Cuban</token>
  <token id="244" number="243" sentence="12">television</token>
  <token id="245" number="244" sentence="12">,</token>
  <token id="246" number="245" sentence="12">which</token>
  <token id="247" number="246" sentence="12">clings</token>
  <token id="248" number="247" sentence="12">to</token>
  <token id="249" number="248" sentence="12">the</token>
  <token id="250" number="249" sentence="12">Communist</token>
  <token id="251" number="250" sentence="12">Party</token>
  <token id="252" number="251" sentence="12">line</token>
  <token id="253" number="252" sentence="12">,</token>
  <token id="254" number="253" sentence="12">actually</token>
  <token id="255" number="254" sentence="12">began</token>
  <token id="256" number="255" sentence="12">to</token>
  <token id="257" number="256" sentence="12">promote</token>
  <token id="258" number="257" sentence="12">its</token>
  <token id="259" number="258" sentence="12">papal</token>
  <token id="260" number="259" sentence="12">coverage</token>
  <token id="261" number="260" sentence="12">.</token>
  <token id="262" number="261" sentence="13">Today</token>
  <token id="263" number="262" sentence="13">,</token>
  <token id="264" number="263" sentence="13">hundreds</token>
  <token id="265" number="264" sentence="13">of</token>
  <token id="266" number="265" sentence="13">people</token>
  <token id="267" number="266" sentence="13">from</token>
  <token id="268" number="267" sentence="13">the</token>
  <token id="269" number="268" sentence="13">US</token>
  <token id="270" number="269" sentence="13">began</token>
  <token id="271" number="270" sentence="13">to</token>
  <token id="272" number="271" sentence="13">arrive</token>
  <token id="273" number="272" sentence="13">,</token>
  <token id="274" number="273" sentence="13">including</token>
  <token id="275" number="274" sentence="13">some</token>
  <token id="276" number="275" sentence="13">Cuban</token>
  <token id="277" number="276" sentence="13">Americans</token>
  <token id="278" number="277" sentence="13">who</token>
  <token id="279" number="278" sentence="13">left</token>
  <token id="280" number="279" sentence="13">here</token>
  <token id="281" number="280" sentence="13">when</token>
  <token id="282" number="281" sentence="13">Castro</token>
  <token id="283" number="282" sentence="13">came</token>
  <token id="284" number="283" sentence="13">to</token>
  <token id="285" number="284" sentence="13">power</token>
  <token id="286" number="285" sentence="13">and</token>
  <token id="287" number="286" sentence="13">are</token>
  <token id="288" number="287" sentence="13">returning</token>
  <token id="289" number="288" sentence="13">to</token>
  <token id="290" number="289" sentence="13">Havana</token>
  <token id="291" number="290" sentence="13">for</token>
  <token id="292" number="291" sentence="13">the</token>
  <token id="293" number="292" sentence="13">first</token>
  <token id="294" number="293" sentence="13">time</token>
  <token id="295" number="294" sentence="13">.</token>
  <token id="296" number="295" sentence="14">The</token>
  <token id="297" number="296" sentence="14">Pope</token>
  <token id="298" number="297" sentence="14">'s</token>
  <token id="299" number="298" sentence="14">visit</token>
  <token id="300" number="299" sentence="14">is</token>
  <token id="301" number="300" sentence="14">important</token>
  <token id="302" number="301" sentence="14">,</token>
  <token id="303" number="302" sentence="14">but</token>
  <token id="304" number="303" sentence="14">they</token>
  <token id="305" number="304" sentence="14">are</token>
  <token id="306" number="305" sentence="14">also</token>
  <token id="307" number="306" sentence="14">coming</token>
  <token id="308" number="307" sentence="14">home</token>
  <token id="309" number="308" sentence="14">.</token>
  <token id="310" number="309" sentence="15">This</token>
  <token id="311" number="310" sentence="15">is</token>
  <token id="312" number="311" sentence="15">quite</token>
  <token id="313" number="312" sentence="15">an</token>
  <token id="314" number="313" sentence="15">extraordinary</token>
  <token id="315" number="314" sentence="15">story</token>
  <token id="316" number="315" sentence="15">unfolding</token>
  <token id="317" number="316" sentence="15">here</token>
  <token id="318" number="317" sentence="15">.</token>
  <token id="319" number="318" sentence="16">We</token>
  <token id="320" number="319" sentence="16">'ll</token>
  <token id="321" number="320" sentence="16">come</token>
  <token id="322" number="321" sentence="16">back</token>
  <token id="323" number="322" sentence="16">to</token>
  <token id="324" number="323" sentence="16">Havana</token>
  <token id="325" number="324" sentence="16">later</token>
  <token id="326" number="325" sentence="16">in</token>
  <token id="327" number="326" sentence="16">the</token>
  <token id="328" number="327" sentence="16">broadcast</token>
  <token id="329" number="328" sentence="16">.</token>
  <token id="330" number="329" sentence="17">But</token>
  <token id="331" number="330" sentence="17">now</token>
  <token id="332" number="331" sentence="17">we</token>
  <token id="333" number="332" sentence="17">'re</token>
  <token id="334" number="333" sentence="17">going</token>
  <token id="335" number="334" sentence="17">to</token>
  <token id="336" number="335" sentence="17">go</token>
  <token id="337" number="336" sentence="17">back</token>
  <token id="338" number="337" sentence="17">to</token>
  <token id="339" number="338" sentence="17">New</token>
  <token id="340" number="339" sentence="17">York</token>
  <token id="341" number="340" sentence="17">,</token>
  <token id="342" number="341" sentence="17">where</token>
  <token id="343" number="342" sentence="17">Diane</token>
  <token id="344" number="343" sentence="17">Sawyer</token>
  <token id="345" number="344" sentence="17">has</token>
  <token id="346" number="345" sentence="17">the</token>
  <token id="347" number="346" sentence="17">rest</token>
  <token id="348" number="347" sentence="17">of</token>
  <token id="349" number="348" sentence="17">the</token>
  <token id="350" number="349" sentence="17">news</token>
  <token id="351" number="350" sentence="17">.</token>
  <token id="352" number="351" sentence="18">Diane</token>
  <token id="353" number="352" sentence="18">?</token>
</Document>
