<Document doc_name="ea980120.1830.0456">
  <Markables>
    <TIMEX3 RELATED_TO="" TAG_DESCRIPTOR="Empty_Mark" beginPoint="" comment="" endPoint="" freq="" functionInDocument="CREATION_TIME" id="0" quant="" type="DATE" value="1998-01-20" />
    <EVENT aspect="NONE" certainty="" class="REPORTING" comment="" factuality="" id="1" modality="NONE" polarity="POS" pos="VERB" tense="PAST">
      <token_anchor id="3" />
    </EVENT>
    <TIMEX3 anchorTimeID="0" beginPoint="" comment="" endPoint="" freq="" functionInDocument="NONE" id="2" quant="" type="DATE" value="1998-01-20">
      <token_anchor id="4" />
    </TIMEX3>
    <EVENT aspect="NONE" certainty="" class="I_ACTION" comment="" factuality="" id="3" modality="NONE" polarity="POS" pos="VERB" tense="FUTURE">
      <token_anchor id="7" />
    </EVENT>
    <EVENT aspect="NONE" certainty="" class="OCCURRENCE" comment="" factuality="" id="4" modality="NONE" polarity="POS" pos="ADJECTIVE" tense="PRESENT">
      <token_anchor id="27" />
    </EVENT>
    <EVENT aspect="NONE" certainty="" class="REPORTING" comment="" factuality="" id="5" modality="NONE" polarity="POS" pos="VERB" tense="PAST">
      <token_anchor id="32" />
    </EVENT>
    <TIMEX3 anchorTimeID="0" beginPoint="" comment="" endPoint="" freq="" functionInDocument="NONE" id="6" quant="" type="TIME" value="1998-01-19TNI">
      <token_anchor id="33" />
      <token_anchor id="34" />
    </TIMEX3>
    <EVENT aspect="NONE" certainty="" class="OCCURRENCE" comment="" factuality="" id="7" modality="may" polarity="POS" pos="VERB" tense="NONE">
      <token_anchor id="39" />
    </EVENT>
    <EVENT aspect="NONE" certainty="" class="OCCURRENCE" comment="" factuality="" id="8" modality="NONE" polarity="POS" pos="NOUN" tense="NONE">
      <token_anchor id="52" />
    </EVENT>
    <EVENT aspect="NONE" certainty="" class="STATE" comment="" factuality="" id="9" modality="NONE" polarity="POS" pos="OTHER" tense="PAST">
      <token_anchor id="55" />
    </EVENT>
    <C-SIGNAL id="10">
      <token_anchor id="57" />
    </C-SIGNAL>
    <EVENT aspect="NONE" certainty="" class="OCCURRENCE" comment="" factuality="" id="11" modality="NONE" polarity="POS" pos="VERB" tense="PAST">
      <token_anchor id="64" />
    </EVENT>
    <EVENT aspect="NONE" certainty="" class="OCCURRENCE" comment="" factuality="" id="12" modality="NONE" polarity="POS" pos="VERB" tense="PAST">
      <token_anchor id="76" />
    </EVENT>
    <TIMEX3 anchorTimeID="0" beginPoint="" comment="" endPoint="" freq="" functionInDocument="NONE" id="13" quant="" type="DATE" value="PRESENT_REF">
      <token_anchor id="81" />
    </TIMEX3>
    <EVENT aspect="NONE" certainty="" class="I_STATE" comment="" factuality="" id="14" modality="NONE" polarity="POS" pos="VERB" tense="PRESENT">
      <token_anchor id="82" />
    </EVENT>
    <EVENT aspect="NONE" certainty="" class="OCCURRENCE" comment="" factuality="" id="15" modality="NONE" polarity="POS" pos="VERB" tense="PASTPART">
      <token_anchor id="88" />
    </EVENT>
  </Markables>
  <Relations>
    <TLINK comment="" id="1" relType="IS_INCLUDED">
      <source id="1" />
      <target id="0" />
    </TLINK>
    <TLINK comment="" id="2" relType="IS_INCLUDED">
      <source id="1" />
      <target id="2" />
    </TLINK>
    <TLINK comment="" id="3" relType="IS_INCLUDED">
      <source id="4" />
      <target id="0" />
    </TLINK>
    <TLINK comment="" id="4" relType="BEFORE">
      <source id="5" />
      <target id="1" />
    </TLINK>
    <TLINK comment="" id="5" relType="IS_INCLUDED">
      <source id="5" />
      <target id="6" />
    </TLINK>
    <TLINK comment="" id="6" relType="BEFORE">
      <source id="11" />
      <target id="0" />
    </TLINK>
    <CLINK c-signalID="10" comment="" id="7">
      <source id="11" />
      <target id="8" />
    </CLINK>
    <TLINK comment="" id="8" relType="AFTER">
      <source id="12" />
      <target id="11" />
    </TLINK>
    <TLINK comment="" id="9" relType="INCLUDES">
      <source id="13" />
      <target id="14" />
    </TLINK>
    <TLINK comment="" id="10" relType="IS_INCLUDED">
      <source id="14" />
      <target id="0" />
    </TLINK>
    <TLINK comment="" id="11" relType="AFTER">
      <source id="14" />
      <target id="6" />
    </TLINK>
  </Relations>
  <token id="1" number="0" sentence="0">The</token>
  <token id="2" number="1" sentence="0">Pentagon</token>
  <token id="3" number="2" sentence="0">said</token>
  <token id="4" number="3" sentence="0">today</token>
  <token id="5" number="4" sentence="0">it</token>
  <token id="6" number="5" sentence="0">will</token>
  <token id="7" number="6" sentence="0">re-examine</token>
  <token id="8" number="7" sentence="0">the</token>
  <token id="9" number="8" sentence="0">question</token>
  <token id="10" number="9" sentence="0">are</token>
  <token id="11" number="10" sentence="0">the</token>
  <token id="12" number="11" sentence="0">remains</token>
  <token id="13" number="12" sentence="0">inside</token>
  <token id="14" number="13" sentence="0">the</token>
  <token id="15" number="14" sentence="0">Tomb</token>
  <token id="16" number="15" sentence="0">of</token>
  <token id="17" number="16" sentence="0">the</token>
  <token id="18" number="17" sentence="0">Unknown</token>
  <token id="19" number="18" sentence="0">from</token>
  <token id="20" number="19" sentence="0">the</token>
  <token id="21" number="20" sentence="0">Vietnam</token>
  <token id="22" number="21" sentence="0">War</token>
  <token id="23" number="22" sentence="0">,</token>
  <token id="24" number="23" sentence="0">in</token>
  <token id="25" number="24" sentence="0">fact</token>
  <token id="26" number="25" sentence="0">,</token>
  <token id="27" number="26" sentence="0">known</token>
  <token id="28" number="27" sentence="0">?</token>
  <token id="29" number="28" sentence="1">CBS</token>
  <token id="30" number="29" sentence="1">News</token>
  <token id="31" number="30" sentence="1">first</token>
  <token id="32" number="31" sentence="1">reported</token>
  <token id="33" number="32" sentence="1">last</token>
  <token id="34" number="33" sentence="1">night</token>
  <token id="35" number="34" sentence="1">that</token>
  <token id="36" number="35" sentence="1">the</token>
  <token id="37" number="36" sentence="1">tomb</token>
  <token id="38" number="37" sentence="1">may</token>
  <token id="39" number="38" sentence="1">contain</token>
  <token id="40" number="39" sentence="1">the</token>
  <token id="41" number="40" sentence="1">remains</token>
  <token id="42" number="41" sentence="1">of</token>
  <token id="43" number="42" sentence="1">Air</token>
  <token id="44" number="43" sentence="1">Force</token>
  <token id="45" number="44" sentence="1">pilot</token>
  <token id="46" number="45" sentence="1">Michael</token>
  <token id="47" number="46" sentence="1">Blassie</token>
  <token id="48" number="47" sentence="1">.</token>
  <token id="49" number="48" sentence="2">There</token>
  <token id="50" number="49" sentence="2">was</token>
  <token id="51" number="50" sentence="2">a</token>
  <token id="52" number="51" sentence="2">suspicion</token>
  <token id="53" number="52" sentence="2">the</token>
  <token id="54" number="53" sentence="2">body</token>
  <token id="55" number="54" sentence="2">was</token>
  <token id="56" number="55" sentence="2">Blassie</token>
  <token id="57" number="56" sentence="2">because</token>
  <token id="58" number="57" sentence="2">his</token>
  <token id="59" number="58" sentence="2">uniform</token>
  <token id="60" number="59" sentence="2">and</token>
  <token id="61" number="60" sentence="2">ID</token>
  <token id="62" number="61" sentence="2">card</token>
  <token id="63" number="62" sentence="2">were</token>
  <token id="64" number="63" sentence="2">found</token>
  <token id="65" number="64" sentence="2">near</token>
  <token id="66" number="65" sentence="2">the</token>
  <token id="67" number="66" sentence="2">body</token>
  <token id="68" number="67" sentence="2">in</token>
  <token id="69" number="68" sentence="2">Vietnam</token>
  <token id="70" number="69" sentence="2">.</token>
  <token id="71" number="70" sentence="3">But</token>
  <token id="72" number="71" sentence="3">subsequently</token>
  <token id="73" number="72" sentence="3">,</token>
  <token id="74" number="73" sentence="3">they</token>
  <token id="75" number="74" sentence="3">were</token>
  <token id="76" number="75" sentence="3">lost</token>
  <token id="77" number="76" sentence="3">.</token>
  <token id="78" number="77" sentence="4">Blassie</token>
  <token id="79" number="78" sentence="4">'s</token>
  <token id="80" number="79" sentence="4">mother</token>
  <token id="81" number="80" sentence="4">now</token>
  <token id="82" number="81" sentence="4">wants</token>
  <token id="83" number="82" sentence="4">the</token>
  <token id="84" number="83" sentence="4">remains</token>
  <token id="85" number="84" sentence="4">in</token>
  <token id="86" number="85" sentence="4">the</token>
  <token id="87" number="86" sentence="4">tomb</token>
  <token id="88" number="87" sentence="4">tested</token>
  <token id="89" number="88" sentence="4">for</token>
  <token id="90" number="89" sentence="4">DNA</token>
  <token id="91" number="90" sentence="4">.</token>
</Document>
