<Document doc_name="NYT19980424.0421">
  <Markables>
    <TIMEX3 RELATED_TO="" TAG_DESCRIPTOR="Empty_Mark" beginPoint="" comment="" endPoint="" freq="" functionInDocument="CREATION_TIME" id="0" quant="" type="TIME" value="1998-04-24T21:49:00" />
    <EVENT aspect="NONE" certainty="" class="REPORTING" comment="" factuality="" id="1" modality="NONE" polarity="POS" pos="VERB" tense="PAST">
      <token_anchor id="5" />
    </EVENT>
    <TIMEX3 anchorTimeID="0" beginPoint="" comment="" endPoint="" freq="" functionInDocument="NONE" id="2" quant="" type="DATE" value="1998-04-25">
      <token_anchor id="10" />
      <token_anchor id="11" />
      <token_anchor id="12" />
      <token_anchor id="13" />
    </TIMEX3>
    <EVENT aspect="NONE" certainty="" class="OCCURRENCE" comment="" factuality="" id="3" modality="NONE" polarity="POS" pos="VERB" tense="PAST">
      <token_anchor id="18" />
    </EVENT>
    <TIMEX3 anchorTimeID="0" beginPoint="" comment="" endPoint="" freq="" functionInDocument="NONE" id="4" quant="" type="DATE" value="1998-W17">
      <token_anchor id="21" />
      <token_anchor id="22" />
    </TIMEX3>
    <EVENT aspect="NONE" certainty="" class="OCCURRENCE" comment="" factuality="" id="5" modality="NONE" polarity="POS" pos="VERB" tense="PAST">
      <token_anchor id="31" />
    </EVENT>
    <TIMEX3 anchorTimeID="0" beginPoint="" comment="" endPoint="" freq="" functionInDocument="NONE" id="6" quant="" type="DATE" value="1996">
      <token_anchor id="32" />
      <token_anchor id="33" />
      <token_anchor id="34" />
    </TIMEX3>
    <EVENT aspect="NONE" certainty="" class="OCCURRENCE" comment="" factuality="" id="7" modality="NONE" polarity="POS" pos="NOUN" tense="NONE">
      <token_anchor id="37" />
    </EVENT>
    <EVENT aspect="NONE" certainty="" class="I_ACTION" comment="" factuality="" id="8" modality="NONE" polarity="POS" pos="VERB" tense="PRESPART">
      <token_anchor id="38" />
    </EVENT>
    <EVENT aspect="NONE" certainty="" class="OCCURRENCE" comment="" factuality="" id="9" modality="NONE" polarity="POS" pos="NOUN" tense="NONE">
      <token_anchor id="40" />
    </EVENT>
    <EVENT aspect="PERFECTIVE" certainty="" class="OCCURRENCE" comment="" factuality="" id="10" modality="NONE" polarity="POS" pos="VERB" tense="PAST">
      <token_anchor id="62" />
    </EVENT>
    <EVENT aspect="NONE" certainty="" class="OCCURRENCE" comment="" factuality="" id="11" modality="NONE" polarity="POS" pos="VERB" tense="PAST">
      <token_anchor id="152" />
    </EVENT>
    <EVENT aspect="NONE" certainty="" class="OCCURRENCE" comment="" factuality="" id="12" modality="NONE" polarity="POS" pos="VERB" tense="PAST">
      <token_anchor id="164" />
    </EVENT>
    <EVENT aspect="NONE" certainty="" class="OCCURRENCE" comment="" factuality="" id="13" modality="NONE" polarity="POS" pos="VERB" tense="PAST">
      <token_anchor id="176" />
    </EVENT>
    <EVENT aspect="NONE" certainty="" class="REPORTING" comment="" factuality="" id="14" modality="NONE" polarity="POS" pos="NOUN" tense="NONE">
      <token_anchor id="187" />
    </EVENT>
    <EVENT aspect="NONE" certainty="" class="I_STATE" comment="" factuality="" id="15" modality="NONE" polarity="POS" pos="VERB" tense="PAST">
      <token_anchor id="190" />
    </EVENT>
    <EVENT aspect="NONE" certainty="" class="I_STATE" comment="" factuality="" id="16" modality="NONE" polarity="POS" pos="VERB" tense="PAST">
      <token_anchor id="196" />
    </EVENT>
    <EVENT aspect="NONE" certainty="" class="PERCEPTION" comment="" factuality="" id="17" modality="NONE" polarity="POS" pos="NOUN" tense="NONE">
      <token_anchor id="200" />
    </EVENT>
    <EVENT aspect="NONE" certainty="" class="REPORTING" comment="" factuality="" id="18" modality="NONE" polarity="POS" pos="NOUN" tense="NONE">
      <token_anchor id="208" />
    </EVENT>
    <EVENT aspect="NONE" certainty="" class="OCCURRENCE" comment="" factuality="" id="19" modality="NONE" polarity="POS" pos="VERB" tense="PAST">
      <token_anchor id="226" />
    </EVENT>
    <EVENT aspect="NONE" certainty="" class="OCCURRENCE" comment="" factuality="" id="20" modality="NONE" polarity="POS" pos="NOUN" tense="NONE">
      <token_anchor id="230" />
    </EVENT>
    <EVENT aspect="NONE" certainty="" class="I_ACTION" comment="" factuality="" id="21" modality="NONE" polarity="POS" pos="VERB" tense="PRESENT">
      <token_anchor id="291" />
    </EVENT>
    <EVENT aspect="NONE" certainty="" class="OCCURRENCE" comment="" factuality="" id="22" modality="NONE" polarity="POS" pos="VERB" tense="PAST">
      <token_anchor id="295" />
    </EVENT>
    <EVENT aspect="NONE" certainty="" class="I_ACTION" comment="" factuality="" id="23" modality="NONE" polarity="POS" pos="VERB" tense="PRESPART">
      <token_anchor id="303" />
    </EVENT>
    <EVENT aspect="NONE" certainty="" class="OCCURRENCE" comment="" factuality="" id="24" modality="NONE" polarity="POS" pos="VERB" tense="INFINITIVE">
      <token_anchor id="307" />
    </EVENT>
    <EVENT aspect="NONE" certainty="" class="I_ACTION" comment="" factuality="" id="25" modality="NONE" polarity="POS" pos="VERB" tense="PAST">
      <token_anchor id="312" />
    </EVENT>
    <EVENT aspect="NONE" certainty="" class="OCCURRENCE" comment="" factuality="" id="26" modality="NONE" polarity="POS" pos="VERB" tense="INFINITIVE">
      <token_anchor id="314" />
    </EVENT>
    <EVENT aspect="NONE" certainty="" class="OCCURRENCE" comment="" factuality="" id="27" modality="NONE" polarity="POS" pos="VERB" tense="INFINITIVE">
      <token_anchor id="345" />
    </EVENT>
    <EVENT aspect="NONE" certainty="" class="OCCURRENCE" comment="" factuality="" id="28" modality="NONE" polarity="POS" pos="VERB" tense="PAST">
      <token_anchor id="354" />
    </EVENT>
    <EVENT aspect="NONE" certainty="" class="OCCURRENCE" comment="" factuality="" id="29" modality="NONE" polarity="NEG" pos="VERB" tense="PAST">
      <token_anchor id="360" />
    </EVENT>
    <EVENT aspect="NONE" certainty="" class="OCCURRENCE" comment="" factuality="" id="30" modality="NONE" polarity="POS" pos="VERB" tense="PAST">
      <token_anchor id="368" />
    </EVENT>
    <EVENT aspect="NONE" certainty="" class="OCCURRENCE" comment="" factuality="" id="31" modality="NONE" polarity="POS" pos="VERB" tense="PAST">
      <token_anchor id="378" />
    </EVENT>
    <EVENT aspect="NONE" certainty="" class="OCCURRENCE" comment="" factuality="" id="32" modality="could" polarity="NEG" pos="VERB" tense="NONE">
      <token_anchor id="384" />
    </EVENT>
    <EVENT aspect="NONE" certainty="" class="OCCURRENCE" comment="" factuality="" id="33" modality="NONE" polarity="POS" pos="NOUN" tense="NONE">
      <token_anchor id="385" />
    </EVENT>
    <EVENT aspect="NONE" certainty="" class="OCCURRENCE" comment="" factuality="" id="34" modality="NONE" polarity="POS" pos="VERB" tense="PRESENT">
      <token_anchor id="394" />
    </EVENT>
    <TIMEX3 anchorTimeID="0" beginPoint="" comment="" endPoint="" freq="" functionInDocument="NONE" id="35" quant="" type="DATE" value="PRESENT_REF">
      <token_anchor id="395" />
    </TIMEX3>
    <EVENT aspect="NONE" certainty="" class="I_ACTION" comment="" factuality="" id="36" modality="NONE" polarity="POS" pos="VERB" tense="PAST">
      <token_anchor id="405" />
    </EVENT>
    <EVENT aspect="NONE" certainty="" class="OCCURRENCE" comment="" factuality="" id="37" modality="NONE" polarity="POS" pos="VERB" tense="INFINITIVE">
      <token_anchor id="411" />
    </EVENT>
  </Markables>
  <Relations>
    <TLINK comment="" id="1" relType="IS_INCLUDED">
      <source id="1" />
      <target id="2" />
    </TLINK>
    <TLINK comment="" id="2" relType="IS_INCLUDED">
      <source id="3" />
      <target id="4" />
    </TLINK>
    <TLINK comment="" id="3" relType="IS_INCLUDED">
      <source id="5" />
      <target id="6" />
    </TLINK>
    <TLINK comment="" id="4" relType="SIMULTANEOUS">
      <source id="7" />
      <target id="3" />
    </TLINK>
    <TLINK comment="" id="5" relType="IDENTITY">
      <source id="8" />
      <target id="7" />
    </TLINK>
    <TLINK comment="" id="6" relType="IS_INCLUDED">
      <source id="9" />
      <target id="6" />
    </TLINK>
    <TLINK comment="" id="7" relType="BEFORE">
      <source id="10" />
      <target id="0" />
    </TLINK>
    <TLINK comment="" id="8" relType="BEFORE">
      <source id="11" />
      <target id="0" />
    </TLINK>
    <TLINK comment="" id="9" relType="IDENTITY">
      <source id="12" />
      <target id="11" />
    </TLINK>
    <TLINK comment="" id="10" relType="BEFORE">
      <source id="13" />
      <target id="0" />
    </TLINK>
    <TLINK comment="" id="11" relType="BEFORE">
      <source id="15" />
      <target id="0" />
    </TLINK>
    <CLINK comment="" id="12">
      <source id="17" />
      <target id="14" />
    </CLINK>
    <CLINK comment="" id="13">
      <source id="18" />
      <target id="14" />
    </CLINK>
    <TLINK comment="" id="14" relType="IS_INCLUDED">
      <source id="19" />
      <target id="20" />
    </TLINK>
    <TLINK comment="" id="15" relType="IS_INCLUDED">
      <source id="21" />
      <target id="4" />
    </TLINK>
    <TLINK comment="" id="16" relType="BEFORE">
      <source id="23" />
      <target id="0" />
    </TLINK>
    <TLINK comment="" id="17" relType="BEFORE">
      <source id="25" />
      <target id="0" />
    </TLINK>
    <TLINK comment="" id="18" relType="BEFORE">
      <source id="28" />
      <target id="0" />
    </TLINK>
    <TLINK comment="" id="19" relType="BEFORE">
      <source id="29" />
      <target id="0" />
    </TLINK>
    <TLINK comment="" id="20" relType="SIMULTANEOUS">
      <source id="30" />
      <target id="31" />
    </TLINK>
    <TLINK comment="" id="21" relType="IDENTITY">
      <source id="32" />
      <target id="33" />
    </TLINK>
    <TLINK comment="" id="22" relType="SIMULTANEOUS">
      <source id="32" />
      <target id="34" />
    </TLINK>
    <TLINK comment="" id="23" relType="BEFORE">
      <source id="36" />
      <target id="0" />
    </TLINK>
  </Relations>
  <token id="1" number="0" sentence="0">The</token>
  <token id="2" number="1" sentence="0">New</token>
  <token id="3" number="2" sentence="0">York</token>
  <token id="4" number="3" sentence="0">Times</token>
  <token id="5" number="4" sentence="0">said</token>
  <token id="6" number="5" sentence="0">in</token>
  <token id="7" number="6" sentence="0">an</token>
  <token id="8" number="7" sentence="0">editorial</token>
  <token id="9" number="8" sentence="0">on</token>
  <token id="10" number="9" sentence="0">Saturday</token>
  <token id="11" number="10" sentence="0">,</token>
  <token id="12" number="11" sentence="0">April</token>
  <token id="13" number="12" sentence="0">25</token>
  <token id="14" number="13" sentence="0">:</token>
  <token id="15" number="14" sentence="0">The</token>
  <token id="16" number="15" sentence="0">Supreme</token>
  <token id="17" number="16" sentence="0">Court</token>
  <token id="18" number="17" sentence="0">took</token>
  <token id="19" number="18" sentence="0">a</token>
  <token id="20" number="19" sentence="0">detour</token>
  <token id="21" number="20" sentence="0">this</token>
  <token id="22" number="21" sentence="0">week</token>
  <token id="23" number="22" sentence="0">from</token>
  <token id="24" number="23" sentence="0">the</token>
  <token id="25" number="24" sentence="0">core</token>
  <token id="26" number="25" sentence="0">principle</token>
  <token id="27" number="26" sentence="0">of</token>
  <token id="28" number="27" sentence="0">gender</token>
  <token id="29" number="28" sentence="0">fairness</token>
  <token id="30" number="29" sentence="0">it</token>
  <token id="31" number="30" sentence="0">vindicated</token>
  <token id="32" number="31" sentence="0">two</token>
  <token id="33" number="32" sentence="0">years</token>
  <token id="34" number="33" sentence="0">ago</token>
  <token id="35" number="34" sentence="0">in</token>
  <token id="36" number="35" sentence="0">its</token>
  <token id="37" number="36" sentence="0">ruling</token>
  <token id="38" number="37" sentence="0">invalidating</token>
  <token id="39" number="38" sentence="0">the</token>
  <token id="40" number="39" sentence="0">use</token>
  <token id="41" number="40" sentence="0">of</token>
  <token id="42" number="41" sentence="0">sexual</token>
  <token id="43" number="42" sentence="0">stereotypes</token>
  <token id="44" number="43" sentence="0">to</token>
  <token id="45" number="44" sentence="0">justify</token>
  <token id="46" number="45" sentence="0">denying</token>
  <token id="47" number="46" sentence="0">women</token>
  <token id="48" number="47" sentence="0">admission</token>
  <token id="49" number="48" sentence="0">to</token>
  <token id="50" number="49" sentence="0">the</token>
  <token id="51" number="50" sentence="0">Virginia</token>
  <token id="52" number="51" sentence="0">Military</token>
  <token id="53" number="52" sentence="0">Institute</token>
  <token id="54" number="53" sentence="0">.</token>
  <token id="55" number="54" sentence="1">By</token>
  <token id="56" number="55" sentence="1">a</token>
  <token id="57" number="56" sentence="1">6-3</token>
  <token id="58" number="57" sentence="1">vote</token>
  <token id="59" number="58" sentence="1">,</token>
  <token id="60" number="59" sentence="1">the</token>
  <token id="61" number="60" sentence="1">court</token>
  <token id="62" number="61" sentence="1">upheld</token>
  <token id="63" number="62" sentence="1">a</token>
  <token id="64" number="63" sentence="1">discriminatory</token>
  <token id="65" number="64" sentence="1">immigration</token>
  <token id="66" number="65" sentence="1">law</token>
  <token id="67" number="66" sentence="1">that</token>
  <token id="68" number="67" sentence="1">gives</token>
  <token id="69" number="68" sentence="1">a</token>
  <token id="70" number="69" sentence="1">child</token>
  <token id="71" number="70" sentence="1">born</token>
  <token id="72" number="71" sentence="1">overseas</token>
  <token id="73" number="72" sentence="1">to</token>
  <token id="74" number="73" sentence="1">an</token>
  <token id="75" number="74" sentence="1">unmarried</token>
  <token id="76" number="75" sentence="1">American</token>
  <token id="77" number="76" sentence="1">woman</token>
  <token id="78" number="77" sentence="1">a</token>
  <token id="79" number="78" sentence="1">better</token>
  <token id="80" number="79" sentence="1">chance</token>
  <token id="81" number="80" sentence="1">at</token>
  <token id="82" number="81" sentence="1">citizenship</token>
  <token id="83" number="82" sentence="1">than</token>
  <token id="84" number="83" sentence="1">a</token>
  <token id="85" number="84" sentence="1">child</token>
  <token id="86" number="85" sentence="1">born</token>
  <token id="87" number="86" sentence="1">to</token>
  <token id="88" number="87" sentence="1">an</token>
  <token id="89" number="88" sentence="1">unmarried</token>
  <token id="90" number="89" sentence="1">American</token>
  <token id="91" number="90" sentence="1">man</token>
  <token id="92" number="91" sentence="1">.</token>
  <token id="93" number="92" sentence="2">Under</token>
  <token id="94" number="93" sentence="2">the</token>
  <token id="95" number="94" sentence="2">statute</token>
  <token id="96" number="95" sentence="2">,</token>
  <token id="97" number="96" sentence="2">a</token>
  <token id="98" number="97" sentence="2">child</token>
  <token id="99" number="98" sentence="2">born</token>
  <token id="100" number="99" sentence="2">abroad</token>
  <token id="101" number="100" sentence="2">to</token>
  <token id="102" number="101" sentence="2">an</token>
  <token id="103" number="102" sentence="2">unwed</token>
  <token id="104" number="103" sentence="2">American</token>
  <token id="105" number="104" sentence="2">mother</token>
  <token id="106" number="105" sentence="2">is</token>
  <token id="107" number="106" sentence="2">automatically</token>
  <token id="108" number="107" sentence="2">considered</token>
  <token id="109" number="108" sentence="2">a</token>
  <token id="110" number="109" sentence="2">U.S.</token>
  <token id="111" number="110" sentence="2">citizen</token>
  <token id="112" number="111" sentence="2">.</token>
  <token id="113" number="112" sentence="3">But</token>
  <token id="114" number="113" sentence="3">the</token>
  <token id="115" number="114" sentence="3">child</token>
  <token id="116" number="115" sentence="3">of</token>
  <token id="117" number="116" sentence="3">an</token>
  <token id="118" number="117" sentence="3">unwed</token>
  <token id="119" number="118" sentence="3">American</token>
  <token id="120" number="119" sentence="3">father</token>
  <token id="121" number="120" sentence="3">has</token>
  <token id="122" number="121" sentence="3">no</token>
  <token id="123" number="122" sentence="3">citizenship</token>
  <token id="124" number="123" sentence="3">rights</token>
  <token id="125" number="124" sentence="3">unless</token>
  <token id="126" number="125" sentence="3">the</token>
  <token id="127" number="126" sentence="3">father</token>
  <token id="128" number="127" sentence="3">takes</token>
  <token id="129" number="128" sentence="3">the</token>
  <token id="130" number="129" sentence="3">affirmative</token>
  <token id="131" number="130" sentence="3">step</token>
  <token id="132" number="131" sentence="3">of</token>
  <token id="133" number="132" sentence="3">acknowledging</token>
  <token id="134" number="133" sentence="3">paternity</token>
  <token id="135" number="134" sentence="3">and</token>
  <token id="136" number="135" sentence="3">formally</token>
  <token id="137" number="136" sentence="3">agrees</token>
  <token id="138" number="137" sentence="3">to</token>
  <token id="139" number="138" sentence="3">provide</token>
  <token id="140" number="139" sentence="3">support</token>
  <token id="141" number="140" sentence="3">until</token>
  <token id="142" number="141" sentence="3">the</token>
  <token id="143" number="142" sentence="3">child</token>
  <token id="144" number="143" sentence="3">turns</token>
  <token id="145" number="144" sentence="3">18</token>
  <token id="146" number="145" sentence="3">.</token>
  <token id="147" number="146" sentence="4">The</token>
  <token id="148" number="147" sentence="4">majority</token>
  <token id="149" number="148" sentence="4">'s</token>
  <token id="150" number="149" sentence="4">views</token>
  <token id="151" number="150" sentence="4">were</token>
  <token id="152" number="151" sentence="4">expressed</token>
  <token id="153" number="152" sentence="4">in</token>
  <token id="154" number="153" sentence="4">three</token>
  <token id="155" number="154" sentence="4">separate</token>
  <token id="156" number="155" sentence="4">opinions</token>
  <token id="157" number="156" sentence="4">,</token>
  <token id="158" number="157" sentence="4">the</token>
  <token id="159" number="158" sentence="4">most</token>
  <token id="160" number="159" sentence="4">disquieting</token>
  <token id="161" number="160" sentence="4">of</token>
  <token id="162" number="161" sentence="4">which</token>
  <token id="163" number="162" sentence="4">was</token>
  <token id="164" number="163" sentence="4">written</token>
  <token id="165" number="164" sentence="4">by</token>
  <token id="166" number="165" sentence="4">a</token>
  <token id="167" number="166" sentence="4">liberal</token>
  <token id="168" number="167" sentence="4">member</token>
  <token id="169" number="168" sentence="4">,</token>
  <token id="170" number="169" sentence="4">Justice</token>
  <token id="171" number="170" sentence="4">John</token>
  <token id="172" number="171" sentence="4">Paul</token>
  <token id="173" number="172" sentence="4">Stevens</token>
  <token id="174" number="173" sentence="4">,</token>
  <token id="175" number="174" sentence="4">and</token>
  <token id="176" number="175" sentence="4">joined</token>
  <token id="177" number="176" sentence="4">by</token>
  <token id="178" number="177" sentence="4">a</token>
  <token id="179" number="178" sentence="4">conservative</token>
  <token id="180" number="179" sentence="4">,</token>
  <token id="181" number="180" sentence="4">Chief</token>
  <token id="182" number="181" sentence="4">Justice</token>
  <token id="183" number="182" sentence="4">William</token>
  <token id="184" number="183" sentence="4">Rehnquist</token>
  <token id="185" number="184" sentence="4">.</token>
  <token id="186" number="185" sentence="5">The</token>
  <token id="187" number="186" sentence="5">opinion</token>
  <token id="188" number="187" sentence="5">,</token>
  <token id="189" number="188" sentence="5">which</token>
  <token id="190" number="189" sentence="5">found</token>
  <token id="191" number="190" sentence="5">the</token>
  <token id="192" number="191" sentence="5">gender</token>
  <token id="193" number="192" sentence="5">distinction</token>
  <token id="194" number="193" sentence="5">reasonable</token>
  <token id="195" number="194" sentence="5">,</token>
  <token id="196" number="195" sentence="5">relied</token>
  <token id="197" number="196" sentence="5">heavily</token>
  <token id="198" number="197" sentence="5">on</token>
  <token id="199" number="198" sentence="5">outmoded</token>
  <token id="200" number="199" sentence="5">generalities</token>
  <token id="201" number="200" sentence="5">about</token>
  <token id="202" number="201" sentence="5">family</token>
  <token id="203" number="202" sentence="5">roles</token>
  <token id="204" number="203" sentence="5">,</token>
  <token id="205" number="204" sentence="5">including</token>
  <token id="206" number="205" sentence="5">the</token>
  <token id="207" number="206" sentence="5">flawed</token>
  <token id="208" number="207" sentence="5">presumption</token>
  <token id="209" number="208" sentence="5">that</token>
  <token id="210" number="209" sentence="5">mothers</token>
  <token id="211" number="210" sentence="5">have</token>
  <token id="212" number="211" sentence="5">a</token>
  <token id="213" number="212" sentence="5">closer</token>
  <token id="214" number="213" sentence="5">relationship</token>
  <token id="215" number="214" sentence="5">to</token>
  <token id="216" number="215" sentence="5">their</token>
  <token id="217" number="216" sentence="5">children</token>
  <token id="218" number="217" sentence="5">than</token>
  <token id="219" number="218" sentence="5">fathers</token>
  <token id="220" number="219" sentence="5">do</token>
  <token id="221" number="220" sentence="5">.</token>
  <token id="222" number="221" sentence="6">As</token>
  <token id="223" number="222" sentence="6">Justice</token>
  <token id="224" number="223" sentence="6">Stephen</token>
  <token id="225" number="224" sentence="6">Breyer</token>
  <token id="226" number="225" sentence="6">asked</token>
  <token id="227" number="226" sentence="6">in</token>
  <token id="228" number="227" sentence="6">a</token>
  <token id="229" number="228" sentence="6">strong</token>
  <token id="230" number="229" sentence="6">dissent</token>
  <token id="231" number="230" sentence="6">,</token>
  <token id="232" number="231" sentence="6">"</token>
  <token id="233" number="232" sentence="6">what</token>
  <token id="234" number="233" sentence="6">sense</token>
  <token id="235" number="234" sentence="6">does</token>
  <token id="236" number="235" sentence="6">it</token>
  <token id="237" number="236" sentence="6">make</token>
  <token id="238" number="237" sentence="6">"</token>
  <token id="239" number="238" sentence="6">to</token>
  <token id="240" number="239" sentence="6">apply</token>
  <token id="241" number="240" sentence="6">citizenship</token>
  <token id="242" number="241" sentence="6">barriers</token>
  <token id="243" number="242" sentence="6">"</token>
  <token id="244" number="243" sentence="6">only</token>
  <token id="245" number="244" sentence="6">to</token>
  <token id="246" number="245" sentence="6">fathers</token>
  <token id="247" number="246" sentence="6">and</token>
  <token id="248" number="247" sentence="6">not</token>
  <token id="249" number="248" sentence="6">to</token>
  <token id="250" number="249" sentence="6">mothers</token>
  <token id="251" number="250" sentence="6">in</token>
  <token id="252" number="251" sentence="6">today</token>
  <token id="253" number="252" sentence="6">'s</token>
  <token id="254" number="253" sentence="6">world</token>
  <token id="255" number="254" sentence="6">_</token>
  <token id="256" number="255" sentence="6">where</token>
  <token id="257" number="256" sentence="6">paternity</token>
  <token id="258" number="257" sentence="6">can</token>
  <token id="259" number="258" sentence="6">readily</token>
  <token id="260" number="259" sentence="6">be</token>
  <token id="261" number="260" sentence="6">proved</token>
  <token id="262" number="261" sentence="6">and</token>
  <token id="263" number="262" sentence="6">where</token>
  <token id="264" number="263" sentence="6">women</token>
  <token id="265" number="264" sentence="6">and</token>
  <token id="266" number="265" sentence="6">men</token>
  <token id="267" number="266" sentence="6">both</token>
  <token id="268" number="267" sentence="6">are</token>
  <token id="269" number="268" sentence="6">likely</token>
  <token id="270" number="269" sentence="6">to</token>
  <token id="271" number="270" sentence="6">earn</token>
  <token id="272" number="271" sentence="6">a</token>
  <token id="273" number="272" sentence="6">living</token>
  <token id="274" number="273" sentence="6">in</token>
  <token id="275" number="274" sentence="6">the</token>
  <token id="276" number="275" sentence="6">workplace</token>
  <token id="277" number="276" sentence="6">?</token>
  <token id="278" number="277" sentence="6">"</token>
  <token id="279" number="278" sentence="7">.</token>
  <token id="280" number="279" sentence="8">Justices</token>
  <token id="281" number="280" sentence="8">Sandra</token>
  <token id="282" number="281" sentence="8">Day</token>
  <token id="283" number="282" sentence="8">O</token>
  <token id="284" number="283" sentence="8">'</token>
  <token id="285" number="284" sentence="8">Connor</token>
  <token id="286" number="285" sentence="8">and</token>
  <token id="287" number="286" sentence="8">Anthony</token>
  <token id="288" number="287" sentence="8">Kennedy</token>
  <token id="289" number="288" sentence="8">seemed</token>
  <token id="290" number="289" sentence="8">to</token>
  <token id="291" number="290" sentence="8">agree</token>
  <token id="292" number="291" sentence="8">that</token>
  <token id="293" number="292" sentence="8">the</token>
  <token id="294" number="293" sentence="8">law</token>
  <token id="295" number="294" sentence="8">amounted</token>
  <token id="296" number="295" sentence="8">to</token>
  <token id="297" number="296" sentence="8">unconstitutional</token>
  <token id="298" number="297" sentence="8">sex</token>
  <token id="299" number="298" sentence="8">discrimination</token>
  <token id="300" number="299" sentence="8">.</token>
  <token id="301" number="300" sentence="9">Butinstead</token>
  <token id="302" number="301" sentence="9">of</token>
  <token id="303" number="302" sentence="9">providing</token>
  <token id="304" number="303" sentence="9">the</token>
  <token id="305" number="304" sentence="9">votes</token>
  <token id="306" number="305" sentence="9">to</token>
  <token id="307" number="306" sentence="9">strike</token>
  <token id="308" number="307" sentence="9">it</token>
  <token id="309" number="308" sentence="9">down</token>
  <token id="310" number="309" sentence="9">,</token>
  <token id="311" number="310" sentence="9">they</token>
  <token id="312" number="311" sentence="9">chose</token>
  <token id="313" number="312" sentence="9">to</token>
  <token id="314" number="313" sentence="9">uphold</token>
  <token id="315" number="314" sentence="9">it</token>
  <token id="316" number="315" sentence="9">on</token>
  <token id="317" number="316" sentence="9">the</token>
  <token id="318" number="317" sentence="9">flimsy</token>
  <token id="319" number="318" sentence="9">ground</token>
  <token id="320" number="319" sentence="9">that</token>
  <token id="321" number="320" sentence="9">because</token>
  <token id="322" number="321" sentence="9">the</token>
  <token id="323" number="322" sentence="9">sex</token>
  <token id="324" number="323" sentence="9">of</token>
  <token id="325" number="324" sentence="9">the</token>
  <token id="326" number="325" sentence="9">parent</token>
  <token id="327" number="326" sentence="9">and</token>
  <token id="328" number="327" sentence="9">not</token>
  <token id="329" number="328" sentence="9">the</token>
  <token id="330" number="329" sentence="9">child</token>
  <token id="331" number="330" sentence="9">made</token>
  <token id="332" number="331" sentence="9">the</token>
  <token id="333" number="332" sentence="9">difference</token>
  <token id="334" number="333" sentence="9">under</token>
  <token id="335" number="334" sentence="9">the</token>
  <token id="336" number="335" sentence="9">law</token>
  <token id="337" number="336" sentence="9">,</token>
  <token id="338" number="337" sentence="9">the</token>
  <token id="339" number="338" sentence="9">plaintiff</token>
  <token id="340" number="339" sentence="9">did</token>
  <token id="341" number="340" sentence="9">not</token>
  <token id="342" number="341" sentence="9">have</token>
  <token id="343" number="342" sentence="9">standing</token>
  <token id="344" number="343" sentence="9">to</token>
  <token id="345" number="344" sentence="9">bring</token>
  <token id="346" number="345" sentence="9">the</token>
  <token id="347" number="346" sentence="9">case</token>
  <token id="348" number="347" sentence="9">.</token>
  <token id="349" number="348" sentence="10">The</token>
  <token id="350" number="349" sentence="10">Justice</token>
  <token id="351" number="350" sentence="10">Department</token>
  <token id="352" number="351" sentence="10">,</token>
  <token id="353" number="352" sentence="10">which</token>
  <token id="354" number="353" sentence="10">supported</token>
  <token id="355" number="354" sentence="10">the</token>
  <token id="356" number="355" sentence="10">statute</token>
  <token id="357" number="356" sentence="10">,</token>
  <token id="358" number="357" sentence="10">did</token>
  <token id="359" number="358" sentence="10">not</token>
  <token id="360" number="359" sentence="10">cover</token>
  <token id="361" number="360" sentence="10">itself</token>
  <token id="362" number="361" sentence="10">with</token>
  <token id="363" number="362" sentence="10">glory</token>
  <token id="364" number="363" sentence="10">either</token>
  <token id="365" number="364" sentence="10">.</token>
  <token id="366" number="365" sentence="11">The</token>
  <token id="367" number="366" sentence="11">department</token>
  <token id="368" number="367" sentence="11">retreated</token>
  <token id="369" number="368" sentence="11">from</token>
  <token id="370" number="369" sentence="11">its</token>
  <token id="371" number="370" sentence="11">position</token>
  <token id="372" number="371" sentence="11">in</token>
  <token id="373" number="372" sentence="11">the</token>
  <token id="374" number="373" sentence="11">VMI</token>
  <token id="375" number="374" sentence="11">case</token>
  <token id="376" number="375" sentence="11">when</token>
  <token id="377" number="376" sentence="11">it</token>
  <token id="378" number="377" sentence="11">argued</token>
  <token id="379" number="378" sentence="11">that</token>
  <token id="380" number="379" sentence="11">the</token>
  <token id="381" number="380" sentence="11">government</token>
  <token id="382" number="381" sentence="11">could</token>
  <token id="383" number="382" sentence="11">not</token>
  <token id="384" number="383" sentence="11">make</token>
  <token id="385" number="384" sentence="11">policy</token>
  <token id="386" number="385" sentence="11">based</token>
  <token id="387" number="386" sentence="11">on</token>
  <token id="388" number="387" sentence="11">stereotypes</token>
  <token id="389" number="388" sentence="11">"</token>
  <token id="390" number="389" sentence="11">even</token>
  <token id="391" number="390" sentence="11">when</token>
  <token id="392" number="391" sentence="11">those</token>
  <token id="393" number="392" sentence="11">stereotypes</token>
  <token id="394" number="393" sentence="11">reflect</token>
  <token id="395" number="394" sentence="11">current</token>
  <token id="396" number="395" sentence="11">realities</token>
  <token id="397" number="396" sentence="11">.</token>
  <token id="398" number="397" sentence="11">"</token>
  <token id="399" number="398" sentence="12">As</token>
  <token id="400" number="399" sentence="12">for</token>
  <token id="401" number="400" sentence="12">the</token>
  <token id="402" number="401" sentence="12">court</token>
  <token id="403" number="402" sentence="12">,</token>
  <token id="404" number="403" sentence="12">it</token>
  <token id="405" number="404" sentence="12">managed</token>
  <token id="406" number="405" sentence="12">with</token>
  <token id="407" number="406" sentence="12">its</token>
  <token id="408" number="407" sentence="12">splintered</token>
  <token id="409" number="408" sentence="12">ruling</token>
  <token id="410" number="409" sentence="12">to</token>
  <token id="411" number="410" sentence="12">cast</token>
  <token id="412" number="411" sentence="12">doubt</token>
  <token id="413" number="412" sentence="12">both</token>
  <token id="414" number="413" sentence="12">on</token>
  <token id="415" number="414" sentence="12">the</token>
  <token id="416" number="415" sentence="12">constitutionality</token>
  <token id="417" number="416" sentence="12">of</token>
  <token id="418" number="417" sentence="12">the</token>
  <token id="419" number="418" sentence="12">immigration</token>
  <token id="420" number="419" sentence="12">provisions</token>
  <token id="421" number="420" sentence="12">it</token>
  <token id="422" number="421" sentence="12">upheld</token>
  <token id="423" number="422" sentence="12">and</token>
  <token id="424" number="423" sentence="12">on</token>
  <token id="425" number="424" sentence="12">its</token>
  <token id="426" number="425" sentence="12">true</token>
  <token id="427" number="426" sentence="12">commitment</token>
  <token id="428" number="427" sentence="12">to</token>
  <token id="429" number="428" sentence="12">fighting</token>
  <token id="430" number="429" sentence="12">gender</token>
  <token id="431" number="430" sentence="12">stereotypes</token>
  <token id="432" number="431" sentence="12">.</token>
</Document>
