<Document doc_name="NYT19980206.0466">
  <Markables>
    <TIMEX3 RELATED_TO="" TAG_DESCRIPTOR="Empty_Mark" beginPoint="" comment="" endPoint="" freq="" functionInDocument="CREATION_TIME" id="0" quant="" type="TIME" value="1998-02-06T22:29:00" />
    <EVENT aspect="NONE" certainty="" class="OCCURRENCE" comment="" factuality="" id="1" modality="NONE" polarity="POS" pos="NOUN" tense="NONE">
      <token_anchor id="5" />
    </EVENT>
    <TIMEX3 anchorTimeID="0" beginPoint="" comment="" endPoint="" freq="" functionInDocument="NONE" id="2" quant="" type="DATE" value="1998-02-06">
      <token_anchor id="7" />
    </TIMEX3>
    <TIMEX3 anchorTimeID="0" beginPoint="" comment="" endPoint="" freq="" functionInDocument="NONE" id="3" quant="" type="DATE" value="1998-02-05">
      <token_anchor id="9" />
    </TIMEX3>
    <C-SIGNAL id="4">
      <token_anchor id="38" />
      <token_anchor id="39" />
      <token_anchor id="40" />
    </C-SIGNAL>
    <TIMEX3 anchorTimeID="0" beginPoint="" comment="" endPoint="" freq="" functionInDocument="NONE" id="5" quant="" type="DATE" value="1998-02-06">
      <token_anchor id="49" />
    </TIMEX3>
    <EVENT aspect="NONE" certainty="" class="REPORTING" comment="" factuality="" id="6" modality="NONE" polarity="POS" pos="NOUN" tense="NONE">
      <token_anchor id="52" />
    </EVENT>
    <TIMEX3 anchorTimeID="0" beginPoint="" comment="" endPoint="" freq="" functionInDocument="NONE" id="7" quant="" type="DATE" value="1998-02-05">
      <token_anchor id="62" />
    </TIMEX3>
    <EVENT aspect="NONE" certainty="" class="I_ACTION" comment="" factuality="" id="8" modality="NONE" polarity="POS" pos="VERB" tense="PASTPART">
      <token_anchor id="69" />
    </EVENT>
    <EVENT aspect="NONE" certainty="" class="I_STATE" comment="" factuality="" id="9" modality="NONE" polarity="POS" pos="ADJECTIVE" tense="PAST">
      <token_anchor id="88" />
    </EVENT>
    <TIMEX3 anchorTimeID="0" beginPoint="" comment="" endPoint="" freq="" functionInDocument="NONE" id="10" quant="" type="DATE" value="1998-02-05">
      <token_anchor id="110" />
    </TIMEX3>
    <TIMEX3 anchorTimeID="10" beginPoint="" comment="" endPoint="" freq="" functionInDocument="NONE" id="11" quant="" type="DURATION" value="PXW">
      <token_anchor id="113" />
      <token_anchor id="114" />
      <token_anchor id="115" />
      <token_anchor id="116" />
    </TIMEX3>
    <EVENT aspect="PERFECTIVE" certainty="" class="OCCURRENCE" comment="" factuality="" id="12" modality="NONE" polarity="POS" pos="VERB" tense="PRESENT">
      <token_anchor id="120" />
    </EVENT>
    <EVENT aspect="NONE" certainty="" class="I_ACTION" comment="" factuality="" id="13" modality="NONE" polarity="POS" pos="VERB" tense="PAST">
      <token_anchor id="124" />
    </EVENT>
    <EVENT aspect="NONE" certainty="" class="I_ACTION" comment="" factuality="" id="14" modality="NONE" polarity="POS" pos="VERB" tense="INFINITIVE">
      <token_anchor id="126" />
    </EVENT>
    <EVENT aspect="NONE" certainty="" class="I_ACTION" comment="" factuality="" id="15" modality="NONE" polarity="NEG" pos="VERB" tense="FUTURE">
      <token_anchor id="139" />
    </EVENT>
    <EVENT aspect="NONE" certainty="" class="REPORTING" comment="" factuality="" id="16" modality="NONE" polarity="POS" pos="NOUN" tense="NONE">
      <token_anchor id="143" />
    </EVENT>
    <EVENT aspect="NONE" certainty="" class="I_ACTION" comment="" factuality="" id="17" modality="NONE" polarity="POS" pos="NOUN" tense="NONE">
      <token_anchor id="146" />
    </EVENT>
    <TIMEX3 anchorTimeID="0" beginPoint="" comment="" endPoint="" freq="" functionInDocument="NONE" id="18" quant="" type="DATE" value="1998-02-06">
      <token_anchor id="151" />
    </TIMEX3>
    <EVENT aspect="NONE" certainty="" class="I_ACTION" comment="" factuality="" id="19" modality="NONE" polarity="POS" pos="VERB" tense="PRESENT">
      <token_anchor id="154" />
    </EVENT>
    <EVENT aspect="NONE" certainty="" class="I_STATE" comment="" factuality="" id="20" modality="NONE" polarity="POS" pos="ADJECTIVE" tense="PRESENT">
      <token_anchor id="158" />
    </EVENT>
    <EVENT aspect="NONE" certainty="" class="I_STATE" comment="" factuality="" id="21" modality="NONE" polarity="POS" pos="NOUN" tense="NONE">
      <token_anchor id="166" />
    </EVENT>
    <EVENT aspect="NONE" certainty="" class="I_ACTION" comment="" factuality="" id="22" modality="NONE" polarity="POS" pos="NOUN" tense="NONE">
      <token_anchor id="170" />
    </EVENT>
    <EVENT aspect="NONE" certainty="" class="I_STATE" comment="" factuality="" id="23" modality="NONE" polarity="POS" pos="VERB" tense="PRESENT">
      <token_anchor id="174" />
    </EVENT>
    <EVENT aspect="NONE" certainty="" class="I_ACTION" comment="" factuality="" id="24" modality="NONE" polarity="POS" pos="VERB" tense="PAST">
      <token_anchor id="181" />
    </EVENT>
    <EVENT aspect="NONE" certainty="" class="I_ACTION" comment="" factuality="" id="25" modality="NONE" polarity="POS" pos="VERB" tense="INFINITIVE">
      <token_anchor id="183" />
    </EVENT>
    <EVENT aspect="NONE" certainty="" class="REPORTING" comment="" factuality="" id="26" modality="NONE" polarity="POS" pos="NOUN" tense="NONE">
      <token_anchor id="193" />
    </EVENT>
    <EVENT aspect="NONE" certainty="" class="I_STATE" comment="" factuality="" id="27" modality="NONE" polarity="POS" pos="VERB" tense="PRESENT">
      <token_anchor id="200" />
    </EVENT>
    <EVENT aspect="NONE" certainty="" class="I_STATE" comment="" factuality="" id="28" modality="NONE" polarity="POS" pos="VERB" tense="PRESENT">
      <token_anchor id="202" />
    </EVENT>
    <EVENT aspect="NONE" certainty="" class="REPORTING" comment="" factuality="" id="29" modality="NONE" polarity="POS" pos="NOUN" tense="NONE">
      <token_anchor id="206" />
    </EVENT>
    <EVENT aspect="NONE" certainty="" class="REPORTING" comment="" factuality="" id="30" modality="NONE" polarity="POS" pos="NOUN" tense="NONE">
      <token_anchor id="213" />
    </EVENT>
    <TIMEX3 anchorTimeID="0" beginPoint="" comment="" endPoint="" freq="" functionInDocument="NONE" id="31" quant="" type="DATE" value="1998-02-06">
      <token_anchor id="218" />
    </TIMEX3>
    <EVENT aspect="NONE" certainty="" class="I_ACTION" comment="" factuality="" id="32" modality="NONE" polarity="NEG" pos="VERB" tense="PAST">
      <token_anchor id="226" />
    </EVENT>
    <EVENT aspect="NONE" certainty="" class="I_ACTION" comment="" factuality="" id="33" modality="NONE" polarity="POS" pos="VERB" tense="INFINITIVE">
      <token_anchor id="229" />
    </EVENT>
    <EVENT aspect="NONE" certainty="" class="I_ACTION" comment="" factuality="" id="34" modality="NONE" polarity="POS" pos="VERB" tense="NONE">
      <token_anchor id="232" />
    </EVENT>
    <EVENT aspect="NONE" certainty="" class="I_STATE" comment="" factuality="" id="35" modality="NONE" polarity="POS" pos="VERB" tense="PRESENT">
      <token_anchor id="237" />
    </EVENT>
    <TIMEX3 anchorTimeID="31" beginPoint="" comment="" endPoint="" freq="" functionInDocument="NONE" id="36" quant="" type="DATE" value="1998-02-06">
      <token_anchor id="241" />
    </TIMEX3>
    <EVENT aspect="NONE" certainty="" class="I_STATE" comment="" factuality="" id="37" modality="NONE" polarity="POS" pos="VERB" tense="PAST">
      <token_anchor id="245" />
    </EVENT>
    <EVENT aspect="NONE" certainty="" class="I_ACTION" comment="" factuality="" id="38" modality="NONE" polarity="POS" pos="VERB" tense="PAST">
      <token_anchor id="251" />
    </EVENT>
    <TIMEX3 anchorTimeID="31" beginPoint="" comment="" endPoint="" freq="" functionInDocument="NONE" id="39" quant="" type="TIME" value="1998-02-06TMO">
      <token_anchor id="253" />
      <token_anchor id="254" />
    </TIMEX3>
    <EVENT aspect="NONE" certainty="" class="I_STATE" comment="" factuality="" id="40" modality="NONE" polarity="NEG" pos="ADJECTIVE" tense="PRESENT">
      <token_anchor id="262" />
    </EVENT>
    <EVENT aspect="NONE" certainty="" class="OCCURRENCE" comment="" factuality="" id="41" modality="NONE" polarity="POS" pos="NOUN" tense="NONE">
      <token_anchor id="266" />
    </EVENT>
  </Markables>
  <Relations>
    <TLINK comment="" id="1" relType="BEFORE">
      <source id="3" />
      <target id="2" />
    </TLINK>
    <TLINK comment="" id="2" relType="IDENTITY">
      <source id="5" />
      <target id="2" />
    </TLINK>
    <CLINK comment="" id="3">
      <source id="6" />
      <target id="1" />
    </CLINK>
    <TLINK comment="" id="4" relType="IDENTITY">
      <source id="7" />
      <target id="3" />
    </TLINK>
    <TLINK comment="" id="5" relType="IDENTITY">
      <source id="10" />
      <target id="3" />
    </TLINK>
    <TLINK comment="" id="6" relType="AFTER">
      <source id="10" />
      <target id="11" />
    </TLINK>
    <TLINK comment="" id="7" relType="INCLUDES">
      <source id="10" />
      <target id="15" />
    </TLINK>
    <TLINK comment="" id="8" relType="IS_INCLUDED">
      <source id="11" />
      <target id="12" />
    </TLINK>
    <TLINK comment="" id="9" relType="IS_INCLUDED">
      <source id="13" />
      <target id="11" />
    </TLINK>
    <TLINK comment="" id="10" relType="AFTER">
      <source id="17" />
      <target id="16" />
    </TLINK>
    <TLINK comment="" id="11" relType="IDENTITY">
      <source id="18" />
      <target id="2" />
    </TLINK>
    <TLINK comment="" id="12" relType="INCLUDES">
      <source id="18" />
      <target id="27" />
    </TLINK>
    <TLINK comment="" id="13" relType="INCLUDES">
      <source id="18" />
      <target id="28" />
    </TLINK>
    <TLINK comment="" id="14" relType="IS_INCLUDED">
      <source id="19" />
      <target id="18" />
    </TLINK>
    <TLINK comment="" id="15" relType="SIMULTANEOUS">
      <source id="23" />
      <target id="9" />
    </TLINK>
    <TLINK comment="" id="16" relType="INCLUDES">
      <source id="30" />
      <target id="6" />
    </TLINK>
    <TLINK comment="" id="17" relType="IDENTITY">
      <source id="31" />
      <target id="2" />
    </TLINK>
    <TLINK comment="" id="18" relType="BEFORE">
      <source id="32" />
      <target id="31" />
    </TLINK>
    <TLINK comment="" id="19" relType="DURING">
      <source id="35" />
      <target id="31" />
    </TLINK>
    <TLINK comment="" id="20" relType="IDENTITY">
      <source id="36" />
      <target id="2" />
    </TLINK>
    <TLINK comment="" id="21" relType="IS_INCLUDED">
      <source id="37" />
      <target id="31" />
    </TLINK>
    <TLINK comment="" id="22" relType="IS_INCLUDED">
      <source id="38" />
      <target id="39" />
    </TLINK>
    <TLINK comment="" id="23" relType="IS_INCLUDED">
      <source id="39" />
      <target id="31" />
    </TLINK>
  </Relations>
  <token id="1" number="0" sentence="0">WASHINGTON</token>
  <token id="2" number="1" sentence="0">_</token>
  <token id="3" number="2" sentence="0">Following</token>
  <token id="4" number="3" sentence="0">are</token>
  <token id="5" number="4" sentence="0">statements</token>
  <token id="6" number="5" sentence="0">made</token>
  <token id="7" number="6" sentence="0">Friday</token>
  <token id="8" number="7" sentence="0">and</token>
  <token id="9" number="8" sentence="0">Thursday</token>
  <token id="10" number="9" sentence="0">by</token>
  <token id="11" number="10" sentence="0">Lawrence</token>
  <token id="12" number="11" sentence="0">Wechsler</token>
  <token id="13" number="12" sentence="0">,</token>
  <token id="14" number="13" sentence="0">a</token>
  <token id="15" number="14" sentence="0">lawyer</token>
  <token id="16" number="15" sentence="0">for</token>
  <token id="17" number="16" sentence="0">the</token>
  <token id="18" number="17" sentence="0">White</token>
  <token id="19" number="18" sentence="0">House</token>
  <token id="20" number="19" sentence="0">secretary</token>
  <token id="21" number="20" sentence="0">,</token>
  <token id="22" number="21" sentence="0">Betty</token>
  <token id="23" number="22" sentence="0">Currie</token>
  <token id="24" number="23" sentence="0">;</token>
  <token id="25" number="24" sentence="1">the</token>
  <token id="26" number="25" sentence="1">White</token>
  <token id="27" number="26" sentence="1">House</token>
  <token id="28" number="27" sentence="1">;</token>
  <token id="29" number="28" sentence="2">White</token>
  <token id="30" number="29" sentence="2">House</token>
  <token id="31" number="30" sentence="2">spokesman</token>
  <token id="32" number="31" sentence="2">Mike</token>
  <token id="33" number="32" sentence="2">McCurry</token>
  <token id="34" number="33" sentence="2">,</token>
  <token id="35" number="34" sentence="2">and</token>
  <token id="36" number="35" sentence="2">President</token>
  <token id="37" number="36" sentence="2">Clinton</token>
  <token id="38" number="37" sentence="2">in</token>
  <token id="39" number="38" sentence="2">response</token>
  <token id="40" number="39" sentence="2">to</token>
  <token id="41" number="40" sentence="2">an</token>
  <token id="42" number="41" sentence="2">article</token>
  <token id="43" number="42" sentence="2">in</token>
  <token id="44" number="43" sentence="2">The</token>
  <token id="45" number="44" sentence="2">New</token>
  <token id="46" number="45" sentence="2">York</token>
  <token id="47" number="46" sentence="2">Times</token>
  <token id="48" number="47" sentence="2">on</token>
  <token id="49" number="48" sentence="2">Friday</token>
  <token id="50" number="49" sentence="2">about</token>
  <token id="51" number="50" sentence="2">her</token>
  <token id="52" number="51" sentence="2">statements</token>
  <token id="53" number="52" sentence="2">regarding</token>
  <token id="54" number="53" sentence="2">a</token>
  <token id="55" number="54" sentence="2">meeting</token>
  <token id="56" number="55" sentence="2">with</token>
  <token id="57" number="56" sentence="2">the</token>
  <token id="58" number="57" sentence="2">president</token>
  <token id="59" number="58" sentence="2">:</token>
  <token id="60" number="59" sentence="2">Wechsler</token>
  <token id="61" number="60" sentence="2">on</token>
  <token id="62" number="61" sentence="2">Thursday</token>
  <token id="63" number="62" sentence="2">"</token>
  <token id="64" number="63" sentence="2">Without</token>
  <token id="65" number="64" sentence="2">commenting</token>
  <token id="66" number="65" sentence="2">on</token>
  <token id="67" number="66" sentence="2">the</token>
  <token id="68" number="67" sentence="2">allegations</token>
  <token id="69" number="68" sentence="2">raised</token>
  <token id="70" number="69" sentence="2">in</token>
  <token id="71" number="70" sentence="2">this</token>
  <token id="72" number="71" sentence="2">article</token>
  <token id="73" number="72" sentence="2">,</token>
  <token id="74" number="73" sentence="2">to</token>
  <token id="75" number="74" sentence="2">the</token>
  <token id="76" number="75" sentence="2">extent</token>
  <token id="77" number="76" sentence="2">that</token>
  <token id="78" number="77" sentence="2">there</token>
  <token id="79" number="78" sentence="2">is</token>
  <token id="80" number="79" sentence="2">any</token>
  <token id="81" number="80" sentence="2">implication</token>
  <token id="82" number="81" sentence="2">or</token>
  <token id="83" number="82" sentence="2">suggestion</token>
  <token id="84" number="83" sentence="2">that</token>
  <token id="85" number="84" sentence="2">Mrs.</token>
  <token id="86" number="85" sentence="2">Currie</token>
  <token id="87" number="86" sentence="2">was</token>
  <token id="88" number="87" sentence="2">aware</token>
  <token id="89" number="88" sentence="2">of</token>
  <token id="90" number="89" sentence="2">any</token>
  <token id="91" number="90" sentence="2">legal</token>
  <token id="92" number="91" sentence="2">or</token>
  <token id="93" number="92" sentence="2">ethical</token>
  <token id="94" number="93" sentence="2">impropriety</token>
  <token id="95" number="94" sentence="2">by</token>
  <token id="96" number="95" sentence="2">anyone</token>
  <token id="97" number="96" sentence="2">,</token>
  <token id="98" number="97" sentence="2">that</token>
  <token id="99" number="98" sentence="2">implication</token>
  <token id="100" number="99" sentence="2">or</token>
  <token id="101" number="100" sentence="2">suggestion</token>
  <token id="102" number="101" sentence="2">is</token>
  <token id="103" number="102" sentence="2">entirely</token>
  <token id="104" number="103" sentence="2">inaccurate</token>
  <token id="105" number="104" sentence="2">.</token>
  <token id="106" number="105" sentence="2">"</token>
  <token id="107" number="106" sentence="3">White</token>
  <token id="108" number="107" sentence="3">House</token>
  <token id="109" number="108" sentence="3">on</token>
  <token id="110" number="109" sentence="3">Thursday</token>
  <token id="111" number="110" sentence="3">"</token>
  <token id="112" number="111" sentence="3">For</token>
  <token id="113" number="112" sentence="3">the</token>
  <token id="114" number="113" sentence="3">past</token>
  <token id="115" number="114" sentence="3">few</token>
  <token id="116" number="115" sentence="3">weeks</token>
  <token id="117" number="116" sentence="3">we</token>
  <token id="118" number="117" sentence="3">'ve</token>
  <token id="119" number="118" sentence="3">been</token>
  <token id="120" number="119" sentence="3">subjected</token>
  <token id="121" number="120" sentence="3">to</token>
  <token id="122" number="121" sentence="3">false</token>
  <token id="123" number="122" sentence="3">leaks</token>
  <token id="124" number="123" sentence="3">designed</token>
  <token id="125" number="124" sentence="3">to</token>
  <token id="126" number="125" sentence="3">mislead</token>
  <token id="127" number="126" sentence="3">both</token>
  <token id="128" number="127" sentence="3">reporters</token>
  <token id="129" number="128" sentence="3">and</token>
  <token id="130" number="129" sentence="3">the</token>
  <token id="131" number="130" sentence="3">American</token>
  <token id="132" number="131" sentence="3">public</token>
  <token id="133" number="132" sentence="3">.</token>
  <token id="134" number="133" sentence="4">We</token>
  <token id="135" number="134" sentence="4">'re</token>
  <token id="136" number="135" sentence="4">not</token>
  <token id="137" number="136" sentence="4">going</token>
  <token id="138" number="137" sentence="4">to</token>
  <token id="139" number="138" sentence="4">dignify</token>
  <token id="140" number="139" sentence="4">the</token>
  <token id="141" number="140" sentence="4">latest</token>
  <token id="142" number="141" sentence="4">false</token>
  <token id="143" number="142" sentence="4">leak</token>
  <token id="144" number="143" sentence="4">with</token>
  <token id="145" number="144" sentence="4">a</token>
  <token id="146" number="145" sentence="4">response</token>
  <token id="147" number="146" sentence="4">.</token>
  <token id="148" number="147" sentence="4">"</token>
  <token id="149" number="148" sentence="5">McCurry</token>
  <token id="150" number="149" sentence="5">on</token>
  <token id="151" number="150" sentence="5">Friday</token>
  <token id="152" number="151" sentence="5">"</token>
  <token id="153" number="152" sentence="5">I</token>
  <token id="154" number="153" sentence="5">want</token>
  <token id="155" number="154" sentence="5">to</token>
  <token id="156" number="155" sentence="5">be</token>
  <token id="157" number="156" sentence="5">absolutely</token>
  <token id="158" number="157" sentence="5">clear</token>
  <token id="159" number="158" sentence="5">,</token>
  <token id="160" number="159" sentence="5">to</token>
  <token id="161" number="160" sentence="5">the</token>
  <token id="162" number="161" sentence="5">extent</token>
  <token id="163" number="162" sentence="5">there</token>
  <token id="164" number="163" sentence="5">is</token>
  <token id="165" number="164" sentence="5">any</token>
  <token id="166" number="165" sentence="5">implication</token>
  <token id="167" number="166" sentence="5">or</token>
  <token id="168" number="167" sentence="5">the</token>
  <token id="169" number="168" sentence="5">slightest</token>
  <token id="170" number="169" sentence="5">suggestion</token>
  <token id="171" number="170" sentence="5">that</token>
  <token id="172" number="171" sentence="5">Mrs.</token>
  <token id="173" number="172" sentence="5">Currie</token>
  <token id="174" number="173" sentence="5">believes</token>
  <token id="175" number="174" sentence="5">that</token>
  <token id="176" number="175" sentence="5">the</token>
  <token id="177" number="176" sentence="5">President</token>
  <token id="178" number="177" sentence="5">or</token>
  <token id="179" number="178" sentence="5">anyone</token>
  <token id="180" number="179" sentence="5">else</token>
  <token id="181" number="180" sentence="5">tried</token>
  <token id="182" number="181" sentence="5">to</token>
  <token id="183" number="182" sentence="5">influence</token>
  <token id="184" number="183" sentence="5">her</token>
  <token id="185" number="184" sentence="5">recollection</token>
  <token id="186" number="185" sentence="5">,</token>
  <token id="187" number="186" sentence="5">that</token>
  <token id="188" number="187" sentence="5">is</token>
  <token id="189" number="188" sentence="5">absolutely</token>
  <token id="190" number="189" sentence="5">false</token>
  <token id="191" number="190" sentence="5">and</token>
  <token id="192" number="191" sentence="5">a</token>
  <token id="193" number="192" sentence="5">mischaracterization</token>
  <token id="194" number="193" sentence="5">of</token>
  <token id="195" number="194" sentence="5">the</token>
  <token id="196" number="195" sentence="5">facts</token>
  <token id="197" number="196" sentence="5">.</token>
  <token id="198" number="197" sentence="6">I</token>
  <token id="199" number="198" sentence="6">am</token>
  <token id="200" number="199" sentence="6">shocked</token>
  <token id="201" number="200" sentence="6">and</token>
  <token id="202" number="201" sentence="6">dismayed</token>
  <token id="203" number="202" sentence="6">by</token>
  <token id="204" number="203" sentence="6">the</token>
  <token id="205" number="204" sentence="6">numerous</token>
  <token id="206" number="205" sentence="6">leaks</token>
  <token id="207" number="206" sentence="6">regarding</token>
  <token id="208" number="207" sentence="6">Mrs.</token>
  <token id="209" number="208" sentence="6">Currie</token>
  <token id="210" number="209" sentence="6">'s</token>
  <token id="211" number="210" sentence="6">grand</token>
  <token id="212" number="211" sentence="6">jury</token>
  <token id="213" number="212" sentence="6">testimony</token>
  <token id="214" number="213" sentence="6">.</token>
  <token id="215" number="214" sentence="6">"</token>
  <token id="216" number="215" sentence="7">Clinton</token>
  <token id="217" number="216" sentence="7">on</token>
  <token id="218" number="217" sentence="7">Friday</token>
  <token id="219" number="218" sentence="7">.</token>
  <token id="220" number="219" sentence="8">"</token>
  <token id="221" number="220" sentence="8">Once</token>
  <token id="222" number="221" sentence="8">again</token>
  <token id="223" number="222" sentence="8">,</token>
  <token id="224" number="223" sentence="8">I</token>
  <token id="225" number="224" sentence="8">never</token>
  <token id="226" number="225" sentence="8">asked</token>
  <token id="227" number="226" sentence="8">anybody</token>
  <token id="228" number="227" sentence="8">to</token>
  <token id="229" number="228" sentence="8">do</token>
  <token id="230" number="229" sentence="8">anything</token>
  <token id="231" number="230" sentence="8">but</token>
  <token id="232" number="231" sentence="8">tell</token>
  <token id="233" number="232" sentence="8">the</token>
  <token id="234" number="233" sentence="8">truth</token>
  <token id="235" number="234" sentence="8">.</token>
  <token id="236" number="235" sentence="9">I</token>
  <token id="237" number="236" sentence="9">know</token>
  <token id="238" number="237" sentence="9">about</token>
  <token id="239" number="238" sentence="9">the</token>
  <token id="240" number="239" sentence="9">stories</token>
  <token id="241" number="240" sentence="9">today</token>
  <token id="242" number="241" sentence="9">.</token>
  <token id="243" number="242" sentence="10">I</token>
  <token id="244" number="243" sentence="10">was</token>
  <token id="245" number="244" sentence="10">pleased</token>
  <token id="246" number="245" sentence="10">that</token>
  <token id="247" number="246" sentence="10">Ms.</token>
  <token id="248" number="247" sentence="10">Currie</token>
  <token id="249" number="248" sentence="10">'s</token>
  <token id="250" number="249" sentence="10">lawyers</token>
  <token id="251" number="250" sentence="10">stated</token>
  <token id="252" number="251" sentence="10">unambiguously</token>
  <token id="253" number="252" sentence="10">this</token>
  <token id="254" number="253" sentence="10">morning</token>
  <token id="255" number="254" sentence="10">_</token>
  <token id="256" number="255" sentence="10">unambiguously</token>
  <token id="257" number="256" sentence="10">_</token>
  <token id="258" number="257" sentence="10">that</token>
  <token id="259" number="258" sentence="10">she</token>
  <token id="260" number="259" sentence="10">'s</token>
  <token id="261" number="260" sentence="10">not</token>
  <token id="262" number="261" sentence="10">aware</token>
  <token id="263" number="262" sentence="10">of</token>
  <token id="264" number="263" sentence="10">any</token>
  <token id="265" number="264" sentence="10">unethical</token>
  <token id="266" number="265" sentence="10">conduct</token>
  <token id="267" number="266" sentence="10">.</token>
</Document>
