<Document doc_name="NYT19980206.0460">
  <Markables>
    <TIMEX3 RELATED_TO="" TAG_DESCRIPTOR="Empty_Mark" beginPoint="" comment="" endPoint="" freq="" functionInDocument="CREATION_TIME" id="0" quant="" type="TIME" value="1998-02-06T22:19:00" />
    <EVENT aspect="NONE" certainty="" class="OCCURRENCE" comment="" factuality="" id="1" modality="NONE" polarity="POS" pos="VERB" tense="PAST">
      <token_anchor id="5" />
    </EVENT>
    <TIMEX3 anchorTimeID="0" beginPoint="" comment="" endPoint="" freq="" functionInDocument="NONE" id="2" quant="" type="DATE" value="1998-01">
      <token_anchor id="13" />
    </TIMEX3>
    <EVENT aspect="NONE" certainty="" class="REPORTING" comment="" factuality="" id="3" modality="NONE" polarity="POS" pos="VERB" tense="PAST">
      <token_anchor id="17" />
    </EVENT>
    <TIMEX3 anchorTimeID="0" beginPoint="" comment="" endPoint="" freq="" functionInDocument="NONE" id="4" quant="" type="DATE" value="1998-02-06">
      <token_anchor id="19" />
    </TIMEX3>
    <EVENT aspect="PERFECTIVE" certainty="" class="OCCURRENCE" comment="" factuality="" id="5" modality="NONE" polarity="POS" pos="VERB" tense="PRESENT">
      <token_anchor id="28" />
    </EVENT>
    <EVENT aspect="NONE" certainty="" class="OCCURRENCE" comment="" factuality="" id="6" modality="NONE" polarity="POS" pos="NOUN" tense="NONE">
      <token_anchor id="30" />
    </EVENT>
    <EVENT aspect="NONE" certainty="" class="OCCURRENCE" comment="" factuality="" id="7" modality="NONE" polarity="POS" pos="VERB" tense="PAST">
      <token_anchor id="31" />
    </EVENT>
    <EVENT aspect="NONE" certainty="" class="OCCURRENCE" comment="" factuality="" id="8" modality="NONE" polarity="POS" pos="NOUN" tense="NONE">
      <token_anchor id="37" />
    </EVENT>
    <EVENT aspect="NONE" certainty="" class="REPORTING" comment="" factuality="" id="9" modality="NONE" polarity="POS" pos="VERB" tense="PAST">
      <token_anchor id="46" />
    </EVENT>
    <EVENT aspect="NONE" certainty="" class="OCCURRENCE" comment="" factuality="" id="10" modality="NONE" polarity="POS" pos="VERB" tense="PAST">
      <token_anchor id="49" />
    </EVENT>
    <TIMEX3 anchorTimeID="0" beginPoint="" comment="" endPoint="" freq="" functionInDocument="NONE" id="11" quant="" type="DATE" value="1998-01">
      <token_anchor id="52" />
      <token_anchor id="53" />
    </TIMEX3>
    <EVENT aspect="NONE" certainty="" class="OCCURRENCE" comment="" factuality="" id="12" modality="NONE" polarity="POS" pos="NOUN" tense="NONE">
      <token_anchor id="59" />
    </EVENT>
    <EVENT aspect="NONE" certainty="" class="OCCURRENCE" comment="" factuality="" id="13" modality="NONE" polarity="POS" pos="VERB" tense="PRESPART">
      <token_anchor id="82" />
    </EVENT>
    <EVENT aspect="NONE" certainty="" class="STATE" comment="" factuality="" id="14" modality="NONE" polarity="POS" pos="VERB" tense="PAST">
      <token_anchor id="93" />
    </EVENT>
    <TIMEX3 anchorTimeID="0" beginPoint="" comment="" endPoint="" freq="" functionInDocument="NONE" id="15" quant="" type="DATE" value="1998-01">
      <token_anchor id="97" />
      <token_anchor id="98" />
    </TIMEX3>
    <EVENT aspect="NONE" certainty="" class="OCCURRENCE" comment="" factuality="" id="16" modality="NONE" polarity="POS" pos="NOUN" tense="NONE">
      <token_anchor id="109" />
    </EVENT>
    <EVENT aspect="NONE" certainty="" class="OCCURRENCE" comment="" factuality="" id="17" modality="NONE" polarity="POS" pos="VERB" tense="PAST">
      <token_anchor id="113" />
    </EVENT>
    <EVENT aspect="NONE" certainty="" class="OCCURRENCE" comment="" factuality="" id="18" modality="NONE" polarity="POS" pos="VERB" tense="INFINITIVE">
      <token_anchor id="116" />
    </EVENT>
    <TIMEX3 anchorTimeID="0" beginPoint="" comment="" endPoint="" freq="" functionInDocument="NONE" id="19" quant="" type="DATE" value="1998-01">
      <token_anchor id="119" />
      <token_anchor id="120" />
    </TIMEX3>
    <TIMEX3 beginPoint="" comment="" endPoint="" freq="" functionInDocument="NONE" id="20" quant="" type="SET" value="PT1H">
      <token_anchor id="123" />
    </TIMEX3>
    <EVENT aspect="NONE" certainty="" class="OCCURRENCE" comment="" factuality="" id="21" modality="NONE" polarity="POS" pos="VERB" tense="PAST">
      <token_anchor id="130" />
    </EVENT>
    <EVENT aspect="NONE" certainty="" class="OCCURRENCE" comment="" factuality="" id="22" modality="NONE" polarity="POS" pos="VERB" tense="PAST">
      <token_anchor id="140" />
    </EVENT>
    <TIMEX3 anchorTimeID="0" beginPoint="" comment="" endPoint="" freq="" functionInDocument="NONE" id="23" quant="" type="DATE" value="1997">
      <token_anchor id="146" />
      <token_anchor id="147" />
      <token_anchor id="148" />
    </TIMEX3>
    <EVENT aspect="NONE" certainty="" class="ASPECTUAL" comment="" factuality="" id="24" modality="NONE" polarity="POS" pos="VERB" tense="PRESPART">
      <token_anchor id="150" />
    </EVENT>
    <EVENT aspect="NONE" certainty="" class="OCCURRENCE" comment="" factuality="" id="25" modality="NONE" polarity="POS" pos="NOUN" tense="NONE">
      <token_anchor id="152" />
    </EVENT>
    <EVENT aspect="PERFECTIVE" certainty="" class="OCCURRENCE" comment="" factuality="" id="26" modality="NONE" polarity="POS" pos="VERB" tense="PRESENT">
      <token_anchor id="155" />
    </EVENT>
    <EVENT aspect="NONE" certainty="" class="OCCURRENCE" comment="" factuality="" id="27" modality="NONE" polarity="POS" pos="VERB" tense="PAST">
      <token_anchor id="165" />
    </EVENT>
    <TIMEX3 anchorTimeID="0" beginPoint="" comment="" endPoint="" freq="" functionInDocument="NONE" id="28" quant="" type="DATE" value="198">
      <token_anchor id="169" />
      <token_anchor id="170" />
      <token_anchor id="171" />
    </TIMEX3>
    <EVENT aspect="NONE" certainty="" class="REPORTING" comment="" factuality="" id="29" modality="NONE" polarity="POS" pos="VERB" tense="PAST">
      <token_anchor id="175" />
    </EVENT>
    <EVENT aspect="NONE" certainty="" class="OCCURRENCE" comment="" factuality="" id="30" modality="NONE" polarity="POS" pos="NOUN" tense="NONE">
      <token_anchor id="178" />
    </EVENT>
    <EVENT aspect="NONE" certainty="" class="OCCURRENCE" comment="" factuality="" id="31" modality="NONE" polarity="POS" pos="VERB" tense="PAST">
      <token_anchor id="183" />
    </EVENT>
    <C-SIGNAL id="32">
      <token_anchor id="191" />
    </C-SIGNAL>
    <EVENT aspect="PERFECTIVE" certainty="" class="OCCURRENCE" comment="" factuality="" id="33" modality="NONE" polarity="POS" pos="VERB" tense="PRESENT">
      <token_anchor id="196" />
    </EVENT>
    <EVENT aspect="NONE" certainty="" class="I_STATE" comment="" factuality="" id="34" modality="NONE" polarity="POS" pos="VERB" tense="PRESENT">
      <token_anchor id="200" />
    </EVENT>
    <EVENT aspect="NONE" certainty="" class="OCCURRENCE" comment="" factuality="" id="35" modality="NONE" polarity="POS" pos="VERB" tense="INFINITIVE">
      <token_anchor id="204" />
    </EVENT>
    <TIMEX3 anchorTimeID="0" beginPoint="" comment="" endPoint="" freq="" functionInDocument="NONE" id="36" quant="" type="DATE" value="FUTURE_REF">
      <token_anchor id="206" />
      <token_anchor id="207" />
    </TIMEX3>
    <C-SIGNAL id="37">
      <token_anchor id="208" />
    </C-SIGNAL>
    <EVENT aspect="NONE" certainty="" class="OCCURRENCE" comment="" factuality="" id="38" modality="NONE" polarity="POS" pos="VERB" tense="PRESENT">
      <token_anchor id="213" />
    </EVENT>
    <EVENT aspect="NONE" certainty="" class="OCCURRENCE" comment="" factuality="" id="39" modality="NONE" polarity="POS" pos="VERB" tense="PAST">
      <token_anchor id="219" />
    </EVENT>
    <EVENT aspect="NONE" certainty="" class="OCCURRENCE" comment="" factuality="" id="40" modality="NONE" polarity="POS" pos="VERB" tense="PRESPART">
      <token_anchor id="225" />
    </EVENT>
    <EVENT aspect="NONE" certainty="" class="OCCURRENCE" comment="" factuality="" id="41" modality="NONE" polarity="NEG" pos="NOUN" tense="NONE">
      <token_anchor id="229" />
    </EVENT>
    <EVENT aspect="NONE" certainty="" class="OCCURRENCE" comment="" factuality="" id="42" modality="NONE" polarity="NEG" pos="NOUN" tense="NONE">
      <token_anchor id="235" />
    </EVENT>
    <EVENT aspect="PROGRESSIVE" certainty="" class="I_STATE" comment="" factuality="" id="43" modality="NONE" polarity="POS" pos="VERB" tense="PRESENT">
      <token_anchor id="237" />
    </EVENT>
    <EVENT aspect="NONE" certainty="" class="OCCURRENCE" comment="" factuality="" id="44" modality="NONE" polarity="POS" pos="VERB" tense="PAST">
      <token_anchor id="240" />
    </EVENT>
    <EVENT aspect="NONE" certainty="" class="OCCURRENCE" comment="" factuality="" id="45" modality="NONE" polarity="POS" pos="VERB" tense="PRESPART">
      <token_anchor id="242" />
    </EVENT>
    <EVENT aspect="NONE" certainty="" class="OCCURRENCE" comment="" factuality="" id="46" modality="NONE" polarity="POS" pos="VERB" tense="PRESPART">
      <token_anchor id="255" />
    </EVENT>
    <TIMEX3 anchorTimeID="0" beginPoint="" comment="" endPoint="" freq="" functionInDocument="NONE" id="47" quant="" type="DATE" value="1997-08-06">
      <token_anchor id="267" />
      <token_anchor id="268" />
      <token_anchor id="269" />
    </TIMEX3>
    <EVENT aspect="NONE" certainty="" class="OCCURRENCE" comment="" factuality="" id="48" modality="NONE" polarity="POS" pos="VERB" tense="PAST">
      <token_anchor id="284" />
    </EVENT>
    <EVENT aspect="NONE" certainty="" class="OCCURRENCE" comment="" factuality="" id="49" modality="NONE" polarity="POS" pos="VERB" tense="PRESPART">
      <token_anchor id="287" />
    </EVENT>
    <TIMEX3 beginPoint="" comment="" endPoint="" freq="" functionInDocument="NONE" id="50" quant="" type="DURATION" value="P30Y">
      <token_anchor id="294" />
    </TIMEX3>
    <EVENT aspect="NONE" certainty="" class="OCCURRENCE" comment="" factuality="" id="51" modality="NONE" polarity="POS" pos="NOUN" tense="NONE">
      <token_anchor id="306" />
    </EVENT>
    <EVENT aspect="NONE" certainty="" class="REPORTING" comment="" factuality="" id="52" modality="NONE" polarity="POS" pos="VERB" tense="PAST">
      <token_anchor id="317" />
    </EVENT>
    <C-SIGNAL id="53">
      <token_anchor id="341" />
    </C-SIGNAL>
    <EVENT aspect="NONE" certainty="" class="OCCURRENCE" comment="" factuality="" id="54" modality="NONE" polarity="POS" pos="VERB" tense="PASTPART">
      <token_anchor id="344" />
    </EVENT>
    <EVENT aspect="NONE" certainty="" class="OCCURRENCE" comment="" factuality="" id="55" modality="NONE" polarity="POS" pos="NOUN" tense="NONE">
      <token_anchor id="350" />
    </EVENT>
    <EVENT aspect="PERFECTIVE" certainty="" class="I_ACTION" comment="" factuality="" id="56" modality="NONE" polarity="POS" pos="VERB" tense="PRESENT">
      <token_anchor id="362" />
    </EVENT>
    <EVENT aspect="NONE" certainty="" class="I_ACTION" comment="" factuality="" id="57" modality="NONE" polarity="POS" pos="VERB" tense="PRESENT">
      <token_anchor id="365" />
    </EVENT>
    <EVENT aspect="NONE" certainty="" class="OCCURRENCE" comment="" factuality="" id="58" modality="NONE" polarity="POS" pos="VERB" tense="INFINITIVE">
      <token_anchor id="367" />
    </EVENT>
    <EVENT aspect="NONE" certainty="" class="OCCURRENCE" comment="" factuality="" id="59" modality="NONE" polarity="POS" pos="VERB" tense="PRESENT">
      <token_anchor id="374" />
    </EVENT>
    <TIMEX3 anchorTimeID="0" beginPoint="" comment="" endPoint="" freq="" functionInDocument="NONE" id="60" quant="" type="DATE" value="1998-01">
      <token_anchor id="386" />
    </TIMEX3>
    <EVENT aspect="NONE" certainty="" class="ASPECTUAL" comment="" factuality="" id="61" modality="NONE" polarity="POS" pos="VERB" tense="PAST">
      <token_anchor id="387" />
    </EVENT>
    <EVENT aspect="NONE" certainty="" class="OCCURRENCE" comment="" factuality="" id="62" modality="NONE" polarity="POS" pos="NOUN" tense="NONE">
      <token_anchor id="389" />
    </EVENT>
    <EVENT aspect="NONE" certainty="" class="OCCURRENCE" comment="" factuality="" id="63" modality="NONE" polarity="POS" pos="NOUN" tense="NONE">
      <token_anchor id="392" />
    </EVENT>
    <EVENT aspect="NONE" certainty="" class="ASPECTUAL" comment="" factuality="" id="64" modality="NONE" polarity="POS" pos="VERB" tense="PAST">
      <token_anchor id="394" />
    </EVENT>
    <TIMEX3 anchorTimeID="0" beginPoint="" comment="" endPoint="" freq="" functionInDocument="NONE" id="65" quant="" type="DATE" value="1997-FA">
      <token_anchor id="395" />
      <token_anchor id="396" />
    </TIMEX3>
    <EVENT aspect="PERFECTIVE" certainty="" class="OCCURRENCE" comment="" factuality="" id="66" modality="NONE" polarity="POS" pos="VERB" tense="PAST">
      <token_anchor id="404" />
    </EVENT>
    <EVENT aspect="NONE" certainty="" class="OCCURRENCE" comment="" factuality="" id="67" modality="NONE" polarity="POS" pos="VERB" tense="PRESPART">
      <token_anchor id="410" />
    </EVENT>
    <EVENT aspect="NONE" certainty="" class="OCCURRENCE" comment="" factuality="" id="68" modality="NONE" polarity="POS" pos="NOUN" tense="NONE">
      <token_anchor id="415" />
    </EVENT>
    <TIMEX3 anchorTimeID="0" beginPoint="" comment="" endPoint="" freq="" functionInDocument="NONE" id="69" quant="" type="DATE" value="1998-02-06">
      <token_anchor id="416" />
    </TIMEX3>
    <TIMEX3 anchorTimeID="0" beginPoint="" comment="" endPoint="" freq="" functionInDocument="NONE" id="70" quant="" type="DATE" value="1997-12">
      <token_anchor id="418" />
    </TIMEX3>
    <EVENT aspect="PERFECTIVE_PROGRESSIVE" certainty="" class="OCCURRENCE" comment="" factuality="" id="71" modality="NONE" polarity="POS" pos="VERB" tense="PRESENT">
      <token_anchor id="426" />
    </EVENT>
    <TIMEX3 beginPoint="" comment="" endPoint="" freq="" functionInDocument="NONE" id="72" quant="" type="DURATION" value="P4M">
      <token_anchor id="436" />
      <token_anchor id="437" />
      <token_anchor id="438" />
      <token_anchor id="439" />
    </TIMEX3>
    <TIMEX3 beginPoint="" comment="" endPoint="" freq="" functionInDocument="NONE" id="73" quant="" type="DURATION" value="P3M">
      <token_anchor id="444" />
      <token_anchor id="445" />
      <token_anchor id="446" />
      <token_anchor id="447" />
    </TIMEX3>
    <EVENT aspect="NONE" certainty="" class="OCCURRENCE" comment="" factuality="" id="74" modality="NONE" polarity="POS" pos="NOUN" tense="NONE">
      <token_anchor id="450" />
    </EVENT>
    <TIMEX3 beginPoint="" comment="" endPoint="" freq="" functionInDocument="NONE" id="75" quant="" type="DURATION" value="P9M">
      <token_anchor id="453" />
      <token_anchor id="454" />
      <token_anchor id="455" />
      <token_anchor id="456" />
    </TIMEX3>
    <TIMEX3 beginPoint="" comment="" endPoint="" freq="" functionInDocument="NONE" id="76" quant="" type="DATE" value="1997">
      <token_anchor id="458" />
    </TIMEX3>
    <EVENT aspect="NONE" certainty="" class="OCCURRENCE" comment="" factuality="" id="77" modality="NONE" polarity="POS" pos="VERB" tense="PRESENT">
      <token_anchor id="464" />
    </EVENT>
    <EVENT aspect="NONE" certainty="" class="OCCURRENCE" comment="" factuality="" id="78" modality="NONE" polarity="POS" pos="NOUN" tense="NONE">
      <token_anchor id="494" />
    </EVENT>
    <EVENT aspect="NONE" certainty="" class="OCCURRENCE" comment="" factuality="" id="79" modality="NONE" polarity="POS" pos="VERB" tense="PAST">
      <token_anchor id="501" />
    </EVENT>
    <EVENT aspect="PERFECTIVE" certainty="" class="OCCURRENCE" comment="" factuality="" id="80" modality="NONE" polarity="POS" pos="VERB" tense="PRESENT">
      <token_anchor id="508" />
    </EVENT>
    <EVENT aspect="PERFECTIVE" certainty="" class="STATE" comment="" factuality="" id="81" modality="NONE" polarity="POS" pos="VERB" tense="PRESENT">
      <token_anchor id="513" />
    </EVENT>
    <EVENT aspect="PERFECTIVE" certainty="" class="OCCURRENCE" comment="" factuality="" id="82" modality="NONE" polarity="POS" pos="VERB" tense="PRESENT">
      <token_anchor id="528" />
    </EVENT>
    <TIMEX3 anchorTimeID="0" beginPoint="" comment="" endPoint="" freq="" functionInDocument="NONE" id="83" quant="" type="DATE" value="PAST_REF">
      <token_anchor id="530" />
      <token_anchor id="531" />
      <token_anchor id="532" />
      <token_anchor id="533" />
    </TIMEX3>
    <EVENT aspect="PERFECTIVE" certainty="" class="I_ACTION" comment="" factuality="" id="84" modality="NONE" polarity="POS" pos="VERB" tense="PRESENT">
      <token_anchor id="538" />
    </EVENT>
    <EVENT aspect="NONE" certainty="" class="OCCURRENCE" comment="" factuality="" id="85" modality="NONE" polarity="POS" pos="VERB" tense="INFINITIVE">
      <token_anchor id="539" />
    </EVENT>
    <EVENT aspect="NONE" certainty="" class="OCCURRENCE" comment="" factuality="" id="86" modality="NONE" polarity="POS" pos="VERB" tense="PRESPART">
      <token_anchor id="549" />
    </EVENT>
    <EVENT aspect="PERFECTIVE" certainty="" class="I_ACTION" comment="" factuality="" id="87" modality="NONE" polarity="POS" pos="VERB" tense="PRESENT">
      <token_anchor id="556" />
    </EVENT>
    <EVENT aspect="NONE" certainty="" class="ASPECTUAL" comment="" factuality="" id="88" modality="NONE" polarity="POS" pos="VERB" tense="INFINITIVE">
      <token_anchor id="559" />
    </EVENT>
    <EVENT aspect="NONE" certainty="" class="OCCURRENCE" comment="" factuality="" id="89" modality="NONE" polarity="POS" pos="VERB" tense="PRESPART">
      <token_anchor id="560" />
    </EVENT>
    <EVENT aspect="NONE" certainty="" class="OCCURRENCE" comment="" factuality="" id="90" modality="NONE" polarity="POS" pos="VERB" tense="FUTURE">
      <token_anchor id="575" />
    </EVENT>
    <EVENT aspect="PERFECTIVE" certainty="" class="OCCURRENCE" comment="" factuality="" id="91" modality="NONE" polarity="POS" pos="VERB" tense="PRESENT">
      <token_anchor id="582" />
    </EVENT>
    <EVENT aspect="NONE" certainty="" class="OCCURRENCE" comment="" factuality="" id="92" modality="NONE" polarity="POS" pos="VERB" tense="PAST">
      <token_anchor id="605" />
    </EVENT>
    <EVENT aspect="NONE" certainty="" class="OCCURRENCE" comment="" factuality="" id="93" modality="NONE" polarity="POS" pos="NOUN" tense="NONE">
      <token_anchor id="612" />
    </EVENT>
    <TIMEX3 anchorTimeID="0" beginPoint="" comment="" endPoint="" freq="" functionInDocument="NONE" id="94" quant="" type="DATE" value="1998-02-06">
      <token_anchor id="613" />
    </TIMEX3>
    <EVENT aspect="NONE" certainty="" class="REPORTING" comment="" factuality="" id="95" modality="NONE" polarity="POS" pos="VERB" tense="PAST">
      <token_anchor id="617" />
    </EVENT>
    <EVENT aspect="NONE" certainty="" class="OCCURRENCE" comment="" factuality="" id="96" modality="NONE" polarity="POS" pos="NOUN" tense="NONE">
      <token_anchor id="619" />
    </EVENT>
    <EVENT aspect="NONE" certainty="" class="OCCURRENCE" comment="" factuality="" id="97" modality="NONE" polarity="POS" pos="VERB" tense="PAST">
      <token_anchor id="620" />
    </EVENT>
    <C-SIGNAL id="98">
      <token_anchor id="623" />
    </C-SIGNAL>
    <EVENT aspect="NONE" certainty="" class="OCCURRENCE" comment="" factuality="" id="99" modality="NONE" polarity="POS" pos="VERB" tense="PRESPART">
      <token_anchor id="624" />
    </EVENT>
    <EVENT aspect="NONE" certainty="" class="OCCURRENCE" comment="" factuality="" id="100" modality="NONE" polarity="POS" pos="NOUN" tense="NONE">
      <token_anchor id="630" />
    </EVENT>
    <EVENT aspect="NONE" certainty="" class="OCCURRENCE" comment="" factuality="" id="101" modality="NONE" polarity="POS" pos="VERB" tense="PAST">
      <token_anchor id="685" />
    </EVENT>
    <EVENT aspect="NONE" certainty="" class="OCCURRENCE" comment="" factuality="" id="102" modality="NONE" polarity="POS" pos="VERB" tense="PAST">
      <token_anchor id="692" />
    </EVENT>
    <TIMEX3 anchorTimeID="0" beginPoint="" comment="" endPoint="" freq="" functionInDocument="NONE" id="103" quant="" type="DATE" value="1998-01">
      <token_anchor id="696" />
    </TIMEX3>
    <EVENT aspect="NONE" certainty="" class="OCCURRENCE" comment="" factuality="" id="104" modality="NONE" polarity="POS" pos="NOUN" tense="NONE">
      <token_anchor id="699" />
    </EVENT>
    <EVENT aspect="NONE" certainty="" class="OCCURRENCE" comment="" factuality="" id="105" modality="NONE" polarity="POS" pos="VERB" tense="PAST">
      <token_anchor id="700" />
    </EVENT>
    <EVENT aspect="NONE" certainty="" class="STATE" comment="" factuality="" id="106" modality="NONE" polarity="POS" pos="NOUN" tense="NONE">
      <token_anchor id="702" />
    </EVENT>
    <EVENT aspect="NONE" certainty="" class="OCCURRENCE" comment="" factuality="" id="107" modality="NONE" polarity="POS" pos="VERB" tense="PAST">
      <token_anchor id="711" />
    </EVENT>
    <EVENT aspect="NONE" certainty="" class="OCCURRENCE" comment="" factuality="" id="108" modality="NONE" polarity="POS" pos="VERB" tense="PAST">
      <token_anchor id="728" />
    </EVENT>
    <EVENT aspect="NONE" certainty="" class="I_STATE" comment="" factuality="" id="109" modality="NONE" polarity="POS" pos="VERB" tense="PAST">
      <token_anchor id="739" />
    </EVENT>
    <EVENT aspect="NONE" certainty="" class="OCCURRENCE" comment="" factuality="" id="110" modality="NONE" polarity="POS" pos="VERB" tense="PASTPART">
      <token_anchor id="743" />
    </EVENT>
    <EVENT aspect="NONE" certainty="" class="OCCURRENCE" comment="" factuality="" id="111" modality="NONE" polarity="POS" pos="VERB" tense="PAST">
      <token_anchor id="751" />
    </EVENT>
    <EVENT aspect="NONE" certainty="" class="OCCURRENCE" comment="" factuality="" id="112" modality="NONE" polarity="POS" pos="NOUN" tense="NONE">
      <token_anchor id="758" />
    </EVENT>
    <EVENT aspect="NONE" certainty="" class="OCCURRENCE" comment="" factuality="" id="113" modality="NONE" polarity="POS" pos="NOUN" tense="NONE">
      <token_anchor id="767" />
    </EVENT>
    <EVENT aspect="NONE" certainty="" class="STATE" comment="" factuality="" id="114" modality="NONE" polarity="POS" pos="NOUN" tense="NONE">
      <token_anchor id="781" />
    </EVENT>
    <EVENT aspect="NONE" certainty="" class="I_STATE" comment="" factuality="" id="115" modality="NONE" polarity="POS" pos="VERB" tense="PRESENT">
      <token_anchor id="784" />
    </EVENT>
    <EVENT aspect="NONE" certainty="" class="OCCURRENCE" comment="" factuality="" id="116" modality="NONE" polarity="POS" pos="VERB" tense="INFINITIVE">
      <token_anchor id="786" />
    </EVENT>
    <EVENT aspect="NONE" certainty="" class="OCCURRENCE" comment="" factuality="" id="117" modality="NONE" polarity="POS" pos="NOUN" tense="NONE">
      <token_anchor id="789" />
    </EVENT>
    <EVENT aspect="NONE" certainty="" class="OCCURRENCE" comment="" factuality="" id="118" modality="NONE" polarity="POS" pos="VERB" tense="PRESPART">
      <token_anchor id="798" />
    </EVENT>
    <EVENT aspect="NONE" certainty="" class="STATE" comment="" factuality="" id="119" modality="NONE" polarity="POS" pos="NOUN" tense="NONE">
      <token_anchor id="804" />
    </EVENT>
    <EVENT aspect="NONE" certainty="" class="OCCURRENCE" comment="" factuality="" id="120" modality="NONE" polarity="POS" pos="VERB" tense="INFINITIVE">
      <token_anchor id="813" />
    </EVENT>
    <EVENT aspect="NONE" certainty="" class="OCCURRENCE" comment="" factuality="" id="121" modality="NONE" polarity="POS" pos="NOUN" tense="NONE">
      <token_anchor id="816" />
    </EVENT>
    <EVENT aspect="PERFECTIVE_PROGRESSIVE" certainty="" class="OCCURRENCE" comment="" factuality="" id="122" modality="NONE" polarity="POS" pos="VERB" tense="PRESENT">
      <token_anchor id="826" />
    </EVENT>
    <EVENT aspect="NONE" certainty="" class="REPORTING" comment="" factuality="" id="123" modality="NONE" polarity="POS" pos="VERB" tense="PAST">
      <token_anchor id="841" />
    </EVENT>
    <EVENT aspect="NONE" certainty="" class="OCCURRENCE" comment="" factuality="" id="124" modality="NONE" polarity="POS" pos="VERB" tense="FUTURE">
      <token_anchor id="847" />
    </EVENT>
    <EVENT aspect="NONE" certainty="" class="ASPECTUAL" comment="" factuality="" id="125" modality="NONE" polarity="POS" pos="VERB" tense="FUTURE">
      <token_anchor id="857" />
    </EVENT>
    <EVENT aspect="NONE" certainty="" class="OCCURRENCE" comment="" factuality="" id="126" modality="NONE" polarity="POS" pos="ADJECTIVE" tense="NONE">
      <token_anchor id="859" />
    </EVENT>
    <EVENT aspect="NONE" certainty="" class="OCCURRENCE" comment="" factuality="" id="127" modality="NONE" polarity="POS" pos="VERB" tense="PAST">
      <token_anchor id="868" />
    </EVENT>
    <EVENT aspect="NONE" certainty="" class="OCCURRENCE" comment="" factuality="" id="128" modality="NONE" polarity="POS" pos="VERB" tense="PAST">
      <token_anchor id="875" />
    </EVENT>
    <TIMEX3 anchorTimeID="0" beginPoint="" comment="" endPoint="" freq="" functionInDocument="NONE" id="129" quant="" type="DATE" value="1998-01">
      <token_anchor id="879" />
      <token_anchor id="880" />
    </TIMEX3>
    <TIMEX3 anchorTimeID="0" beginPoint="" comment="" endPoint="" freq="" functionInDocument="NONE" id="130" quant="" type="DATE" value="1997-12">
      <token_anchor id="885" />
    </TIMEX3>
    <TIMEX3 beginPoint="" comment="" endPoint="" freq="" functionInDocument="NONE" id="131" quant="" type="DURATION" value="P20Y">
      <token_anchor id="892" />
      <token_anchor id="893" />
    </TIMEX3>
    <EVENT aspect="NONE" certainty="" class="OCCURRENCE" comment="" factuality="" id="132" modality="NONE" polarity="POS" pos="VERB" tense="PAST">
      <token_anchor id="900" />
    </EVENT>
    <EVENT aspect="NONE" certainty="" class="OCCURRENCE" comment="" factuality="" id="133" modality="NONE" polarity="POS" pos="VERB" tense="PAST">
      <token_anchor id="916" />
    </EVENT>
    <EVENT aspect="NONE" certainty="" class="OCCURRENCE" comment="" factuality="" id="134" modality="NONE" polarity="POS" pos="VERB" tense="PAST">
      <token_anchor id="933" />
    </EVENT>
    <EVENT aspect="NONE" certainty="" class="OCCURRENCE" comment="" factuality="" id="135" modality="NONE" polarity="POS" pos="VERB" tense="PAST">
      <token_anchor id="936" />
    </EVENT>
    <TIMEX3 anchorTimeID="0" beginPoint="" comment="" endPoint="" freq="" functionInDocument="NONE" id="136" quant="" type="DATE" value="1998-01">
      <token_anchor id="957" />
    </TIMEX3>
  </Markables>
  <Relations>
    <TLINK comment="" id="1" relType="IS_INCLUDED">
      <source id="1" />
      <target id="2" />
    </TLINK>
    <TLINK comment="" id="2" relType="IS_INCLUDED">
      <source id="3" />
      <target id="4" />
    </TLINK>
    <TLINK comment="" id="3" relType="SIMULTANEOUS">
      <source id="5" />
      <target id="6" />
    </TLINK>
    <TLINK comment="" id="4" relType="AFTER">
      <source id="6" />
      <target id="7" />
    </TLINK>
    <TLINK comment="" id="5" relType="IDENTITY">
      <source id="8" />
      <target id="7" />
    </TLINK>
    <CLINK comment="" id="6">
      <source id="8" />
      <target id="6" />
    </CLINK>
    <TLINK comment="" id="7" relType="BEFORE">
      <source id="9" />
      <target id="0" />
    </TLINK>
    <TLINK comment="" id="8" relType="IS_INCLUDED">
      <source id="10" />
      <target id="11" />
    </TLINK>
    <TLINK comment="" id="9" relType="INCLUDES">
      <source id="13" />
      <target id="0" />
    </TLINK>
    <TLINK comment="" id="10" relType="DURING">
      <source id="14" />
      <target id="15" />
    </TLINK>
    <TLINK comment="" id="11" relType="IDENTITY">
      <source id="16" />
      <target id="17" />
    </TLINK>
    <CLINK comment="" id="12">
      <source id="16" />
      <target id="18" />
    </CLINK>
    <TLINK comment="" id="13" relType="BEFORE">
      <source id="17" />
      <target id="18" />
    </TLINK>
    <TLINK comment="" id="14" relType="IS_INCLUDED">
      <source id="18" />
      <target id="19" />
    </TLINK>
    <TLINK comment="" id="15" relType="BEFORE">
      <source id="21" />
      <target id="0" />
    </TLINK>
    <TLINK comment="" id="16" relType="AFTER">
      <source id="22" />
      <target id="23" />
    </TLINK>
    <TLINK comment="" id="17" relType="AFTER">
      <source id="24" />
      <target id="23" />
    </TLINK>
    <TLINK comment="" id="18" relType="INCLUDES">
      <source id="25" />
      <target id="26" />
    </TLINK>
    <TLINK comment="" id="19" relType="IS_INCLUDED">
      <source id="27" />
      <target id="28" />
    </TLINK>
    <TLINK comment="" id="20" relType="BEFORE">
      <source id="29" />
      <target id="0" />
    </TLINK>
    <TLINK comment="" id="21" relType="BEFORE">
      <source id="33" />
      <target id="0" />
    </TLINK>
    <CLINK c-signalID="32" comment="" id="22">
      <source id="33" />
      <target id="39" />
    </CLINK>
    <TLINK comment="" id="23" relType="IS_INCLUDED">
      <source id="34" />
      <target id="0" />
    </TLINK>
    <TLINK comment="" id="24" relType="IS_INCLUDED">
      <source id="35" />
      <target id="36" />
    </TLINK>
    <TLINK comment="" id="25" relType="AFTER">
      <source id="35" />
      <target id="38" />
    </TLINK>
    <CLINK comment="" id="26">
      <source id="38" />
      <target id="35" />
    </CLINK>
    <TLINK comment="" id="27" relType="AFTER">
      <source id="39" />
      <target id="33" />
    </TLINK>
    <TLINK comment="" id="28" relType="SIMULTANEOUS">
      <source id="40" />
      <target id="39" />
    </TLINK>
    <TLINK comment="" id="29" relType="AFTER">
      <source id="43" />
      <target id="0" />
    </TLINK>
    <TLINK comment="" id="30" relType="SIMULTANEOUS">
      <source id="44" />
      <target id="45" />
    </TLINK>
    <TLINK comment="" id="31" relType="SIMULTANEOUS">
      <source id="44" />
      <target id="46" />
    </TLINK>
    <TLINK comment="" id="32" relType="SIMULTANEOUS">
      <source id="48" />
      <target id="49" />
    </TLINK>
    <TLINK comment="" id="33" relType="BEFORE">
      <source id="52" />
      <target id="0" />
    </TLINK>
    <TLINK comment="" id="34" relType="SIMULTANEOUS">
      <source id="54" />
      <target id="55" />
    </TLINK>
    <CLINK c-signalID="53" comment="" id="35">
      <source id="54" />
      <target id="57" />
    </CLINK>
    <TLINK comment="" id="36" relType="BEFORE">
      <source id="56" />
      <target id="0" />
    </TLINK>
    <TLINK comment="" id="37" relType="BEFORE">
      <source id="58" />
      <target id="59" />
    </TLINK>
    <TLINK comment="" id="38" relType="IS_INCLUDED">
      <source id="61" />
      <target id="60" />
    </TLINK>
    <TLINK comment="" id="39" relType="IS_INCLUDED">
      <source id="62" />
      <target id="61" />
    </TLINK>
    <TLINK comment="" id="40" relType="IS_INCLUDED">
      <source id="63" />
      <target id="65" />
    </TLINK>
    <TLINK comment="" id="41" relType="IS_INCLUDED">
      <source id="64" />
      <target id="65" />
    </TLINK>
    <TLINK comment="" id="42" relType="SIMULTANEOUS">
      <source id="64" />
      <target id="66" />
    </TLINK>
    <TLINK comment="" id="43" relType="AFTER">
      <source id="67" />
      <target id="70" />
    </TLINK>
    <TLINK comment="" id="44" relType="IS_INCLUDED">
      <source id="68" />
      <target id="69" />
    </TLINK>
    <TLINK comment="" id="45" relType="SIMULTANEOUS">
      <source id="71" />
      <target id="72" />
    </TLINK>
    <TLINK comment="" id="46" relType="SIMULTANEOUS">
      <source id="71" />
      <target id="73" />
    </TLINK>
    <TLINK comment="" id="47" relType="AFTER">
      <source id="71" />
      <target id="74" />
    </TLINK>
    <TLINK comment="" id="48" relType="IS_INCLUDED">
      <source id="71" />
      <target id="75" />
    </TLINK>
    <TLINK comment="" id="49" relType="SIMULTANEOUS">
      <source id="74" />
      <target id="75" />
    </TLINK>
    <TLINK comment="" id="50" relType="IS_INCLUDED">
      <source id="74" />
      <target id="76" />
    </TLINK>
    <TLINK comment="" id="51" relType="INCLUDES">
      <source id="77" />
      <target id="0" />
    </TLINK>
    <TLINK comment="" id="52" relType="SIMULTANEOUS">
      <source id="78" />
      <target id="79" />
    </TLINK>
    <TLINK comment="" id="53" relType="AFTER">
      <source id="80" />
      <target id="78" />
    </TLINK>
    <TLINK comment="" id="54" relType="AFTER">
      <source id="81" />
      <target id="78" />
    </TLINK>
    <TLINK comment="" id="55" relType="IS_INCLUDED">
      <source id="82" />
      <target id="83" />
    </TLINK>
    <TLINK comment="" id="56" relType="BEFORE">
      <source id="84" />
      <target id="0" />
    </TLINK>
    <TLINK comment="" id="57" relType="BEFORE">
      <source id="86" />
      <target id="85" />
    </TLINK>
    <TLINK comment="" id="58" relType="BEFORE">
      <source id="87" />
      <target id="0" />
    </TLINK>
    <TLINK comment="" id="59" relType="INCLUDES">
      <source id="89" />
      <target id="88" />
    </TLINK>
    <TLINK comment="" id="60" relType="BEFORE">
      <source id="90" />
      <target id="91" />
    </TLINK>
    <TLINK comment="" id="61" relType="IS_INCLUDED">
      <source id="92" />
      <target id="93" />
    </TLINK>
    <TLINK comment="" id="62" relType="IS_INCLUDED">
      <source id="93" />
      <target id="94" />
    </TLINK>
    <TLINK comment="" id="63" relType="BEFORE">
      <source id="95" />
      <target id="0" />
    </TLINK>
    <TLINK comment="" id="64" relType="BEFORE">
      <source id="97" />
      <target id="0" />
    </TLINK>
    <CLINK c-signalID="98" comment="" id="65">
      <source id="99" />
      <target id="96" />
    </CLINK>
    <CLINK c-signalID="98" comment="" id="66">
      <source id="100" />
      <target id="96" />
    </CLINK>
    <TLINK comment="" id="67" relType="BEFORE">
      <source id="101" />
      <target id="0" />
    </TLINK>
    <TLINK comment="" id="68" relType="IS_INCLUDED">
      <source id="102" />
      <target id="103" />
    </TLINK>
    <TLINK comment="" id="69" relType="BEFORE">
      <source id="105" />
      <target id="0" />
    </TLINK>
    <CLINK comment="" id="70">
      <source id="106" />
      <target id="104" />
    </CLINK>
    <TLINK comment="" id="71" relType="BEFORE">
      <source id="107" />
      <target id="0" />
    </TLINK>
    <TLINK comment="" id="72" relType="BEFORE">
      <source id="108" />
      <target id="0" />
    </TLINK>
    <TLINK comment="" id="73" relType="IS_INCLUDED">
      <source id="109" />
      <target id="0" />
    </TLINK>
    <TLINK comment="" id="74" relType="SIMULTANEOUS">
      <source id="110" />
      <target id="111" />
    </TLINK>
    <TLINK comment="" id="75" relType="AFTER">
      <source id="112" />
      <target id="113" />
    </TLINK>
    <CLINK comment="" id="76">
      <source id="114" />
      <target id="117" />
    </CLINK>
    <TLINK comment="" id="77" relType="IS_INCLUDED">
      <source id="115" />
      <target id="0" />
    </TLINK>
    <TLINK comment="" id="78" relType="IBEFORE">
      <source id="116" />
      <target id="117" />
    </TLINK>
    <TLINK comment="" id="79" relType="SIMULTANEOUS">
      <source id="117" />
      <target id="118" />
    </TLINK>
    <CLINK comment="" id="80">
      <source id="119" />
      <target id="121" />
    </CLINK>
    <TLINK comment="" id="81" relType="BEFORE">
      <source id="123" />
      <target id="0" />
    </TLINK>
    <TLINK comment="" id="82" relType="AFTER">
      <source id="127" />
      <target id="128" />
    </TLINK>
    <TLINK comment="" id="83" relType="IS_INCLUDED">
      <source id="128" />
      <target id="129" />
    </TLINK>
    <TLINK comment="" id="84" relType="IS_INCLUDED">
      <source id="128" />
      <target id="130" />
    </TLINK>
    <TLINK comment="" id="85" relType="BEFORE">
      <source id="132" />
      <target id="0" />
    </TLINK>
    <TLINK comment="" id="86" relType="BEFORE">
      <source id="133" />
      <target id="0" />
    </TLINK>
    <TLINK comment="" id="87" relType="BEFORE">
      <source id="134" />
      <target id="0" />
    </TLINK>
    <TLINK comment="" id="88" relType="BEFORE">
      <source id="135" />
      <target id="134" />
    </TLINK>
  </Relations>
  <token id="1" number="0" sentence="0">WASHINGTON</token>
  <token id="2" number="1" sentence="0">_</token>
  <token id="3" number="2" sentence="0">The</token>
  <token id="4" number="3" sentence="0">economy</token>
  <token id="5" number="4" sentence="0">created</token>
  <token id="6" number="5" sentence="0">jobs</token>
  <token id="7" number="6" sentence="0">at</token>
  <token id="8" number="7" sentence="0">a</token>
  <token id="9" number="8" sentence="0">surprisingly</token>
  <token id="10" number="9" sentence="0">robust</token>
  <token id="11" number="10" sentence="0">pace</token>
  <token id="12" number="11" sentence="0">in</token>
  <token id="13" number="12" sentence="0">January</token>
  <token id="14" number="13" sentence="0">,</token>
  <token id="15" number="14" sentence="0">the</token>
  <token id="16" number="15" sentence="0">government</token>
  <token id="17" number="16" sentence="0">reported</token>
  <token id="18" number="17" sentence="0">on</token>
  <token id="19" number="18" sentence="0">Friday</token>
  <token id="20" number="19" sentence="0">,</token>
  <token id="21" number="20" sentence="0">evidence</token>
  <token id="22" number="21" sentence="0">that</token>
  <token id="23" number="22" sentence="0">America</token>
  <token id="24" number="23" sentence="0">'s</token>
  <token id="25" number="24" sentence="0">economic</token>
  <token id="26" number="25" sentence="0">stamina</token>
  <token id="27" number="26" sentence="0">has</token>
  <token id="28" number="27" sentence="0">withstood</token>
  <token id="29" number="28" sentence="0">any</token>
  <token id="30" number="29" sentence="0">disruptions</token>
  <token id="31" number="30" sentence="0">caused</token>
  <token id="32" number="31" sentence="0">so</token>
  <token id="33" number="32" sentence="0">far</token>
  <token id="34" number="33" sentence="0">by</token>
  <token id="35" number="34" sentence="0">the</token>
  <token id="36" number="35" sentence="0">financial</token>
  <token id="37" number="36" sentence="0">tumult</token>
  <token id="38" number="37" sentence="0">in</token>
  <token id="39" number="38" sentence="0">Asia</token>
  <token id="40" number="39" sentence="0">.</token>
  <token id="41" number="40" sentence="1">The</token>
  <token id="42" number="41" sentence="1">Bureau</token>
  <token id="43" number="42" sentence="1">of</token>
  <token id="44" number="43" sentence="1">Labor</token>
  <token id="45" number="44" sentence="1">Statistics</token>
  <token id="46" number="45" sentence="1">said</token>
  <token id="47" number="46" sentence="1">the</token>
  <token id="48" number="47" sentence="1">economy</token>
  <token id="49" number="48" sentence="1">added</token>
  <token id="50" number="49" sentence="1">358,000</token>
  <token id="51" number="50" sentence="1">jobs</token>
  <token id="52" number="51" sentence="1">last</token>
  <token id="53" number="52" sentence="1">month</token>
  <token id="54" number="53" sentence="1">,</token>
  <token id="55" number="54" sentence="1">far</token>
  <token id="56" number="55" sentence="1">above</token>
  <token id="57" number="56" sentence="1">the</token>
  <token id="58" number="57" sentence="1">235,000</token>
  <token id="59" number="58" sentence="1">forecast</token>
  <token id="60" number="59" sentence="1">by</token>
  <token id="61" number="60" sentence="1">economists</token>
  <token id="62" number="61" sentence="1">.</token>
  <token id="63" number="62" sentence="2">It</token>
  <token id="64" number="63" sentence="2">was</token>
  <token id="65" number="64" sentence="2">the</token>
  <token id="66" number="65" sentence="2">third</token>
  <token id="67" number="66" sentence="2">consecutive</token>
  <token id="68" number="67" sentence="2">month</token>
  <token id="69" number="68" sentence="2">that</token>
  <token id="70" number="69" sentence="2">job</token>
  <token id="71" number="70" sentence="2">generation</token>
  <token id="72" number="71" sentence="2">has</token>
  <token id="73" number="72" sentence="2">been</token>
  <token id="74" number="73" sentence="2">exceptionally</token>
  <token id="75" number="74" sentence="2">strong</token>
  <token id="76" number="75" sentence="2">.</token>
  <token id="77" number="76" sentence="3">With</token>
  <token id="78" number="77" sentence="3">growing</token>
  <token id="79" number="78" sentence="3">opportunities</token>
  <token id="80" number="79" sentence="3">for</token>
  <token id="81" number="80" sentence="3">work</token>
  <token id="82" number="81" sentence="3">drawing</token>
  <token id="83" number="82" sentence="3">more</token>
  <token id="84" number="83" sentence="3">people</token>
  <token id="85" number="84" sentence="3">into</token>
  <token id="86" number="85" sentence="3">the</token>
  <token id="87" number="86" sentence="3">labor</token>
  <token id="88" number="87" sentence="3">force</token>
  <token id="89" number="88" sentence="3">,</token>
  <token id="90" number="89" sentence="3">the</token>
  <token id="91" number="90" sentence="3">unemployment</token>
  <token id="92" number="91" sentence="3">rate</token>
  <token id="93" number="92" sentence="3">remained</token>
  <token id="94" number="93" sentence="3">at</token>
  <token id="95" number="94" sentence="3">4.7</token>
  <token id="96" number="95" sentence="3">percent</token>
  <token id="97" number="96" sentence="3">last</token>
  <token id="98" number="97" sentence="3">month</token>
  <token id="99" number="98" sentence="3">,</token>
  <token id="100" number="99" sentence="3">just</token>
  <token id="101" number="100" sentence="3">a</token>
  <token id="102" number="101" sentence="3">notch</token>
  <token id="103" number="102" sentence="3">above</token>
  <token id="104" number="103" sentence="3">its</token>
  <token id="105" number="104" sentence="3">quarter-century</token>
  <token id="106" number="105" sentence="3">low</token>
  <token id="107" number="106" sentence="3">.</token>
  <token id="108" number="107" sentence="4">The</token>
  <token id="109" number="108" sentence="4">demand</token>
  <token id="110" number="109" sentence="4">for</token>
  <token id="111" number="110" sentence="4">workers</token>
  <token id="112" number="111" sentence="4">also</token>
  <token id="113" number="112" sentence="4">led</token>
  <token id="114" number="113" sentence="4">employers</token>
  <token id="115" number="114" sentence="4">to</token>
  <token id="116" number="115" sentence="4">raise</token>
  <token id="117" number="116" sentence="4">wages</token>
  <token id="118" number="117" sentence="4">again</token>
  <token id="119" number="118" sentence="4">last</token>
  <token id="120" number="119" sentence="4">month</token>
  <token id="121" number="120" sentence="4">.</token>
  <token id="122" number="121" sentence="5">Average</token>
  <token id="123" number="122" sentence="5">hourly</token>
  <token id="124" number="123" sentence="5">earnings</token>
  <token id="125" number="124" sentence="5">of</token>
  <token id="126" number="125" sentence="5">production</token>
  <token id="127" number="126" sentence="5">and</token>
  <token id="128" number="127" sentence="5">nonsupervisory</token>
  <token id="129" number="128" sentence="5">employees</token>
  <token id="130" number="129" sentence="5">rose</token>
  <token id="131" number="130" sentence="5">4</token>
  <token id="132" number="131" sentence="5">cents</token>
  <token id="133" number="132" sentence="5">,</token>
  <token id="134" number="133" sentence="5">to</token>
  <token id="135" number="134" sentence="5">$</token>
  <token id="136" number="135" sentence="5">12.51</token>
  <token id="137" number="136" sentence="5">.</token>
  <token id="138" number="137" sentence="6">The</token>
  <token id="139" number="138" sentence="6">gain</token>
  <token id="140" number="139" sentence="6">left</token>
  <token id="141" number="140" sentence="6">wages</token>
  <token id="142" number="141" sentence="6">3.8</token>
  <token id="143" number="142" sentence="6">percent</token>
  <token id="144" number="143" sentence="6">higher</token>
  <token id="145" number="144" sentence="6">than</token>
  <token id="146" number="145" sentence="6">a</token>
  <token id="147" number="146" sentence="6">year</token>
  <token id="148" number="147" sentence="6">earlier</token>
  <token id="149" number="148" sentence="6">,</token>
  <token id="150" number="149" sentence="6">extending</token>
  <token id="151" number="150" sentence="6">a</token>
  <token id="152" number="151" sentence="6">trend</token>
  <token id="153" number="152" sentence="6">that</token>
  <token id="154" number="153" sentence="6">has</token>
  <token id="155" number="154" sentence="6">given</token>
  <token id="156" number="155" sentence="6">back</token>
  <token id="157" number="156" sentence="6">to</token>
  <token id="158" number="157" sentence="6">workers</token>
  <token id="159" number="158" sentence="6">some</token>
  <token id="160" number="159" sentence="6">of</token>
  <token id="161" number="160" sentence="6">the</token>
  <token id="162" number="161" sentence="6">earning</token>
  <token id="163" number="162" sentence="6">power</token>
  <token id="164" number="163" sentence="6">they</token>
  <token id="165" number="164" sentence="6">lost</token>
  <token id="166" number="165" sentence="6">to</token>
  <token id="167" number="166" sentence="6">inflation</token>
  <token id="168" number="167" sentence="6">in</token>
  <token id="169" number="168" sentence="6">the</token>
  <token id="170" number="169" sentence="6">last</token>
  <token id="171" number="170" sentence="6">decade</token>
  <token id="172" number="171" sentence="6">.</token>
  <token id="173" number="172" sentence="7">But</token>
  <token id="174" number="173" sentence="7">economists</token>
  <token id="175" number="174" sentence="7">said</token>
  <token id="176" number="175" sentence="7">the</token>
  <token id="177" number="176" sentence="7">wage</token>
  <token id="178" number="177" sentence="7">increase</token>
  <token id="179" number="178" sentence="7">was</token>
  <token id="180" number="179" sentence="7">not</token>
  <token id="181" number="180" sentence="7">enough</token>
  <token id="182" number="181" sentence="7">to</token>
  <token id="183" number="182" sentence="7">raise</token>
  <token id="184" number="183" sentence="7">any</token>
  <token id="185" number="184" sentence="7">concerns</token>
  <token id="186" number="185" sentence="7">about</token>
  <token id="187" number="186" sentence="7">higher</token>
  <token id="188" number="187" sentence="7">inflation</token>
  <token id="189" number="188" sentence="7">.</token>
  <token id="190" number="189" sentence="8">And</token>
  <token id="191" number="190" sentence="8">because</token>
  <token id="192" number="191" sentence="8">the</token>
  <token id="193" number="192" sentence="8">Federal</token>
  <token id="194" number="193" sentence="8">Reserve</token>
  <token id="195" number="194" sentence="8">has</token>
  <token id="196" number="195" sentence="8">made</token>
  <token id="197" number="196" sentence="8">clear</token>
  <token id="198" number="197" sentence="8">that</token>
  <token id="199" number="198" sentence="8">it</token>
  <token id="200" number="199" sentence="8">expects</token>
  <token id="201" number="200" sentence="8">the</token>
  <token id="202" number="201" sentence="8">economy</token>
  <token id="203" number="202" sentence="8">to</token>
  <token id="204" number="203" sentence="8">slow</token>
  <token id="205" number="204" sentence="8">in</token>
  <token id="206" number="205" sentence="8">coming</token>
  <token id="207" number="206" sentence="8">months</token>
  <token id="208" number="207" sentence="8">as</token>
  <token id="209" number="208" sentence="8">ripple</token>
  <token id="210" number="209" sentence="8">effects</token>
  <token id="211" number="210" sentence="8">from</token>
  <token id="212" number="211" sentence="8">Asia</token>
  <token id="213" number="212" sentence="8">reach</token>
  <token id="214" number="213" sentence="8">the</token>
  <token id="215" number="214" sentence="8">United</token>
  <token id="216" number="215" sentence="8">States</token>
  <token id="217" number="216" sentence="8">,</token>
  <token id="218" number="217" sentence="8">investors</token>
  <token id="219" number="218" sentence="8">disregarded</token>
  <token id="220" number="219" sentence="8">the</token>
  <token id="221" number="220" sentence="8">large</token>
  <token id="222" number="221" sentence="8">jobs</token>
  <token id="223" number="222" sentence="8">gains</token>
  <token id="224" number="223" sentence="8">,</token>
  <token id="225" number="224" sentence="8">betting</token>
  <token id="226" number="225" sentence="8">that</token>
  <token id="227" number="226" sentence="8">neither</token>
  <token id="228" number="227" sentence="8">a</token>
  <token id="229" number="228" sentence="8">rise</token>
  <token id="230" number="229" sentence="8">in</token>
  <token id="231" number="230" sentence="8">interest</token>
  <token id="232" number="231" sentence="8">rates</token>
  <token id="233" number="232" sentence="8">nor</token>
  <token id="234" number="233" sentence="8">resurgent</token>
  <token id="235" number="234" sentence="8">inflation</token>
  <token id="236" number="235" sentence="8">is</token>
  <token id="237" number="236" sentence="8">looming</token>
  <token id="238" number="237" sentence="8">.</token>
  <token id="239" number="238" sentence="9">Stocks</token>
  <token id="240" number="239" sentence="9">rose</token>
  <token id="241" number="240" sentence="9">,</token>
  <token id="242" number="241" sentence="9">pushing</token>
  <token id="243" number="242" sentence="9">the</token>
  <token id="244" number="243" sentence="9">Dow</token>
  <token id="245" number="244" sentence="9">Jones</token>
  <token id="246" number="245" sentence="9">industrial</token>
  <token id="247" number="246" sentence="9">average</token>
  <token id="248" number="247" sentence="9">up</token>
  <token id="249" number="248" sentence="9">72.24</token>
  <token id="250" number="249" sentence="9">points</token>
  <token id="251" number="250" sentence="9">,</token>
  <token id="252" number="251" sentence="9">to</token>
  <token id="253" number="252" sentence="9">8,189.49</token>
  <token id="254" number="253" sentence="9">,</token>
  <token id="255" number="254" sentence="9">leaving</token>
  <token id="256" number="255" sentence="9">the</token>
  <token id="257" number="256" sentence="9">index</token>
  <token id="258" number="257" sentence="9">within</token>
  <token id="259" number="258" sentence="9">70</token>
  <token id="260" number="259" sentence="9">points</token>
  <token id="261" number="260" sentence="9">of</token>
  <token id="262" number="261" sentence="9">its</token>
  <token id="263" number="262" sentence="9">record</token>
  <token id="264" number="263" sentence="9">high</token>
  <token id="265" number="264" sentence="9">set</token>
  <token id="266" number="265" sentence="9">on</token>
  <token id="267" number="266" sentence="9">Aug</token>
  <token id="268" number="267" sentence="9">.</token>
  <token id="269" number="268" sentence="9">6</token>
  <token id="270" number="269" sentence="9">.</token>
  <token id="271" number="270" sentence="10">In</token>
  <token id="272" number="271" sentence="10">the</token>
  <token id="273" number="272" sentence="10">bond</token>
  <token id="274" number="273" sentence="10">market</token>
  <token id="275" number="274" sentence="10">,</token>
  <token id="276" number="275" sentence="10">a</token>
  <token id="277" number="276" sentence="10">sensitive</token>
  <token id="278" number="277" sentence="10">barometer</token>
  <token id="279" number="278" sentence="10">of</token>
  <token id="280" number="279" sentence="10">inflation</token>
  <token id="281" number="280" sentence="10">anxiety</token>
  <token id="282" number="281" sentence="10">,</token>
  <token id="283" number="282" sentence="10">prices</token>
  <token id="284" number="283" sentence="10">edged</token>
  <token id="285" number="284" sentence="10">up</token>
  <token id="286" number="285" sentence="10">,</token>
  <token id="287" number="286" sentence="10">pushing</token>
  <token id="288" number="287" sentence="10">down</token>
  <token id="289" number="288" sentence="10">the</token>
  <token id="290" number="289" sentence="10">yield</token>
  <token id="291" number="290" sentence="10">on</token>
  <token id="292" number="291" sentence="10">the</token>
  <token id="293" number="292" sentence="10">benchmark</token>
  <token id="294" number="293" sentence="10">30-year</token>
  <token id="295" number="294" sentence="10">Treasury</token>
  <token id="296" number="295" sentence="10">bond</token>
  <token id="297" number="296" sentence="10">to</token>
  <token id="298" number="297" sentence="10">5.92</token>
  <token id="299" number="298" sentence="10">percent</token>
  <token id="300" number="299" sentence="10">from</token>
  <token id="301" number="300" sentence="10">5.93</token>
  <token id="302" number="301" sentence="10">percent</token>
  <token id="303" number="302" sentence="10">.</token>
  <token id="304" number="303" sentence="11">"</token>
  <token id="305" number="304" sentence="11">Job</token>
  <token id="306" number="305" sentence="11">creation</token>
  <token id="307" number="306" sentence="11">is</token>
  <token id="308" number="307" sentence="11">sturdy</token>
  <token id="309" number="308" sentence="11">and</token>
  <token id="310" number="309" sentence="11">we</token>
  <token id="311" number="310" sentence="11">have</token>
  <token id="312" number="311" sentence="11">effective</token>
  <token id="313" number="312" sentence="11">price</token>
  <token id="314" number="313" sentence="11">stability</token>
  <token id="315" number="314" sentence="11">,</token>
  <token id="316" number="315" sentence="11">"</token>
  <token id="317" number="316" sentence="11">said</token>
  <token id="318" number="317" sentence="11">Paul</token>
  <token id="319" number="318" sentence="11">McCulley</token>
  <token id="320" number="319" sentence="11">,</token>
  <token id="321" number="320" sentence="11">an</token>
  <token id="322" number="321" sentence="11">economist</token>
  <token id="323" number="322" sentence="11">at</token>
  <token id="324" number="323" sentence="11">UBS</token>
  <token id="325" number="324" sentence="11">Securities</token>
  <token id="326" number="325" sentence="11">.</token>
  <token id="327" number="326" sentence="12">"</token>
  <token id="328" number="327" sentence="12">The</token>
  <token id="329" number="328" sentence="12">bottom</token>
  <token id="330" number="329" sentence="12">line</token>
  <token id="331" number="330" sentence="12">is</token>
  <token id="332" number="331" sentence="12">that</token>
  <token id="333" number="332" sentence="12">we</token>
  <token id="334" number="333" sentence="12">'ve</token>
  <token id="335" number="334" sentence="12">got</token>
  <token id="336" number="335" sentence="12">a</token>
  <token id="337" number="336" sentence="12">lovely</token>
  <token id="338" number="337" sentence="12">economy</token>
  <token id="339" number="338" sentence="12">.</token>
  <token id="340" number="339" sentence="12">"</token>
  <token id="341" number="340" sentence="13">With</token>
  <token id="342" number="341" sentence="13">potential</token>
  <token id="343" number="342" sentence="13">inflation</token>
  <token id="344" number="343" sentence="13">counterbalanced</token>
  <token id="345" number="344" sentence="13">by</token>
  <token id="346" number="345" sentence="13">worries</token>
  <token id="347" number="346" sentence="13">about</token>
  <token id="348" number="347" sentence="13">possible</token>
  <token id="349" number="348" sentence="13">price</token>
  <token id="350" number="349" sentence="13">declines</token>
  <token id="351" number="350" sentence="13">,</token>
  <token id="352" number="351" sentence="13">the</token>
  <token id="353" number="352" sentence="13">Fed</token>
  <token id="354" number="353" sentence="13">and</token>
  <token id="355" number="354" sentence="13">its</token>
  <token id="356" number="355" sentence="13">chairman</token>
  <token id="357" number="356" sentence="13">,</token>
  <token id="358" number="357" sentence="13">Alan</token>
  <token id="359" number="358" sentence="13">Greenspan</token>
  <token id="360" number="359" sentence="13">,</token>
  <token id="361" number="360" sentence="13">have</token>
  <token id="362" number="361" sentence="13">suggested</token>
  <token id="363" number="362" sentence="13">that</token>
  <token id="364" number="363" sentence="13">they</token>
  <token id="365" number="364" sentence="13">intend</token>
  <token id="366" number="365" sentence="13">to</token>
  <token id="367" number="366" sentence="13">keep</token>
  <token id="368" number="367" sentence="13">interest</token>
  <token id="369" number="368" sentence="13">rates</token>
  <token id="370" number="369" sentence="13">unchanged</token>
  <token id="371" number="370" sentence="13">until</token>
  <token id="372" number="371" sentence="13">the</token>
  <token id="373" number="372" sentence="13">economy</token>
  <token id="374" number="373" sentence="13">tilts</token>
  <token id="375" number="374" sentence="13">clearly</token>
  <token id="376" number="375" sentence="13">in</token>
  <token id="377" number="376" sentence="13">one</token>
  <token id="378" number="377" sentence="13">direction</token>
  <token id="379" number="378" sentence="13">or</token>
  <token id="380" number="379" sentence="13">another</token>
  <token id="381" number="380" sentence="13">.</token>
  <token id="382" number="381" sentence="14">The</token>
  <token id="383" number="382" sentence="14">job</token>
  <token id="384" number="383" sentence="14">figures</token>
  <token id="385" number="384" sentence="14">for</token>
  <token id="386" number="385" sentence="14">January</token>
  <token id="387" number="386" sentence="14">extended</token>
  <token id="388" number="387" sentence="14">a</token>
  <token id="389" number="388" sentence="14">surge</token>
  <token id="390" number="389" sentence="14">in</token>
  <token id="391" number="390" sentence="14">employment</token>
  <token id="392" number="391" sentence="14">gains</token>
  <token id="393" number="392" sentence="14">that</token>
  <token id="394" number="393" sentence="14">began</token>
  <token id="395" number="394" sentence="14">last</token>
  <token id="396" number="395" sentence="14">fall</token>
  <token id="397" number="396" sentence="14">,</token>
  <token id="398" number="397" sentence="14">just</token>
  <token id="399" number="398" sentence="14">when</token>
  <token id="400" number="399" sentence="14">the</token>
  <token id="401" number="400" sentence="14">labor</token>
  <token id="402" number="401" sentence="14">market</token>
  <token id="403" number="402" sentence="14">had</token>
  <token id="404" number="403" sentence="14">showed</token>
  <token id="405" number="404" sentence="14">signs</token>
  <token id="406" number="405" sentence="14">of</token>
  <token id="407" number="406" sentence="14">cooling</token>
  <token id="408" number="407" sentence="14">.</token>
  <token id="409" number="408" sentence="15">After</token>
  <token id="410" number="409" sentence="15">accounting</token>
  <token id="411" number="410" sentence="15">for</token>
  <token id="412" number="411" sentence="15">a</token>
  <token id="413" number="412" sentence="15">small</token>
  <token id="414" number="413" sentence="15">downward</token>
  <token id="415" number="414" sentence="15">revision</token>
  <token id="416" number="415" sentence="15">Friday</token>
  <token id="417" number="416" sentence="15">to</token>
  <token id="418" number="417" sentence="15">December</token>
  <token id="419" number="418" sentence="15">'s</token>
  <token id="420" number="419" sentence="15">figures</token>
  <token id="421" number="420" sentence="15">,</token>
  <token id="422" number="421" sentence="15">the</token>
  <token id="423" number="422" sentence="15">economy</token>
  <token id="424" number="423" sentence="15">has</token>
  <token id="425" number="424" sentence="15">been</token>
  <token id="426" number="425" sentence="15">creating</token>
  <token id="427" number="426" sentence="15">jobs</token>
  <token id="428" number="427" sentence="15">at</token>
  <token id="429" number="428" sentence="15">a</token>
  <token id="430" number="429" sentence="15">rate</token>
  <token id="431" number="430" sentence="15">of</token>
  <token id="432" number="431" sentence="15">358,000</token>
  <token id="433" number="432" sentence="15">a</token>
  <token id="434" number="433" sentence="15">month</token>
  <token id="435" number="434" sentence="15">for</token>
  <token id="436" number="435" sentence="15">the</token>
  <token id="437" number="436" sentence="15">last</token>
  <token id="438" number="437" sentence="15">four</token>
  <token id="439" number="438" sentence="15">months</token>
  <token id="440" number="439" sentence="15">_</token>
  <token id="441" number="440" sentence="15">and</token>
  <token id="442" number="441" sentence="15">381,000</token>
  <token id="443" number="442" sentence="15">over</token>
  <token id="444" number="443" sentence="15">the</token>
  <token id="445" number="444" sentence="15">last</token>
  <token id="446" number="445" sentence="15">three</token>
  <token id="447" number="446" sentence="15">months</token>
  <token id="448" number="447" sentence="15">_</token>
  <token id="449" number="448" sentence="15">after</token>
  <token id="450" number="449" sentence="15">averaging</token>
  <token id="451" number="450" sentence="15">242,000</token>
  <token id="452" number="451" sentence="15">for</token>
  <token id="453" number="452" sentence="15">the</token>
  <token id="454" number="453" sentence="15">first</token>
  <token id="455" number="454" sentence="15">nine</token>
  <token id="456" number="455" sentence="15">months</token>
  <token id="457" number="456" sentence="15">of</token>
  <token id="458" number="457" sentence="15">1997</token>
  <token id="459" number="458" sentence="15">.</token>
  <token id="460" number="459" sentence="16">The</token>
  <token id="461" number="460" sentence="16">surge</token>
  <token id="462" number="461" sentence="16">in</token>
  <token id="463" number="462" sentence="16">jobs</token>
  <token id="464" number="463" sentence="16">reflects</token>
  <token id="465" number="464" sentence="16">a</token>
  <token id="466" number="465" sentence="16">remarkable</token>
  <token id="467" number="466" sentence="16">confluence</token>
  <token id="468" number="467" sentence="16">of</token>
  <token id="469" number="468" sentence="16">positive</token>
  <token id="470" number="469" sentence="16">and</token>
  <token id="471" number="470" sentence="16">self-reinforcing</token>
  <token id="472" number="471" sentence="16">economic</token>
  <token id="473" number="472" sentence="16">forces</token>
  <token id="474" number="473" sentence="16">.</token>
  <token id="475" number="474" sentence="17">Inflation</token>
  <token id="476" number="475" sentence="17">has</token>
  <token id="477" number="476" sentence="17">been</token>
  <token id="478" number="477" sentence="17">almost</token>
  <token id="479" number="478" sentence="17">nonexistent</token>
  <token id="480" number="479" sentence="17">,</token>
  <token id="481" number="480" sentence="17">and</token>
  <token id="482" number="481" sentence="17">consumer</token>
  <token id="483" number="482" sentence="17">confidence</token>
  <token id="484" number="483" sentence="17">has</token>
  <token id="485" number="484" sentence="17">been</token>
  <token id="486" number="485" sentence="17">extremely</token>
  <token id="487" number="486" sentence="17">strong</token>
  <token id="488" number="487" sentence="17">.</token>
  <token id="489" number="488" sentence="18">After</token>
  <token id="490" number="489" sentence="18">a</token>
  <token id="491" number="490" sentence="18">short</token>
  <token id="492" number="491" sentence="18">,</token>
  <token id="493" number="492" sentence="18">sharp</token>
  <token id="494" number="493" sentence="18">drop</token>
  <token id="495" number="494" sentence="18">when</token>
  <token id="496" number="495" sentence="18">Asia</token>
  <token id="497" number="496" sentence="18">'s</token>
  <token id="498" number="497" sentence="18">financial</token>
  <token id="499" number="498" sentence="18">problems</token>
  <token id="500" number="499" sentence="18">first</token>
  <token id="501" number="500" sentence="18">became</token>
  <token id="502" number="501" sentence="18">clear</token>
  <token id="503" number="502" sentence="18">,</token>
  <token id="504" number="503" sentence="18">the</token>
  <token id="505" number="504" sentence="18">stock</token>
  <token id="506" number="505" sentence="18">market</token>
  <token id="507" number="506" sentence="18">has</token>
  <token id="508" number="507" sentence="18">rebounded</token>
  <token id="509" number="508" sentence="18">and</token>
  <token id="510" number="509" sentence="18">corporate</token>
  <token id="511" number="510" sentence="18">profits</token>
  <token id="512" number="511" sentence="18">have</token>
  <token id="513" number="512" sentence="18">remained</token>
  <token id="514" number="513" sentence="18">healthy</token>
  <token id="515" number="514" sentence="18">.</token>
  <token id="516" number="515" sentence="19">Long-term</token>
  <token id="517" number="516" sentence="19">interest</token>
  <token id="518" number="517" sentence="19">rates</token>
  <token id="519" number="518" sentence="19">,</token>
  <token id="520" number="519" sentence="19">an</token>
  <token id="521" number="520" sentence="19">important</token>
  <token id="522" number="521" sentence="19">indicator</token>
  <token id="523" number="522" sentence="19">of</token>
  <token id="524" number="523" sentence="19">economic</token>
  <token id="525" number="524" sentence="19">stability</token>
  <token id="526" number="525" sentence="19">,</token>
  <token id="527" number="526" sentence="19">have</token>
  <token id="528" number="527" sentence="19">fallen</token>
  <token id="529" number="528" sentence="19">in</token>
  <token id="530" number="529" sentence="19">the</token>
  <token id="531" number="530" sentence="19">last</token>
  <token id="532" number="531" sentence="19">few</token>
  <token id="533" number="532" sentence="19">months</token>
  <token id="534" number="533" sentence="19">.</token>
  <token id="535" number="534" sentence="20">Lower</token>
  <token id="536" number="535" sentence="20">rates</token>
  <token id="537" number="536" sentence="20">have</token>
  <token id="538" number="537" sentence="20">helped</token>
  <token id="539" number="538" sentence="20">invigorate</token>
  <token id="540" number="539" sentence="20">housing</token>
  <token id="541" number="540" sentence="20">and</token>
  <token id="542" number="541" sentence="20">other</token>
  <token id="543" number="542" sentence="20">interest-sensitive</token>
  <token id="544" number="543" sentence="20">sectors</token>
  <token id="545" number="544" sentence="20">of</token>
  <token id="546" number="545" sentence="20">the</token>
  <token id="547" number="546" sentence="20">economy</token>
  <token id="548" number="547" sentence="20">by</token>
  <token id="549" number="548" sentence="20">making</token>
  <token id="550" number="549" sentence="20">loans</token>
  <token id="551" number="550" sentence="20">more</token>
  <token id="552" number="551" sentence="20">affordable</token>
  <token id="553" number="552" sentence="20">,</token>
  <token id="554" number="553" sentence="20">and</token>
  <token id="555" number="554" sentence="20">have</token>
  <token id="556" number="555" sentence="20">allowed</token>
  <token id="557" number="556" sentence="20">companies</token>
  <token id="558" number="557" sentence="20">to</token>
  <token id="559" number="558" sentence="20">continue</token>
  <token id="560" number="559" sentence="20">investing</token>
  <token id="561" number="560" sentence="20">heavily</token>
  <token id="562" number="561" sentence="20">in</token>
  <token id="563" number="562" sentence="20">more</token>
  <token id="564" number="563" sentence="20">efficient</token>
  <token id="565" number="564" sentence="20">equipment</token>
  <token id="566" number="565" sentence="20">.</token>
  <token id="567" number="566" sentence="21">The</token>
  <token id="568" number="567" sentence="21">likelihood</token>
  <token id="569" number="568" sentence="21">that</token>
  <token id="570" number="569" sentence="21">the</token>
  <token id="571" number="570" sentence="21">federal</token>
  <token id="572" number="571" sentence="21">budget</token>
  <token id="573" number="572" sentence="21">will</token>
  <token id="574" number="573" sentence="21">soon</token>
  <token id="575" number="574" sentence="21">move</token>
  <token id="576" number="575" sentence="21">from</token>
  <token id="577" number="576" sentence="21">deficit</token>
  <token id="578" number="577" sentence="21">into</token>
  <token id="579" number="578" sentence="21">surplus</token>
  <token id="580" number="579" sentence="21">has</token>
  <token id="581" number="580" sentence="21">further</token>
  <token id="582" number="581" sentence="21">improved</token>
  <token id="583" number="582" sentence="21">the</token>
  <token id="584" number="583" sentence="21">outlook</token>
  <token id="585" number="584" sentence="21">.</token>
  <token id="586" number="585" sentence="22">The</token>
  <token id="587" number="586" sentence="22">less</token>
  <token id="588" number="587" sentence="22">money</token>
  <token id="589" number="588" sentence="22">the</token>
  <token id="590" number="589" sentence="22">government</token>
  <token id="591" number="590" sentence="22">needs</token>
  <token id="592" number="591" sentence="22">to</token>
  <token id="593" number="592" sentence="22">borrow</token>
  <token id="594" number="593" sentence="22">,</token>
  <token id="595" number="594" sentence="22">the</token>
  <token id="596" number="595" sentence="22">more</token>
  <token id="597" number="596" sentence="22">is</token>
  <token id="598" number="597" sentence="22">freed</token>
  <token id="599" number="598" sentence="22">for</token>
  <token id="600" number="599" sentence="22">private</token>
  <token id="601" number="600" sentence="22">investment</token>
  <token id="602" number="601" sentence="22">.</token>
  <token id="603" number="602" sentence="23">President</token>
  <token id="604" number="603" sentence="23">Clinton</token>
  <token id="605" number="604" sentence="23">welcomed</token>
  <token id="606" number="605" sentence="23">the</token>
  <token id="607" number="606" sentence="23">job</token>
  <token id="608" number="607" sentence="23">figures</token>
  <token id="609" number="608" sentence="23">at</token>
  <token id="610" number="609" sentence="23">a</token>
  <token id="611" number="610" sentence="23">news</token>
  <token id="612" number="611" sentence="23">conference</token>
  <token id="613" number="612" sentence="23">Friday</token>
  <token id="614" number="613" sentence="23">.</token>
  <token id="615" number="614" sentence="24">His</token>
  <token id="616" number="615" sentence="24">advisers</token>
  <token id="617" number="616" sentence="24">said</token>
  <token id="618" number="617" sentence="24">the</token>
  <token id="619" number="618" sentence="24">results</token>
  <token id="620" number="619" sentence="24">reflected</token>
  <token id="621" number="620" sentence="24">not</token>
  <token id="622" number="621" sentence="24">just</token>
  <token id="623" number="622" sentence="24">from</token>
  <token id="624" number="623" sentence="24">balancing</token>
  <token id="625" number="624" sentence="24">the</token>
  <token id="626" number="625" sentence="24">budget</token>
  <token id="627" number="626" sentence="24">,</token>
  <token id="628" number="627" sentence="24">but</token>
  <token id="629" number="628" sentence="24">also</token>
  <token id="630" number="629" sentence="24">initiatives</token>
  <token id="631" number="630" sentence="24">like</token>
  <token id="632" number="631" sentence="24">improved</token>
  <token id="633" number="632" sentence="24">access</token>
  <token id="634" number="633" sentence="24">to</token>
  <token id="635" number="634" sentence="24">education</token>
  <token id="636" number="635" sentence="24">and</token>
  <token id="637" number="636" sentence="24">training</token>
  <token id="638" number="637" sentence="24">and</token>
  <token id="639" number="638" sentence="24">the</token>
  <token id="640" number="639" sentence="24">opening</token>
  <token id="641" number="640" sentence="24">of</token>
  <token id="642" number="641" sentence="24">foreign</token>
  <token id="643" number="642" sentence="24">markets</token>
  <token id="644" number="643" sentence="24">to</token>
  <token id="645" number="644" sentence="24">trade</token>
  <token id="646" number="645" sentence="24">.</token>
  <token id="647" number="646" sentence="25">"</token>
  <token id="648" number="647" sentence="25">There</token>
  <token id="649" number="648" sentence="25">are</token>
  <token id="650" number="649" sentence="25">enormous</token>
  <token id="651" number="650" sentence="25">economic</token>
  <token id="652" number="651" sentence="25">and</token>
  <token id="653" number="652" sentence="25">social</token>
  <token id="654" number="653" sentence="25">benefits</token>
  <token id="655" number="654" sentence="25">from</token>
  <token id="656" number="655" sentence="25">our</token>
  <token id="657" number="656" sentence="25">nation</token>
  <token id="658" number="657" sentence="25">'s</token>
  <token id="659" number="658" sentence="25">high-employment</token>
  <token id="660" number="659" sentence="25">economy</token>
  <token id="661" number="660" sentence="25">,</token>
  <token id="662" number="661" sentence="25">"</token>
  <token id="663" number="662" sentence="25">said</token>
  <token id="664" number="663" sentence="25">Janet</token>
  <token id="665" number="664" sentence="25">Yellen</token>
  <token id="666" number="665" sentence="25">,</token>
  <token id="667" number="666" sentence="25">the</token>
  <token id="668" number="667" sentence="25">chairwoman</token>
  <token id="669" number="668" sentence="25">of</token>
  <token id="670" number="669" sentence="25">the</token>
  <token id="671" number="670" sentence="25">White</token>
  <token id="672" number="671" sentence="25">House</token>
  <token id="673" number="672" sentence="25">'s</token>
  <token id="674" number="673" sentence="25">Council</token>
  <token id="675" number="674" sentence="25">of</token>
  <token id="676" number="675" sentence="25">Economic</token>
  <token id="677" number="676" sentence="25">Advisers</token>
  <token id="678" number="677" sentence="25">.</token>
  <token id="679" number="678" sentence="26">Some</token>
  <token id="680" number="679" sentence="26">of</token>
  <token id="681" number="680" sentence="26">the</token>
  <token id="682" number="681" sentence="26">biggest</token>
  <token id="683" number="682" sentence="26">employment</token>
  <token id="684" number="683" sentence="26">gains</token>
  <token id="685" number="684" sentence="26">came</token>
  <token id="686" number="685" sentence="26">in</token>
  <token id="687" number="686" sentence="26">the</token>
  <token id="688" number="687" sentence="26">construction</token>
  <token id="689" number="688" sentence="26">industry</token>
  <token id="690" number="689" sentence="26">,</token>
  <token id="691" number="690" sentence="26">which</token>
  <token id="692" number="691" sentence="26">added</token>
  <token id="693" number="692" sentence="26">92,000</token>
  <token id="694" number="693" sentence="26">jobs</token>
  <token id="695" number="694" sentence="26">in</token>
  <token id="696" number="695" sentence="26">January</token>
  <token id="697" number="696" sentence="26">.</token>
  <token id="698" number="697" sentence="27">The</token>
  <token id="699" number="698" sentence="27">increase</token>
  <token id="700" number="699" sentence="27">reflected</token>
  <token id="701" number="700" sentence="27">the</token>
  <token id="702" number="701" sentence="27">strength</token>
  <token id="703" number="702" sentence="27">of</token>
  <token id="704" number="703" sentence="27">the</token>
  <token id="705" number="704" sentence="27">housing</token>
  <token id="706" number="705" sentence="27">industry</token>
  <token id="707" number="706" sentence="27">,</token>
  <token id="708" number="707" sentence="27">which</token>
  <token id="709" number="708" sentence="27">has</token>
  <token id="710" number="709" sentence="27">been</token>
  <token id="711" number="710" sentence="27">helped</token>
  <token id="712" number="711" sentence="27">not</token>
  <token id="713" number="712" sentence="27">just</token>
  <token id="714" number="713" sentence="27">by</token>
  <token id="715" number="714" sentence="27">declining</token>
  <token id="716" number="715" sentence="27">interest</token>
  <token id="717" number="716" sentence="27">rates</token>
  <token id="718" number="717" sentence="27">but</token>
  <token id="719" number="718" sentence="27">also</token>
  <token id="720" number="719" sentence="27">by</token>
  <token id="721" number="720" sentence="27">unusually</token>
  <token id="722" number="721" sentence="27">warm</token>
  <token id="723" number="722" sentence="27">weather</token>
  <token id="724" number="723" sentence="27">.</token>
  <token id="725" number="724" sentence="28">Service</token>
  <token id="726" number="725" sentence="28">industries</token>
  <token id="727" number="726" sentence="28">also</token>
  <token id="728" number="727" sentence="28">showed</token>
  <token id="729" number="728" sentence="28">solid</token>
  <token id="730" number="729" sentence="28">job</token>
  <token id="731" number="730" sentence="28">gains</token>
  <token id="732" number="731" sentence="28">,</token>
  <token id="733" number="732" sentence="28">as</token>
  <token id="734" number="733" sentence="28">did</token>
  <token id="735" number="734" sentence="28">manufacturers</token>
  <token id="736" number="735" sentence="28">,</token>
  <token id="737" number="736" sentence="28">two</token>
  <token id="738" number="737" sentence="28">areas</token>
  <token id="739" number="738" sentence="28">expected</token>
  <token id="740" number="739" sentence="28">to</token>
  <token id="741" number="740" sentence="28">be</token>
  <token id="742" number="741" sentence="28">hardest</token>
  <token id="743" number="742" sentence="28">hit</token>
  <token id="744" number="743" sentence="28">when</token>
  <token id="745" number="744" sentence="28">the</token>
  <token id="746" number="745" sentence="28">effects</token>
  <token id="747" number="746" sentence="28">of</token>
  <token id="748" number="747" sentence="28">the</token>
  <token id="749" number="748" sentence="28">Asian</token>
  <token id="750" number="749" sentence="28">crisis</token>
  <token id="751" number="750" sentence="28">hit</token>
  <token id="752" number="751" sentence="28">the</token>
  <token id="753" number="752" sentence="28">American</token>
  <token id="754" number="753" sentence="28">economy</token>
  <token id="755" number="754" sentence="28">.</token>
  <token id="756" number="755" sentence="29">The</token>
  <token id="757" number="756" sentence="29">major</token>
  <token id="758" number="757" sentence="29">harm</token>
  <token id="759" number="758" sentence="29">from</token>
  <token id="760" number="759" sentence="29">Asia</token>
  <token id="761" number="760" sentence="29">is</token>
  <token id="762" number="761" sentence="29">likely</token>
  <token id="763" number="762" sentence="29">to</token>
  <token id="764" number="763" sentence="29">come</token>
  <token id="765" number="764" sentence="29">from</token>
  <token id="766" number="765" sentence="29">the</token>
  <token id="767" number="766" sentence="29">plunge</token>
  <token id="768" number="767" sentence="29">in</token>
  <token id="769" number="768" sentence="29">the</token>
  <token id="770" number="769" sentence="29">value</token>
  <token id="771" number="770" sentence="29">of</token>
  <token id="772" number="771" sentence="29">many</token>
  <token id="773" number="772" sentence="29">Asian</token>
  <token id="774" number="773" sentence="29">currencies</token>
  <token id="775" number="774" sentence="29">relative</token>
  <token id="776" number="775" sentence="29">to</token>
  <token id="777" number="776" sentence="29">the</token>
  <token id="778" number="777" sentence="29">dollar</token>
  <token id="779" number="778" sentence="29">,</token>
  <token id="780" number="779" sentence="29">a</token>
  <token id="781" number="780" sentence="29">situation</token>
  <token id="782" number="781" sentence="29">that</token>
  <token id="783" number="782" sentence="29">is</token>
  <token id="784" number="783" sentence="29">expected</token>
  <token id="785" number="784" sentence="29">to</token>
  <token id="786" number="785" sentence="29">lead</token>
  <token id="787" number="786" sentence="29">to</token>
  <token id="788" number="787" sentence="29">a</token>
  <token id="789" number="788" sentence="29">surge</token>
  <token id="790" number="789" sentence="29">of</token>
  <token id="791" number="790" sentence="29">inexpensive</token>
  <token id="792" number="791" sentence="29">imports</token>
  <token id="793" number="792" sentence="29">into</token>
  <token id="794" number="793" sentence="29">the</token>
  <token id="795" number="794" sentence="29">United</token>
  <token id="796" number="795" sentence="29">States</token>
  <token id="797" number="796" sentence="29">,</token>
  <token id="798" number="797" sentence="29">hurting</token>
  <token id="799" number="798" sentence="29">American</token>
  <token id="800" number="799" sentence="29">competitors</token>
  <token id="801" number="800" sentence="29">.</token>
  <token id="802" number="801" sentence="30">And</token>
  <token id="803" number="802" sentence="30">the</token>
  <token id="804" number="803" sentence="30">weakness</token>
  <token id="805" number="804" sentence="30">of</token>
  <token id="806" number="805" sentence="30">the</token>
  <token id="807" number="806" sentence="30">Asian</token>
  <token id="808" number="807" sentence="30">economies</token>
  <token id="809" number="808" sentence="30">is</token>
  <token id="810" number="809" sentence="30">also</token>
  <token id="811" number="810" sentence="30">likely</token>
  <token id="812" number="811" sentence="30">to</token>
  <token id="813" number="812" sentence="30">lead</token>
  <token id="814" number="813" sentence="30">to</token>
  <token id="815" number="814" sentence="30">decreased</token>
  <token id="816" number="815" sentence="30">demand</token>
  <token id="817" number="816" sentence="30">for</token>
  <token id="818" number="817" sentence="30">American</token>
  <token id="819" number="818" sentence="30">exports</token>
  <token id="820" number="819" sentence="30">.</token>
  <token id="821" number="820" sentence="31">"</token>
  <token id="822" number="821" sentence="31">The</token>
  <token id="823" number="822" sentence="31">economy</token>
  <token id="824" number="823" sentence="31">has</token>
  <token id="825" number="824" sentence="31">been</token>
  <token id="826" number="825" sentence="31">running</token>
  <token id="827" number="826" sentence="31">on</token>
  <token id="828" number="827" sentence="31">the</token>
  <token id="829" number="828" sentence="31">fumes</token>
  <token id="830" number="829" sentence="31">of</token>
  <token id="831" number="830" sentence="31">the</token>
  <token id="832" number="831" sentence="31">strength</token>
  <token id="833" number="832" sentence="31">from</token>
  <token id="834" number="833" sentence="31">before</token>
  <token id="835" number="834" sentence="31">the</token>
  <token id="836" number="835" sentence="31">Asia</token>
  <token id="837" number="836" sentence="31">shock</token>
  <token id="838" number="837" sentence="31">,</token>
  <token id="839" number="838" sentence="31">"</token>
  <token id="840" number="839" sentence="31">McCulley</token>
  <token id="841" number="840" sentence="31">said</token>
  <token id="842" number="841" sentence="31">.</token>
  <token id="843" number="842" sentence="32">"</token>
  <token id="844" number="843" sentence="32">Those</token>
  <token id="845" number="844" sentence="32">fumes</token>
  <token id="846" number="845" sentence="32">will</token>
  <token id="847" number="846" sentence="32">exhaust</token>
  <token id="848" number="847" sentence="32">themselves</token>
  <token id="849" number="848" sentence="32">,</token>
  <token id="850" number="849" sentence="32">and</token>
  <token id="851" number="850" sentence="32">the</token>
  <token id="852" number="851" sentence="32">manufacturing</token>
  <token id="853" number="852" sentence="32">sector</token>
  <token id="854" number="853" sentence="32">is</token>
  <token id="855" number="854" sentence="32">going</token>
  <token id="856" number="855" sentence="32">to</token>
  <token id="857" number="856" sentence="32">start</token>
  <token id="858" number="857" sentence="32">getting</token>
  <token id="859" number="858" sentence="32">beat</token>
  <token id="860" number="859" sentence="32">up</token>
  <token id="861" number="860" sentence="32">in</token>
  <token id="862" number="861" sentence="32">the</token>
  <token id="863" number="862" sentence="32">spring</token>
  <token id="864" number="863" sentence="32">.</token>
  <token id="865" number="864" sentence="32">"</token>
  <token id="866" number="865" sentence="33">The</token>
  <token id="867" number="866" sentence="33">figures</token>
  <token id="868" number="867" sentence="33">showed</token>
  <token id="869" number="868" sentence="33">the</token>
  <token id="870" number="869" sentence="33">unemployment</token>
  <token id="871" number="870" sentence="33">rate</token>
  <token id="872" number="871" sentence="33">for</token>
  <token id="873" number="872" sentence="33">adult</token>
  <token id="874" number="873" sentence="33">men</token>
  <token id="875" number="874" sentence="33">declined</token>
  <token id="876" number="875" sentence="33">to</token>
  <token id="877" number="876" sentence="33">3.8</token>
  <token id="878" number="877" sentence="33">percent</token>
  <token id="879" number="878" sentence="33">last</token>
  <token id="880" number="879" sentence="33">month</token>
  <token id="881" number="880" sentence="33">from</token>
  <token id="882" number="881" sentence="33">4.1</token>
  <token id="883" number="882" sentence="33">percent</token>
  <token id="884" number="883" sentence="33">in</token>
  <token id="885" number="884" sentence="33">December</token>
  <token id="886" number="885" sentence="33">,</token>
  <token id="887" number="886" sentence="33">the</token>
  <token id="888" number="887" sentence="33">lowest</token>
  <token id="889" number="888" sentence="33">figure</token>
  <token id="890" number="889" sentence="33">for</token>
  <token id="891" number="890" sentence="33">almost</token>
  <token id="892" number="891" sentence="33">two</token>
  <token id="893" number="892" sentence="33">decades</token>
  <token id="894" number="893" sentence="33">.</token>
  <token id="895" number="894" sentence="34">The</token>
  <token id="896" number="895" sentence="34">rate</token>
  <token id="897" number="896" sentence="34">for</token>
  <token id="898" number="897" sentence="34">adult</token>
  <token id="899" number="898" sentence="34">women</token>
  <token id="900" number="899" sentence="34">rose</token>
  <token id="901" number="900" sentence="34">0.4</token>
  <token id="902" number="901" sentence="34">percent</token>
  <token id="903" number="902" sentence="34">,</token>
  <token id="904" number="903" sentence="34">to</token>
  <token id="905" number="904" sentence="34">4.4</token>
  <token id="906" number="905" sentence="34">percent</token>
  <token id="907" number="906" sentence="34">.</token>
  <token id="908" number="907" sentence="35">For</token>
  <token id="909" number="908" sentence="35">the</token>
  <token id="910" number="909" sentence="35">first</token>
  <token id="911" number="910" sentence="35">time</token>
  <token id="912" number="911" sentence="35">,</token>
  <token id="913" number="912" sentence="35">the</token>
  <token id="914" number="913" sentence="35">Labor</token>
  <token id="915" number="914" sentence="35">Department</token>
  <token id="916" number="915" sentence="35">broke</token>
  <token id="917" number="916" sentence="35">out</token>
  <token id="918" number="917" sentence="35">unemployment</token>
  <token id="919" number="918" sentence="35">by</token>
  <token id="920" number="919" sentence="35">education</token>
  <token id="921" number="920" sentence="35">level</token>
  <token id="922" number="921" sentence="35">as</token>
  <token id="923" number="922" sentence="35">well</token>
  <token id="924" number="923" sentence="35">as</token>
  <token id="925" number="924" sentence="35">gender</token>
  <token id="926" number="925" sentence="35">,</token>
  <token id="927" number="926" sentence="35">age</token>
  <token id="928" number="927" sentence="35">and</token>
  <token id="929" number="928" sentence="35">race</token>
  <token id="930" number="929" sentence="35">.</token>
  <token id="931" number="930" sentence="36">The</token>
  <token id="932" number="931" sentence="36">analysis</token>
  <token id="933" number="932" sentence="36">showed</token>
  <token id="934" number="933" sentence="36">unemployment</token>
  <token id="935" number="934" sentence="36">rates</token>
  <token id="936" number="935" sentence="36">dropped</token>
  <token id="937" number="936" sentence="36">steadily</token>
  <token id="938" number="937" sentence="36">with</token>
  <token id="939" number="938" sentence="36">higher</token>
  <token id="940" number="939" sentence="36">levels</token>
  <token id="941" number="940" sentence="36">of</token>
  <token id="942" number="941" sentence="36">education</token>
  <token id="943" number="942" sentence="36">.</token>
  <token id="944" number="943" sentence="37">Among</token>
  <token id="945" number="944" sentence="37">people</token>
  <token id="946" number="945" sentence="37">with</token>
  <token id="947" number="946" sentence="37">less</token>
  <token id="948" number="947" sentence="37">than</token>
  <token id="949" number="948" sentence="37">a</token>
  <token id="950" number="949" sentence="37">high</token>
  <token id="951" number="950" sentence="37">school</token>
  <token id="952" number="951" sentence="37">education</token>
  <token id="953" number="952" sentence="37">,</token>
  <token id="954" number="953" sentence="37">the</token>
  <token id="955" number="954" sentence="37">rate</token>
  <token id="956" number="955" sentence="37">in</token>
  <token id="957" number="956" sentence="37">January</token>
  <token id="958" number="957" sentence="37">was</token>
  <token id="959" number="958" sentence="37">7.2</token>
  <token id="960" number="959" sentence="37">percent</token>
  <token id="961" number="960" sentence="37">.</token>
  <token id="962" number="961" sentence="38">Among</token>
  <token id="963" number="962" sentence="38">high</token>
  <token id="964" number="963" sentence="38">school</token>
  <token id="965" number="964" sentence="38">graduates</token>
  <token id="966" number="965" sentence="38">,</token>
  <token id="967" number="966" sentence="38">the</token>
  <token id="968" number="967" sentence="38">rate</token>
  <token id="969" number="968" sentence="38">was</token>
  <token id="970" number="969" sentence="38">3.9</token>
  <token id="971" number="970" sentence="38">percent</token>
  <token id="972" number="971" sentence="38">,</token>
  <token id="973" number="972" sentence="38">and</token>
  <token id="974" number="973" sentence="38">college</token>
  <token id="975" number="974" sentence="38">graduates</token>
  <token id="976" number="975" sentence="38">,</token>
  <token id="977" number="976" sentence="38">1.9</token>
  <token id="978" number="977" sentence="38">percent</token>
  <token id="979" number="978" sentence="38">.</token>
</Document>
