<Document doc_name="PRI19980303.2000.2550">
  <Markables>
    <TIMEX3 RELATED_TO="" TAG_DESCRIPTOR="Empty_Mark" beginPoint="" comment="" endPoint="" freq="" functionInDocument="CREATION_TIME" id="0" quant="" type="DATE" value="1998-03-03" />
    <TIMEX3 anchorTimeID="0" beginPoint="" comment="" endPoint="" freq="" functionInDocument="NONE" id="1" quant="" type="DATE" value="1998-03-04">
      <token_anchor id="1" />
    </TIMEX3>
    <EVENT aspect="NONE" certainty="" class="I_ACTION" comment="" factuality="" id="2" modality="NONE" polarity="POS" pos="VERB" tense="FUTURE">
      <token_anchor id="13" />
    </EVENT>
    <TIMEX3 anchorTimeID="0" beginPoint="" comment="" endPoint="" freq="" functionInDocument="NONE" id="3" quant="" type="DATE" value="PRESENT_REF">
      <token_anchor id="18" />
    </TIMEX3>
    <EVENT aspect="NONE" certainty="" class="OCCURRENCE" comment="" factuality="" id="4" modality="NONE" polarity="POS" pos="VERB" tense="PASTPART">
      <token_anchor id="19" />
    </EVENT>
    <EVENT aspect="NONE" certainty="" class="OCCURRENCE" comment="" factuality="" id="5" modality="can" polarity="POS" pos="VERB" tense="NONE">
      <token_anchor id="24" />
    </EVENT>
    <TIMEX3 anchorTimeID="0" beginPoint="" comment="" endPoint="" freq="" functionInDocument="NONE" id="6" quant="" type="DATE" value="1998-03-04">
      <token_anchor id="40" />
    </TIMEX3>
    <EVENT aspect="NONE" certainty="" class="OCCURRENCE" comment="" factuality="" id="7" modality="NONE" polarity="POS" pos="NOUN" tense="NONE">
      <token_anchor id="42" />
    </EVENT>
    <EVENT aspect="NONE" certainty="" class="I_ACTION" comment="" factuality="" id="8" modality="NONE" polarity="POS" pos="VERB" tense="FUTURE">
      <token_anchor id="50" />
    </EVENT>
    <EVENT aspect="NONE" certainty="" class="STATE" comment="" factuality="" id="9" modality="NONE" polarity="POS" pos="VERB" tense="PAST">
      <token_anchor id="57" />
    </EVENT>
    <EVENT aspect="NONE" certainty="" class="OCCURRENCE" comment="" factuality="" id="10" modality="can" polarity="POS" pos="VERB" tense="NONE">
      <token_anchor id="66" />
    </EVENT>
    <EVENT aspect="PERFECTIVE" certainty="" class="I_ACTION" comment="" factuality="" id="11" modality="NONE" polarity="NEG" pos="VERB" tense="PRESENT">
      <token_anchor id="79" />
    </EVENT>
    <EVENT aspect="NONE" certainty="" class="OCCURRENCE" comment="" factuality="" id="12" modality="NONE" polarity="POS" pos="VERB" tense="PAST">
      <token_anchor id="185" />
    </EVENT>
    <EVENT aspect="NONE" certainty="" class="STATE" comment="" factuality="" id="13" modality="NONE" polarity="POS" pos="VERB" tense="PAST">
      <token_anchor id="190" />
    </EVENT>
    <EVENT aspect="NONE" certainty="" class="OCCURRENCE" comment="" factuality="" id="14" modality="NONE" polarity="POS" pos="VERB" tense="PAST">
      <token_anchor id="196" />
    </EVENT>
    <EVENT aspect="NONE" certainty="" class="I_ACTION" comment="" factuality="" id="15" modality="NONE" polarity="POS" pos="VERB" tense="PAST">
      <token_anchor id="207" />
    </EVENT>
    <EVENT aspect="NONE" certainty="" class="OCCURRENCE" comment="" factuality="" id="16" modality="NONE" polarity="POS" pos="VERB" tense="INFINITIVE">
      <token_anchor id="211" />
    </EVENT>
    <EVENT aspect="NONE" certainty="" class="OCCURRENCE" comment="" factuality="" id="17" modality="NONE" polarity="POS" pos="VERB" tense="PAST">
      <token_anchor id="226" />
    </EVENT>
    <EVENT aspect="NONE" certainty="" class="I_ACTION" comment="" factuality="" id="18" modality="NONE" polarity="POS" pos="VERB" tense="PRESPART">
      <token_anchor id="229" />
    </EVENT>
    <EVENT aspect="NONE" certainty="" class="OCCURRENCE" comment="" factuality="" id="19" modality="could" polarity="POS" pos="VERB" tense="NONE">
      <token_anchor id="233" />
    </EVENT>
    <EVENT aspect="NONE" certainty="" class="I_STATE" comment="" factuality="" id="20" modality="NONE" polarity="POS" pos="VERB" tense="PAST">
      <token_anchor id="253" />
    </EVENT>
    <EVENT aspect="NONE" certainty="" class="REPORTING" comment="" factuality="" id="21" modality="NONE" polarity="POS" pos="VERB" tense="PRESENT">
      <token_anchor id="263" />
    </EVENT>
    <EVENT aspect="NONE" certainty="" class="I_STATE" comment="" factuality="" id="22" modality="NONE" polarity="POS" pos="VERB" tense="PRESENT">
      <token_anchor id="286" />
    </EVENT>
    <EVENT aspect="NONE" certainty="" class="I_ACTION" comment="" factuality="" id="23" modality="NONE" polarity="POS" pos="VERB" tense="PAST">
      <token_anchor id="312" />
    </EVENT>
    <EVENT aspect="NONE" certainty="" class="ASPECTUAL" comment="" factuality="" id="24" modality="NONE" polarity="POS" pos="VERB" tense="PAST">
      <token_anchor id="322" />
    </EVENT>
    <TIMEX3 anchorTimeID="0" beginPoint="" comment="" endPoint="" freq="" functionInDocument="NONE" id="25" quant="" type="DATE" value="PRESENT_REF">
      <token_anchor id="324" />
    </TIMEX3>
    <EVENT aspect="PROGRESSIVE" certainty="" class="OCCURRENCE" comment="" factuality="" id="26" modality="NONE" polarity="POS" pos="VERB" tense="PRESENT">
      <token_anchor id="330" />
    </EVENT>
    <EVENT aspect="PERFECTIVE" certainty="" class="OCCURRENCE" comment="" factuality="" id="27" modality="NONE" polarity="POS" pos="VERB" tense="PRESENT">
      <token_anchor id="350" />
    </EVENT>
    <EVENT aspect="NONE" certainty="" class="OCCURRENCE" comment="" factuality="" id="28" modality="NONE" polarity="POS" pos="NOUN" tense="NONE">
      <token_anchor id="353" />
    </EVENT>
    <EVENT aspect="NONE" certainty="" class="REPORTING" comment="" factuality="" id="29" modality="NONE" polarity="POS" pos="VERB" tense="PRESENT">
      <token_anchor id="357" />
    </EVENT>
    <EVENT aspect="NONE" certainty="" class="STATE" comment="" factuality="" id="30" modality="NONE" polarity="NEG" pos="VERB" tense="PRESENT">
      <token_anchor id="359" />
    </EVENT>
    <EVENT aspect="NONE" certainty="" class="STATE" comment="" factuality="" id="31" modality="NONE" polarity="POS" pos="VERB" tense="PRESENT">
      <token_anchor id="370" />
    </EVENT>
    <EVENT aspect="NONE" certainty="" class="OCCURRENCE" comment="" factuality="" id="32" modality="NONE" polarity="POS" pos="NOUN" tense="NONE">
      <token_anchor id="427" />
    </EVENT>
    <EVENT aspect="NONE" certainty="" class="STATE" comment="" factuality="" id="33" modality="NONE" polarity="POS" pos="NOUN" tense="NONE">
      <token_anchor id="437" />
    </EVENT>
    <EVENT aspect="NONE" certainty="" class="REPORTING" comment="" factuality="" id="34" modality="NONE" polarity="POS" pos="VERB" tense="PAST">
      <token_anchor id="453" />
    </EVENT>
    <EVENT aspect="NONE" certainty="" class="OCCURRENCE" comment="" factuality="" id="35" modality="NONE" polarity="POS" pos="VERB" tense="PAST">
      <token_anchor id="458" />
    </EVENT>
    <EVENT aspect="NONE" certainty="" class="I_STATE" comment="" factuality="" id="36" modality="NONE" polarity="POS" pos="ADJECTIVE" tense="PAST">
      <token_anchor id="464" />
    </EVENT>
    <EVENT aspect="NONE" certainty="" class="OCCURRENCE" comment="" factuality="" id="37" modality="NONE" polarity="POS" pos="VERB" tense="INFINITIVE">
      <token_anchor id="466" />
    </EVENT>
    <EVENT aspect="NONE" certainty="" class="OCCURRENCE" comment="" factuality="" id="38" modality="NONE" polarity="NEG" pos="VERB" tense="PRESENT">
      <token_anchor id="472" />
    </EVENT>
    <EVENT aspect="NONE" certainty="" class="OCCURRENCE" comment="" factuality="" id="39" modality="NONE" polarity="POS" pos="VERB" tense="PRESPART">
      <token_anchor id="482" />
    </EVENT>
    <EVENT aspect="NONE" certainty="" class="REPORTING" comment="" factuality="" id="40" modality="NONE" polarity="POS" pos="VERB" tense="PAST">
      <token_anchor id="493" />
    </EVENT>
    <EVENT aspect="NONE" certainty="" class="OCCURRENCE" comment="" factuality="" id="41" modality="NONE" polarity="POS" pos="NOUN" tense="NONE">
      <token_anchor id="502" />
    </EVENT>
    <EVENT aspect="NONE" certainty="" class="I_ACTION" comment="" factuality="" id="42" modality="NONE" polarity="POS" pos="VERB" tense="PAST">
      <token_anchor id="504" />
    </EVENT>
    <EVENT aspect="NONE" certainty="" class="I_ACTION" comment="" factuality="" id="43" modality="NONE" polarity="POS" pos="VERB" tense="PAST">
      <token_anchor id="512" />
    </EVENT>
    <EVENT aspect="NONE" certainty="" class="I_ACTION" comment="" factuality="" id="44" modality="NONE" polarity="NEG" pos="VERB" tense="PRESENT">
      <token_anchor id="518" />
    </EVENT>
    <EVENT aspect="NONE" certainty="" class="I_ACTION" comment="" factuality="" id="45" modality="NONE" polarity="POS" pos="VERB" tense="INFINITIVE">
      <token_anchor id="520" />
    </EVENT>
    <EVENT aspect="NONE" certainty="" class="OCCURRENCE" comment="" factuality="" id="46" modality="NONE" polarity="POS" pos="VERB" tense="INFINITIVE">
      <token_anchor id="523" />
    </EVENT>
    <EVENT aspect="NONE" certainty="" class="REPORTING" comment="" factuality="" id="47" modality="NONE" polarity="POS" pos="VERB" tense="PAST">
      <token_anchor id="530" />
    </EVENT>
    <EVENT aspect="NONE" certainty="" class="I_ACTION" comment="" factuality="" id="48" modality="NONE" polarity="POS" pos="VERB" tense="PRESENT">
      <token_anchor id="541" />
    </EVENT>
    <EVENT aspect="NONE" certainty="" class="OCCURRENCE" comment="" factuality="" id="49" modality="NONE" polarity="POS" pos="VERB" tense="INFINITIVE">
      <token_anchor id="544" />
    </EVENT>
    <EVENT aspect="NONE" certainty="" class="I_ACTION" comment="" factuality="" id="50" modality="NONE" polarity="POS" pos="VERB" tense="PRESENT">
      <token_anchor id="549" />
    </EVENT>
    <EVENT aspect="NONE" certainty="" class="STATE" comment="" factuality="" id="51" modality="NONE" polarity="POS" pos="VERB" tense="PRESENT">
      <token_anchor id="561" />
    </EVENT>
    <EVENT aspect="NONE" certainty="" class="REPORTING" comment="" factuality="" id="52" modality="NONE" polarity="POS" pos="VERB" tense="PRESENT">
      <token_anchor id="570" />
    </EVENT>
    <EVENT aspect="NONE" certainty="" class="OCCURRENCE" comment="" factuality="" id="53" modality="NONE" polarity="POS" pos="VERB" tense="FUTURE">
      <token_anchor id="573" />
    </EVENT>
    <EVENT aspect="NONE" certainty="" class="I_ACTION" comment="" factuality="" id="54" modality="NONE" polarity="POS" pos="VERB" tense="FUTURE">
      <token_anchor id="584" />
    </EVENT>
    <EVENT aspect="NONE" certainty="" class="REPORTING" comment="" factuality="" id="55" modality="NONE" polarity="POS" pos="VERB" tense="PRESENT">
      <token_anchor id="598" />
    </EVENT>
    <EVENT aspect="NONE" certainty="" class="OCCURRENCE" comment="" factuality="" id="56" modality="NONE" polarity="POS" pos="NOUN" tense="NONE">
      <token_anchor id="604" />
    </EVENT>
    <EVENT aspect="PROGRESSIVE" certainty="" class="OCCURRENCE" comment="" factuality="" id="57" modality="NONE" polarity="POS" pos="VERB" tense="PRESENT">
      <token_anchor id="615" />
    </EVENT>
    <EVENT aspect="NONE" certainty="" class="I_STATE" comment="" factuality="" id="58" modality="NONE" polarity="POS" pos="VERB" tense="PRESPART">
      <token_anchor id="626" />
    </EVENT>
    <TIMEX3 anchorTimeID="0" beginPoint="" comment="" endPoint="" freq="" functionInDocument="NONE" id="59" quant="" type="DATE" value="FUTURE_REF">
      <token_anchor id="635" />
      <token_anchor id="636" />
    </TIMEX3>
  </Markables>
  <Relations>
    <TLINK comment="" id="1" relType="INCLUDES">
      <source id="1" />
      <target id="2" />
    </TLINK>
    <TLINK comment="" id="2" relType="IDENTITY">
      <source id="1" />
      <target id="6" />
    </TLINK>
    <TLINK comment="" id="3" relType="INCLUDES">
      <source id="3" />
      <target id="0" />
    </TLINK>
    <TLINK comment="" id="4" relType="IS_INCLUDED">
      <source id="4" />
      <target id="3" />
    </TLINK>
    <TLINK comment="" id="5" relType="INCLUDES">
      <source id="6" />
      <target id="7" />
    </TLINK>
    <TLINK comment="" id="6" relType="IDENTITY">
      <source id="7" />
      <target id="2" />
    </TLINK>
    <TLINK comment="" id="7" relType="IDENTITY">
      <source id="8" />
      <target id="2" />
    </TLINK>
    <TLINK comment="" id="8" relType="INCLUDES">
      <source id="9" />
      <target id="0" />
    </TLINK>
    <TLINK comment="" id="9" relType="INCLUDES">
      <source id="9" />
      <target id="4" />
    </TLINK>
    <TLINK comment="" id="10" relType="BEFORE">
      <source id="11" />
      <target id="0" />
    </TLINK>
    <TLINK comment="" id="11" relType="AFTER">
      <source id="12" />
      <target id="13" />
    </TLINK>
    <TLINK comment="" id="12" relType="BEFORE">
      <source id="14" />
      <target id="0" />
    </TLINK>
    <TLINK comment="" id="13" relType="BEFORE">
      <source id="14" />
      <target id="15" />
    </TLINK>
    <TLINK comment="" id="14" relType="AFTER">
      <source id="17" />
      <target id="15" />
    </TLINK>
    <TLINK comment="" id="15" relType="SIMULTANEOUS">
      <source id="17" />
      <target id="18" />
    </TLINK>
    <TLINK comment="" id="16" relType="BEFORE">
      <source id="17" />
      <target id="20" />
    </TLINK>
    <TLINK comment="" id="17" relType="BEFORE">
      <source id="21" />
      <target id="0" />
    </TLINK>
    <TLINK comment="" id="18" relType="AFTER">
      <source id="23" />
      <target id="17" />
    </TLINK>
    <TLINK comment="" id="19" relType="BEFORE">
      <source id="23" />
      <target id="24" />
    </TLINK>
    <TLINK comment="" id="20" relType="DURING">
      <source id="25" />
      <target id="26" />
    </TLINK>
    <TLINK comment="" id="21" relType="BEFORE">
      <source id="29" />
      <target id="0" />
    </TLINK>
    <TLINK comment="" id="22" relType="BEFORE">
      <source id="32" />
      <target id="0" />
    </TLINK>
    <TLINK comment="" id="23" relType="INCLUDES">
      <source id="32" />
      <target id="33" />
    </TLINK>
    <TLINK comment="" id="24" relType="IS_INCLUDED">
      <source id="34" />
      <target id="32" />
    </TLINK>
    <TLINK comment="" id="25" relType="AFTER">
      <source id="38" />
      <target id="39" />
    </TLINK>
    <TLINK comment="" id="26" relType="IS_INCLUDED">
      <source id="40" />
      <target id="32" />
    </TLINK>
    <TLINK comment="" id="27" relType="SIMULTANEOUS">
      <source id="40" />
      <target id="42" />
    </TLINK>
    <TLINK comment="" id="28" relType="SIMULTANEOUS">
      <source id="43" />
      <target id="42" />
    </TLINK>
    <TLINK comment="" id="29" relType="BEFORE">
      <source id="47" />
      <target id="0" />
    </TLINK>
    <TLINK comment="" id="30" relType="IS_INCLUDED">
      <source id="52" />
      <target id="0" />
    </TLINK>
    <TLINK comment="" id="31" relType="IS_INCLUDED">
      <source id="55" />
      <target id="0" />
    </TLINK>
    <TLINK comment="" id="32" relType="AFTER">
      <source id="56" />
      <target id="57" />
    </TLINK>
    <TLINK comment="" id="33" relType="BEFORE">
      <source id="58" />
      <target id="0" />
    </TLINK>
  </Relations>
  <token id="1" number="0" sentence="0">Tomorrow</token>
  <token id="2" number="1" sentence="0">the</token>
  <token id="3" number="2" sentence="0">board</token>
  <token id="4" number="3" sentence="0">of</token>
  <token id="5" number="4" sentence="0">supervisors</token>
  <token id="6" number="5" sentence="0">of</token>
  <token id="7" number="6" sentence="0">Loudon</token>
  <token id="8" number="7" sentence="0">county</token>
  <token id="9" number="8" sentence="0">,</token>
  <token id="10" number="9" sentence="0">Virginia</token>
  <token id="11" number="10" sentence="0">,</token>
  <token id="12" number="11" sentence="0">will</token>
  <token id="13" number="12" sentence="0">vote</token>
  <token id="14" number="13" sentence="0">on</token>
  <token id="15" number="14" sentence="0">whether</token>
  <token id="16" number="15" sentence="0">a</token>
  <token id="17" number="16" sentence="0">school</token>
  <token id="18" number="17" sentence="0">now</token>
  <token id="19" number="18" sentence="0">located</token>
  <token id="20" number="19" sentence="0">in</token>
  <token id="21" number="20" sentence="0">Mount</token>
  <token id="22" number="21" sentence="0">Vernon</token>
  <token id="23" number="22" sentence="0">can</token>
  <token id="24" number="23" sentence="0">relocate</token>
  <token id="25" number="24" sentence="0">to</token>
  <token id="26" number="25" sentence="0">their</token>
  <token id="27" number="26" sentence="0">county</token>
  <token id="28" number="27" sentence="0">.</token>
  <token id="29" number="28" sentence="1">In</token>
  <token id="30" number="29" sentence="1">some</token>
  <token id="31" number="30" sentence="1">respects</token>
  <token id="32" number="31" sentence="1">,</token>
  <token id="33" number="32" sentence="1">that</token>
  <token id="34" number="33" sentence="1">'s</token>
  <token id="35" number="34" sentence="1">typical</token>
  <token id="36" number="35" sentence="1">county</token>
  <token id="37" number="36" sentence="1">business</token>
  <token id="38" number="37" sentence="1">,</token>
  <token id="39" number="38" sentence="1">but</token>
  <token id="40" number="39" sentence="1">tomorrow</token>
  <token id="41" number="40" sentence="1">'s</token>
  <token id="42" number="41" sentence="1">vote</token>
  <token id="43" number="42" sentence="1">has</token>
  <token id="44" number="43" sentence="1">international</token>
  <token id="45" number="44" sentence="1">implications</token>
  <token id="46" number="45" sentence="1">.</token>
  <token id="47" number="46" sentence="2">The</token>
  <token id="48" number="47" sentence="2">board</token>
  <token id="49" number="48" sentence="2">will</token>
  <token id="50" number="49" sentence="2">decide</token>
  <token id="51" number="50" sentence="2">whether</token>
  <token id="52" number="51" sentence="2">the</token>
  <token id="53" number="52" sentence="2">Islamic</token>
  <token id="54" number="53" sentence="2">Saudi</token>
  <token id="55" number="54" sentence="2">Academy</token>
  <token id="56" number="55" sentence="2">,</token>
  <token id="57" number="56" sentence="2">funded</token>
  <token id="58" number="57" sentence="2">by</token>
  <token id="59" number="58" sentence="2">the</token>
  <token id="60" number="59" sentence="2">government</token>
  <token id="61" number="60" sentence="2">of</token>
  <token id="62" number="61" sentence="2">Saudi</token>
  <token id="63" number="62" sentence="2">Arabia</token>
  <token id="64" number="63" sentence="2">,</token>
  <token id="65" number="64" sentence="2">can</token>
  <token id="66" number="65" sentence="2">move</token>
  <token id="67" number="66" sentence="2">to</token>
  <token id="68" number="67" sentence="2">Ashburn</token>
  <token id="69" number="68" sentence="2">village</token>
  <token id="70" number="69" sentence="2">,</token>
  <token id="71" number="70" sentence="2">Virginia</token>
  <token id="72" number="71" sentence="2">.</token>
  <token id="73" number="72" sentence="3">But</token>
  <token id="74" number="73" sentence="3">local</token>
  <token id="75" number="74" sentence="3">residents</token>
  <token id="76" number="75" sentence="3">have</token>
  <token id="77" number="76" sentence="3">not</token>
  <token id="78" number="77" sentence="3">exactly</token>
  <token id="79" number="78" sentence="3">laid</token>
  <token id="80" number="79" sentence="3">out</token>
  <token id="81" number="80" sentence="3">the</token>
  <token id="82" number="81" sentence="3">red</token>
  <token id="83" number="82" sentence="3">carpet</token>
  <token id="84" number="83" sentence="3">for</token>
  <token id="85" number="84" sentence="3">their</token>
  <token id="86" number="85" sentence="3">would</token>
  <token id="87" number="86" sentence="3">be</token>
  <token id="88" number="87" sentence="3">neighbors</token>
  <token id="89" number="88" sentence="3">.</token>
  <token id="90" number="89" sentence="4">The</token>
  <token id="91" number="90" sentence="4">World</token>
  <token id="92" number="91" sentence="4">'s</token>
  <token id="93" number="92" sentence="4">Nancy</token>
  <token id="94" number="93" sentence="4">Marshalll</token>
  <token id="95" number="94" sentence="4">has</token>
  <token id="96" number="95" sentence="4">our</token>
  <token id="97" number="96" sentence="4">story</token>
  <token id="98" number="97" sentence="4">.</token>
  <token id="99" number="98" sentence="5">Inside</token>
  <token id="100" number="99" sentence="5">the</token>
  <token id="101" number="100" sentence="5">Islamic</token>
  <token id="102" number="101" sentence="5">Saudi</token>
  <token id="103" number="102" sentence="5">academy</token>
  <token id="104" number="103" sentence="5">in</token>
  <token id="105" number="104" sentence="5">Mount</token>
  <token id="106" number="105" sentence="5">Vernon</token>
  <token id="107" number="106" sentence="5">,</token>
  <token id="108" number="107" sentence="5">Virginia</token>
  <token id="109" number="108" sentence="5">,</token>
  <token id="110" number="109" sentence="5">many</token>
  <token id="111" number="110" sentence="5">of</token>
  <token id="112" number="111" sentence="5">the</token>
  <token id="113" number="112" sentence="5">girls</token>
  <token id="114" number="113" sentence="5">wear</token>
  <token id="115" number="114" sentence="5">head</token>
  <token id="116" number="115" sentence="5">scarves</token>
  <token id="117" number="116" sentence="5">and</token>
  <token id="118" number="117" sentence="5">some</token>
  <token id="119" number="118" sentence="5">of</token>
  <token id="120" number="119" sentence="5">the</token>
  <token id="121" number="120" sentence="5">neatly</token>
  <token id="122" number="121" sentence="5">dressed</token>
  <token id="123" number="122" sentence="5">children</token>
  <token id="124" number="123" sentence="5">are</token>
  <token id="125" number="124" sentence="5">in</token>
  <token id="126" number="125" sentence="5">uniforms</token>
  <token id="127" number="126" sentence="5">.</token>
  <token id="128" number="127" sentence="6">The</token>
  <token id="129" number="128" sentence="6">instruction</token>
  <token id="130" number="129" sentence="6">is</token>
  <token id="131" number="130" sentence="6">in</token>
  <token id="132" number="131" sentence="6">English</token>
  <token id="133" number="132" sentence="6">for</token>
  <token id="134" number="133" sentence="6">most</token>
  <token id="135" number="134" sentence="6">classes</token>
  <token id="136" number="135" sentence="6">,</token>
  <token id="137" number="136" sentence="6">in</token>
  <token id="138" number="137" sentence="6">Arabic</token>
  <token id="139" number="138" sentence="6">for</token>
  <token id="140" number="139" sentence="6">language</token>
  <token id="141" number="140" sentence="6">and</token>
  <token id="142" number="141" sentence="6">religious</token>
  <token id="143" number="142" sentence="6">studies</token>
  <token id="144" number="143" sentence="6">.</token>
  <token id="145" number="144" sentence="7">The</token>
  <token id="146" number="145" sentence="7">school</token>
  <token id="147" number="146" sentence="7">says</token>
  <token id="148" number="147" sentence="7">it</token>
  <token id="149" number="148" sentence="7">teaches</token>
  <token id="150" number="149" sentence="7">the</token>
  <token id="151" number="150" sentence="7">children</token>
  <token id="152" number="151" sentence="7">to</token>
  <token id="153" number="152" sentence="7">be</token>
  <token id="154" number="153" sentence="7">good</token>
  <token id="155" number="154" sentence="7">Muslims</token>
  <token id="156" number="155" sentence="7">and</token>
  <token id="157" number="156" sentence="7">good</token>
  <token id="158" number="157" sentence="7">students</token>
  <token id="159" number="158" sentence="7">.</token>
  <token id="160" number="159" sentence="8">They</token>
  <token id="161" number="160" sentence="8">'re</token>
  <token id="162" number="161" sentence="8">learning</token>
  <token id="163" number="162" sentence="8">a</token>
  <token id="164" number="163" sentence="8">civics</token>
  <token id="165" number="164" sentence="8">lesson</token>
  <token id="166" number="165" sentence="8">from</token>
  <token id="167" number="166" sentence="8">the</token>
  <token id="168" number="167" sentence="8">residents</token>
  <token id="169" number="168" sentence="8">of</token>
  <token id="170" number="169" sentence="8">Loudon</token>
  <token id="171" number="170" sentence="8">county</token>
  <token id="172" number="171" sentence="8">.</token>
  <token id="173" number="172" sentence="9">The</token>
  <token id="174" number="173" sentence="9">Islamic</token>
  <token id="175" number="174" sentence="9">Saudi</token>
  <token id="176" number="175" sentence="9">Academy</token>
  <token id="177" number="176" sentence="9">has</token>
  <token id="178" number="177" sentence="9">twelve</token>
  <token id="179" number="178" sentence="9">hundred</token>
  <token id="180" number="179" sentence="9">mostly</token>
  <token id="181" number="180" sentence="9">American</token>
  <token id="182" number="181" sentence="9">students</token>
  <token id="183" number="182" sentence="9">but</token>
  <token id="184" number="183" sentence="9">would</token>
  <token id="185" number="184" sentence="9">take</token>
  <token id="186" number="185" sentence="9">thirty-five</token>
  <token id="187" number="186" sentence="9">hundred</token>
  <token id="188" number="187" sentence="9">if</token>
  <token id="189" number="188" sentence="9">it</token>
  <token id="190" number="189" sentence="9">had</token>
  <token id="191" number="190" sentence="9">the</token>
  <token id="192" number="191" sentence="9">room</token>
  <token id="193" number="192" sentence="9">.</token>
  <token id="194" number="193" sentence="10">The</token>
  <token id="195" number="194" sentence="10">academy</token>
  <token id="196" number="195" sentence="10">bought</token>
  <token id="197" number="196" sentence="10">a</token>
  <token id="198" number="197" sentence="10">hundred</token>
  <token id="199" number="198" sentence="10">acres</token>
  <token id="200" number="199" sentence="10">in</token>
  <token id="201" number="200" sentence="10">Loudon</token>
  <token id="202" number="201" sentence="10">county</token>
  <token id="203" number="202" sentence="10">,</token>
  <token id="204" number="203" sentence="10">Virginia</token>
  <token id="205" number="204" sentence="10">,</token>
  <token id="206" number="205" sentence="10">and</token>
  <token id="207" number="206" sentence="10">asked</token>
  <token id="208" number="207" sentence="10">for</token>
  <token id="209" number="208" sentence="10">permission</token>
  <token id="210" number="209" sentence="10">to</token>
  <token id="211" number="210" sentence="10">build</token>
  <token id="212" number="211" sentence="10">a</token>
  <token id="213" number="212" sentence="10">fifty</token>
  <token id="214" number="213" sentence="10">million</token>
  <token id="215" number="214" sentence="10">dollar</token>
  <token id="216" number="215" sentence="10">campus</token>
  <token id="217" number="216" sentence="10">.</token>
  <token id="218" number="217" sentence="11">In</token>
  <token id="219" number="218" sentence="11">the</token>
  <token id="220" number="219" sentence="11">nearby</token>
  <token id="221" number="220" sentence="11">suburban</token>
  <token id="222" number="221" sentence="11">housing</token>
  <token id="223" number="222" sentence="11">tracts</token>
  <token id="224" number="223" sentence="11">,</token>
  <token id="225" number="224" sentence="11">someone</token>
  <token id="226" number="225" sentence="11">dropped</token>
  <token id="227" number="226" sentence="11">off</token>
  <token id="228" number="227" sentence="11">leaflets</token>
  <token id="229" number="228" sentence="11">warning</token>
  <token id="230" number="229" sentence="11">the</token>
  <token id="231" number="230" sentence="11">school</token>
  <token id="232" number="231" sentence="11">could</token>
  <token id="233" number="232" sentence="11">bring</token>
  <token id="234" number="233" sentence="11">thousands</token>
  <token id="235" number="234" sentence="11">of</token>
  <token id="236" number="235" sentence="11">Middle</token>
  <token id="237" number="236" sentence="11">Eastern</token>
  <token id="238" number="237" sentence="11">strangers</token>
  <token id="239" number="238" sentence="11">and</token>
  <token id="240" number="239" sentence="11">terrorists</token>
  <token id="241" number="240" sentence="11">.</token>
  <token id="242" number="241" sentence="12">Some</token>
  <token id="243" number="242" sentence="12">residents</token>
  <token id="244" number="243" sentence="12">of</token>
  <token id="245" number="244" sentence="12">the</token>
  <token id="246" number="245" sentence="12">mostly</token>
  <token id="247" number="246" sentence="12">white</token>
  <token id="248" number="247" sentence="12">,</token>
  <token id="249" number="248" sentence="12">mostly</token>
  <token id="250" number="249" sentence="12">middle</token>
  <token id="251" number="250" sentence="12">class</token>
  <token id="252" number="251" sentence="12">area</token>
  <token id="253" number="252" sentence="12">became</token>
  <token id="254" number="253" sentence="12">alarmed</token>
  <token id="255" number="254" sentence="12">.</token>
  <token id="256" number="255" sentence="13">James</token>
  <token id="257" number="256" sentence="13">Zogby</token>
  <token id="258" number="257" sentence="13">of</token>
  <token id="259" number="258" sentence="13">the</token>
  <token id="260" number="259" sentence="13">Arab</token>
  <token id="261" number="260" sentence="13">American</token>
  <token id="262" number="261" sentence="13">Institute</token>
  <token id="263" number="262" sentence="13">says</token>
  <token id="264" number="263" sentence="13">it</token>
  <token id="265" number="264" sentence="13">'s</token>
  <token id="266" number="265" sentence="13">a</token>
  <token id="267" number="266" sentence="13">familiar</token>
  <token id="268" number="267" sentence="13">story</token>
  <token id="269" number="268" sentence="13">.</token>
  <token id="270" number="269" sentence="14">There</token>
  <token id="271" number="270" sentence="14">is</token>
  <token id="272" number="271" sentence="14">,</token>
  <token id="273" number="272" sentence="14">a</token>
  <token id="274" number="273" sentence="14">-</token>
  <token id="275" number="274" sentence="14">at</token>
  <token id="276" number="275" sentence="14">a</token>
  <token id="277" number="276" sentence="14">very</token>
  <token id="278" number="277" sentence="14">deep</token>
  <token id="279" number="278" sentence="14">level</token>
  <token id="280" number="279" sentence="14">in</token>
  <token id="281" number="280" sentence="14">our</token>
  <token id="282" number="281" sentence="14">culture</token>
  <token id="283" number="282" sentence="14">,</token>
  <token id="284" number="283" sentence="14">um</token>
  <token id="285" number="284" sentence="14">I</token>
  <token id="286" number="285" sentence="14">think</token>
  <token id="287" number="286" sentence="14">,</token>
  <token id="288" number="287" sentence="14">a</token>
  <token id="289" number="288" sentence="14">sense</token>
  <token id="290" number="289" sentence="14">of</token>
  <token id="291" number="290" sentence="14">,</token>
  <token id="292" number="291" sentence="14">of</token>
  <token id="293" number="292" sentence="14">ignorance</token>
  <token id="294" number="293" sentence="14">about</token>
  <token id="295" number="294" sentence="14">Islam</token>
  <token id="296" number="295" sentence="14">,</token>
  <token id="297" number="296" sentence="14">a</token>
  <token id="298" number="297" sentence="14">fear</token>
  <token id="299" number="298" sentence="14">about</token>
  <token id="300" number="299" sentence="14">who</token>
  <token id="301" number="300" sentence="14">Muslims</token>
  <token id="302" number="301" sentence="14">are</token>
  <token id="303" number="302" sentence="14">and</token>
  <token id="304" number="303" sentence="14">what</token>
  <token id="305" number="304" sentence="14">they</token>
  <token id="306" number="305" sentence="14">'re</token>
  <token id="307" number="306" sentence="14">doing</token>
  <token id="308" number="307" sentence="14">.</token>
  <token id="309" number="308" sentence="15">Many</token>
  <token id="310" number="309" sentence="15">local</token>
  <token id="311" number="310" sentence="15">residents</token>
  <token id="312" number="311" sentence="15">denounced</token>
  <token id="313" number="312" sentence="15">the</token>
  <token id="314" number="313" sentence="15">bigotry</token>
  <token id="315" number="314" sentence="15">,</token>
  <token id="316" number="315" sentence="15">but</token>
  <token id="317" number="316" sentence="15">opposition</token>
  <token id="318" number="317" sentence="15">to</token>
  <token id="319" number="318" sentence="15">the</token>
  <token id="320" number="319" sentence="15">school</token>
  <token id="321" number="320" sentence="15">then</token>
  <token id="322" number="321" sentence="15">shifted</token>
  <token id="323" number="322" sentence="15">.</token>
  <token id="324" number="323" sentence="16">Now</token>
  <token id="325" number="324" sentence="16">critics</token>
  <token id="326" number="325" sentence="16">of</token>
  <token id="327" number="326" sentence="16">the</token>
  <token id="328" number="327" sentence="16">academy</token>
  <token id="329" number="328" sentence="16">are</token>
  <token id="330" number="329" sentence="16">targeting</token>
  <token id="331" number="330" sentence="16">its</token>
  <token id="332" number="331" sentence="16">owner</token>
  <token id="333" number="332" sentence="16">,</token>
  <token id="334" number="333" sentence="16">the</token>
  <token id="335" number="334" sentence="16">Saudi</token>
  <token id="336" number="335" sentence="16">government</token>
  <token id="337" number="336" sentence="16">.</token>
  <token id="338" number="337" sentence="17">Pastor</token>
  <token id="339" number="338" sentence="17">James</token>
  <token id="340" number="339" sentence="17">Allmen</token>
  <token id="341" number="340" sentence="17">of</token>
  <token id="342" number="341" sentence="17">the</token>
  <token id="343" number="342" sentence="17">fellowship</token>
  <token id="344" number="343" sentence="17">church</token>
  <token id="345" number="344" sentence="17">and</token>
  <token id="346" number="345" sentence="17">school</token>
  <token id="347" number="346" sentence="17">in</token>
  <token id="348" number="347" sentence="17">Ashburn</token>
  <token id="349" number="348" sentence="17">has</token>
  <token id="350" number="349" sentence="17">led</token>
  <token id="351" number="350" sentence="17">the</token>
  <token id="352" number="351" sentence="17">anti-Saudi</token>
  <token id="353" number="352" sentence="17">campaign</token>
  <token id="354" number="353" sentence="17">.</token>
  <token id="355" number="354" sentence="18">James</token>
  <token id="356" number="355" sentence="18">Allmen</token>
  <token id="357" number="356" sentence="18">says</token>
  <token id="358" number="357" sentence="18">he</token>
  <token id="359" number="358" sentence="18">has</token>
  <token id="360" number="359" sentence="18">no</token>
  <token id="361" number="360" sentence="18">problem</token>
  <token id="362" number="361" sentence="18">with</token>
  <token id="363" number="362" sentence="18">a</token>
  <token id="364" number="363" sentence="18">privately</token>
  <token id="365" number="364" sentence="18">funded</token>
  <token id="366" number="365" sentence="18">academy</token>
  <token id="367" number="366" sentence="18">,</token>
  <token id="368" number="367" sentence="18">but</token>
  <token id="369" number="368" sentence="18">he</token>
  <token id="370" number="369" sentence="18">has</token>
  <token id="371" number="370" sentence="18">a</token>
  <token id="372" number="371" sentence="18">big</token>
  <token id="373" number="372" sentence="18">problem</token>
  <token id="374" number="373" sentence="18">with</token>
  <token id="375" number="374" sentence="18">a</token>
  <token id="376" number="375" sentence="18">Saudi</token>
  <token id="377" number="376" sentence="18">funded</token>
  <token id="378" number="377" sentence="18">school</token>
  <token id="379" number="378" sentence="18">.</token>
  <token id="380" number="379" sentence="19">The</token>
  <token id="381" number="380" sentence="19">Saudi</token>
  <token id="382" number="381" sentence="19">Arabian</token>
  <token id="383" number="382" sentence="19">government</token>
  <token id="384" number="383" sentence="19">has</token>
  <token id="385" number="384" sentence="19">an</token>
  <token id="386" number="385" sentence="19">atrocious</token>
  <token id="387" number="386" sentence="19">record</token>
  <token id="388" number="387" sentence="19">on</token>
  <token id="389" number="388" sentence="19">human</token>
  <token id="390" number="389" sentence="19">rights</token>
  <token id="391" number="390" sentence="19">and</token>
  <token id="392" number="391" sentence="19">is</token>
  <token id="393" number="392" sentence="19">known</token>
  <token id="394" number="393" sentence="19">to</token>
  <token id="395" number="394" sentence="19">be</token>
  <token id="396" number="395" sentence="19">one</token>
  <token id="397" number="396" sentence="19">of</token>
  <token id="398" number="397" sentence="19">the</token>
  <token id="399" number="398" sentence="19">worst</token>
  <token id="400" number="399" sentence="19">offending</token>
  <token id="401" number="400" sentence="19">countries</token>
  <token id="402" number="401" sentence="19">when</token>
  <token id="403" number="402" sentence="19">it</token>
  <token id="404" number="403" sentence="19">comes</token>
  <token id="405" number="404" sentence="19">to</token>
  <token id="406" number="405" sentence="19">religious</token>
  <token id="407" number="406" sentence="19">persecution</token>
  <token id="408" number="407" sentence="19">.</token>
  <token id="409" number="408" sentence="20">That</token>
  <token id="410" number="409" sentence="20">'s</token>
  <token id="411" number="410" sentence="20">correct</token>
  <token id="412" number="411" sentence="20">.</token>
  <token id="413" number="412" sentence="21">And</token>
  <token id="414" number="413" sentence="21">that</token>
  <token id="415" number="414" sentence="21">is</token>
  <token id="416" number="415" sentence="21">a</token>
  <token id="417" number="416" sentence="21">condition</token>
  <token id="418" number="417" sentence="21">of</token>
  <token id="419" number="418" sentence="21">the</token>
  <token id="420" number="419" sentence="21">application</token>
  <token id="421" number="420" sentence="21">,</token>
  <token id="422" number="421" sentence="21">then</token>
  <token id="423" number="422" sentence="21">.</token>
  <token id="424" number="423" sentence="22">At</token>
  <token id="425" number="424" sentence="22">a</token>
  <token id="426" number="425" sentence="22">public</token>
  <token id="427" number="426" sentence="22">hearing</token>
  <token id="428" number="427" sentence="22">on</token>
  <token id="429" number="428" sentence="22">the</token>
  <token id="430" number="429" sentence="22">Islamic</token>
  <token id="431" number="430" sentence="22">Saudi</token>
  <token id="432" number="431" sentence="22">Academy</token>
  <token id="433" number="432" sentence="22">'s</token>
  <token id="434" number="433" sentence="22">application</token>
  <token id="435" number="434" sentence="22">,</token>
  <token id="436" number="435" sentence="22">the</token>
  <token id="437" number="436" sentence="22">split</token>
  <token id="438" number="437" sentence="22">in</token>
  <token id="439" number="438" sentence="22">county</token>
  <token id="440" number="439" sentence="22">opinion</token>
  <token id="441" number="440" sentence="22">was</token>
  <token id="442" number="441" sentence="22">obvious</token>
  <token id="443" number="442" sentence="22">,</token>
  <token id="444" number="443" sentence="22">supporters</token>
  <token id="445" number="444" sentence="22">of</token>
  <token id="446" number="445" sentence="22">the</token>
  <token id="447" number="446" sentence="22">academy</token>
  <token id="448" number="447" sentence="22">,</token>
  <token id="449" number="448" sentence="22">including</token>
  <token id="450" number="449" sentence="22">Ann</token>
  <token id="451" number="450" sentence="22">Robinson</token>
  <token id="452" number="451" sentence="22">,</token>
  <token id="453" number="452" sentence="22">said</token>
  <token id="454" number="453" sentence="22">the</token>
  <token id="455" number="454" sentence="22">Saudis</token>
  <token id="456" number="455" sentence="22">were</token>
  <token id="457" number="456" sentence="22">just</token>
  <token id="458" number="457" sentence="22">providing</token>
  <token id="459" number="458" sentence="22">a</token>
  <token id="460" number="459" sentence="22">service</token>
  <token id="461" number="460" sentence="22">and</token>
  <token id="462" number="461" sentence="22">it</token>
  <token id="463" number="462" sentence="22">was</token>
  <token id="464" number="463" sentence="22">unfair</token>
  <token id="465" number="464" sentence="22">to</token>
  <token id="466" number="465" sentence="22">penalize</token>
  <token id="467" number="466" sentence="22">children</token>
  <token id="468" number="467" sentence="22">.</token>
  <token id="469" number="468" sentence="23">We</token>
  <token id="470" number="469" sentence="23">do</token>
  <token id="471" number="470" sentence="23">not</token>
  <token id="472" number="471" sentence="23">further</token>
  <token id="473" number="472" sentence="23">the</token>
  <token id="474" number="473" sentence="23">purpose</token>
  <token id="475" number="474" sentence="23">of</token>
  <token id="476" number="475" sentence="23">human</token>
  <token id="477" number="476" sentence="23">rights</token>
  <token id="478" number="477" sentence="23">in</token>
  <token id="479" number="478" sentence="23">the</token>
  <token id="480" number="479" sentence="23">world</token>
  <token id="481" number="480" sentence="23">by</token>
  <token id="482" number="481" sentence="23">violating</token>
  <token id="483" number="482" sentence="23">the</token>
  <token id="484" number="483" sentence="23">human</token>
  <token id="485" number="484" sentence="23">rights</token>
  <token id="486" number="485" sentence="23">under</token>
  <token id="487" number="486" sentence="23">our</token>
  <token id="488" number="487" sentence="23">own</token>
  <token id="489" number="488" sentence="23">constitution</token>
  <token id="490" number="489" sentence="23">.</token>
  <token id="491" number="490" sentence="24">But</token>
  <token id="492" number="491" sentence="24">opponents</token>
  <token id="493" number="492" sentence="24">said</token>
  <token id="494" number="493" sentence="24">the</token>
  <token id="495" number="494" sentence="24">school</token>
  <token id="496" number="495" sentence="24">might</token>
  <token id="497" number="496" sentence="24">be</token>
  <token id="498" number="497" sentence="24">a</token>
  <token id="499" number="498" sentence="24">target</token>
  <token id="500" number="499" sentence="24">for</token>
  <token id="501" number="500" sentence="24">terrorist</token>
  <token id="502" number="501" sentence="24">attacks</token>
  <token id="503" number="502" sentence="24">,</token>
  <token id="504" number="503" sentence="24">complained</token>
  <token id="505" number="504" sentence="24">about</token>
  <token id="506" number="505" sentence="24">its</token>
  <token id="507" number="506" sentence="24">tax</token>
  <token id="508" number="507" sentence="24">exempt</token>
  <token id="509" number="508" sentence="24">status</token>
  <token id="510" number="509" sentence="24">,</token>
  <token id="511" number="510" sentence="24">and</token>
  <token id="512" number="511" sentence="24">wondered</token>
  <token id="513" number="512" sentence="24">why</token>
  <token id="514" number="513" sentence="24">the</token>
  <token id="515" number="514" sentence="24">Saudis</token>
  <token id="516" number="515" sentence="24">are</token>
  <token id="517" number="516" sentence="24">not</token>
  <token id="518" number="517" sentence="24">compelled</token>
  <token id="519" number="518" sentence="24">to</token>
  <token id="520" number="519" sentence="24">allow</token>
  <token id="521" number="520" sentence="24">Christians</token>
  <token id="522" number="521" sentence="24">to</token>
  <token id="523" number="522" sentence="24">worship</token>
  <token id="524" number="523" sentence="24">in</token>
  <token id="525" number="524" sentence="24">their</token>
  <token id="526" number="525" sentence="24">country</token>
  <token id="527" number="526" sentence="24">.</token>
  <token id="528" number="527" sentence="25">Virginia</token>
  <token id="529" number="528" sentence="25">Welch</token>
  <token id="530" number="529" sentence="25">delivered</token>
  <token id="531" number="530" sentence="25">this</token>
  <token id="532" number="531" sentence="25">message</token>
  <token id="533" number="532" sentence="25">to</token>
  <token id="534" number="533" sentence="25">the</token>
  <token id="535" number="534" sentence="25">county</token>
  <token id="536" number="535" sentence="25">board</token>
  <token id="537" number="536" sentence="25">of</token>
  <token id="538" number="537" sentence="25">supervisors</token>
  <token id="539" number="538" sentence="25">.</token>
  <token id="540" number="539" sentence="26">I</token>
  <token id="541" number="540" sentence="26">urge</token>
  <token id="542" number="541" sentence="26">you</token>
  <token id="543" number="542" sentence="26">to</token>
  <token id="544" number="543" sentence="26">do</token>
  <token id="545" number="544" sentence="26">the</token>
  <token id="546" number="545" sentence="26">right</token>
  <token id="547" number="546" sentence="26">thing</token>
  <token id="548" number="547" sentence="26">and</token>
  <token id="549" number="548" sentence="26">send</token>
  <token id="550" number="549" sentence="26">a</token>
  <token id="551" number="550" sentence="26">message</token>
  <token id="552" number="551" sentence="26">to</token>
  <token id="553" number="552" sentence="26">the</token>
  <token id="554" number="553" sentence="26">Saudis</token>
  <token id="555" number="554" sentence="26">that</token>
  <token id="556" number="555" sentence="26">the</token>
  <token id="557" number="556" sentence="26">citizens</token>
  <token id="558" number="557" sentence="26">of</token>
  <token id="559" number="558" sentence="26">Loudon</token>
  <token id="560" number="559" sentence="26">county</token>
  <token id="561" number="560" sentence="26">embrace</token>
  <token id="562" number="561" sentence="26">religious</token>
  <token id="563" number="562" sentence="26">and</token>
  <token id="564" number="563" sentence="26">human</token>
  <token id="565" number="564" sentence="26">freedom</token>
  <token id="566" number="565" sentence="26">.</token>
  <token id="567" number="566" sentence="27">Loudon</token>
  <token id="568" number="567" sentence="27">county</token>
  <token id="569" number="568" sentence="27">officials</token>
  <token id="570" number="569" sentence="27">say</token>
  <token id="571" number="570" sentence="27">they</token>
  <token id="572" number="571" sentence="27">'ll</token>
  <token id="573" number="572" sentence="27">rule</token>
  <token id="574" number="573" sentence="27">on</token>
  <token id="575" number="574" sentence="27">the</token>
  <token id="576" number="575" sentence="27">application</token>
  <token id="577" number="576" sentence="27">based</token>
  <token id="578" number="577" sentence="27">only</token>
  <token id="579" number="578" sentence="27">on</token>
  <token id="580" number="579" sentence="27">land</token>
  <token id="581" number="580" sentence="27">use</token>
  <token id="582" number="581" sentence="27">issues</token>
  <token id="583" number="582" sentence="27">and</token>
  <token id="584" number="583" sentence="27">ignore</token>
  <token id="585" number="584" sentence="27">all</token>
  <token id="586" number="585" sentence="27">the</token>
  <token id="587" number="586" sentence="27">other</token>
  <token id="588" number="587" sentence="27">objections</token>
  <token id="589" number="588" sentence="27">.</token>
  <token id="590" number="589" sentence="28">What</token>
  <token id="591" number="590" sentence="28">'s</token>
  <token id="592" number="591" sentence="28">really</token>
  <token id="593" number="592" sentence="28">behind</token>
  <token id="594" number="593" sentence="28">those</token>
  <token id="595" number="594" sentence="28">objections</token>
  <token id="596" number="595" sentence="28">,</token>
  <token id="597" number="596" sentence="28">some</token>
  <token id="598" number="597" sentence="28">say</token>
  <token id="599" number="598" sentence="28">,</token>
  <token id="600" number="599" sentence="28">is</token>
  <token id="601" number="600" sentence="28">Loudon</token>
  <token id="602" number="601" sentence="28">county</token>
  <token id="603" number="602" sentence="28">'s</token>
  <token id="604" number="603" sentence="28">collision</token>
  <token id="605" number="604" sentence="28">with</token>
  <token id="606" number="605" sentence="28">a</token>
  <token id="607" number="606" sentence="28">new</token>
  <token id="608" number="607" sentence="28">reality</token>
  <token id="609" number="608" sentence="28">in</token>
  <token id="610" number="609" sentence="28">America</token>
  <token id="611" number="610" sentence="28">that</token>
  <token id="612" number="611" sentence="28">the</token>
  <token id="613" number="612" sentence="28">country</token>
  <token id="614" number="613" sentence="28">is</token>
  <token id="615" number="614" sentence="28">changing</token>
  <token id="616" number="615" sentence="28">religiously</token>
  <token id="617" number="616" sentence="28">as</token>
  <token id="618" number="617" sentence="28">surely</token>
  <token id="619" number="618" sentence="28">as</token>
  <token id="620" number="619" sentence="28">it</token>
  <token id="621" number="620" sentence="28">is</token>
  <token id="622" number="621" sentence="28">racially</token>
  <token id="623" number="622" sentence="28">and</token>
  <token id="624" number="623" sentence="28">ethnically</token>
  <token id="625" number="624" sentence="28">.</token>
  <token id="626" number="625" sentence="29">According</token>
  <token id="627" number="626" sentence="29">to</token>
  <token id="628" number="627" sentence="29">the</token>
  <token id="629" number="628" sentence="29">Arab</token>
  <token id="630" number="629" sentence="29">American</token>
  <token id="631" number="630" sentence="29">institute</token>
  <token id="632" number="631" sentence="29">,</token>
  <token id="633" number="632" sentence="29">Islam</token>
  <token id="634" number="633" sentence="29">will</token>
  <token id="635" number="634" sentence="29">one</token>
  <token id="636" number="635" sentence="29">day</token>
  <token id="637" number="636" sentence="29">be</token>
  <token id="638" number="637" sentence="29">the</token>
  <token id="639" number="638" sentence="29">second</token>
  <token id="640" number="639" sentence="29">largest</token>
  <token id="641" number="640" sentence="29">religion</token>
  <token id="642" number="641" sentence="29">in</token>
  <token id="643" number="642" sentence="29">the</token>
  <token id="644" number="643" sentence="29">country</token>
  <token id="645" number="644" sentence="29">.</token>
  <token id="646" number="645" sentence="30">For</token>
  <token id="647" number="646" sentence="30">an</token>
  <token id="648" number="647" sentence="30">indication</token>
  <token id="649" number="648" sentence="30">of</token>
  <token id="650" number="649" sentence="30">the</token>
  <token id="651" number="650" sentence="30">problems</token>
  <token id="652" number="651" sentence="30">that</token>
  <token id="653" number="652" sentence="30">could</token>
  <token id="654" number="653" sentence="30">face</token>
  <token id="655" number="654" sentence="30">Muslims</token>
  <token id="656" number="655" sentence="30">as</token>
  <token id="657" number="656" sentence="30">they</token>
  <token id="658" number="657" sentence="30">integrate</token>
  <token id="659" number="658" sentence="30">into</token>
  <token id="660" number="659" sentence="30">American</token>
  <token id="661" number="660" sentence="30">life</token>
  <token id="662" number="661" sentence="30">,</token>
  <token id="663" number="662" sentence="30">one</token>
  <token id="664" number="663" sentence="30">need</token>
  <token id="665" number="664" sentence="30">look</token>
  <token id="666" number="665" sentence="30">no</token>
  <token id="667" number="666" sentence="30">farther</token>
  <token id="668" number="667" sentence="30">than</token>
  <token id="669" number="668" sentence="30">Loudon</token>
  <token id="670" number="669" sentence="30">county</token>
  <token id="671" number="670" sentence="30">,</token>
  <token id="672" number="671" sentence="30">Virginia</token>
  <token id="673" number="672" sentence="30">.</token>
  <token id="674" number="673" sentence="31">For</token>
  <token id="675" number="674" sentence="31">The</token>
  <token id="676" number="675" sentence="31">World</token>
  <token id="677" number="676" sentence="31">,</token>
  <token id="678" number="677" sentence="31">I</token>
  <token id="679" number="678" sentence="31">'m</token>
  <token id="680" number="679" sentence="31">Nancy</token>
  <token id="681" number="680" sentence="31">Marshalll</token>
  <token id="682" number="681" sentence="31">.</token>
</Document>
