<Document doc_name="PRI19980115.2000.0186">
  <Markables>
    <TIMEX3 RELATED_TO="" TAG_DESCRIPTOR="Empty_Mark" beginPoint="" comment="" endPoint="" freq="" functionInDocument="CREATION_TIME" id="0" quant="" type="DATE" value="1998-01-15" />
    <EVENT aspect="PROGRESSIVE" certainty="" class="I_STATE" comment="" factuality="" id="1" modality="NONE" polarity="POS" pos="VERB" tense="PRESENT">
      <token_anchor id="11" />
    </EVENT>
    <EVENT aspect="PERFECTIVE" certainty="" class="ASPECTUAL" comment="" factuality="" id="2" modality="NONE" polarity="POS" pos="VERB" tense="PRESENT">
      <token_anchor id="23" />
    </EVENT>
    <EVENT aspect="NONE" certainty="" class="STATE" comment="" factuality="" id="3" modality="NONE" polarity="POS" pos="NOUN" tense="NONE">
      <token_anchor id="26" />
    </EVENT>
    <EVENT aspect="NONE" certainty="" class="OCCURRENCE" comment="" factuality="" id="4" modality="NONE" polarity="POS" pos="NOUN" tense="NONE">
      <token_anchor id="29" />
    </EVENT>
    <TIMEX3 beginPoint="" comment="" endPoint="" freq="" functionInDocument="NONE" id="5" quant="" type="DATE" value="1991">
      <token_anchor id="42" />
      <token_anchor id="43" />
    </TIMEX3>
    <EVENT aspect="NONE" certainty="" class="OCCURRENCE" comment="" factuality="" id="6" modality="NONE" polarity="POS" pos="VERB" tense="PAST">
      <token_anchor id="47" />
    </EVENT>
    <EVENT aspect="NONE" certainty="" class="I_ACTION" comment="" factuality="" id="7" modality="NONE" polarity="POS" pos="VERB" tense="PRESPART">
      <token_anchor id="52" />
    </EVENT>
    <EVENT aspect="NONE" certainty="" class="OCCURRENCE" comment="" factuality="" id="8" modality="NONE" polarity="POS" pos="VERB" tense="INFINITIVE">
      <token_anchor id="54" />
    </EVENT>
    <EVENT aspect="NONE" certainty="" class="OCCURRENCE" comment="" factuality="" id="9" modality="NONE" polarity="POS" pos="VERB" tense="PAST">
      <token_anchor id="59" />
    </EVENT>
    <EVENT aspect="NONE" certainty="" class="OCCURRENCE" comment="" factuality="" id="10" modality="NONE" polarity="POS" pos="VERB" tense="PASTPART">
      <token_anchor id="64" />
    </EVENT>
    <EVENT aspect="NONE" certainty="" class="OCCURRENCE" comment="" factuality="" id="11" modality="NONE" polarity="POS" pos="VERB" tense="PAST">
      <token_anchor id="77" />
    </EVENT>
    <EVENT aspect="NONE" certainty="" class="OCCURRENCE" comment="" factuality="" id="12" modality="NONE" polarity="POS" pos="VERB" tense="PAST">
      <token_anchor id="84" />
    </EVENT>
    <EVENT aspect="NONE" certainty="" class="STATE" comment="" factuality="" id="13" modality="NONE" polarity="POS" pos="NOUN" tense="NONE">
      <token_anchor id="91" />
    </EVENT>
    <EVENT aspect="NONE" certainty="" class="OCCURRENCE" comment="" factuality="" id="14" modality="NONE" polarity="POS" pos="VERB" tense="PAST">
      <token_anchor id="93" />
    </EVENT>
    <TIMEX3 beginPoint="" comment="" endPoint="" freq="" functionInDocument="NONE" id="15" quant="" type="DATE" value="1996">
      <token_anchor id="96" />
      <token_anchor id="97" />
    </TIMEX3>
    <EVENT aspect="NONE" certainty="" class="OCCURRENCE" comment="" factuality="" id="16" modality="NONE" polarity="POS" pos="VERB" tense="PAST">
      <token_anchor id="108" />
    </EVENT>
    <EVENT aspect="NONE" certainty="" class="STATE" comment="" factuality="" id="17" modality="NONE" polarity="POS" pos="ADJECTIVE" tense="PAST">
      <token_anchor id="114" />
    </EVENT>
    <EVENT aspect="NONE" certainty="" class="OCCURRENCE" comment="" factuality="" id="18" modality="NONE" polarity="POS" pos="NOUN" tense="NONE">
      <token_anchor id="116" />
    </EVENT>
    <TIMEX3 anchorTimeID="0" beginPoint="" comment="" endPoint="" freq="" functionInDocument="NONE" id="19" quant="" type="DATE" value="PRESENT_REF">
      <token_anchor id="118" />
    </TIMEX3>
    <EVENT aspect="PERFECTIVE" certainty="" class="I_ACTION" comment="" factuality="" id="20" modality="NONE" polarity="POS" pos="VERB" tense="PRESENT">
      <token_anchor id="127" />
    </EVENT>
    <EVENT aspect="NONE" certainty="" class="OCCURRENCE" comment="" factuality="" id="21" modality="NONE" polarity="POS" pos="NOUN" tense="NONE">
      <token_anchor id="131" />
    </EVENT>
    <EVENT aspect="NONE" certainty="" class="STATE" comment="" factuality="" id="22" modality="NONE" polarity="POS" pos="VERB" tense="PAST">
      <token_anchor id="133" />
    </EVENT>
    <C-SIGNAL id="23">
      <token_anchor id="134" />
    </C-SIGNAL>
    <EVENT aspect="NONE" certainty="" class="OCCURRENCE" comment="" factuality="" id="24" modality="NONE" polarity="POS" pos="VERB" tense="PAST">
      <token_anchor id="136" />
    </EVENT>
    <EVENT aspect="PERFECTIVE" certainty="" class="OCCURRENCE" comment="" factuality="" id="25" modality="NONE" polarity="NEG" pos="VERB" tense="PAST">
      <token_anchor id="143" />
    </EVENT>
    <EVENT aspect="NONE" certainty="" class="I_STATE" comment="" factuality="" id="26" modality="NONE" polarity="POS" pos="VERB" tense="PRESENT">
      <token_anchor id="147" />
    </EVENT>
    <EVENT aspect="NONE" certainty="" class="ASPECTUAL" comment="" factuality="" id="27" modality="NONE" polarity="POS" pos="VERB" tense="PRESENT">
      <token_anchor id="150" />
    </EVENT>
    <EVENT aspect="NONE" certainty="" class="OCCURRENCE" comment="" factuality="" id="28" modality="NONE" polarity="POS" pos="NOUN" tense="NONE">
      <token_anchor id="153" />
    </EVENT>
    <EVENT aspect="NONE" certainty="" class="OCCURRENCE" comment="" factuality="" id="29" modality="NONE" polarity="POS" pos="VERB" tense="INFINITIVE">
      <token_anchor id="156" />
    </EVENT>
    <EVENT aspect="NONE" certainty="" class="ASPECTUAL" comment="" factuality="" id="30" modality="must" polarity="POS" pos="NOUN" tense="NONE">
      <token_anchor id="167" />
    </EVENT>
    <EVENT aspect="NONE" certainty="" class="I_ACTION" comment="" factuality="" id="31" modality="NONE" polarity="POS" pos="NOUN" tense="NONE">
      <token_anchor id="172" />
    </EVENT>
  </Markables>
  <Relations>
    <TLINK comment="" id="1" relType="IS_INCLUDED">
      <source id="1" />
      <target id="0" />
    </TLINK>
    <TLINK comment="" id="2" relType="BEFORE">
      <source id="2" />
      <target id="0" />
    </TLINK>
    <TLINK comment="" id="3" relType="IDENTITY">
      <source id="2" />
      <target id="27" />
    </TLINK>
    <TLINK comment="" id="4" relType="AFTER">
      <source id="3" />
      <target id="4" />
    </TLINK>
    <TLINK comment="" id="5" relType="IBEFORE">
      <source id="6" />
      <target id="3" />
    </TLINK>
    <TLINK comment="" id="6" relType="IS_INCLUDED">
      <source id="6" />
      <target id="5" />
    </TLINK>
    <TLINK comment="" id="7" relType="AFTER">
      <source id="6" />
      <target id="7" />
    </TLINK>
    <TLINK comment="" id="8" relType="AFTER">
      <source id="6" />
      <target id="8" />
    </TLINK>
    <TLINK comment="" id="9" relType="BEFORE">
      <source id="9" />
      <target id="5" />
    </TLINK>
    <TLINK comment="" id="10" relType="SIMULTANEOUS">
      <source id="9" />
      <target id="10" />
    </TLINK>
    <TLINK comment="" id="11" relType="AFTER">
      <source id="11" />
      <target id="10" />
    </TLINK>
    <TLINK comment="" id="12" relType="SIMULTANEOUS">
      <source id="11" />
      <target id="12" />
    </TLINK>
    <TLINK comment="" id="13" relType="IDENTITY">
      <source id="13" />
      <target id="3" />
    </TLINK>
    <TLINK comment="" id="14" relType="BEFORE">
      <source id="13" />
      <target id="14" />
    </TLINK>
    <TLINK comment="" id="15" relType="IS_INCLUDED">
      <source id="14" />
      <target id="15" />
    </TLINK>
    <TLINK comment="" id="16" relType="BEFORE">
      <source id="14" />
      <target id="16" />
    </TLINK>
    <TLINK comment="" id="17" relType="BEFORE">
      <source id="16" />
      <target id="17" />
    </TLINK>
    <TLINK comment="" id="18" relType="BEFORE">
      <source id="18" />
      <target id="0" />
    </TLINK>
    <TLINK comment="" id="19" relType="BEFORE">
      <source id="19" />
      <target id="0" />
    </TLINK>
    <TLINK comment="" id="20" relType="SIMULTANEOUS">
      <source id="19" />
      <target id="20" />
    </TLINK>
    <TLINK comment="" id="21" relType="IBEFORE">
      <source id="21" />
      <target id="14" />
    </TLINK>
    <TLINK comment="" id="22" relType="BEFORE">
      <source id="24" />
      <target id="19" />
    </TLINK>
    <CLINK c-signalID="23" comment="" id="23">
      <source id="24" />
      <target id="22" />
    </CLINK>
    <TLINK comment="" id="24" relType="IS_INCLUDED">
      <source id="25" />
      <target id="5" />
    </TLINK>
    <TLINK comment="" id="25" relType="IBEFORE">
      <source id="25" />
      <target id="6" />
    </TLINK>
    <TLINK comment="" id="26" relType="IS_INCLUDED">
      <source id="26" />
      <target id="0" />
    </TLINK>
    <TLINK comment="" id="27" relType="IDENTITY">
      <source id="27" />
      <target id="28" />
    </TLINK>
    <TLINK comment="" id="28" relType="BEFORE">
      <source id="28" />
      <target id="29" />
    </TLINK>
    <TLINK comment="" id="29" relType="AFTER">
      <source id="29" />
      <target id="0" />
    </TLINK>
    <TLINK comment="" id="30" relType="BEFORE">
      <source id="29" />
      <target id="30" />
    </TLINK>
    <TLINK comment="" id="31" relType="BEGUN_BY">
      <source id="31" />
      <target id="28" />
    </TLINK>
  </Relations>
  <token id="1" number="0" sentence="0">Former</token>
  <token id="2" number="1" sentence="0">savings</token>
  <token id="3" number="2" sentence="0">and</token>
  <token id="4" number="3" sentence="0">loan</token>
  <token id="5" number="4" sentence="0">chief</token>
  <token id="6" number="5" sentence="0">,</token>
  <token id="7" number="6" sentence="0">Charles</token>
  <token id="8" number="7" sentence="0">Keating</token>
  <token id="9" number="8" sentence="0">,</token>
  <token id="10" number="9" sentence="0">is</token>
  <token id="11" number="10" sentence="0">facing</token>
  <token id="12" number="11" sentence="0">more</token>
  <token id="13" number="12" sentence="0">legal</token>
  <token id="14" number="13" sentence="0">troubles</token>
  <token id="15" number="14" sentence="0">in</token>
  <token id="16" number="15" sentence="0">California</token>
  <token id="17" number="16" sentence="0">.</token>
  <token id="18" number="17" sentence="1">A</token>
  <token id="19" number="18" sentence="1">federal</token>
  <token id="20" number="19" sentence="1">appeals</token>
  <token id="21" number="20" sentence="1">court</token>
  <token id="22" number="21" sentence="1">has</token>
  <token id="23" number="22" sentence="1">reinstated</token>
  <token id="24" number="23" sentence="1">his</token>
  <token id="25" number="24" sentence="1">state</token>
  <token id="26" number="25" sentence="1">convictions</token>
  <token id="27" number="26" sentence="1">for</token>
  <token id="28" number="27" sentence="1">securities</token>
  <token id="29" number="28" sentence="1">fraud</token>
  <token id="30" number="29" sentence="1">.</token>
  <token id="31" number="30" sentence="2">NPR</token>
  <token id="32" number="31" sentence="2">'s</token>
  <token id="33" number="32" sentence="2">Elaine</token>
  <token id="34" number="33" sentence="2">Corey</token>
  <token id="35" number="34" sentence="2">has</token>
  <token id="36" number="35" sentence="2">more</token>
  <token id="37" number="36" sentence="2">from</token>
  <token id="38" number="37" sentence="2">San</token>
  <token id="39" number="38" sentence="2">Francisco</token>
  <token id="40" number="39" sentence="2">.</token>
  <token id="41" number="40" sentence="3">In</token>
  <token id="42" number="41" sentence="3">nineteen</token>
  <token id="43" number="42" sentence="3">ninety-one</token>
  <token id="44" number="43" sentence="3">Charles</token>
  <token id="45" number="44" sentence="3">Keating</token>
  <token id="46" number="45" sentence="3">was</token>
  <token id="47" number="46" sentence="3">convicted</token>
  <token id="48" number="47" sentence="3">in</token>
  <token id="49" number="48" sentence="3">state</token>
  <token id="50" number="49" sentence="3">court</token>
  <token id="51" number="50" sentence="3">of</token>
  <token id="52" number="51" sentence="3">helping</token>
  <token id="53" number="52" sentence="3">to</token>
  <token id="54" number="53" sentence="3">defraud</token>
  <token id="55" number="54" sentence="3">thousands</token>
  <token id="56" number="55" sentence="3">of</token>
  <token id="57" number="56" sentence="3">investors</token>
  <token id="58" number="57" sentence="3">who</token>
  <token id="59" number="58" sentence="3">bought</token>
  <token id="60" number="59" sentence="3">high</token>
  <token id="61" number="60" sentence="3">risk</token>
  <token id="62" number="61" sentence="3">junk</token>
  <token id="63" number="62" sentence="3">bonds</token>
  <token id="64" number="63" sentence="3">sold</token>
  <token id="65" number="64" sentence="3">by</token>
  <token id="66" number="65" sentence="3">Keating</token>
  <token id="67" number="66" sentence="3">'s</token>
  <token id="68" number="67" sentence="3">employees</token>
  <token id="69" number="68" sentence="3">at</token>
  <token id="70" number="69" sentence="3">Lincoln</token>
  <token id="71" number="70" sentence="3">savings</token>
  <token id="72" number="71" sentence="3">and</token>
  <token id="73" number="72" sentence="3">loan</token>
  <token id="74" number="73" sentence="3">.</token>
  <token id="75" number="74" sentence="4">The</token>
  <token id="76" number="75" sentence="4">bonds</token>
  <token id="77" number="76" sentence="4">became</token>
  <token id="78" number="77" sentence="4">worthless</token>
  <token id="79" number="78" sentence="4">when</token>
  <token id="80" number="79" sentence="4">the</token>
  <token id="81" number="80" sentence="4">bankrupt</token>
  <token id="82" number="81" sentence="4">thrift</token>
  <token id="83" number="82" sentence="4">was</token>
  <token id="84" number="83" sentence="4">seized</token>
  <token id="85" number="84" sentence="4">by</token>
  <token id="86" number="85" sentence="4">government</token>
  <token id="87" number="86" sentence="4">regulators</token>
  <token id="88" number="87" sentence="4">.</token>
  <token id="89" number="88" sentence="5">Keating</token>
  <token id="90" number="89" sentence="5">'s</token>
  <token id="91" number="90" sentence="5">convictions</token>
  <token id="92" number="91" sentence="5">were</token>
  <token id="93" number="92" sentence="5">thrown</token>
  <token id="94" number="93" sentence="5">out</token>
  <token id="95" number="94" sentence="5">in</token>
  <token id="96" number="95" sentence="5">nineteen</token>
  <token id="97" number="96" sentence="5">ninety-six</token>
  <token id="98" number="97" sentence="5">on</token>
  <token id="99" number="98" sentence="5">a</token>
  <token id="100" number="99" sentence="5">technicality</token>
  <token id="101" number="100" sentence="5">.</token>
  <token id="102" number="101" sentence="6">And</token>
  <token id="103" number="102" sentence="6">on</token>
  <token id="104" number="103" sentence="6">that</token>
  <token id="105" number="104" sentence="6">basis</token>
  <token id="106" number="105" sentence="6">Keating</token>
  <token id="107" number="106" sentence="6">was</token>
  <token id="108" number="107" sentence="6">released</token>
  <token id="109" number="108" sentence="6">from</token>
  <token id="110" number="109" sentence="6">prison</token>
  <token id="111" number="110" sentence="6">before</token>
  <token id="112" number="111" sentence="6">he</token>
  <token id="113" number="112" sentence="6">was</token>
  <token id="114" number="113" sentence="6">eligible</token>
  <token id="115" number="114" sentence="6">for</token>
  <token id="116" number="115" sentence="6">parole</token>
  <token id="117" number="116" sentence="6">.</token>
  <token id="118" number="117" sentence="7">Now</token>
  <token id="119" number="118" sentence="7">the</token>
  <token id="120" number="119" sentence="7">ninth</token>
  <token id="121" number="120" sentence="7">US</token>
  <token id="122" number="121" sentence="7">circuit</token>
  <token id="123" number="122" sentence="7">court</token>
  <token id="124" number="123" sentence="7">of</token>
  <token id="125" number="124" sentence="7">appeals</token>
  <token id="126" number="125" sentence="7">has</token>
  <token id="127" number="126" sentence="7">ruled</token>
  <token id="128" number="127" sentence="7">that</token>
  <token id="129" number="128" sentence="7">the</token>
  <token id="130" number="129" sentence="7">original</token>
  <token id="131" number="130" sentence="7">appeal</token>
  <token id="132" number="131" sentence="7">was</token>
  <token id="133" number="132" sentence="7">flawed</token>
  <token id="134" number="133" sentence="7">since</token>
  <token id="135" number="134" sentence="7">it</token>
  <token id="136" number="135" sentence="7">brought</token>
  <token id="137" number="136" sentence="7">up</token>
  <token id="138" number="137" sentence="7">issues</token>
  <token id="139" number="138" sentence="7">that</token>
  <token id="140" number="139" sentence="7">had</token>
  <token id="141" number="140" sentence="7">not</token>
  <token id="142" number="141" sentence="7">been</token>
  <token id="143" number="142" sentence="7">raised</token>
  <token id="144" number="143" sentence="7">before</token>
  <token id="145" number="144" sentence="7">.</token>
  <token id="146" number="145" sentence="8">That</token>
  <token id="147" number="146" sentence="8">means</token>
  <token id="148" number="147" sentence="8">the</token>
  <token id="149" number="148" sentence="8">convictions</token>
  <token id="150" number="149" sentence="8">stand</token>
  <token id="151" number="150" sentence="8">,</token>
  <token id="152" number="151" sentence="8">a</token>
  <token id="153" number="152" sentence="8">ruling</token>
  <token id="154" number="153" sentence="8">likely</token>
  <token id="155" number="154" sentence="8">to</token>
  <token id="156" number="155" sentence="8">send</token>
  <token id="157" number="156" sentence="8">Keating</token>
  <token id="158" number="157" sentence="8">'s</token>
  <token id="159" number="158" sentence="8">lawyers</token>
  <token id="160" number="159" sentence="8">back</token>
  <token id="161" number="160" sentence="8">to</token>
  <token id="162" number="161" sentence="8">state</token>
  <token id="163" number="162" sentence="8">court</token>
  <token id="164" number="163" sentence="8">where</token>
  <token id="165" number="164" sentence="8">they</token>
  <token id="166" number="165" sentence="8">must</token>
  <token id="167" number="166" sentence="8">start</token>
  <token id="168" number="167" sentence="8">over</token>
  <token id="169" number="168" sentence="8">with</token>
  <token id="170" number="169" sentence="8">a</token>
  <token id="171" number="170" sentence="8">new</token>
  <token id="172" number="171" sentence="8">appeal</token>
  <token id="173" number="172" sentence="8">.</token>
  <token id="174" number="173" sentence="9">Elaine</token>
  <token id="175" number="174" sentence="9">Corey</token>
  <token id="176" number="175" sentence="9">,</token>
  <token id="177" number="176" sentence="9">NPR</token>
  <token id="178" number="177" sentence="9">news</token>
  <token id="179" number="178" sentence="9">,</token>
  <token id="180" number="179" sentence="9">San</token>
  <token id="181" number="180" sentence="9">Francisco</token>
  <token id="182" number="181" sentence="9">.</token>
</Document>
