<Document doc_name="PRI19980216.2000.0170">
  <Markables>
    <TIMEX3 RELATED_TO="" TAG_DESCRIPTOR="Empty_Mark" beginPoint="" comment="" endPoint="" freq="" functionInDocument="CREATION_TIME" id="0" quant="" type="DATE" value="1998-02-16" />
    <EVENT aspect="PERFECTIVE" certainty="" class="I_ACTION" comment="" factuality="" id="1" modality="NONE" polarity="POS" pos="VERB" tense="PRESENT">
      <token_anchor id="6" />
    </EVENT>
    <EVENT aspect="NONE" certainty="" class="OCCURRENCE" comment="" factuality="" id="2" modality="NONE" polarity="POS" pos="ADJECTIVE" tense="NONE">
      <token_anchor id="19" />
    </EVENT>
    <EVENT aspect="NONE" certainty="" class="OCCURRENCE" comment="" factuality="" id="3" modality="NONE" polarity="POS" pos="NOUN" tense="NONE">
      <token_anchor id="24" />
    </EVENT>
    <EVENT aspect="NONE" certainty="" class="OCCURRENCE" comment="" factuality="" id="4" modality="NONE" polarity="POS" pos="NOUN" tense="NONE">
      <token_anchor id="30" />
    </EVENT>
    <EVENT aspect="PERFECTIVE" certainty="" class="I_STATE" comment="" factuality="" id="5" modality="NONE" polarity="POS" pos="VERB" tense="PAST">
      <token_anchor id="34" />
    </EVENT>
    <EVENT aspect="NONE" certainty="" class="REPORTING" comment="" factuality="" id="6" modality="NONE" polarity="POS" pos="VERB" tense="PAST">
      <token_anchor id="39" />
    </EVENT>
    <EVENT aspect="NONE" certainty="" class="I_STATE" comment="" factuality="" id="7" modality="NONE" polarity="POS" pos="VERB" tense="PRESENT">
      <token_anchor id="41" />
    </EVENT>
    <EVENT aspect="NONE" certainty="" class="STATE" comment="" factuality="" id="8" modality="NONE" polarity="POS" pos="NOUN" tense="NONE">
      <token_anchor id="45" />
    </EVENT>
    <EVENT aspect="NONE" certainty="" class="OCCURRENCE" comment="" factuality="" id="9" modality="NONE" polarity="POS" pos="NOUN" tense="NONE">
      <token_anchor id="47" />
    </EVENT>
    <TIMEX3 anchorTimeID="0" beginPoint="" comment="" endPoint="" freq="" functionInDocument="NONE" id="10" quant="" type="DATE" value="1998-W07">
      <token_anchor id="50" />
      <token_anchor id="51" />
    </TIMEX3>
    <EVENT aspect="NONE" certainty="" class="REPORTING" comment="" factuality="" id="11" modality="NONE" polarity="POS" pos="VERB" tense="PRESENT">
      <token_anchor id="58" />
    </EVENT>
    <EVENT aspect="NONE" certainty="" class="OCCURRENCE" comment="" factuality="" id="12" modality="NONE" polarity="POS" pos="VERB" tense="FUTURE">
      <token_anchor id="62" />
    </EVENT>
    <EVENT aspect="NONE" certainty="" class="OCCURRENCE" comment="" factuality="" id="13" modality="NONE" polarity="POS" pos="NOUN" tense="NONE">
      <token_anchor id="64" />
    </EVENT>
    <EVENT aspect="NONE" certainty="" class="I_ACTION" comment="" factuality="" id="14" modality="NONE" polarity="POS" pos="VERB" tense="FUTURE">
      <token_anchor id="77" />
    </EVENT>
    <EVENT aspect="PERFECTIVE" certainty="" class="OCCURRENCE" comment="" factuality="" id="15" modality="NONE" polarity="POS" pos="VERB" tense="PRESENT">
      <token_anchor id="85" />
    </EVENT>
    <EVENT aspect="PERFECTIVE" certainty="" class="REPORTING" comment="" factuality="" id="16" modality="NONE" polarity="POS" pos="VERB" tense="PRESENT">
      <token_anchor id="99" />
    </EVENT>
    <EVENT aspect="PROGRESSIVE" certainty="" class="OCCURRENCE" comment="" factuality="" id="17" modality="NONE" polarity="POS" pos="VERB" tense="PRESENT">
      <token_anchor id="104" />
    </EVENT>
    <EVENT aspect="PERFECTIVE" certainty="" class="OCCURRENCE" comment="" factuality="" id="18" modality="NONE" polarity="POS" pos="VERB" tense="PRESENT">
      <token_anchor id="115" />
    </EVENT>
    <EVENT aspect="NONE" certainty="" class="OCCURRENCE" comment="" factuality="" id="19" modality="NONE" polarity="POS" pos="VERB" tense="FUTURE">
      <token_anchor id="126" />
    </EVENT>
    <EVENT aspect="NONE" certainty="" class="OCCURRENCE" comment="" factuality="" id="20" modality="NONE" polarity="POS" pos="VERB" tense="PRESPART">
      <token_anchor id="131" />
    </EVENT>
    <EVENT aspect="NONE" certainty="" class="REPORTING" comment="" factuality="" id="21" modality="NONE" polarity="POS" pos="NOUN" tense="NONE">
      <token_anchor id="135" />
    </EVENT>
    <EVENT aspect="NONE" certainty="" class="OCCURRENCE" comment="" factuality="" id="22" modality="NONE" polarity="POS" pos="NOUN" tense="NONE">
      <token_anchor id="146" />
    </EVENT>
    <EVENT aspect="NONE" certainty="" class="OCCURRENCE" comment="" factuality="" id="23" modality="NONE" polarity="POS" pos="VERB" tense="INFINITIVE">
      <token_anchor id="148" />
    </EVENT>
    <EVENT aspect="NONE" certainty="" class="I_ACTION" comment="" factuality="" id="24" modality="must" polarity="POS" pos="VERB" tense="NONE">
      <token_anchor id="153" />
    </EVENT>
  </Markables>
  <Relations>
    <TLINK comment="" id="1" relType="BEFORE">
      <source id="1" />
      <target id="0" />
    </TLINK>
    <TLINK comment="" id="2" relType="AFTER">
      <source id="2" />
      <target id="0" />
    </TLINK>
    <TLINK comment="" id="3" relType="IS_INCLUDED">
      <source id="2" />
      <target id="3" />
    </TLINK>
    <TLINK comment="" id="4" relType="IDENTITY">
      <source id="3" />
      <target id="21" />
    </TLINK>
    <TLINK comment="" id="5" relType="IDENTITY">
      <source id="4" />
      <target id="1" />
    </TLINK>
    <TLINK comment="" id="6" relType="AFTER">
      <source id="5" />
      <target id="6" />
    </TLINK>
    <TLINK comment="" id="7" relType="IS_INCLUDED">
      <source id="9" />
      <target id="10" />
    </TLINK>
    <TLINK comment="" id="8" relType="AFTER">
      <source id="11" />
      <target id="1" />
    </TLINK>
    <TLINK comment="" id="9" relType="BEFORE">
      <source id="11" />
      <target id="12" />
    </TLINK>
    <TLINK comment="" id="10" relType="IDENTITY">
      <source id="13" />
      <target id="1" />
    </TLINK>
    <TLINK comment="" id="11" relType="IDENTITY">
      <source id="14" />
      <target id="12" />
    </TLINK>
    <TLINK comment="" id="12" relType="BEFORE">
      <source id="15" />
      <target id="11" />
    </TLINK>
    <TLINK comment="" id="13" relType="IDENTITY">
      <source id="17" />
      <target id="12" />
    </TLINK>
    <TLINK comment="" id="14" relType="IDENTITY">
      <source id="18" />
      <target id="6" />
    </TLINK>
    <TLINK comment="" id="15" relType="AFTER">
      <source id="19" />
      <target id="0" />
    </TLINK>
    <TLINK comment="" id="16" relType="IDENTITY">
      <source id="20" />
      <target id="2" />
    </TLINK>
    <TLINK comment="" id="17" relType="IS_INCLUDED">
      <source id="20" />
      <target id="21" />
    </TLINK>
    <TLINK comment="" id="18" relType="AFTER">
      <source id="22" />
      <target id="0" />
    </TLINK>
    <TLINK comment="" id="19" relType="AFTER">
      <source id="22" />
      <target id="1" />
    </TLINK>
  </Relations>
  <token id="1" number="0" sentence="0">The</token>
  <token id="2" number="1" sentence="0">British</token>
  <token id="3" number="2" sentence="0">government</token>
  <token id="4" number="3" sentence="0">has</token>
  <token id="5" number="4" sentence="0">formally</token>
  <token id="6" number="5" sentence="0">called</token>
  <token id="7" number="6" sentence="0">for</token>
  <token id="8" number="7" sentence="0">Sinn</token>
  <token id="9" number="8" sentence="0">Fein</token>
  <token id="10" number="9" sentence="0">,</token>
  <token id="11" number="10" sentence="0">the</token>
  <token id="12" number="11" sentence="0">IRA</token>
  <token id="13" number="12" sentence="0">'s</token>
  <token id="14" number="13" sentence="0">political</token>
  <token id="15" number="14" sentence="0">wing</token>
  <token id="16" number="15" sentence="0">,</token>
  <token id="17" number="16" sentence="0">to</token>
  <token id="18" number="17" sentence="0">be</token>
  <token id="19" number="18" sentence="0">expelled</token>
  <token id="20" number="19" sentence="0">from</token>
  <token id="21" number="20" sentence="0">the</token>
  <token id="22" number="21" sentence="0">multiparty</token>
  <token id="23" number="22" sentence="0">peace</token>
  <token id="24" number="23" sentence="0">talks</token>
  <token id="25" number="24" sentence="0">on</token>
  <token id="26" number="25" sentence="0">northern</token>
  <token id="27" number="26" sentence="0">Ireland</token>
  <token id="28" number="27" sentence="0">.</token>
  <token id="29" number="28" sentence="1">The</token>
  <token id="30" number="29" sentence="1">move</token>
  <token id="31" number="30" sentence="1">had</token>
  <token id="32" number="31" sentence="1">been</token>
  <token id="33" number="32" sentence="1">widely</token>
  <token id="34" number="33" sentence="1">expected</token>
  <token id="35" number="34" sentence="1">after</token>
  <token id="36" number="35" sentence="1">northern</token>
  <token id="37" number="36" sentence="1">Ireland</token>
  <token id="38" number="37" sentence="1">police</token>
  <token id="39" number="38" sentence="1">said</token>
  <token id="40" number="39" sentence="1">they</token>
  <token id="41" number="40" sentence="1">believe</token>
  <token id="42" number="41" sentence="1">the</token>
  <token id="43" number="42" sentence="1">IRA</token>
  <token id="44" number="43" sentence="1">was</token>
  <token id="45" number="44" sentence="1">behind</token>
  <token id="46" number="45" sentence="1">two</token>
  <token id="47" number="46" sentence="1">killings</token>
  <token id="48" number="47" sentence="1">in</token>
  <token id="49" number="48" sentence="1">Belfast</token>
  <token id="50" number="49" sentence="1">last</token>
  <token id="51" number="50" sentence="1">week</token>
  <token id="52" number="51" sentence="1">.</token>
  <token id="53" number="52" sentence="2">Sinn</token>
  <token id="54" number="53" sentence="2">Fein</token>
  <token id="55" number="54" sentence="2">chairman</token>
  <token id="56" number="55" sentence="2">Mitchell</token>
  <token id="57" number="56" sentence="2">McLaughlin</token>
  <token id="58" number="57" sentence="2">says</token>
  <token id="59" number="58" sentence="2">the</token>
  <token id="60" number="59" sentence="2">party</token>
  <token id="61" number="60" sentence="2">will</token>
  <token id="62" number="61" sentence="2">challenge</token>
  <token id="63" number="62" sentence="2">the</token>
  <token id="64" number="63" sentence="2">move</token>
  <token id="65" number="64" sentence="2">by</token>
  <token id="66" number="65" sentence="2">legal</token>
  <token id="67" number="66" sentence="2">means</token>
  <token id="68" number="67" sentence="2">if</token>
  <token id="69" number="68" sentence="2">they</token>
  <token id="70" number="69" sentence="2">have</token>
  <token id="71" number="70" sentence="2">to</token>
  <token id="72" number="71" sentence="2">.</token>
  <token id="73" number="72" sentence="3">We</token>
  <token id="74" number="73" sentence="3">'re</token>
  <token id="75" number="74" sentence="3">going</token>
  <token id="76" number="75" sentence="3">to</token>
  <token id="77" number="76" sentence="3">fight</token>
  <token id="78" number="77" sentence="3">it</token>
  <token id="79" number="78" sentence="3">.</token>
  <token id="80" number="79" sentence="4">And</token>
  <token id="81" number="80" sentence="4">uh</token>
  <token id="82" number="81" sentence="4">we</token>
  <token id="83" number="82" sentence="4">'ve</token>
  <token id="84" number="83" sentence="4">already</token>
  <token id="85" number="84" sentence="4">challenged</token>
  <token id="86" number="85" sentence="4">,</token>
  <token id="87" number="86" sentence="4">very</token>
  <token id="88" number="87" sentence="4">strongly</token>
  <token id="89" number="88" sentence="4">,</token>
  <token id="90" number="89" sentence="4">the</token>
  <token id="91" number="90" sentence="4">uh</token>
  <token id="92" number="91" sentence="4">the</token>
  <token id="93" number="92" sentence="4">terms</token>
  <token id="94" number="93" sentence="4">in</token>
  <token id="95" number="94" sentence="4">which</token>
  <token id="96" number="95" sentence="4">this</token>
  <token id="97" number="96" sentence="4">has</token>
  <token id="98" number="97" sentence="4">been</token>
  <token id="99" number="98" sentence="4">presented</token>
  <token id="100" number="99" sentence="4">.</token>
  <token id="101" number="100" sentence="5">But</token>
  <token id="102" number="101" sentence="5">we</token>
  <token id="103" number="102" sentence="5">'re</token>
  <token id="104" number="103" sentence="5">challenging</token>
  <token id="105" number="104" sentence="5">it</token>
  <token id="106" number="105" sentence="5">on</token>
  <token id="107" number="106" sentence="5">the</token>
  <token id="108" number="107" sentence="5">ground</token>
  <token id="109" number="108" sentence="5">that</token>
  <token id="110" number="109" sentence="5">uh</token>
  <token id="111" number="110" sentence="5">the</token>
  <token id="112" number="111" sentence="5">RUC</token>
  <token id="113" number="112" sentence="5">uh</token>
  <token id="114" number="113" sentence="5">have</token>
  <token id="115" number="114" sentence="5">offered</token>
  <token id="116" number="115" sentence="5">an</token>
  <token id="117" number="116" sentence="5">opinion</token>
  <token id="118" number="117" sentence="5">,</token>
  <token id="119" number="118" sentence="5">and</token>
  <token id="120" number="119" sentence="5">this</token>
  <token id="121" number="120" sentence="5">opinion</token>
  <token id="122" number="121" sentence="5">is</token>
  <token id="123" number="122" sentence="5">going</token>
  <token id="124" number="123" sentence="5">to</token>
  <token id="125" number="124" sentence="5">be</token>
  <token id="126" number="125" sentence="5">used</token>
  <token id="127" number="126" sentence="5">as</token>
  <token id="128" number="127" sentence="5">a</token>
  <token id="129" number="128" sentence="5">mechanism</token>
  <token id="130" number="129" sentence="5">for</token>
  <token id="131" number="130" sentence="5">ejecting</token>
  <token id="132" number="131" sentence="5">us</token>
  <token id="133" number="132" sentence="5">from</token>
  <token id="134" number="133" sentence="5">the</token>
  <token id="135" number="134" sentence="5">talks</token>
  <token id="136" number="135" sentence="5">,</token>
  <token id="137" number="136" sentence="5">and</token>
  <token id="138" number="137" sentence="5">uh</token>
  <token id="139" number="138" sentence="5">that</token>
  <token id="140" number="139" sentence="5">'s</token>
  <token id="141" number="140" sentence="5">a</token>
  <token id="142" number="141" sentence="5">very</token>
  <token id="143" number="142" sentence="5">serious</token>
  <token id="144" number="143" sentence="5">.</token>
  <token id="145" number="144" sentence="6">Any</token>
  <token id="146" number="145" sentence="6">decision</token>
  <token id="147" number="146" sentence="6">to</token>
  <token id="148" number="147" sentence="6">expel</token>
  <token id="149" number="148" sentence="6">Sinn</token>
  <token id="150" number="149" sentence="6">Fein</token>
  <token id="151" number="150" sentence="6">must</token>
  <token id="152" number="151" sentence="6">be</token>
  <token id="153" number="152" sentence="6">agreed</token>
  <token id="154" number="153" sentence="6">jointly</token>
  <token id="155" number="154" sentence="6">by</token>
  <token id="156" number="155" sentence="6">the</token>
  <token id="157" number="156" sentence="6">governments</token>
  <token id="158" number="157" sentence="6">of</token>
  <token id="159" number="158" sentence="6">both</token>
  <token id="160" number="159" sentence="6">Britain</token>
  <token id="161" number="160" sentence="6">and</token>
  <token id="162" number="161" sentence="6">the</token>
  <token id="163" number="162" sentence="6">Irish</token>
  <token id="164" number="163" sentence="6">Republic</token>
  <token id="165" number="164" sentence="6">.</token>
</Document>
