<Document doc_name="PRI19980213.2000.0313">
  <Markables>
    <TIMEX3 RELATED_TO="" TAG_DESCRIPTOR="Empty_Mark" beginPoint="" comment="" endPoint="" freq="" functionInDocument="CREATION_TIME" id="0" quant="" type="DATE" value="1998-02-13" />
    <EVENT aspect="PROGRESSIVE" certainty="" class="I_ACTION" comment="" factuality="" id="1" modality="NONE" polarity="POS" pos="VERB" tense="PRESENT">
      <token_anchor id="5" />
    </EVENT>
    <EVENT aspect="NONE" certainty="" class="OCCURRENCE" comment="" factuality="" id="2" modality="NONE" polarity="POS" pos="NOUN" tense="NONE">
      <token_anchor id="9" />
    </EVENT>
    <EVENT aspect="NONE" certainty="" class="OCCURRENCE" comment="" factuality="" id="3" modality="NONE" polarity="POS" pos="VERB" tense="FUTURE">
      <token_anchor id="11" />
    </EVENT>
    <EVENT aspect="NONE" certainty="" class="OCCURRENCE" comment="" factuality="" id="4" modality="NONE" polarity="POS" pos="NOUN" tense="NONE">
      <token_anchor id="15" />
    </EVENT>
    <EVENT aspect="NONE" certainty="" class="REPORTING" comment="" factuality="" id="5" modality="NONE" polarity="POS" pos="VERB" tense="PRESENT">
      <token_anchor id="24" />
    </EVENT>
    <EVENT aspect="NONE" certainty="" class="REPORTING" comment="" factuality="" id="6" modality="NONE" polarity="POS" pos="VERB" tense="PRESENT">
      <token_anchor id="27" />
    </EVENT>
    <EVENT aspect="NONE" certainty="" class="STATE" comment="" factuality="" id="7" modality="NONE" polarity="POS" pos="VERB" tense="PRESENT">
      <token_anchor id="32" />
    </EVENT>
    <EVENT aspect="NONE" certainty="" class="OCCURRENCE" comment="" factuality="" id="8" modality="NONE" polarity="POS" pos="VERB" tense="PRESENT">
      <token_anchor id="36" />
    </EVENT>
    <EVENT aspect="NONE" certainty="" class="I_STATE" comment="" factuality="" id="9" modality="NONE" polarity="POS" pos="VERB" tense="PRESENT">
      <token_anchor id="43" />
    </EVENT>
    <EVENT aspect="NONE" certainty="" class="OCCURRENCE" comment="" factuality="" id="10" modality="NONE" polarity="POS" pos="VERB" tense="FUTURE">
      <token_anchor id="46" />
    </EVENT>
    <EVENT aspect="NONE" certainty="" class="OCCURRENCE" comment="" factuality="" id="11" modality="NONE" polarity="POS" pos="VERB" tense="FUTURE">
      <token_anchor id="51" />
    </EVENT>
    <TIMEX3 anchorTimeID="0" beginPoint="" comment="" endPoint="" freq="" functionInDocument="NONE" id="12" quant="" type="DATE" value="1998-02-13">
      <token_anchor id="65" />
    </TIMEX3>
    <EVENT aspect="NONE" certainty="" class="OCCURRENCE" comment="" factuality="" id="13" modality="NONE" polarity="POS" pos="VERB" tense="PAST">
      <token_anchor id="70" />
    </EVENT>
    <EVENT aspect="NONE" certainty="" class="OCCURRENCE" comment="" factuality="" id="14" modality="NONE" polarity="POS" pos="VERB" tense="PRESPART">
      <token_anchor id="75" />
    </EVENT>
    <EVENT aspect="NONE" certainty="" class="OCCURRENCE" comment="" factuality="" id="15" modality="NONE" polarity="NEG" pos="ADJECTIVE" tense="PAST">
      <token_anchor id="85" />
    </EVENT>
    <EVENT aspect="NONE" certainty="" class="I_ACTION" comment="" factuality="" id="16" modality="NONE" polarity="POS" pos="VERB" tense="PAST">
      <token_anchor id="89" />
    </EVENT>
    <EVENT aspect="NONE" certainty="" class="OCCURRENCE" comment="" factuality="" id="17" modality="NONE" polarity="POS" pos="NOUN" tense="NONE">
      <token_anchor id="91" />
    </EVENT>
    <EVENT aspect="NONE" certainty="" class="REPORTING" comment="" factuality="" id="18" modality="NONE" polarity="POS" pos="VERB" tense="PAST">
      <token_anchor id="96" />
    </EVENT>
    <EVENT aspect="NONE" certainty="" class="OCCURRENCE" comment="" factuality="" id="19" modality="NONE" polarity="POS" pos="VERB" tense="FUTURE">
      <token_anchor id="99" />
    </EVENT>
    <EVENT aspect="NONE" certainty="" class="REPORTING" comment="" factuality="" id="20" modality="NONE" polarity="POS" pos="VERB" tense="PRESENT">
      <token_anchor id="114" />
    </EVENT>
    <EVENT aspect="NONE" certainty="" class="OCCURRENCE" comment="" factuality="" id="21" modality="could" polarity="POS" pos="VERB" tense="NONE">
      <token_anchor id="124" />
    </EVENT>
    <EVENT aspect="NONE" certainty="" class="OCCURRENCE" comment="" factuality="" id="22" modality="could" polarity="POS" pos="VERB" tense="NONE">
      <token_anchor id="130" />
    </EVENT>
    <EVENT aspect="PROGRESSIVE" certainty="" class="OCCURRENCE" comment="" factuality="" id="23" modality="NONE" polarity="POS" pos="VERB" tense="PRESENT">
      <token_anchor id="152" />
    </EVENT>
    <EVENT aspect="NONE" certainty="" class="REPORTING" comment="" factuality="" id="24" modality="NONE" polarity="POS" pos="VERB" tense="PRESENT">
      <token_anchor id="158" />
    </EVENT>
    <EVENT aspect="NONE" certainty="" class="ASPECTUAL" comment="" factuality="" id="25" modality="NONE" polarity="POS" pos="VERB" tense="FUTURE">
      <token_anchor id="162" />
    </EVENT>
    <C-SIGNAL id="26">
      <token_anchor id="164" />
    </C-SIGNAL>
    <EVENT aspect="NONE" certainty="" class="STATE" comment="" factuality="" id="27" modality="NONE" polarity="POS" pos="NOUN" tense="NONE">
      <token_anchor id="166" />
    </EVENT>
    <EVENT aspect="NONE" certainty="" class="REPORTING" comment="" factuality="" id="28" modality="NONE" polarity="POS" pos="NOUN" tense="NONE">
      <token_anchor id="180" />
    </EVENT>
  </Markables>
  <Relations>
    <TLINK comment="" id="1" relType="INCLUDES">
      <source id="0" />
      <target id="13" />
    </TLINK>
    <TLINK comment="" id="2" relType="INCLUDES">
      <source id="1" />
      <target id="0" />
    </TLINK>
    <TLINK comment="" id="3" relType="BEFORE">
      <source id="1" />
      <target id="2" />
    </TLINK>
    <TLINK comment="" id="4" relType="IDENTITY">
      <source id="2" />
      <target id="3" />
    </TLINK>
    <TLINK comment="" id="5" relType="BEFORE">
      <source id="2" />
      <target id="4" />
    </TLINK>
    <CLINK comment="" id="6">
      <source id="2" />
      <target id="4" />
    </CLINK>
    <TLINK comment="" id="7" relType="IS_INCLUDED">
      <source id="5" />
      <target id="0" />
    </TLINK>
    <TLINK comment="" id="8" relType="IS_INCLUDED">
      <source id="6" />
      <target id="0" />
    </TLINK>
    <TLINK comment="" id="9" relType="BEFORE">
      <source id="7" />
      <target id="8" />
    </TLINK>
    <TLINK comment="" id="10" relType="IS_INCLUDED">
      <source id="9" />
      <target id="6" />
    </TLINK>
    <TLINK comment="" id="11" relType="SIMULTANEOUS">
      <source id="10" />
      <target id="11" />
    </TLINK>
    <TLINK comment="" id="12" relType="INCLUDES">
      <source id="12" />
      <target id="13" />
    </TLINK>
    <TLINK comment="" id="13" relType="INCLUDES">
      <source id="13" />
      <target id="14" />
    </TLINK>
    <TLINK comment="" id="14" relType="AFTER">
      <source id="15" />
      <target id="13" />
    </TLINK>
    <TLINK comment="" id="15" relType="IAFTER">
      <source id="16" />
      <target id="13" />
    </TLINK>
    <TLINK comment="" id="16" relType="SIMULTANEOUS">
      <source id="16" />
      <target id="18" />
    </TLINK>
    <TLINK comment="" id="17" relType="IS_INCLUDED">
      <source id="20" />
      <target id="0" />
    </TLINK>
    <TLINK comment="" id="18" relType="INCLUDES">
      <source id="23" />
      <target id="0" />
    </TLINK>
    <TLINK comment="" id="19" relType="IS_INCLUDED">
      <source id="24" />
      <target id="0" />
    </TLINK>
    <TLINK comment="" id="20" relType="AFTER">
      <source id="27" />
      <target id="24" />
    </TLINK>
    <TLINK comment="" id="21" relType="BEFORE">
      <source id="27" />
      <target id="25" />
    </TLINK>
    <CLINK comment="" id="22">
      <source id="27" />
      <target id="25" />
    </CLINK>
    <TLINK comment="" id="23" relType="IDENTITY">
      <source id="28" />
      <target id="5" />
    </TLINK>
  </Relations>
  <token id="1" number="0" sentence="0">Officials</token>
  <token id="2" number="1" sentence="0">in</token>
  <token id="3" number="2" sentence="0">California</token>
  <token id="4" number="3" sentence="0">are</token>
  <token id="5" number="4" sentence="0">warning</token>
  <token id="6" number="5" sentence="0">residents</token>
  <token id="7" number="6" sentence="0">that</token>
  <token id="8" number="7" sentence="0">oncoming</token>
  <token id="9" number="8" sentence="0">rains</token>
  <token id="10" number="9" sentence="0">will</token>
  <token id="11" number="10" sentence="0">cause</token>
  <token id="12" number="11" sentence="0">dangerous</token>
  <token id="13" number="12" sentence="0">and</token>
  <token id="14" number="13" sentence="0">unpredictable</token>
  <token id="15" number="14" sentence="0">landslides</token>
  <token id="16" number="15" sentence="0">.</token>
  <token id="17" number="16" sentence="1">From</token>
  <token id="18" number="17" sentence="1">member</token>
  <token id="19" number="18" sentence="1">station</token>
  <token id="20" number="19" sentence="1">KQED</token>
  <token id="21" number="20" sentence="1">,</token>
  <token id="22" number="21" sentence="1">Auncil</token>
  <token id="23" number="22" sentence="1">Martinez</token>
  <token id="24" number="23" sentence="1">reports</token>
  <token id="25" number="24" sentence="1">.</token>
  <token id="26" number="25" sentence="2">Experts</token>
  <token id="27" number="26" sentence="2">say</token>
  <token id="28" number="27" sentence="2">the</token>
  <token id="29" number="28" sentence="2">ground</token>
  <token id="30" number="29" sentence="2">is</token>
  <token id="31" number="30" sentence="2">so</token>
  <token id="32" number="31" sentence="2">saturated</token>
  <token id="33" number="32" sentence="2">it</token>
  <token id="34" number="33" sentence="2">can</token>
  <token id="35" number="34" sentence="2">not</token>
  <token id="36" number="35" sentence="2">absorb</token>
  <token id="37" number="36" sentence="2">any</token>
  <token id="38" number="37" sentence="2">more</token>
  <token id="39" number="38" sentence="2">water</token>
  <token id="40" number="39" sentence="2">.</token>
  <token id="41" number="40" sentence="3">So</token>
  <token id="42" number="41" sentence="3">that</token>
  <token id="43" number="42" sentence="3">means</token>
  <token id="44" number="43" sentence="3">soil</token>
  <token id="45" number="44" sentence="3">will</token>
  <token id="46" number="45" sentence="3">fall</token>
  <token id="47" number="46" sentence="3">off</token>
  <token id="48" number="47" sentence="3">in</token>
  <token id="49" number="48" sentence="3">chunks</token>
  <token id="50" number="49" sentence="3">and</token>
  <token id="51" number="50" sentence="3">destroy</token>
  <token id="52" number="51" sentence="3">anything</token>
  <token id="53" number="52" sentence="3">in</token>
  <token id="54" number="53" sentence="3">its</token>
  <token id="55" number="54" sentence="3">path</token>
  <token id="56" number="55" sentence="3">.</token>
  <token id="57" number="56" sentence="4">In</token>
  <token id="58" number="57" sentence="4">Los</token>
  <token id="59" number="58" sentence="4">Angeles</token>
  <token id="60" number="59" sentence="4">that</token>
  <token id="61" number="60" sentence="4">lesson</token>
  <token id="62" number="61" sentence="4">was</token>
  <token id="63" number="62" sentence="4">brought</token>
  <token id="64" number="63" sentence="4">home</token>
  <token id="65" number="64" sentence="4">today</token>
  <token id="66" number="65" sentence="4">when</token>
  <token id="67" number="66" sentence="4">tons</token>
  <token id="68" number="67" sentence="4">of</token>
  <token id="69" number="68" sentence="4">earth</token>
  <token id="70" number="69" sentence="4">cascaded</token>
  <token id="71" number="70" sentence="4">down</token>
  <token id="72" number="71" sentence="4">a</token>
  <token id="73" number="72" sentence="4">hillside</token>
  <token id="74" number="73" sentence="4">,</token>
  <token id="75" number="74" sentence="4">ripping</token>
  <token id="76" number="75" sentence="4">two</token>
  <token id="77" number="76" sentence="4">houses</token>
  <token id="78" number="77" sentence="4">from</token>
  <token id="79" number="78" sentence="4">their</token>
  <token id="80" number="79" sentence="4">foundations</token>
  <token id="81" number="80" sentence="4">.</token>
  <token id="82" number="81" sentence="5">No</token>
  <token id="83" number="82" sentence="5">one</token>
  <token id="84" number="83" sentence="5">was</token>
  <token id="85" number="84" sentence="5">hurt</token>
  <token id="86" number="85" sentence="5">,</token>
  <token id="87" number="86" sentence="5">but</token>
  <token id="88" number="87" sentence="5">firefighters</token>
  <token id="89" number="88" sentence="5">ordered</token>
  <token id="90" number="89" sentence="5">the</token>
  <token id="91" number="90" sentence="5">evacuation</token>
  <token id="92" number="91" sentence="5">of</token>
  <token id="93" number="92" sentence="5">nearby</token>
  <token id="94" number="93" sentence="5">homes</token>
  <token id="95" number="94" sentence="5">and</token>
  <token id="96" number="95" sentence="5">said</token>
  <token id="97" number="96" sentence="5">they</token>
  <token id="98" number="97" sentence="5">'ll</token>
  <token id="99" number="98" sentence="5">monitor</token>
  <token id="100" number="99" sentence="5">the</token>
  <token id="101" number="100" sentence="5">shifting</token>
  <token id="102" number="101" sentence="5">ground</token>
  <token id="103" number="102" sentence="5">.</token>
  <token id="104" number="103" sentence="6">In</token>
  <token id="105" number="104" sentence="6">the</token>
  <token id="106" number="105" sentence="6">northern</token>
  <token id="107" number="106" sentence="6">California</token>
  <token id="108" number="107" sentence="6">town</token>
  <token id="109" number="108" sentence="6">of</token>
  <token id="110" number="109" sentence="6">Rio</token>
  <token id="111" number="110" sentence="6">Nido</token>
  <token id="112" number="111" sentence="6">,</token>
  <token id="113" number="112" sentence="6">officials</token>
  <token id="114" number="113" sentence="6">say</token>
  <token id="115" number="114" sentence="6">a</token>
  <token id="116" number="115" sentence="6">football</token>
  <token id="117" number="116" sentence="6">field</token>
  <token id="118" number="117" sentence="6">sized</token>
  <token id="119" number="118" sentence="6">slab</token>
  <token id="120" number="119" sentence="6">of</token>
  <token id="121" number="120" sentence="6">hillside</token>
  <token id="122" number="121" sentence="6">could</token>
  <token id="123" number="122" sentence="6">still</token>
  <token id="124" number="123" sentence="6">break</token>
  <token id="125" number="124" sentence="6">loose</token>
  <token id="126" number="125" sentence="6">at</token>
  <token id="127" number="126" sentence="6">any</token>
  <token id="128" number="127" sentence="6">time</token>
  <token id="129" number="128" sentence="6">and</token>
  <token id="130" number="129" sentence="6">destroy</token>
  <token id="131" number="130" sentence="6">an</token>
  <token id="132" number="131" sentence="6">entire</token>
  <token id="133" number="132" sentence="6">neighborhood</token>
  <token id="134" number="133" sentence="6">.</token>
  <token id="135" number="134" sentence="7">And</token>
  <token id="136" number="135" sentence="7">in</token>
  <token id="137" number="136" sentence="7">San</token>
  <token id="138" number="137" sentence="7">Francisco</token>
  <token id="139" number="138" sentence="7">,</token>
  <token id="140" number="139" sentence="7">a</token>
  <token id="141" number="140" sentence="7">mansion</token>
  <token id="142" number="141" sentence="7">overlooking</token>
  <token id="143" number="142" sentence="7">the</token>
  <token id="144" number="143" sentence="7">Pacific</token>
  <token id="145" number="144" sentence="7">Ocean</token>
  <token id="146" number="145" sentence="7">and</token>
  <token id="147" number="146" sentence="7">the</token>
  <token id="148" number="147" sentence="7">Golden</token>
  <token id="149" number="148" sentence="7">Gate</token>
  <token id="150" number="149" sentence="7">Bridge</token>
  <token id="151" number="150" sentence="7">is</token>
  <token id="152" number="151" sentence="7">slipping</token>
  <token id="153" number="152" sentence="7">toward</token>
  <token id="154" number="153" sentence="7">the</token>
  <token id="155" number="154" sentence="7">sea</token>
  <token id="156" number="155" sentence="7">.</token>
  <token id="157" number="156" sentence="8">Forecasters</token>
  <token id="158" number="157" sentence="8">say</token>
  <token id="159" number="158" sentence="8">the</token>
  <token id="160" number="159" sentence="8">picture</token>
  <token id="161" number="160" sentence="8">will</token>
  <token id="162" number="161" sentence="8">get</token>
  <token id="163" number="162" sentence="8">worse</token>
  <token id="164" number="163" sentence="8">because</token>
  <token id="165" number="164" sentence="8">more</token>
  <token id="166" number="165" sentence="8">rains</token>
  <token id="167" number="166" sentence="8">are</token>
  <token id="168" number="167" sentence="8">on</token>
  <token id="169" number="168" sentence="8">the</token>
  <token id="170" number="169" sentence="8">way</token>
  <token id="171" number="170" sentence="8">.</token>
  <token id="172" number="171" sentence="9">For</token>
  <token id="173" number="172" sentence="9">NPR</token>
  <token id="174" number="173" sentence="9">news</token>
  <token id="175" number="174" sentence="9">,</token>
  <token id="176" number="175" sentence="9">I</token>
  <token id="177" number="176" sentence="9">'m</token>
  <token id="178" number="177" sentence="9">Auncil</token>
  <token id="179" number="178" sentence="9">Martinez</token>
  <token id="180" number="179" sentence="9">reporting</token>
  <token id="181" number="180" sentence="9">.</token>
</Document>
