<Document doc_name="PRI19980205.2000.1998">
  <Markables>
    <TIMEX3 RELATED_TO="" TAG_DESCRIPTOR="Empty_Mark" beginPoint="" comment="" endPoint="" freq="" functionInDocument="CREATION_TIME" id="0" quant="" type="DATE" value="1998-02-05" />
    <EVENT aspect="PERFECTIVE_PROGRESSIVE" certainty="" class="OCCURRENCE" comment="" factuality="" id="1" modality="NONE" polarity="POS" pos="VERB" tense="PRESENT">
      <token_anchor id="8" />
    </EVENT>
    <TIMEX3 anchorTimeID="0" beginPoint="" comment="" endPoint="" freq="" functionInDocument="NONE" id="2" quant="" type="DATE" value="1998-02-05">
      <token_anchor id="9" />
    </TIMEX3>
    <EVENT aspect="NONE" certainty="" class="OCCURRENCE" comment="" factuality="" id="3" modality="NONE" polarity="POS" pos="NOUN" tense="NONE">
      <token_anchor id="25" />
    </EVENT>
    <EVENT aspect="NONE" certainty="" class="OCCURRENCE" comment="" factuality="" id="4" modality="NONE" polarity="POS" pos="VERB" tense="PRESPART">
      <token_anchor id="40" />
    </EVENT>
    <EVENT aspect="NONE" certainty="" class="OCCURRENCE" comment="" factuality="" id="5" modality="must" polarity="POS" pos="VERB" tense="NONE">
      <token_anchor id="44" />
    </EVENT>
    <EVENT aspect="NONE" certainty="" class="OCCURRENCE" comment="" factuality="" id="6" modality="NONE" polarity="POS" pos="VERB" tense="PAST">
      <token_anchor id="47" />
    </EVENT>
    <EVENT aspect="NONE" certainty="" class="OCCURRENCE" comment="" factuality="" id="7" modality="NONE" polarity="POS" pos="NOUN" tense="NONE">
      <token_anchor id="59" />
    </EVENT>
    <TIMEX3 anchorTimeID="0" beginPoint="" comment="" endPoint="" freq="" functionInDocument="NONE" id="8" quant="" type="DATE" value="PRESENT_REF">
      <token_anchor id="66" />
    </TIMEX3>
    <EVENT aspect="NONE" certainty="" class="OCCURRENCE" comment="" factuality="" id="9" modality="NONE" polarity="POS" pos="NOUN" tense="NONE">
      <token_anchor id="77" />
    </EVENT>
    <EVENT aspect="NONE" certainty="" class="OCCURRENCE" comment="" factuality="" id="10" modality="NONE" polarity="POS" pos="NOUN" tense="NONE">
      <token_anchor id="82" />
    </EVENT>
    <TIMEX3 anchorTimeID="0" beginPoint="" comment="" endPoint="" freq="" functionInDocument="NONE" id="11" quant="" type="DATE" value="1998-09">
      <token_anchor id="84" />
      <token_anchor id="85" />
    </TIMEX3>
    <EVENT aspect="PERFECTIVE" certainty="" class="OCCURRENCE" comment="" factuality="" id="12" modality="NONE" polarity="POS" pos="VERB" tense="PRESENT">
      <token_anchor id="92" />
    </EVENT>
    <EVENT aspect="NONE" certainty="" class="I_ACTION" comment="" factuality="" id="13" modality="NONE" polarity="POS" pos="NOUN" tense="NONE">
      <token_anchor id="102" />
    </EVENT>
    <EVENT aspect="NONE" certainty="" class="OCCURRENCE" comment="" factuality="" id="14" modality="NONE" polarity="POS" pos="VERB" tense="INFINITIVE">
      <token_anchor id="104" />
    </EVENT>
    <TIMEX3 beginPoint="" comment="" endPoint="" freq="" functionInDocument="NONE" id="15" quant="" type="DATE" value="2000">
      <token_anchor id="107" />
      <token_anchor id="108" />
      <token_anchor id="109" />
      <token_anchor id="110" />
    </TIMEX3>
    <TIMEX3 anchorTimeID="0" beginPoint="" comment="" endPoint="" freq="" functionInDocument="NONE" id="16" quant="" type="DATE" value="PRESENT_REF">
      <token_anchor id="112" />
    </TIMEX3>
    <EVENT aspect="PERFECTIVE" certainty="" class="ASPECTUAL" comment="" factuality="" id="17" modality="NONE" polarity="POS" pos="VERB" tense="PRESENT">
      <token_anchor id="114" />
    </EVENT>
    <EVENT aspect="NONE" certainty="" class="I_STATE" comment="" factuality="" id="18" modality="NONE" polarity="POS" pos="ADJECTIVE" tense="NONE">
      <token_anchor id="122" />
    </EVENT>
    <EVENT aspect="NONE" certainty="" class="OCCURRENCE" comment="" factuality="" id="19" modality="NONE" polarity="POS" pos="VERB" tense="INFINITIVE">
      <token_anchor id="124" />
    </EVENT>
  </Markables>
  <Relations>
    <TLINK comment="" id="1" relType="IS_INCLUDED">
      <source id="1" />
      <target id="2" />
    </TLINK>
    <TLINK comment="" id="2" relType="IDENTITY">
      <source id="2" />
      <target id="0" />
    </TLINK>
    <TLINK comment="" id="3" relType="BEFORE">
      <source id="2" />
      <target id="11" />
    </TLINK>
    <TLINK comment="" id="4" relType="IS_INCLUDED">
      <source id="4" />
      <target id="6" />
    </TLINK>
    <TLINK comment="" id="5" relType="IDENTITY">
      <source id="6" />
      <target id="1" />
    </TLINK>
    <TLINK comment="" id="6" relType="BEFORE">
      <source id="9" />
      <target id="0" />
    </TLINK>
    <TLINK comment="" id="7" relType="IS_INCLUDED">
      <source id="10" />
      <target id="11" />
    </TLINK>
    <TLINK comment="" id="8" relType="BEFORE">
      <source id="12" />
      <target id="2" />
    </TLINK>
    <TLINK comment="" id="9" relType="BEFORE">
      <source id="12" />
      <target id="10" />
    </TLINK>
    <TLINK comment="" id="10" relType="BEFORE">
      <source id="13" />
      <target id="0" />
    </TLINK>
    <TLINK comment="" id="11" relType="ENDED_BY">
      <source id="14" />
      <target id="15" />
    </TLINK>
    <TLINK comment="" id="12" relType="IDENTITY">
      <source id="16" />
      <target id="8" />
    </TLINK>
    <TLINK comment="" id="13" relType="INCLUDES">
      <source id="16" />
      <target id="17" />
    </TLINK>
    <TLINK comment="" id="14" relType="DURING">
      <source id="18" />
      <target id="16" />
    </TLINK>
  </Relations>
  <token id="1" number="0" sentence="0">Thousands</token>
  <token id="2" number="1" sentence="0">of</token>
  <token id="3" number="2" sentence="0">people</token>
  <token id="4" number="3" sentence="0">in</token>
  <token id="5" number="4" sentence="0">Germany</token>
  <token id="6" number="5" sentence="0">have</token>
  <token id="7" number="6" sentence="0">been</token>
  <token id="8" number="7" sentence="0">demonstrating</token>
  <token id="9" number="8" sentence="0">today</token>
  <token id="10" number="9" sentence="0">against</token>
  <token id="11" number="10" sentence="0">the</token>
  <token id="12" number="11" sentence="0">high</token>
  <token id="13" number="12" sentence="0">level</token>
  <token id="14" number="13" sentence="0">of</token>
  <token id="15" number="14" sentence="0">unemployment</token>
  <token id="16" number="15" sentence="0">in</token>
  <token id="17" number="16" sentence="0">the</token>
  <token id="18" number="17" sentence="0">country</token>
  <token id="19" number="18" sentence="0">.</token>
  <token id="20" number="19" sentence="1">Latest</token>
  <token id="21" number="20" sentence="1">figures</token>
  <token id="22" number="21" sentence="1">show</token>
  <token id="23" number="22" sentence="1">a</token>
  <token id="24" number="23" sentence="1">sharp</token>
  <token id="25" number="24" sentence="1">rise</token>
  <token id="26" number="25" sentence="1">,</token>
  <token id="27" number="26" sentence="1">with</token>
  <token id="28" number="27" sentence="1">nearly</token>
  <token id="29" number="28" sentence="1">five</token>
  <token id="30" number="29" sentence="1">million</token>
  <token id="31" number="30" sentence="1">Germans</token>
  <token id="32" number="31" sentence="1">out</token>
  <token id="33" number="32" sentence="1">of</token>
  <token id="34" number="33" sentence="1">work</token>
  <token id="35" number="34" sentence="1">.</token>
  <token id="36" number="35" sentence="2">Caroline</token>
  <token id="37" number="36" sentence="2">Wyatt</token>
  <token id="38" number="37" sentence="2">reports</token>
  <token id="39" number="38" sentence="2">.</token>
  <token id="40" number="39" sentence="3">Chanting</token>
  <token id="41" number="40" sentence="3">Helmut</token>
  <token id="42" number="41" sentence="3">Kohl</token>
  <token id="43" number="42" sentence="3">must</token>
  <token id="44" number="43" sentence="3">go</token>
  <token id="45" number="44" sentence="3">the</token>
  <token id="46" number="45" sentence="3">unemployed</token>
  <token id="47" number="46" sentence="3">took</token>
  <token id="48" number="47" sentence="3">to</token>
  <token id="49" number="48" sentence="3">the</token>
  <token id="50" number="49" sentence="3">streets</token>
  <token id="51" number="50" sentence="3">of</token>
  <token id="52" number="51" sentence="3">the</token>
  <token id="53" number="52" sentence="3">German</token>
  <token id="54" number="53" sentence="3">capital</token>
  <token id="55" number="54" sentence="3">,</token>
  <token id="56" number="55" sentence="3">Berlin</token>
  <token id="57" number="56" sentence="3">,</token>
  <token id="58" number="57" sentence="3">mirroring</token>
  <token id="59" number="58" sentence="3">protests</token>
  <token id="60" number="59" sentence="3">around</token>
  <token id="61" number="60" sentence="3">the</token>
  <token id="62" number="61" sentence="3">country</token>
  <token id="63" number="62" sentence="3">.</token>
  <token id="64" number="63" sentence="4">Joblessness</token>
  <token id="65" number="64" sentence="4">is</token>
  <token id="66" number="65" sentence="4">now</token>
  <token id="67" number="66" sentence="4">at</token>
  <token id="68" number="67" sentence="4">its</token>
  <token id="69" number="68" sentence="4">highest</token>
  <token id="70" number="69" sentence="4">level</token>
  <token id="71" number="70" sentence="4">in</token>
  <token id="72" number="71" sentence="4">Germany</token>
  <token id="73" number="72" sentence="4">since</token>
  <token id="74" number="73" sentence="4">the</token>
  <token id="75" number="74" sentence="4">second</token>
  <token id="76" number="75" sentence="4">world</token>
  <token id="77" number="76" sentence="4">war</token>
  <token id="78" number="77" sentence="4">.</token>
  <token id="79" number="78" sentence="5">With</token>
  <token id="80" number="79" sentence="5">the</token>
  <token id="81" number="80" sentence="5">general</token>
  <token id="82" number="81" sentence="5">election</token>
  <token id="83" number="82" sentence="5">due</token>
  <token id="84" number="83" sentence="5">this</token>
  <token id="85" number="84" sentence="5">September</token>
  <token id="86" number="85" sentence="5">,</token>
  <token id="87" number="86" sentence="5">record</token>
  <token id="88" number="87" sentence="5">figures</token>
  <token id="89" number="88" sentence="5">could</token>
  <token id="90" number="89" sentence="5">n't</token>
  <token id="91" number="90" sentence="5">have</token>
  <token id="92" number="91" sentence="5">come</token>
  <token id="93" number="92" sentence="5">at</token>
  <token id="94" number="93" sentence="5">a</token>
  <token id="95" number="94" sentence="5">worst</token>
  <token id="96" number="95" sentence="5">time</token>
  <token id="97" number="96" sentence="5">for</token>
  <token id="98" number="97" sentence="5">Chancellor</token>
  <token id="99" number="98" sentence="5">Kohl</token>
  <token id="100" number="99" sentence="5">.</token>
  <token id="101" number="100" sentence="6">His</token>
  <token id="102" number="101" sentence="6">promise</token>
  <token id="103" number="102" sentence="6">to</token>
  <token id="104" number="103" sentence="6">half</token>
  <token id="105" number="104" sentence="6">unemployment</token>
  <token id="106" number="105" sentence="6">by</token>
  <token id="107" number="106" sentence="6">the</token>
  <token id="108" number="107" sentence="6">year</token>
  <token id="109" number="108" sentence="6">two</token>
  <token id="110" number="109" sentence="6">thousand</token>
  <token id="111" number="110" sentence="6">has</token>
  <token id="112" number="111" sentence="6">now</token>
  <token id="113" number="112" sentence="6">been</token>
  <token id="114" number="113" sentence="6">abandoned</token>
  <token id="115" number="114" sentence="6">.</token>
  <token id="116" number="115" sentence="7">And</token>
  <token id="117" number="116" sentence="7">the</token>
  <token id="118" number="117" sentence="7">German</token>
  <token id="119" number="118" sentence="7">electorate</token>
  <token id="120" number="119" sentence="7">appears</token>
  <token id="121" number="120" sentence="7">increasingly</token>
  <token id="122" number="121" sentence="7">eager</token>
  <token id="123" number="122" sentence="7">to</token>
  <token id="124" number="123" sentence="7">dispense</token>
  <token id="125" number="124" sentence="7">with</token>
  <token id="126" number="125" sentence="7">the</token>
  <token id="127" number="126" sentence="7">services</token>
  <token id="128" number="127" sentence="7">of</token>
  <token id="129" number="128" sentence="7">Europe</token>
  <token id="130" number="129" sentence="7">'s</token>
  <token id="131" number="130" sentence="7">longest</token>
  <token id="132" number="131" sentence="7">serving</token>
  <token id="133" number="132" sentence="7">leader</token>
  <token id="134" number="133" sentence="7">.</token>
  <token id="135" number="134" sentence="8">Caroline</token>
  <token id="136" number="135" sentence="8">Wyatt</token>
  <token id="137" number="136" sentence="8">,</token>
  <token id="138" number="137" sentence="8">BBC</token>
  <token id="139" number="138" sentence="8">news</token>
  <token id="140" number="139" sentence="8">,</token>
  <token id="141" number="140" sentence="8">Bonn</token>
  <token id="142" number="141" sentence="8">.</token>
</Document>
