<Document doc_name="PRI19980306.2000.1675">
  <Markables>
    <TIMEX3 RELATED_TO="" TAG_DESCRIPTOR="Empty_Mark" beginPoint="" comment="" endPoint="" freq="" functionInDocument="CREATION_TIME" id="0" quant="" type="DATE" value="1998-03-06" />
    <EVENT aspect="NONE" certainty="" class="OCCURRENCE" comment="" factuality="" id="1" modality="NONE" polarity="POS" pos="NOUN" tense="NONE">
      <token_anchor id="19" />
    </EVENT>
    <TIMEX3 anchorTimeID="0" beginPoint="" comment="" endPoint="" freq="" functionInDocument="NONE" id="2" quant="" type="DATE" value="1998-03-06">
      <token_anchor id="29" />
      <token_anchor id="30" />
      <token_anchor id="31" />
    </TIMEX3>
    <EVENT aspect="NONE" certainty="" class="OCCURRENCE" comment="" factuality="" id="3" modality="NONE" polarity="POS" pos="NOUN" tense="NONE">
      <token_anchor id="34" />
    </EVENT>
    <EVENT aspect="NONE" certainty="" class="REPORTING" comment="" factuality="" id="4" modality="NONE" polarity="POS" pos="VERB" tense="PRESENT">
      <token_anchor id="50" />
    </EVENT>
    <EVENT aspect="NONE" certainty="" class="OCCURRENCE" comment="" factuality="" id="5" modality="NONE" polarity="POS" pos="VERB" tense="PRESPART">
      <token_anchor id="60" />
    </EVENT>
    <EVENT aspect="PROGRESSIVE" certainty="" class="OCCURRENCE" comment="" factuality="" id="6" modality="NONE" polarity="POS" pos="VERB" tense="PAST">
      <token_anchor id="69" />
    </EVENT>
    <EVENT aspect="NONE" certainty="" class="I_STATE" comment="" factuality="" id="7" modality="NONE" polarity="POS" pos="ADJECTIVE" tense="PAST">
      <token_anchor id="75" />
    </EVENT>
    <EVENT aspect="NONE" certainty="" class="I_STATE" comment="" factuality="" id="8" modality="NONE" polarity="POS" pos="VERB" tense="INFINITIVE">
      <token_anchor id="77" />
    </EVENT>
    <EVENT aspect="NONE" certainty="" class="I_STATE" comment="" factuality="" id="9" modality="NONE" polarity="POS" pos="VERB" tense="PRESPART">
      <token_anchor id="79" />
    </EVENT>
    <EVENT aspect="NONE" certainty="" class="ASPECTUAL" comment="" factuality="" id="10" modality="may" polarity="POS" pos="VERB" tense="NONE">
      <token_anchor id="84" />
    </EVENT>
    <EVENT aspect="NONE" certainty="" class="OCCURRENCE" comment="" factuality="" id="11" modality="NONE" polarity="POS" pos="NOUN" tense="NONE">
      <token_anchor id="86" />
    </EVENT>
    <TIMEX3 anchorTimeID="0" beginPoint="" comment="" endPoint="" freq="" functionInDocument="NONE" id="12" quant="" type="TIME" value="1998-03-06TAF">
      <token_anchor id="91" />
      <token_anchor id="92" />
    </TIMEX3>
    <EVENT aspect="PROGRESSIVE" certainty="" class="REPORTING" comment="" factuality="" id="13" modality="NONE" polarity="POS" pos="VERB" tense="PAST">
      <token_anchor id="98" />
    </EVENT>
    <EVENT aspect="NONE" certainty="" class="OCCURRENCE" comment="" factuality="" id="14" modality="NONE" polarity="POS" pos="NOUN" tense="NONE">
      <token_anchor id="100" />
    </EVENT>
    <EVENT aspect="PERFECTIVE" certainty="" class="REPORTING" comment="" factuality="" id="15" modality="NONE" polarity="NEG" pos="VERB" tense="PRESENT">
      <token_anchor id="110" />
    </EVENT>
    <EVENT aspect="NONE" certainty="" class="OCCURRENCE" comment="" factuality="" id="16" modality="NONE" polarity="POS" pos="NOUN" tense="NONE">
      <token_anchor id="124" />
    </EVENT>
    <EVENT aspect="NONE" certainty="" class="I_STATE" comment="" factuality="" id="17" modality="NONE" polarity="POS" pos="VERB" tense="PRESENT">
      <token_anchor id="126" />
    </EVENT>
    <EVENT aspect="NONE" certainty="" class="I_STATE" comment="" factuality="" id="18" modality="NONE" polarity="POS" pos="VERB" tense="PASTPART">
      <token_anchor id="130" />
    </EVENT>
    <EVENT aspect="NONE" certainty="" class="I_STATE" comment="" factuality="" id="19" modality="NONE" polarity="POS" pos="VERB" tense="PRESENT">
      <token_anchor id="140" />
    </EVENT>
    <TIMEX3 anchorTimeID="0" beginPoint="" comment="" endPoint="" freq="" functionInDocument="NONE" id="20" quant="" type="DATE" value="FUTURE_REF">
      <token_anchor id="142" />
      <token_anchor id="143" />
    </TIMEX3>
    <EVENT aspect="NONE" certainty="" class="I_STATE" comment="" factuality="" id="21" modality="NONE" polarity="POS" pos="VERB" tense="PRESENT">
      <token_anchor id="145" />
    </EVENT>
    <EVENT aspect="PROGRESSIVE" certainty="" class="PERCEPTION" comment="" factuality="" id="22" modality="NONE" polarity="POS" pos="VERB" tense="PRESENT">
      <token_anchor id="148" />
    </EVENT>
    <EVENT aspect="NONE" certainty="" class="ASPECTUAL" comment="" factuality="" id="23" modality="NONE" polarity="POS" pos="NOUN" tense="NONE">
      <token_anchor id="150" />
    </EVENT>
    <EVENT aspect="NONE" certainty="" class="OCCURRENCE" comment="" factuality="" id="24" modality="NONE" polarity="POS" pos="NOUN" tense="NONE">
      <token_anchor id="155" />
    </EVENT>
  </Markables>
  <Relations>
    <TLINK comment="" id="1" relType="IDENTITY">
      <source id="0" />
      <target id="2" />
    </TLINK>
    <TLINK comment="" id="2" relType="IS_INCLUDED">
      <source id="1" />
      <target id="0" />
    </TLINK>
    <TLINK comment="" id="3" relType="INCLUDES">
      <source id="3" />
      <target id="0" />
    </TLINK>
    <TLINK comment="" id="4" relType="INCLUDES">
      <source id="3" />
      <target id="1" />
    </TLINK>
    <TLINK comment="" id="5" relType="IS_INCLUDED">
      <source id="4" />
      <target id="0" />
    </TLINK>
    <TLINK comment="" id="6" relType="BEFORE">
      <source id="7" />
      <target id="0" />
    </TLINK>
    <TLINK comment="" id="7" relType="INCLUDES">
      <source id="7" />
      <target id="9" />
    </TLINK>
    <TLINK comment="" id="8" relType="BEFORE">
      <source id="11" />
      <target id="5" />
    </TLINK>
    <TLINK comment="" id="9" relType="IS_INCLUDED">
      <source id="12" />
      <target id="0" />
    </TLINK>
    <TLINK comment="" id="10" relType="IS_INCLUDED">
      <source id="13" />
      <target id="12" />
    </TLINK>
    <TLINK comment="" id="11" relType="ENDED_BY">
      <source id="14" />
      <target id="12" />
    </TLINK>
    <TLINK comment="" id="12" relType="IS_INCLUDED">
      <source id="15" />
      <target id="0" />
    </TLINK>
    <TLINK comment="" id="13" relType="IS_INCLUDED">
      <source id="17" />
      <target id="0" />
    </TLINK>
    <TLINK comment="" id="14" relType="BEFORE">
      <source id="18" />
      <target id="0" />
    </TLINK>
    <TLINK comment="" id="15" relType="INCLUDES">
      <source id="19" />
      <target id="0" />
    </TLINK>
    <TLINK comment="" id="16" relType="IS_INCLUDED">
      <source id="21" />
      <target id="19" />
    </TLINK>
    <TLINK comment="" id="17" relType="AFTER">
      <source id="23" />
      <target id="0" />
    </TLINK>
    <TLINK comment="" id="18" relType="BEGUN_BY">
      <source id="24" />
      <target id="23" />
    </TLINK>
  </Relations>
  <token id="1" number="0" sentence="0">For</token>
  <token id="2" number="1" sentence="0">The</token>
  <token id="3" number="2" sentence="0">World</token>
  <token id="4" number="3" sentence="0">,</token>
  <token id="5" number="4" sentence="0">this</token>
  <token id="6" number="5" sentence="0">is</token>
  <token id="7" number="6" sentence="0">Pamela</token>
  <token id="8" number="7" sentence="0">McCall</token>
  <token id="9" number="8" sentence="0">in</token>
  <token id="10" number="9" sentence="0">the</token>
  <token id="11" number="10" sentence="0">BBC</token>
  <token id="12" number="11" sentence="0">news</token>
  <token id="13" number="12" sentence="0">room</token>
  <token id="14" number="13" sentence="0">in</token>
  <token id="15" number="14" sentence="0">London</token>
  <token id="16" number="15" sentence="0">.</token>
  <token id="17" number="16" sentence="1">More</token>
  <token id="18" number="17" sentence="1">heavy</token>
  <token id="19" number="18" sentence="1">gunfire</token>
  <token id="20" number="19" sentence="1">in</token>
  <token id="21" number="20" sentence="1">the</token>
  <token id="22" number="21" sentence="1">Serbian</token>
  <token id="23" number="22" sentence="1">province</token>
  <token id="24" number="23" sentence="1">of</token>
  <token id="25" number="24" sentence="1">Kosovo</token>
  <token id="26" number="25" sentence="1">.</token>
  <token id="27" number="26" sentence="2">It</token>
  <token id="28" number="27" sentence="2">'s</token>
  <token id="29" number="28" sentence="2">the</token>
  <token id="30" number="29" sentence="2">second</token>
  <token id="31" number="30" sentence="2">day</token>
  <token id="32" number="31" sentence="2">of</token>
  <token id="33" number="32" sentence="2">an</token>
  <token id="34" number="33" sentence="2">offensive</token>
  <token id="35" number="34" sentence="2">by</token>
  <token id="36" number="35" sentence="2">the</token>
  <token id="37" number="36" sentence="2">security</token>
  <token id="38" number="37" sentence="2">forces</token>
  <token id="39" number="38" sentence="2">against</token>
  <token id="40" number="39" sentence="2">villages</token>
  <token id="41" number="40" sentence="2">populated</token>
  <token id="42" number="41" sentence="2">by</token>
  <token id="43" number="42" sentence="2">ethnic</token>
  <token id="44" number="43" sentence="2">Albanians</token>
  <token id="45" number="44" sentence="2">.</token>
  <token id="46" number="45" sentence="3">BBC</token>
  <token id="47" number="46" sentence="3">correspondent</token>
  <token id="48" number="47" sentence="3">Karyn</token>
  <token id="49" number="48" sentence="3">Coleman</token>
  <token id="50" number="49" sentence="3">reports</token>
  <token id="51" number="50" sentence="3">from</token>
  <token id="52" number="51" sentence="3">Kosovo</token>
  <token id="53" number="52" sentence="3">.</token>
  <token id="54" number="53" sentence="4">There</token>
  <token id="55" number="54" sentence="4">were</token>
  <token id="56" number="55" sentence="4">more</token>
  <token id="57" number="56" sentence="4">accounts</token>
  <token id="58" number="57" sentence="4">of</token>
  <token id="59" number="58" sentence="4">people</token>
  <token id="60" number="59" sentence="4">fleeing</token>
  <token id="61" number="60" sentence="4">from</token>
  <token id="62" number="61" sentence="4">the</token>
  <token id="63" number="62" sentence="4">villages</token>
  <token id="64" number="63" sentence="4">near</token>
  <token id="65" number="64" sentence="4">where</token>
  <token id="66" number="65" sentence="4">the</token>
  <token id="67" number="66" sentence="4">offensive</token>
  <token id="68" number="67" sentence="4">was</token>
  <token id="69" number="68" sentence="4">taking</token>
  <token id="70" number="69" sentence="4">place</token>
  <token id="71" number="70" sentence="4">.</token>
  <token id="72" number="71" sentence="5">They</token>
  <token id="73" number="72" sentence="5">were</token>
  <token id="74" number="73" sentence="5">too</token>
  <token id="75" number="74" sentence="5">afraid</token>
  <token id="76" number="75" sentence="5">to</token>
  <token id="77" number="76" sentence="5">stay</token>
  <token id="78" number="77" sentence="5">,</token>
  <token id="79" number="78" sentence="5">fearing</token>
  <token id="80" number="79" sentence="5">the</token>
  <token id="81" number="80" sentence="5">forces</token>
  <token id="82" number="81" sentence="5">may</token>
  <token id="83" number="82" sentence="5">also</token>
  <token id="84" number="83" sentence="5">move</token>
  <token id="85" number="84" sentence="5">their</token>
  <token id="86" number="85" sentence="5">operations</token>
  <token id="87" number="86" sentence="5">further</token>
  <token id="88" number="87" sentence="5">afield</token>
  <token id="89" number="88" sentence="5">.</token>
  <token id="90" number="89" sentence="6">By</token>
  <token id="91" number="90" sentence="6">mid</token>
  <token id="92" number="91" sentence="6">afternoon</token>
  <token id="93" number="92" sentence="6">,</token>
  <token id="94" number="93" sentence="6">official</token>
  <token id="95" number="94" sentence="6">Serb</token>
  <token id="96" number="95" sentence="6">sources</token>
  <token id="97" number="96" sentence="6">were</token>
  <token id="98" number="97" sentence="6">saying</token>
  <token id="99" number="98" sentence="6">the</token>
  <token id="100" number="99" sentence="6">operation</token>
  <token id="101" number="100" sentence="6">was</token>
  <token id="102" number="101" sentence="6">over</token>
  <token id="103" number="102" sentence="6">,</token>
  <token id="104" number="103" sentence="6">but</token>
  <token id="105" number="104" sentence="6">that</token>
  <token id="106" number="105" sentence="6">has</token>
  <token id="107" number="106" sentence="6">not</token>
  <token id="108" number="107" sentence="6">yet</token>
  <token id="109" number="108" sentence="6">been</token>
  <token id="110" number="109" sentence="6">confirmed</token>
  <token id="111" number="110" sentence="6">from</token>
  <token id="112" number="111" sentence="6">Belgrade</token>
  <token id="113" number="112" sentence="6">,</token>
  <token id="114" number="113" sentence="6">the</token>
  <token id="115" number="114" sentence="6">capital</token>
  <token id="116" number="115" sentence="6">of</token>
  <token id="117" number="116" sentence="6">Serbia</token>
  <token id="118" number="117" sentence="6">,</token>
  <token id="119" number="118" sentence="6">which</token>
  <token id="120" number="119" sentence="6">is</token>
  <token id="121" number="120" sentence="6">where</token>
  <token id="122" number="121" sentence="6">the</token>
  <token id="123" number="122" sentence="6">whole</token>
  <token id="124" number="123" sentence="6">attack</token>
  <token id="125" number="124" sentence="6">is</token>
  <token id="126" number="125" sentence="6">thought</token>
  <token id="127" number="126" sentence="6">to</token>
  <token id="128" number="127" sentence="6">have</token>
  <token id="129" number="128" sentence="6">been</token>
  <token id="130" number="129" sentence="6">planned</token>
  <token id="131" number="130" sentence="6">.</token>
  <token id="132" number="131" sentence="7">The</token>
  <token id="133" number="132" sentence="7">ethnic</token>
  <token id="134" number="133" sentence="7">Albanians</token>
  <token id="135" number="134" sentence="7">here</token>
  <token id="136" number="135" sentence="7">in</token>
  <token id="137" number="136" sentence="7">Kosovo</token>
  <token id="138" number="137" sentence="7">are</token>
  <token id="139" number="138" sentence="7">considerably</token>
  <token id="140" number="139" sentence="7">worried</token>
  <token id="141" number="140" sentence="7">about</token>
  <token id="142" number="141" sentence="7">the</token>
  <token id="143" number="142" sentence="7">future</token>
  <token id="144" number="143" sentence="7">and</token>
  <token id="145" number="144" sentence="7">fear</token>
  <token id="146" number="145" sentence="7">they</token>
  <token id="147" number="146" sentence="7">are</token>
  <token id="148" number="147" sentence="7">witnessing</token>
  <token id="149" number="148" sentence="7">the</token>
  <token id="150" number="149" sentence="7">beginnings</token>
  <token id="151" number="150" sentence="7">of</token>
  <token id="152" number="151" sentence="7">a</token>
  <token id="153" number="152" sentence="7">much</token>
  <token id="154" number="153" sentence="7">wider</token>
  <token id="155" number="154" sentence="7">conflict</token>
  <token id="156" number="155" sentence="7">.</token>
  <token id="157" number="156" sentence="8">Karyn</token>
  <token id="158" number="157" sentence="8">Coleman</token>
  <token id="159" number="158" sentence="8">,</token>
  <token id="160" number="159" sentence="8">BBC</token>
  <token id="161" number="160" sentence="8">news</token>
  <token id="162" number="161" sentence="8">,</token>
  <token id="163" number="162" sentence="8">Pristina</token>
  <token id="164" number="163" sentence="8">.</token>
</Document>
