<Document doc_name="PRI19980205.2000.1890">
  <Markables>
    <TIMEX3 RELATED_TO="" TAG_DESCRIPTOR="Empty_Mark" beginPoint="" comment="" endPoint="" freq="" functionInDocument="CREATION_TIME" id="0" quant="" type="DATE" value="1998-02-05" />
    <EVENT aspect="PROGRESSIVE" certainty="" class="OCCURRENCE" comment="" factuality="" id="1" modality="NONE" polarity="POS" pos="VERB" tense="PRESENT">
      <token_anchor id="4" />
    </EVENT>
    <EVENT aspect="NONE" certainty="" class="I_ACTION" comment="" factuality="" id="2" modality="NONE" polarity="POS" pos="VERB" tense="PAST">
      <token_anchor id="15" />
    </EVENT>
    <EVENT aspect="NONE" certainty="" class="OCCURRENCE" comment="" factuality="" id="3" modality="NONE" polarity="POS" pos="NOUN" tense="NONE">
      <token_anchor id="18" />
    </EVENT>
    <EVENT aspect="PERFECTIVE" certainty="" class="I_ACTION" comment="" factuality="" id="4" modality="NONE" polarity="POS" pos="VERB" tense="PRESENT">
      <token_anchor id="25" />
    </EVENT>
    <EVENT aspect="NONE" certainty="" class="OCCURRENCE" comment="" factuality="" id="5" modality="NONE" polarity="POS" pos="NOUN" tense="NONE">
      <token_anchor id="27" />
    </EVENT>
    <EVENT aspect="NONE" certainty="" class="OCCURRENCE" comment="" factuality="" id="6" modality="NONE" polarity="POS" pos="VERB" tense="PAST">
      <token_anchor id="62" />
    </EVENT>
    <EVENT aspect="NONE" certainty="" class="OCCURRENCE" comment="" factuality="" id="7" modality="NONE" polarity="POS" pos="VERB" tense="PRESPART">
      <token_anchor id="72" />
    </EVENT>
    <EVENT aspect="NONE" certainty="" class="OCCURRENCE" comment="" factuality="" id="8" modality="NONE" polarity="POS" pos="VERB" tense="PRESPART">
      <token_anchor id="86" />
    </EVENT>
    <EVENT aspect="NONE" certainty="" class="I_ACTION" comment="" factuality="" id="9" modality="NONE" polarity="POS" pos="VERB" tense="PAST">
      <token_anchor id="93" />
    </EVENT>
    <EVENT aspect="NONE" certainty="" class="I_STATE" comment="" factuality="" id="10" modality="NONE" polarity="POS" pos="VERB" tense="INFINITIVE">
      <token_anchor id="95" />
    </EVENT>
    <EVENT aspect="NONE" certainty="" class="I_ACTION" comment="" factuality="" id="11" modality="NONE" polarity="POS" pos="VERB" tense="PRESPART">
      <token_anchor id="103" />
    </EVENT>
    <EVENT aspect="NONE" certainty="" class="OCCURRENCE" comment="" factuality="" id="12" modality="NONE" polarity="POS" pos="NOUN" tense="NONE">
      <token_anchor id="108" />
    </EVENT>
    <TIMEX3 anchorTimeID="0" beginPoint="" comment="" endPoint="" freq="" functionInDocument="NONE" id="13" quant="" type="DATE" value="PRESENT_REF">
      <token_anchor id="120" />
    </TIMEX3>
    <EVENT aspect="PROGRESSIVE" certainty="" class="OCCURRENCE" comment="" factuality="" id="14" modality="NONE" polarity="POS" pos="VERB" tense="PRESENT">
      <token_anchor id="121" />
    </EVENT>
    <EVENT aspect="NONE" certainty="" class="OCCURRENCE" comment="" factuality="" id="15" modality="NONE" polarity="POS" pos="NOUN" tense="NONE">
      <token_anchor id="141" />
    </EVENT>
    <EVENT aspect="NONE" certainty="" class="OCCURRENCE" comment="" factuality="" id="16" modality="NONE" polarity="NEG" pos="VERB" tense="PRESENT">
      <token_anchor id="146" />
    </EVENT>
    <EVENT aspect="NONE" certainty="" class="REPORTING" comment="" factuality="" id="17" modality="NONE" polarity="POS" pos="VERB" tense="PRESENT">
      <token_anchor id="156" />
    </EVENT>
    <EVENT aspect="NONE" certainty="" class="STATE" comment="" factuality="" id="18" modality="NONE" polarity="POS" pos="VERB" tense="FUTURE">
      <token_anchor id="161" />
    </EVENT>
    <EVENT aspect="NONE" certainty="" class="OCCURRENCE" comment="" factuality="" id="19" modality="NONE" polarity="POS" pos="VERB" tense="PRESPART">
      <token_anchor id="170" />
    </EVENT>
    <EVENT aspect="NONE" certainty="" class="I_STATE" comment="" factuality="" id="20" modality="NONE" polarity="POS" pos="VERB" tense="PASTPART">
      <token_anchor id="173" />
    </EVENT>
    <EVENT aspect="NONE" certainty="" class="OCCURRENCE" comment="" factuality="" id="21" modality="NONE" polarity="POS" pos="VERB" tense="PRESPART">
      <token_anchor id="175" />
    </EVENT>
  </Markables>
  <Relations>
    <TLINK comment="" id="1" relType="INCLUDES">
      <source id="1" />
      <target id="0" />
    </TLINK>
    <TLINK comment="" id="2" relType="AFTER">
      <source id="1" />
      <target id="2" />
    </TLINK>
    <TLINK comment="" id="3" relType="AFTER">
      <source id="2" />
      <target id="4" />
    </TLINK>
    <TLINK comment="" id="4" relType="BEFORE">
      <source id="5" />
      <target id="2" />
    </TLINK>
    <TLINK comment="" id="5" relType="BEFORE">
      <source id="5" />
      <target id="4" />
    </TLINK>
    <TLINK comment="" id="6" relType="IS_INCLUDED">
      <source id="6" />
      <target id="2" />
    </TLINK>
    <TLINK comment="" id="7" relType="IS_INCLUDED">
      <source id="7" />
      <target id="2" />
    </TLINK>
    <TLINK comment="" id="8" relType="SIMULTANEOUS">
      <source id="7" />
      <target id="6" />
    </TLINK>
    <TLINK comment="" id="9" relType="SIMULTANEOUS">
      <source id="8" />
      <target id="9" />
    </TLINK>
    <TLINK comment="" id="10" relType="SIMULTANEOUS">
      <source id="11" />
      <target id="9" />
    </TLINK>
    <TLINK comment="" id="11" relType="BEFORE">
      <source id="12" />
      <target id="11" />
    </TLINK>
    <TLINK comment="" id="12" relType="DURING">
      <source id="14" />
      <target id="13" />
    </TLINK>
    <TLINK comment="" id="13" relType="BEFORE">
      <source id="16" />
      <target id="15" />
    </TLINK>
    <TLINK comment="" id="14" relType="AFTER">
      <source id="17" />
      <target id="6" />
    </TLINK>
    <TLINK comment="" id="15" relType="DURING">
      <source id="18" />
      <target id="19" />
    </TLINK>
    <TLINK comment="" id="16" relType="AFTER">
      <source id="19" />
      <target id="20" />
    </TLINK>
    <TLINK comment="" id="17" relType="BEFORE">
      <source id="21" />
      <target id="20" />
    </TLINK>
  </Relations>
  <token id="1" number="0" sentence="0">The</token>
  <token id="2" number="1" sentence="0">US</token>
  <token id="3" number="2" sentence="0">is</token>
  <token id="4" number="3" sentence="0">bolstering</token>
  <token id="5" number="4" sentence="0">its</token>
  <token id="6" number="5" sentence="0">military</token>
  <token id="7" number="6" sentence="0">presence</token>
  <token id="8" number="7" sentence="0">in</token>
  <token id="9" number="8" sentence="0">the</token>
  <token id="10" number="9" sentence="0">gulf</token>
  <token id="11" number="10" sentence="0">,</token>
  <token id="12" number="11" sentence="0">as</token>
  <token id="13" number="12" sentence="0">President</token>
  <token id="14" number="13" sentence="0">Clinton</token>
  <token id="15" number="14" sentence="0">discussed</token>
  <token id="16" number="15" sentence="0">the</token>
  <token id="17" number="16" sentence="0">Iraq</token>
  <token id="18" number="17" sentence="0">crisis</token>
  <token id="19" number="18" sentence="0">with</token>
  <token id="20" number="19" sentence="0">the</token>
  <token id="21" number="20" sentence="0">one</token>
  <token id="22" number="21" sentence="0">ally</token>
  <token id="23" number="22" sentence="0">who</token>
  <token id="24" number="23" sentence="0">has</token>
  <token id="25" number="24" sentence="0">backed</token>
  <token id="26" number="25" sentence="0">his</token>
  <token id="27" number="26" sentence="0">threat</token>
  <token id="28" number="27" sentence="0">of</token>
  <token id="29" number="28" sentence="0">force</token>
  <token id="30" number="29" sentence="0">,</token>
  <token id="31" number="30" sentence="0">British</token>
  <token id="32" number="31" sentence="0">prime</token>
  <token id="33" number="32" sentence="0">minister</token>
  <token id="34" number="33" sentence="0">Tony</token>
  <token id="35" number="34" sentence="0">Blair</token>
  <token id="36" number="35" sentence="0">.</token>
  <token id="37" number="36" sentence="1">The</token>
  <token id="38" number="37" sentence="1">World</token>
  <token id="39" number="38" sentence="1">'s</token>
  <token id="40" number="39" sentence="1">Nancy</token>
  <token id="41" number="40" sentence="1">Marshall</token>
  <token id="42" number="41" sentence="1">reports</token>
  <token id="43" number="42" sentence="1">on</token>
  <token id="44" number="43" sentence="1">Mr.</token>
  <token id="45" number="44" sentence="1">Blair</token>
  <token id="46" number="45" sentence="1">'s</token>
  <token id="47" number="46" sentence="1">current</token>
  <token id="48" number="47" sentence="1">visit</token>
  <token id="49" number="48" sentence="1">to</token>
  <token id="50" number="49" sentence="1">Washington</token>
  <token id="51" number="50" sentence="1">and</token>
  <token id="52" number="51" sentence="1">the</token>
  <token id="53" number="52" sentence="1">special</token>
  <token id="54" number="53" sentence="1">relationship</token>
  <token id="55" number="54" sentence="1">between</token>
  <token id="56" number="55" sentence="1">the</token>
  <token id="57" number="56" sentence="1">two</token>
  <token id="58" number="57" sentence="1">leaders</token>
  <token id="59" number="58" sentence="1">.</token>
  <token id="60" number="59" sentence="2">President</token>
  <token id="61" number="60" sentence="2">Clinton</token>
  <token id="62" number="61" sentence="2">rolled</token>
  <token id="63" number="62" sentence="2">out</token>
  <token id="64" number="63" sentence="2">the</token>
  <token id="65" number="64" sentence="2">red</token>
  <token id="66" number="65" sentence="2">carpet</token>
  <token id="67" number="66" sentence="2">for</token>
  <token id="68" number="67" sentence="2">prime</token>
  <token id="69" number="68" sentence="2">minister</token>
  <token id="70" number="69" sentence="2">Blair</token>
  <token id="71" number="70" sentence="2">,</token>
  <token id="72" number="71" sentence="2">welcoming</token>
  <token id="73" number="72" sentence="2">him</token>
  <token id="74" number="73" sentence="2">not</token>
  <token id="75" number="74" sentence="2">only</token>
  <token id="76" number="75" sentence="2">as</token>
  <token id="77" number="76" sentence="2">a</token>
  <token id="78" number="77" sentence="2">close</token>
  <token id="79" number="78" sentence="2">ally</token>
  <token id="80" number="79" sentence="2">,</token>
  <token id="81" number="80" sentence="2">but</token>
  <token id="82" number="81" sentence="2">a</token>
  <token id="83" number="82" sentence="2">close</token>
  <token id="84" number="83" sentence="2">friend</token>
  <token id="85" number="84" sentence="2">.</token>
  <token id="86" number="85" sentence="3">Posing</token>
  <token id="87" number="86" sentence="3">for</token>
  <token id="88" number="87" sentence="3">photographers</token>
  <token id="89" number="88" sentence="3">with</token>
  <token id="90" number="89" sentence="3">Clinton</token>
  <token id="91" number="90" sentence="3">,</token>
  <token id="92" number="91" sentence="3">Blair</token>
  <token id="93" number="92" sentence="3">pledged</token>
  <token id="94" number="93" sentence="3">to</token>
  <token id="95" number="94" sentence="3">stand</token>
  <token id="96" number="95" sentence="3">united</token>
  <token id="97" number="96" sentence="3">with</token>
  <token id="98" number="97" sentence="3">the</token>
  <token id="99" number="98" sentence="3">president</token>
  <token id="100" number="99" sentence="3">against</token>
  <token id="101" number="100" sentence="3">Iraq</token>
  <token id="102" number="101" sentence="3">,</token>
  <token id="103" number="102" sentence="3">warning</token>
  <token id="104" number="103" sentence="3">Saddam</token>
  <token id="105" number="104" sentence="3">Hussein</token>
  <token id="106" number="105" sentence="3">that</token>
  <token id="107" number="106" sentence="3">the</token>
  <token id="108" number="107" sentence="3">threat</token>
  <token id="109" number="108" sentence="3">of</token>
  <token id="110" number="109" sentence="3">force</token>
  <token id="111" number="110" sentence="3">is</token>
  <token id="112" number="111" sentence="3">real</token>
  <token id="113" number="112" sentence="3">.</token>
  <token id="114" number="113" sentence="4">The</token>
  <token id="115" number="114" sentence="4">British</token>
  <token id="116" number="115" sentence="4">aircraft</token>
  <token id="117" number="116" sentence="4">carrier</token>
  <token id="118" number="117" sentence="4">invincible</token>
  <token id="119" number="118" sentence="4">is</token>
  <token id="120" number="119" sentence="4">now</token>
  <token id="121" number="120" sentence="4">patrolling</token>
  <token id="122" number="121" sentence="4">the</token>
  <token id="123" number="122" sentence="4">Persian</token>
  <token id="124" number="123" sentence="4">Gulf</token>
  <token id="125" number="124" sentence="4">alongside</token>
  <token id="126" number="125" sentence="4">three</token>
  <token id="127" number="126" sentence="4">US</token>
  <token id="128" number="127" sentence="4">vessels</token>
  <token id="129" number="128" sentence="4">.</token>
  <token id="130" number="129" sentence="5">Washington</token>
  <token id="131" number="130" sentence="5">and</token>
  <token id="132" number="131" sentence="5">London</token>
  <token id="133" number="132" sentence="5">are</token>
  <token id="134" number="133" sentence="5">virtually</token>
  <token id="135" number="134" sentence="5">alone</token>
  <token id="136" number="135" sentence="5">in</token>
  <token id="137" number="136" sentence="5">warning</token>
  <token id="138" number="137" sentence="5">Iraq</token>
  <token id="139" number="138" sentence="5">of</token>
  <token id="140" number="139" sentence="5">military</token>
  <token id="141" number="140" sentence="5">strikes</token>
  <token id="142" number="141" sentence="5">if</token>
  <token id="143" number="142" sentence="5">it</token>
  <token id="144" number="143" sentence="5">does</token>
  <token id="145" number="144" sentence="5">n't</token>
  <token id="146" number="145" sentence="5">back</token>
  <token id="147" number="146" sentence="5">down</token>
  <token id="148" number="147" sentence="5">on</token>
  <token id="149" number="148" sentence="5">the</token>
  <token id="150" number="149" sentence="5">weapons</token>
  <token id="151" number="150" sentence="5">inspection</token>
  <token id="152" number="151" sentence="5">issue</token>
  <token id="153" number="152" sentence="5">.</token>
  <token id="154" number="153" sentence="6">President</token>
  <token id="155" number="154" sentence="6">Clinton</token>
  <token id="156" number="155" sentence="6">says</token>
  <token id="157" number="156" sentence="6">he</token>
  <token id="158" number="157" sentence="6">and</token>
  <token id="159" number="158" sentence="6">Blair</token>
  <token id="160" number="159" sentence="6">will</token>
  <token id="161" number="160" sentence="6">stand</token>
  <token id="162" number="161" sentence="6">together</token>
  <token id="163" number="162" sentence="6">not</token>
  <token id="164" number="163" sentence="6">just</token>
  <token id="165" number="164" sentence="6">on</token>
  <token id="166" number="165" sentence="6">Iraq</token>
  <token id="167" number="166" sentence="6">but</token>
  <token id="168" number="167" sentence="6">also</token>
  <token id="169" number="168" sentence="6">on</token>
  <token id="170" number="169" sentence="6">arresting</token>
  <token id="171" number="170" sentence="6">the</token>
  <token id="172" number="171" sentence="6">terrorists</token>
  <token id="173" number="172" sentence="6">suspected</token>
  <token id="174" number="173" sentence="6">of</token>
  <token id="175" number="174" sentence="6">blowing</token>
  <token id="176" number="175" sentence="6">up</token>
  <token id="177" number="176" sentence="6">Pan</token>
  <token id="178" number="177" sentence="6">Am</token>
  <token id="179" number="178" sentence="6">flight</token>
  <token id="180" number="179" sentence="6">one</token>
  <token id="181" number="180" sentence="6">oh</token>
  <token id="182" number="181" sentence="6">three</token>
  <token id="183" number="182" sentence="6">over</token>
  <token id="184" number="183" sentence="6">Scotland</token>
  <token id="185" number="184" sentence="6">.</token>
  <token id="186" number="185" sentence="7">For</token>
  <token id="187" number="186" sentence="7">The</token>
  <token id="188" number="187" sentence="7">World</token>
  <token id="189" number="188" sentence="7">I</token>
  <token id="190" number="189" sentence="7">'m</token>
  <token id="191" number="190" sentence="7">Nancy</token>
  <token id="192" number="191" sentence="7">Marshall</token>
  <token id="193" number="192" sentence="7">in</token>
  <token id="194" number="193" sentence="7">Washington</token>
  <token id="195" number="194" sentence="7">.</token>
</Document>
