<Document doc_name="VOA19980303.1600.2745">
  <Markables>
    <TIMEX3 RELATED_TO="" TAG_DESCRIPTOR="Empty_Mark" beginPoint="" comment="" endPoint="" freq="" functionInDocument="CREATION_TIME" id="0" quant="" type="DATE" value="1998-03-03" />
    <EVENT aspect="NONE" certainty="" class="OCCURRENCE" comment="" factuality="" id="1" modality="NONE" polarity="POS" pos="NOUN" tense="NONE">
      <token_anchor id="3" />
    </EVENT>
    <EVENT aspect="NONE" certainty="" class="OCCURRENCE" comment="" factuality="" id="2" modality="NONE" polarity="POS" pos="NOUN" tense="NONE">
      <token_anchor id="10" />
    </EVENT>
    <EVENT aspect="NONE" certainty="" class="REPORTING" comment="" factuality="" id="3" modality="NONE" polarity="POS" pos="VERB" tense="PASTPART">
      <token_anchor id="24" />
    </EVENT>
    <EVENT aspect="PROGRESSIVE" certainty="" class="OCCURRENCE" comment="" factuality="" id="4" modality="NONE" polarity="POS" pos="VERB" tense="PRESENT">
      <token_anchor id="31" />
    </EVENT>
    <EVENT aspect="NONE" certainty="" class="REPORTING" comment="" factuality="" id="5" modality="NONE" polarity="POS" pos="VERB" tense="PRESENT">
      <token_anchor id="41" />
    </EVENT>
    <EVENT aspect="PERFECTIVE" certainty="" class="OCCURRENCE" comment="" factuality="" id="6" modality="NONE" polarity="POS" pos="NOUN" tense="PRESENT">
      <token_anchor id="47" />
    </EVENT>
    <EVENT aspect="NONE" certainty="" class="OCCURRENCE" comment="" factuality="" id="7" modality="NONE" polarity="POS" pos="NOUN" tense="NONE">
      <token_anchor id="50" />
    </EVENT>
    <TIMEX3 anchorTimeID="0" beginPoint="" comment="" endPoint="" freq="" functionInDocument="NONE" id="8" quant="" type="DATE" value="1997">
      <token_anchor id="59" />
      <token_anchor id="60" />
      <token_anchor id="61" />
    </TIMEX3>
    <EVENT aspect="PROGRESSIVE" certainty="" class="OCCURRENCE" comment="" factuality="" id="9" modality="NONE" polarity="POS" pos="VERB" tense="PRESENT">
      <token_anchor id="68" />
    </EVENT>
    <EVENT aspect="NONE" certainty="" class="OCCURRENCE" comment="" factuality="" id="10" modality="NONE" polarity="POS" pos="VERB" tense="INFINITIVE">
      <token_anchor id="72" />
    </EVENT>
    <EVENT aspect="PERFECTIVE" certainty="" class="OCCURRENCE" comment="" factuality="" id="11" modality="NONE" polarity="POS" pos="VERB" tense="PRESENT">
      <token_anchor id="110" />
    </EVENT>
    <TIMEX3 anchorTimeID="0" beginPoint="" comment="" endPoint="" freq="" functionInDocument="NONE" id="12" quant="" type="DATE" value="PAST_REF">
      <token_anchor id="119" />
      <token_anchor id="120" />
    </TIMEX3>
    <EVENT aspect="PERFECTIVE" certainty="" class="I_ACTION" comment="" factuality="" id="13" modality="NONE" polarity="POS" pos="VERB" tense="PRESENT">
      <token_anchor id="123" />
    </EVENT>
    <EVENT aspect="NONE" certainty="" class="OCCURRENCE" comment="" factuality="" id="14" modality="NONE" polarity="POS" pos="NOUN" tense="NONE">
      <token_anchor id="125" />
    </EVENT>
    <EVENT aspect="NONE" certainty="" class="I_ACTION" comment="" factuality="" id="15" modality="NONE" polarity="POS" pos="VERB" tense="PRESENT">
      <token_anchor id="162" />
    </EVENT>
    <EVENT aspect="NONE" certainty="" class="OCCURRENCE" comment="" factuality="" id="16" modality="NONE" polarity="POS" pos="VERB" tense="PAST">
      <token_anchor id="166" />
    </EVENT>
    <TIMEX3 anchorTimeID="0" beginPoint="" comment="" endPoint="" freq="" functionInDocument="NONE" id="17" quant="" type="DATE" value="1997">
      <token_anchor id="168" />
      <token_anchor id="169" />
    </TIMEX3>
    <EVENT aspect="NONE" certainty="" class="OCCURRENCE" comment="" factuality="" id="18" modality="NONE" polarity="POS" pos="VERB" tense="PRESPART">
      <token_anchor id="173" />
    </EVENT>
    <EVENT aspect="NONE" certainty="" class="REPORTING" comment="" factuality="" id="19" modality="NONE" polarity="POS" pos="VERB" tense="PRESENT">
      <token_anchor id="179" />
    </EVENT>
    <EVENT aspect="NONE" certainty="" class="OCCURRENCE" comment="" factuality="" id="20" modality="NONE" polarity="POS" pos="NOUN" tense="NONE">
      <token_anchor id="181" />
    </EVENT>
    <EVENT aspect="NONE" certainty="" class="STATE" comment="" factuality="" id="21" modality="NONE" polarity="POS" pos="VERB" tense="PRESENT">
      <token_anchor id="183" />
    </EVENT>
    <C-SIGNAL id="22">
      <token_anchor id="184" />
    </C-SIGNAL>
    <EVENT aspect="NONE" certainty="" class="OCCURRENCE" comment="" factuality="" id="23" modality="NONE" polarity="POS" pos="VERB" tense="PRESENT">
      <token_anchor id="190" />
    </EVENT>
    <EVENT aspect="PERFECTIVE" certainty="" class="PERCEPTION" comment="" factuality="" id="24" modality="NONE" polarity="POS" pos="VERB" tense="PRESENT">
      <token_anchor id="201" />
    </EVENT>
    <EVENT aspect="NONE" certainty="" class="OCCURRENCE" comment="" factuality="" id="25" modality="NONE" polarity="POS" pos="VERB" tense="PRESPART">
      <token_anchor id="205" />
    </EVENT>
    <TIMEX3 beginPoint="" comment="" endPoint="" freq="" functionInDocument="NONE" id="26" quant="" type="DATE" value="199">
      <token_anchor id="207" />
      <token_anchor id="208" />
    </TIMEX3>
    <TIMEX3 anchorTimeID="17" beginPoint="" comment="" endPoint="" freq="" functionInDocument="NONE" id="27" quant="" type="DATE" value="1998">
      <token_anchor id="212" />
      <token_anchor id="213" />
    </TIMEX3>
    <EVENT aspect="NONE" certainty="" class="OCCURRENCE" comment="" factuality="" id="28" modality="NONE" polarity="POS" pos="VERB" tense="PAST">
      <token_anchor id="215" />
    </EVENT>
    <EVENT aspect="NONE" certainty="" class="OCCURRENCE" comment="" factuality="" id="29" modality="NONE" polarity="POS" pos="NOUN" tense="NONE">
      <token_anchor id="224" />
    </EVENT>
    <EVENT aspect="NONE" certainty="" class="REPORTING" comment="" factuality="" id="30" modality="NONE" polarity="POS" pos="VERB" tense="PRESENT">
      <token_anchor id="228" />
    </EVENT>
    <EVENT aspect="PERFECTIVE" certainty="" class="OCCURRENCE" comment="" factuality="" id="31" modality="NONE" polarity="POS" pos="VERB" tense="PRESENT">
      <token_anchor id="236" />
    </EVENT>
    <EVENT aspect="PROGRESSIVE" certainty="" class="I_STATE" comment="" factuality="" id="32" modality="NONE" polarity="POS" pos="VERB" tense="PRESENT">
      <token_anchor id="240" />
    </EVENT>
    <EVENT aspect="NONE" certainty="" class="I_STATE" comment="" factuality="" id="33" modality="NONE" polarity="POS" pos="ADJECTIVE" tense="NONE">
      <token_anchor id="242" />
    </EVENT>
    <EVENT aspect="NONE" certainty="" class="OCCURRENCE" comment="" factuality="" id="34" modality="NONE" polarity="POS" pos="NOUN" tense="NONE">
      <token_anchor id="249" />
    </EVENT>
    <EVENT aspect="PERFECTIVE" certainty="" class="I_STATE" comment="" factuality="" id="35" modality="NONE" polarity="POS" pos="VERB" tense="PRESENT">
      <token_anchor id="266" />
    </EVENT>
    <EVENT aspect="NONE" certainty="" class="OCCURRENCE" comment="" factuality="" id="36" modality="NONE" polarity="POS" pos="VERB" tense="INFINITIVE">
      <token_anchor id="271" />
    </EVENT>
    <EVENT aspect="NONE" certainty="" class="STATE" comment="" factuality="" id="37" modality="NONE" polarity="POS" pos="VERB" tense="INFINITIVE">
      <token_anchor id="275" />
    </EVENT>
    <EVENT aspect="PERFECTIVE" certainty="" class="I_STATE" comment="" factuality="" id="38" modality="NONE" polarity="POS" pos="VERB" tense="PRESENT">
      <token_anchor id="316" />
    </EVENT>
    <TIMEX3 beginPoint="" comment="" endPoint="" freq="" functionInDocument="NONE" id="39" quant="" type="SET" value="P1Y">
      <token_anchor id="332" />
      <token_anchor id="333" />
    </TIMEX3>
    <EVENT aspect="NONE" certainty="" class="OCCURRENCE" comment="" factuality="" id="40" modality="NONE" polarity="POS" pos="VERB" tense="PAST">
      <token_anchor id="334" />
    </EVENT>
    <EVENT aspect="PROGRESSIVE" certainty="" class="OCCURRENCE" comment="" factuality="" id="41" modality="NONE" polarity="POS" pos="VERB" tense="PRESENT">
      <token_anchor id="350" />
    </EVENT>
    <EVENT aspect="NONE" certainty="" class="REPORTING" comment="" factuality="" id="42" modality="NONE" polarity="POS" pos="VERB" tense="PRESENT">
      <token_anchor id="377" />
    </EVENT>
    <EVENT aspect="NONE" certainty="" class="OCCURRENCE" comment="" factuality="" id="43" modality="NONE" polarity="POS" pos="VERB" tense="PRESENT">
      <token_anchor id="383" />
    </EVENT>
    <EVENT aspect="NONE" certainty="" class="I_STATE" comment="" factuality="" id="44" modality="NONE" polarity="POS" pos="NOUN" tense="NONE">
      <token_anchor id="389" />
    </EVENT>
    <TIMEX3 beginPoint="" comment="" endPoint="" freq="" functionInDocument="NONE" id="45" quant="" type="DATE" value="2000">
      <token_anchor id="391" />
      <token_anchor id="392" />
      <token_anchor id="393" />
      <token_anchor id="394" />
    </TIMEX3>
    <EVENT aspect="NONE" certainty="" class="I_STATE" comment="" factuality="" id="46" modality="NONE" polarity="POS" pos="VERB" tense="PRESENT">
      <token_anchor id="413" />
    </EVENT>
    <EVENT aspect="NONE" certainty="" class="I_STATE" comment="" factuality="" id="47" modality="NONE" polarity="POS" pos="VERB" tense="PRESENT">
      <token_anchor id="421" />
    </EVENT>
    <EVENT aspect="PROGRESSIVE" certainty="" class="I_STATE" comment="" factuality="" id="48" modality="NONE" polarity="POS" pos="VERB" tense="PRESENT">
      <token_anchor id="427" />
    </EVENT>
    <EVENT aspect="NONE" certainty="" class="I_ACTION" comment="" factuality="" id="49" modality="NONE" polarity="POS" pos="VERB" tense="PRESPART">
      <token_anchor id="445" />
    </EVENT>
    <EVENT aspect="NONE" certainty="" class="OCCURRENCE" comment="" factuality="" id="50" modality="NONE" polarity="POS" pos="VERB" tense="INFINITIVE">
      <token_anchor id="447" />
    </EVENT>
    <EVENT aspect="NONE" certainty="" class="REPORTING" comment="" factuality="" id="51" modality="NONE" polarity="POS" pos="VERB" tense="PRESENT">
      <token_anchor id="454" />
    </EVENT>
    <EVENT aspect="NONE" certainty="" class="OCCURRENCE" comment="" factuality="" id="52" modality="NONE" polarity="POS" pos="VERB" tense="PRESENT">
      <token_anchor id="467" />
    </EVENT>
    <C-SIGNAL id="53">
      <token_anchor id="471" />
      <token_anchor id="472" />
      <token_anchor id="473" />
      <token_anchor id="474" />
    </C-SIGNAL>
    <EVENT aspect="NONE" certainty="" class="I_STATE" comment="" factuality="" id="54" modality="NONE" polarity="POS" pos="NOUN" tense="NONE">
      <token_anchor id="476" />
    </EVENT>
    <EVENT aspect="NONE" certainty="" class="OCCURRENCE" comment="" factuality="" id="55" modality="NONE" polarity="POS" pos="VERB" tense="INFINITIVE">
      <token_anchor id="478" />
    </EVENT>
    <EVENT aspect="NONE" certainty="" class="REPORTING" comment="" factuality="" id="56" modality="NONE" polarity="POS" pos="VERB" tense="PRESENT">
      <token_anchor id="490" />
    </EVENT>
    <EVENT aspect="NONE" certainty="" class="OCCURRENCE" comment="" factuality="" id="57" modality="NONE" polarity="POS" pos="VERB" tense="PAST">
      <token_anchor id="492" />
    </EVENT>
    <EVENT aspect="NONE" certainty="" class="REPORTING" comment="" factuality="" id="58" modality="NONE" polarity="POS" pos="NOUN" tense="NONE">
      <token_anchor id="497" />
    </EVENT>
    <EVENT aspect="NONE" certainty="" class="OCCURRENCE" comment="" factuality="" id="59" modality="NONE" polarity="POS" pos="NOUN" tense="NONE">
      <token_anchor id="501" />
    </EVENT>
    <TIMEX3 anchorTimeID="0" beginPoint="" comment="" endPoint="" freq="" functionInDocument="NONE" id="60" quant="" type="DATE" value="1997">
      <token_anchor id="502" />
      <token_anchor id="503" />
    </TIMEX3>
    <EVENT aspect="NONE" certainty="" class="REPORTING" comment="" factuality="" id="61" modality="NONE" polarity="POS" pos="VERB" tense="PRESENT">
      <token_anchor id="508" />
    </EVENT>
    <EVENT aspect="NONE" certainty="" class="OCCURRENCE" comment="" factuality="" id="62" modality="none" polarity="POS" pos="VERB" tense="INFINITIVE">
      <token_anchor id="514" />
    </EVENT>
    <C-SIGNAL id="63">
      <token_anchor id="515" />
    </C-SIGNAL>
    <TIMEX3 anchorTimeID="0" beginPoint="" comment="" endPoint="" freq="" functionInDocument="NONE" id="64" quant="" type="DATE" value="PRESENT_REF">
      <token_anchor id="519" />
    </TIMEX3>
    <EVENT aspect="PROGRESSIVE" certainty="" class="ASPECTUAL" comment="" factuality="" id="65" modality="NONE" polarity="POS" pos="VERB" tense="PRESENT">
      <token_anchor id="520" />
    </EVENT>
    <EVENT aspect="NONE" certainty="" class="REPORTING" comment="" factuality="" id="66" modality="NONE" polarity="POS" pos="NOUN" tense="NONE">
      <token_anchor id="524" />
    </EVENT>
    <EVENT aspect="NONE" certainty="" class="OCCURRENCE" comment="" factuality="" id="67" modality="NONE" polarity="POS" pos="NOUN" tense="NONE">
      <token_anchor id="526" />
    </EVENT>
    <EVENT aspect="PERFECTIVE" certainty="" class="REPORTING" comment="" factuality="" id="68" modality="NONE" polarity="POS" pos="VERB" tense="PRESENT">
      <token_anchor id="529" />
    </EVENT>
    <TIMEX3 anchorTimeID="0" beginPoint="" comment="" endPoint="" freq="" functionInDocument="NONE" id="69" quant="" type="DATE" value="PAST_REF">
      <token_anchor id="531" />
      <token_anchor id="532" />
    </TIMEX3>
  </Markables>
  <Relations>
    <TLINK comment="" id="1" relType="BEFORE">
      <source id="1" />
      <target id="0" />
    </TLINK>
    <TLINK comment="" id="2" relType="IDENTITY">
      <source id="2" />
      <target id="1" />
    </TLINK>
    <TLINK comment="" id="3" relType="BEFORE">
      <source id="3" />
      <target id="0" />
    </TLINK>
    <TLINK comment="" id="4" relType="INCLUDES">
      <source id="4" />
      <target id="0" />
    </TLINK>
    <TLINK comment="" id="5" relType="IDENTITY">
      <source id="4" />
      <target id="9" />
    </TLINK>
    <TLINK comment="" id="6" relType="BEFORE">
      <source id="5" />
      <target id="0" />
    </TLINK>
    <TLINK comment="" id="7" relType="IS_INCLUDED">
      <source id="6" />
      <target id="7" />
    </TLINK>
    <TLINK comment="" id="8" relType="DURING">
      <source id="6" />
      <target id="8" />
    </TLINK>
    <TLINK comment="" id="9" relType="BEFORE">
      <source id="11" />
      <target id="0" />
    </TLINK>
    <TLINK comment="" id="10" relType="BEFORE">
      <source id="11" />
      <target id="5" />
    </TLINK>
    <TLINK comment="" id="11" relType="INCLUDES">
      <source id="12" />
      <target id="13" />
    </TLINK>
    <TLINK comment="" id="12" relType="SIMULTANEOUS">
      <source id="15" />
      <target id="5" />
    </TLINK>
    <TLINK comment="" id="13" relType="IS_INCLUDED">
      <source id="16" />
      <target id="17" />
    </TLINK>
    <TLINK comment="" id="14" relType="BEFORE">
      <source id="18" />
      <target id="16" />
    </TLINK>
    <TLINK comment="" id="15" relType="IDENTITY">
      <source id="19" />
      <target id="5" />
    </TLINK>
    <TLINK comment="" id="16" relType="IDENTITY">
      <source id="20" />
      <target id="16" />
    </TLINK>
    <CLINK c-signalID="22" comment="" id="17">
      <source id="23" />
      <target id="21" />
    </CLINK>
    <TLINK comment="" id="18" relType="DURING">
      <source id="25" />
      <target id="26" />
    </TLINK>
    <TLINK comment="" id="19" relType="DURING">
      <source id="27" />
      <target id="28" />
    </TLINK>
    <TLINK comment="" id="20" relType="IDENTITY">
      <source id="29" />
      <target id="28" />
    </TLINK>
    <TLINK comment="" id="21" relType="IDENTITY">
      <source id="30" />
      <target id="19" />
    </TLINK>
    <TLINK comment="" id="22" relType="ENDED_BY">
      <source id="32" />
      <target id="33" />
    </TLINK>
    <TLINK comment="" id="23" relType="BEFORE">
      <source id="35" />
      <target id="0" />
    </TLINK>
    <TLINK comment="" id="24" relType="SIMULTANEOUS">
      <source id="38" />
      <target id="35" />
    </TLINK>
    <TLINK comment="" id="25" relType="IS_INCLUDED">
      <source id="40" />
      <target id="39" />
    </TLINK>
    <TLINK comment="" id="26" relType="INCLUDES">
      <source id="41" />
      <target id="0" />
    </TLINK>
    <TLINK comment="" id="27" relType="IDENTITY">
      <source id="42" />
      <target id="30" />
    </TLINK>
    <TLINK comment="" id="28" relType="BEFORE">
      <source id="44" />
      <target id="46" />
    </TLINK>
    <TLINK comment="" id="29" relType="INCLUDES">
      <source id="46" />
      <target id="47" />
    </TLINK>
    <TLINK comment="" id="30" relType="SIMULTANEOUS">
      <source id="49" />
      <target id="50" />
    </TLINK>
    <TLINK comment="" id="31" relType="IS_INCLUDED">
      <source id="51" />
      <target id="42" />
    </TLINK>
    <TLINK comment="" id="32" relType="BEFORE">
      <source id="54" />
      <target id="52" />
    </TLINK>
    <CLINK c-signalID="53" comment="" id="33">
      <source id="54" />
      <target id="52" />
    </CLINK>
    <TLINK comment="" id="34" relType="SIMULTANEOUS">
      <source id="56" />
      <target id="42" />
    </TLINK>
    <TLINK comment="" id="35" relType="BEFORE">
      <source id="57" />
      <target id="0" />
    </TLINK>
    <TLINK comment="" id="36" relType="BEFORE">
      <source id="58" />
      <target id="57" />
    </TLINK>
    <TLINK comment="" id="37" relType="IS_INCLUDED">
      <source id="59" />
      <target id="60" />
    </TLINK>
    <TLINK comment="" id="38" relType="SIMULTANEOUS">
      <source id="61" />
      <target id="56" />
    </TLINK>
    <TLINK comment="" id="39" relType="BEFORE">
      <source id="65" />
      <target id="62" />
    </TLINK>
    <TLINK comment="" id="40" relType="IS_INCLUDED">
      <source id="65" />
      <target id="64" />
    </TLINK>
    <CLINK c-signalID="63" comment="" id="41">
      <source id="65" />
      <target id="62" />
    </CLINK>
    <TLINK comment="" id="42" relType="BEFORE">
      <source id="68" />
      <target id="64" />
    </TLINK>
    <TLINK comment="" id="43" relType="BEFORE">
      <source id="68" />
      <target id="66" />
    </TLINK>
    <TLINK comment="" id="44" relType="IS_INCLUDED">
      <source id="68" />
      <target id="69" />
    </TLINK>
  </Relations>
  <token id="1" number="0" sentence="0">While</token>
  <token id="2" number="1" sentence="0">the</token>
  <token id="3" number="2" sentence="0">expansion</token>
  <token id="4" number="3" sentence="0">of</token>
  <token id="5" number="4" sentence="0">the</token>
  <token id="6" number="5" sentence="0">Internet</token>
  <token id="7" number="6" sentence="0">has</token>
  <token id="8" number="7" sentence="0">been</token>
  <token id="9" number="8" sentence="0">a</token>
  <token id="10" number="9" sentence="0">blessing</token>
  <token id="11" number="10" sentence="0">for</token>
  <token id="12" number="11" sentence="0">researchers</token>
  <token id="13" number="12" sentence="0">,</token>
  <token id="14" number="13" sentence="0">students</token>
  <token id="15" number="14" sentence="0">and</token>
  <token id="16" number="15" sentence="0">the</token>
  <token id="17" number="16" sentence="0">just</token>
  <token id="18" number="17" sentence="0">plain</token>
  <token id="19" number="18" sentence="0">curious</token>
  <token id="20" number="19" sentence="0">,</token>
  <token id="21" number="20" sentence="0">the</token>
  <token id="22" number="21" sentence="0">new</token>
  <token id="23" number="22" sentence="0">opportunities</token>
  <token id="24" number="23" sentence="0">mentioned</token>
  <token id="25" number="24" sentence="0">by</token>
  <token id="26" number="25" sentence="0">Mr.</token>
  <token id="27" number="26" sentence="0">Gates</token>
  <token id="28" number="27" sentence="0">are</token>
  <token id="29" number="28" sentence="0">also</token>
  <token id="30" number="29" sentence="0">being</token>
  <token id="31" number="30" sentence="0">used</token>
  <token id="32" number="31" sentence="0">by</token>
  <token id="33" number="32" sentence="0">some</token>
  <token id="34" number="33" sentence="0">rather</token>
  <token id="35" number="34" sentence="0">unsavory</token>
  <token id="36" number="35" sentence="0">characters</token>
  <token id="37" number="36" sentence="0">.</token>
  <token id="38" number="37" sentence="1">A</token>
  <token id="39" number="38" sentence="1">new</token>
  <token id="40" number="39" sentence="1">report</token>
  <token id="41" number="40" sentence="1">says</token>
  <token id="42" number="41" sentence="1">there</token>
  <token id="43" number="42" sentence="1">has</token>
  <token id="44" number="43" sentence="1">been</token>
  <token id="45" number="44" sentence="1">a</token>
  <token id="46" number="45" sentence="1">dramatic</token>
  <token id="47" number="46" sentence="1">rise</token>
  <token id="48" number="47" sentence="1">in</token>
  <token id="49" number="48" sentence="1">the</token>
  <token id="50" number="49" sentence="1">growth</token>
  <token id="51" number="50" sentence="1">of</token>
  <token id="52" number="51" sentence="1">hate</token>
  <token id="53" number="52" sentence="1">groups</token>
  <token id="54" number="53" sentence="1">in</token>
  <token id="55" number="54" sentence="1">the</token>
  <token id="56" number="55" sentence="1">United</token>
  <token id="57" number="56" sentence="1">States</token>
  <token id="58" number="57" sentence="1">over</token>
  <token id="59" number="58" sentence="1">the</token>
  <token id="60" number="59" sentence="1">past</token>
  <token id="61" number="60" sentence="1">year</token>
  <token id="62" number="61" sentence="1">.</token>
  <token id="63" number="62" sentence="2">And</token>
  <token id="64" number="63" sentence="2">many</token>
  <token id="65" number="64" sentence="2">of</token>
  <token id="66" number="65" sentence="2">them</token>
  <token id="67" number="66" sentence="2">are</token>
  <token id="68" number="67" sentence="2">using</token>
  <token id="69" number="68" sentence="2">the</token>
  <token id="70" number="69" sentence="2">Internet</token>
  <token id="71" number="70" sentence="2">to</token>
  <token id="72" number="71" sentence="2">spread</token>
  <token id="73" number="72" sentence="2">their</token>
  <token id="74" number="73" sentence="2">messages</token>
  <token id="75" number="74" sentence="2">of</token>
  <token id="76" number="75" sentence="2">racial</token>
  <token id="77" number="76" sentence="2">superiority</token>
  <token id="78" number="77" sentence="2">.</token>
  <token id="79" number="78" sentence="3">VOA</token>
  <token id="80" number="79" sentence="3">'s</token>
  <token id="81" number="80" sentence="3">Jim</token>
  <token id="82" number="81" sentence="3">Teple</token>
  <token id="83" number="82" sentence="3">has</token>
  <token id="84" number="83" sentence="3">details</token>
  <token id="85" number="84" sentence="3">from</token>
  <token id="86" number="85" sentence="3">our</token>
  <token id="87" number="86" sentence="3">southeast</token>
  <token id="88" number="87" sentence="3">news</token>
  <token id="89" number="88" sentence="3">bureau</token>
  <token id="90" number="89" sentence="3">.</token>
  <token id="91" number="90" sentence="4">The</token>
  <token id="92" number="91" sentence="4">Southern</token>
  <token id="93" number="92" sentence="4">Poverty</token>
  <token id="94" number="93" sentence="4">Law</token>
  <token id="95" number="94" sentence="4">Center</token>
  <token id="96" number="95" sentence="4">,</token>
  <token id="97" number="96" sentence="4">a</token>
  <token id="98" number="97" sentence="4">civil</token>
  <token id="99" number="98" sentence="4">rights</token>
  <token id="100" number="99" sentence="4">monitoring</token>
  <token id="101" number="100" sentence="4">group</token>
  <token id="102" number="101" sentence="4">based</token>
  <token id="103" number="102" sentence="4">in</token>
  <token id="104" number="103" sentence="4">Montgomery</token>
  <token id="105" number="104" sentence="4">,</token>
  <token id="106" number="105" sentence="4">Alabama</token>
  <token id="107" number="106" sentence="4">,</token>
  <token id="108" number="107" sentence="4">has</token>
  <token id="109" number="108" sentence="4">long</token>
  <token id="110" number="109" sentence="4">monitored</token>
  <token id="111" number="110" sentence="4">such</token>
  <token id="112" number="111" sentence="4">groups</token>
  <token id="113" number="112" sentence="4">as</token>
  <token id="114" number="113" sentence="4">the</token>
  <token id="115" number="114" sentence="4">Ku</token>
  <token id="116" number="115" sentence="4">Klux</token>
  <token id="117" number="116" sentence="4">Klan</token>
  <token id="118" number="117" sentence="4">.</token>
  <token id="119" number="118" sentence="5">More</token>
  <token id="120" number="119" sentence="5">recently</token>
  <token id="121" number="120" sentence="5">it</token>
  <token id="122" number="121" sentence="5">has</token>
  <token id="123" number="122" sentence="5">followed</token>
  <token id="124" number="123" sentence="5">the</token>
  <token id="125" number="124" sentence="5">growth</token>
  <token id="126" number="125" sentence="5">of</token>
  <token id="127" number="126" sentence="5">the</token>
  <token id="128" number="127" sentence="5">militia</token>
  <token id="129" number="128" sentence="5">movement</token>
  <token id="130" number="129" sentence="5">and</token>
  <token id="131" number="130" sentence="5">church</token>
  <token id="132" number="131" sentence="5">groups</token>
  <token id="133" number="132" sentence="5">that</token>
  <token id="134" number="133" sentence="5">preach</token>
  <token id="135" number="134" sentence="5">a</token>
  <token id="136" number="135" sentence="5">message</token>
  <token id="137" number="136" sentence="5">of</token>
  <token id="138" number="137" sentence="5">white</token>
  <token id="139" number="138" sentence="5">supremacy</token>
  <token id="140" number="139" sentence="5">and</token>
  <token id="141" number="140" sentence="5">anti-semitism</token>
  <token id="142" number="141" sentence="5">.</token>
  <token id="143" number="142" sentence="6">The</token>
  <token id="144" number="143" sentence="6">new</token>
  <token id="145" number="144" sentence="6">study</token>
  <token id="146" number="145" sentence="6">written</token>
  <token id="147" number="146" sentence="6">by</token>
  <token id="148" number="147" sentence="6">Mark</token>
  <token id="149" number="148" sentence="6">Potach</token>
  <token id="150" number="149" sentence="6">,</token>
  <token id="151" number="150" sentence="6">who</token>
  <token id="152" number="151" sentence="6">edits</token>
  <token id="153" number="152" sentence="6">the</token>
  <token id="154" number="153" sentence="6">Southern</token>
  <token id="155" number="154" sentence="6">Poverty</token>
  <token id="156" number="155" sentence="6">Law</token>
  <token id="157" number="156" sentence="6">Center</token>
  <token id="158" number="157" sentence="6">'s</token>
  <token id="159" number="158" sentence="6">Intelligence</token>
  <token id="160" number="159" sentence="6">Report</token>
  <token id="161" number="160" sentence="6">,</token>
  <token id="162" number="161" sentence="6">warns</token>
  <token id="163" number="162" sentence="6">that</token>
  <token id="164" number="163" sentence="6">such</token>
  <token id="165" number="164" sentence="6">groups</token>
  <token id="166" number="165" sentence="6">grew</token>
  <token id="167" number="166" sentence="6">rapidly</token>
  <token id="168" number="167" sentence="6">last</token>
  <token id="169" number="168" sentence="6">year</token>
  <token id="170" number="169" sentence="6">,</token>
  <token id="171" number="170" sentence="6">mostly</token>
  <token id="172" number="171" sentence="6">by</token>
  <token id="173" number="172" sentence="6">recruiting</token>
  <token id="174" number="173" sentence="6">younger</token>
  <token id="175" number="174" sentence="6">members</token>
  <token id="176" number="175" sentence="6">.</token>
  <token id="177" number="176" sentence="7">Mr.</token>
  <token id="178" number="177" sentence="7">Potach</token>
  <token id="179" number="178" sentence="7">says</token>
  <token id="180" number="179" sentence="7">the</token>
  <token id="181" number="180" sentence="7">growth</token>
  <token id="182" number="181" sentence="7">is</token>
  <token id="183" number="182" sentence="7">surprising</token>
  <token id="184" number="183" sentence="7">since</token>
  <token id="185" number="184" sentence="7">membership</token>
  <token id="186" number="185" sentence="7">in</token>
  <token id="187" number="186" sentence="7">hate</token>
  <token id="188" number="187" sentence="7">groups</token>
  <token id="189" number="188" sentence="7">usually</token>
  <token id="190" number="189" sentence="7">declines</token>
  <token id="191" number="190" sentence="7">during</token>
  <token id="192" number="191" sentence="7">periods</token>
  <token id="193" number="192" sentence="7">of</token>
  <token id="194" number="193" sentence="7">economic</token>
  <token id="195" number="194" sentence="7">prosperity</token>
  <token id="196" number="195" sentence="7">.</token>
  <token id="197" number="196" sentence="8">We</token>
  <token id="198" number="197" sentence="8">in</token>
  <token id="199" number="198" sentence="8">fact</token>
  <token id="200" number="199" sentence="8">have</token>
  <token id="201" number="200" sentence="8">seen</token>
  <token id="202" number="201" sentence="8">hate</token>
  <token id="203" number="202" sentence="8">group</token>
  <token id="204" number="203" sentence="8">numbers</token>
  <token id="205" number="204" sentence="8">dropping</token>
  <token id="206" number="205" sentence="8">through</token>
  <token id="207" number="206" sentence="8">the</token>
  <token id="208" number="207" sentence="8">nineties</token>
  <token id="209" number="208" sentence="8">,</token>
  <token id="210" number="209" sentence="8">uh</token>
  <token id="211" number="210" sentence="8">but</token>
  <token id="212" number="211" sentence="8">this</token>
  <token id="213" number="212" sentence="8">year</token>
  <token id="214" number="213" sentence="8">they</token>
  <token id="215" number="214" sentence="8">jumped</token>
  <token id="216" number="215" sentence="8">up</token>
  <token id="217" number="216" sentence="8">uh</token>
  <token id="218" number="217" sentence="8">twenty</token>
  <token id="219" number="218" sentence="8">percent</token>
  <token id="220" number="219" sentence="8">,</token>
  <token id="221" number="220" sentence="8">quite</token>
  <token id="222" number="221" sentence="8">a</token>
  <token id="223" number="222" sentence="8">dramatic</token>
  <token id="224" number="223" sentence="8">rise</token>
  <token id="225" number="224" sentence="8">.</token>
  <token id="226" number="225" sentence="9">Mark</token>
  <token id="227" number="226" sentence="9">Potach</token>
  <token id="228" number="227" sentence="9">says</token>
  <token id="229" number="228" sentence="9">over</token>
  <token id="230" number="229" sentence="9">four</token>
  <token id="231" number="230" sentence="9">hundred</token>
  <token id="232" number="231" sentence="9">hate</token>
  <token id="233" number="232" sentence="9">groups</token>
  <token id="234" number="233" sentence="9">have</token>
  <token id="235" number="234" sentence="9">been</token>
  <token id="236" number="235" sentence="9">identified</token>
  <token id="237" number="236" sentence="9">and</token>
  <token id="238" number="237" sentence="9">many</token>
  <token id="239" number="238" sentence="9">are</token>
  <token id="240" number="239" sentence="9">becoming</token>
  <token id="241" number="240" sentence="9">increasingly</token>
  <token id="242" number="241" sentence="9">successful</token>
  <token id="243" number="242" sentence="9">at</token>
  <token id="244" number="243" sentence="9">recruiting</token>
  <token id="245" number="244" sentence="9">younger</token>
  <token id="246" number="245" sentence="9">members</token>
  <token id="247" number="246" sentence="9">through</token>
  <token id="248" number="247" sentence="9">the</token>
  <token id="249" number="248" sentence="9">use</token>
  <token id="250" number="249" sentence="9">of</token>
  <token id="251" number="250" sentence="9">Internet</token>
  <token id="252" number="251" sentence="9">web</token>
  <token id="253" number="252" sentence="9">pages</token>
  <token id="254" number="253" sentence="9">and</token>
  <token id="255" number="254" sentence="9">the</token>
  <token id="256" number="255" sentence="9">promotion</token>
  <token id="257" number="256" sentence="9">of</token>
  <token id="258" number="257" sentence="9">racist</token>
  <token id="259" number="258" sentence="9">rock</token>
  <token id="260" number="259" sentence="9">music</token>
  <token id="261" number="260" sentence="9">.</token>
  <token id="262" number="261" sentence="10">The</token>
  <token id="263" number="262" sentence="10">Internet</token>
  <token id="264" number="263" sentence="10">has</token>
  <token id="265" number="264" sentence="10">certainly</token>
  <token id="266" number="265" sentence="10">helped</token>
  <token id="267" number="266" sentence="10">uh</token>
  <token id="268" number="267" sentence="10">hate</token>
  <token id="269" number="268" sentence="10">mongers</token>
  <token id="270" number="269" sentence="10">to</token>
  <token id="271" number="270" sentence="10">organize</token>
  <token id="272" number="271" sentence="10">and</token>
  <token id="273" number="272" sentence="10">uh</token>
  <token id="274" number="273" sentence="10">to</token>
  <token id="275" number="274" sentence="10">feel</token>
  <token id="276" number="275" sentence="10">that</token>
  <token id="277" number="276" sentence="10">they</token>
  <token id="278" number="277" sentence="10">are</token>
  <token id="279" number="278" sentence="10">part</token>
  <token id="280" number="279" sentence="10">of</token>
  <token id="281" number="280" sentence="10">a</token>
  <token id="282" number="281" sentence="10">larger</token>
  <token id="283" number="282" sentence="10">community</token>
  <token id="284" number="283" sentence="10">,</token>
  <token id="285" number="284" sentence="10">even</token>
  <token id="286" number="285" sentence="10">if</token>
  <token id="287" number="286" sentence="10">uh</token>
  <token id="288" number="287" sentence="10">they</token>
  <token id="289" number="288" sentence="10">are</token>
  <token id="290" number="289" sentence="10">essentially</token>
  <token id="291" number="290" sentence="10">uh</token>
  <token id="292" number="291" sentence="10">,</token>
  <token id="293" number="292" sentence="10">you</token>
  <token id="294" number="293" sentence="10">know</token>
  <token id="295" number="294" sentence="10">,</token>
  <token id="296" number="295" sentence="10">angry</token>
  <token id="297" number="296" sentence="10">people</token>
  <token id="298" number="297" sentence="10">sitting</token>
  <token id="299" number="298" sentence="10">in</token>
  <token id="300" number="299" sentence="10">their</token>
  <token id="301" number="300" sentence="10">bedrooms</token>
  <token id="302" number="301" sentence="10">uh</token>
  <token id="303" number="302" sentence="10">all</token>
  <token id="304" number="303" sentence="10">alone</token>
  <token id="305" number="304" sentence="10">.</token>
  <token id="306" number="305" sentence="11">Uh</token>
  <token id="307" number="306" sentence="11">,</token>
  <token id="308" number="307" sentence="11">in</token>
  <token id="309" number="308" sentence="11">addition</token>
  <token id="310" number="309" sentence="11">,</token>
  <token id="311" number="310" sentence="11">white</token>
  <token id="312" number="311" sentence="11">power</token>
  <token id="313" number="312" sentence="11">racist</token>
  <token id="314" number="313" sentence="11">music</token>
  <token id="315" number="314" sentence="11">has</token>
  <token id="316" number="315" sentence="11">become</token>
  <token id="317" number="316" sentence="11">uh</token>
  <token id="318" number="317" sentence="11">quite</token>
  <token id="319" number="318" sentence="11">popular</token>
  <token id="320" number="319" sentence="11">in</token>
  <token id="321" number="320" sentence="11">certain</token>
  <token id="322" number="321" sentence="11">sectors</token>
  <token id="323" number="322" sentence="11">.</token>
  <token id="324" number="323" sentence="12">Uh</token>
  <token id="325" number="324" sentence="12">,</token>
  <token id="326" number="325" sentence="12">there</token>
  <token id="327" number="326" sentence="12">are</token>
  <token id="328" number="327" sentence="12">over</token>
  <token id="329" number="328" sentence="12">fifty</token>
  <token id="330" number="329" sentence="12">thousand</token>
  <token id="331" number="330" sentence="12">CDs</token>
  <token id="332" number="331" sentence="12">a</token>
  <token id="333" number="332" sentence="12">year</token>
  <token id="334" number="333" sentence="12">sold</token>
  <token id="335" number="334" sentence="12">with</token>
  <token id="336" number="335" sentence="12">uh</token>
  <token id="337" number="336" sentence="12">lyrics</token>
  <token id="338" number="337" sentence="12">that</token>
  <token id="339" number="338" sentence="12">are</token>
  <token id="340" number="339" sentence="12">quite</token>
  <token id="341" number="340" sentence="12">uh</token>
  <token id="342" number="341" sentence="12">unbelievable</token>
  <token id="343" number="342" sentence="12">.</token>
  <token id="344" number="343" sentence="13">Many</token>
  <token id="345" number="344" sentence="13">of</token>
  <token id="346" number="345" sentence="13">these</token>
  <token id="347" number="346" sentence="13">new</token>
  <token id="348" number="347" sentence="13">members</token>
  <token id="349" number="348" sentence="13">are</token>
  <token id="350" number="349" sentence="13">joining</token>
  <token id="351" number="350" sentence="13">chapters</token>
  <token id="352" number="351" sentence="13">of</token>
  <token id="353" number="352" sentence="13">the</token>
  <token id="354" number="353" sentence="13">so</token>
  <token id="355" number="354" sentence="13">called</token>
  <token id="356" number="355" sentence="13">Christian</token>
  <token id="357" number="356" sentence="13">Identity</token>
  <token id="358" number="357" sentence="13">Movement</token>
  <token id="359" number="358" sentence="13">which</token>
  <token id="360" number="359" sentence="13">cites</token>
  <token id="361" number="360" sentence="13">Biblical</token>
  <token id="362" number="361" sentence="13">scripture</token>
  <token id="363" number="362" sentence="13">as</token>
  <token id="364" number="363" sentence="13">a</token>
  <token id="365" number="364" sentence="13">foundation</token>
  <token id="366" number="365" sentence="13">for</token>
  <token id="367" number="366" sentence="13">a</token>
  <token id="368" number="367" sentence="13">belief</token>
  <token id="369" number="368" sentence="13">in</token>
  <token id="370" number="369" sentence="13">white</token>
  <token id="371" number="370" sentence="13">supremacy</token>
  <token id="372" number="371" sentence="13">and</token>
  <token id="373" number="372" sentence="13">anti-semitism</token>
  <token id="374" number="373" sentence="13">.</token>
  <token id="375" number="374" sentence="14">Mark</token>
  <token id="376" number="375" sentence="14">Potach</token>
  <token id="377" number="376" sentence="14">says</token>
  <token id="378" number="377" sentence="14">such</token>
  <token id="379" number="378" sentence="14">members</token>
  <token id="380" number="379" sentence="14">are</token>
  <token id="381" number="380" sentence="14">also</token>
  <token id="382" number="381" sentence="14">intensely</token>
  <token id="383" number="382" sentence="14">attracted</token>
  <token id="384" number="383" sentence="14">to</token>
  <token id="385" number="384" sentence="14">apocalyptical</token>
  <token id="386" number="385" sentence="14">fantasies</token>
  <token id="387" number="386" sentence="14">.</token>
  <token id="388" number="387" sentence="15">The</token>
  <token id="389" number="388" sentence="15">approach</token>
  <token id="390" number="389" sentence="15">of</token>
  <token id="391" number="390" sentence="15">the</token>
  <token id="392" number="391" sentence="15">year</token>
  <token id="393" number="392" sentence="15">two</token>
  <token id="394" number="393" sentence="15">thousand</token>
  <token id="395" number="394" sentence="15">has</token>
  <token id="396" number="395" sentence="15">many</token>
  <token id="397" number="396" sentence="15">of</token>
  <token id="398" number="397" sentence="15">these</token>
  <token id="399" number="398" sentence="15">groups</token>
  <token id="400" number="399" sentence="15">in</token>
  <token id="401" number="400" sentence="15">a</token>
  <token id="402" number="401" sentence="15">kind</token>
  <token id="403" number="402" sentence="15">of</token>
  <token id="404" number="403" sentence="15">millennial</token>
  <token id="405" number="404" sentence="15">frenzy</token>
  <token id="406" number="405" sentence="15">.</token>
  <token id="407" number="406" sentence="16">Uh</token>
  <token id="408" number="407" sentence="16">,</token>
  <token id="409" number="408" sentence="16">uh</token>
  <token id="410" number="409" sentence="16">a</token>
  <token id="411" number="410" sentence="16">-</token>
  <token id="412" number="411" sentence="16">they</token>
  <token id="413" number="412" sentence="16">believe</token>
  <token id="414" number="413" sentence="16">,</token>
  <token id="415" number="414" sentence="16">or</token>
  <token id="416" number="415" sentence="16">at</token>
  <token id="417" number="416" sentence="16">least</token>
  <token id="418" number="417" sentence="16">many</token>
  <token id="419" number="418" sentence="16">of</token>
  <token id="420" number="419" sentence="16">them</token>
  <token id="421" number="420" sentence="16">believe</token>
  <token id="422" number="421" sentence="16">,</token>
  <token id="423" number="422" sentence="16">uh</token>
  <token id="424" number="423" sentence="16">that</token>
  <token id="425" number="424" sentence="16">they</token>
  <token id="426" number="425" sentence="16">are</token>
  <token id="427" number="426" sentence="16">approaching</token>
  <token id="428" number="427" sentence="16">the</token>
  <token id="429" number="428" sentence="16">Battle</token>
  <token id="430" number="429" sentence="16">of</token>
  <token id="431" number="430" sentence="16">Armageddon</token>
  <token id="432" number="431" sentence="16">in</token>
  <token id="433" number="432" sentence="16">which</token>
  <token id="434" number="433" sentence="16">they</token>
  <token id="435" number="434" sentence="16">will</token>
  <token id="436" number="435" sentence="16">be</token>
  <token id="437" number="436" sentence="16">pitted</token>
  <token id="438" number="437" sentence="16">against</token>
  <token id="439" number="438" sentence="16">the</token>
  <token id="440" number="439" sentence="16">uh</token>
  <token id="441" number="440" sentence="16">kind</token>
  <token id="442" number="441" sentence="16">of</token>
  <token id="443" number="442" sentence="16">Satanic</token>
  <token id="444" number="443" sentence="16">forces</token>
  <token id="445" number="444" sentence="16">trying</token>
  <token id="446" number="445" sentence="16">to</token>
  <token id="447" number="446" sentence="16">take</token>
  <token id="448" number="447" sentence="16">over</token>
  <token id="449" number="448" sentence="16">the</token>
  <token id="450" number="449" sentence="16">world</token>
  <token id="451" number="450" sentence="16">.</token>
  <token id="452" number="451" sentence="17">Mr.</token>
  <token id="453" number="452" sentence="17">Potach</token>
  <token id="454" number="453" sentence="17">notes</token>
  <token id="455" number="454" sentence="17">older</token>
  <token id="456" number="455" sentence="17">,</token>
  <token id="457" number="456" sentence="17">more</token>
  <token id="458" number="457" sentence="17">traditional</token>
  <token id="459" number="458" sentence="17">groups</token>
  <token id="460" number="459" sentence="17">like</token>
  <token id="461" number="460" sentence="17">the</token>
  <token id="462" number="461" sentence="17">Ku</token>
  <token id="463" number="462" sentence="17">Klux</token>
  <token id="464" number="463" sentence="17">Klan</token>
  <token id="465" number="464" sentence="17">are</token>
  <token id="466" number="465" sentence="17">also</token>
  <token id="467" number="466" sentence="17">opening</token>
  <token id="468" number="467" sentence="17">new</token>
  <token id="469" number="468" sentence="17">chapters</token>
  <token id="470" number="469" sentence="17">,</token>
  <token id="471" number="470" sentence="17">thanks</token>
  <token id="472" number="471" sentence="17">in</token>
  <token id="473" number="472" sentence="17">part</token>
  <token id="474" number="473" sentence="17">to</token>
  <token id="475" number="474" sentence="17">their</token>
  <token id="476" number="475" sentence="17">ability</token>
  <token id="477" number="476" sentence="17">to</token>
  <token id="478" number="477" sentence="17">use</token>
  <token id="479" number="478" sentence="17">new</token>
  <token id="480" number="479" sentence="17">technologies</token>
  <token id="481" number="480" sentence="17">like</token>
  <token id="482" number="481" sentence="17">the</token>
  <token id="483" number="482" sentence="17">Internet</token>
  <token id="484" number="483" sentence="17">.</token>
  <token id="485" number="484" sentence="18">The</token>
  <token id="486" number="485" sentence="18">Federal</token>
  <token id="487" number="486" sentence="18">Bureau</token>
  <token id="488" number="487" sentence="18">of</token>
  <token id="489" number="488" sentence="18">Investigation</token>
  <token id="490" number="489" sentence="18">says</token>
  <token id="491" number="490" sentence="18">it</token>
  <token id="492" number="491" sentence="18">received</token>
  <token id="493" number="492" sentence="18">more</token>
  <token id="494" number="493" sentence="18">than</token>
  <token id="495" number="494" sentence="18">eight</token>
  <token id="496" number="495" sentence="18">thousand</token>
  <token id="497" number="496" sentence="18">reports</token>
  <token id="498" number="497" sentence="18">of</token>
  <token id="499" number="498" sentence="18">hate</token>
  <token id="500" number="499" sentence="18">group</token>
  <token id="501" number="500" sentence="18">crimes</token>
  <token id="502" number="501" sentence="18">last</token>
  <token id="503" number="502" sentence="18">year</token>
  <token id="504" number="503" sentence="18">.</token>
  <token id="505" number="504" sentence="19">Law</token>
  <token id="506" number="505" sentence="19">enforcement</token>
  <token id="507" number="506" sentence="19">authorities</token>
  <token id="508" number="507" sentence="19">say</token>
  <token id="509" number="508" sentence="19">such</token>
  <token id="510" number="509" sentence="19">reports</token>
  <token id="511" number="510" sentence="19">are</token>
  <token id="512" number="511" sentence="19">likely</token>
  <token id="513" number="512" sentence="19">to</token>
  <token id="514" number="513" sentence="19">increase</token>
  <token id="515" number="514" sentence="19">as</token>
  <token id="516" number="515" sentence="19">police</token>
  <token id="517" number="516" sentence="19">departments</token>
  <token id="518" number="517" sentence="19">are</token>
  <token id="519" number="518" sentence="19">now</token>
  <token id="520" number="519" sentence="19">beginning</token>
  <token id="521" number="520" sentence="19">to</token>
  <token id="522" number="521" sentence="19">more</token>
  <token id="523" number="522" sentence="19">accurately</token>
  <token id="524" number="523" sentence="19">report</token>
  <token id="525" number="524" sentence="19">hate</token>
  <token id="526" number="525" sentence="19">crimes</token>
  <token id="527" number="526" sentence="19">than</token>
  <token id="528" number="527" sentence="19">they</token>
  <token id="529" number="528" sentence="19">have</token>
  <token id="530" number="529" sentence="19">in</token>
  <token id="531" number="530" sentence="19">the</token>
  <token id="532" number="531" sentence="19">past</token>
  <token id="533" number="532" sentence="19">.</token>
  <token id="534" number="533" sentence="20">Jim</token>
  <token id="535" number="534" sentence="20">Teple</token>
  <token id="536" number="535" sentence="20">,</token>
  <token id="537" number="536" sentence="20">VOA</token>
  <token id="538" number="537" sentence="20">News</token>
  <token id="539" number="538" sentence="20">,</token>
  <token id="540" number="539" sentence="20">Miami</token>
  <token id="541" number="540" sentence="20">.</token>
</Document>
