<Document doc_name="VOA19980331.1700.1533">
  <Markables>
    <TIMEX3 RELATED_TO="" TAG_DESCRIPTOR="Empty_Mark" beginPoint="" comment="" endPoint="" freq="" functionInDocument="CREATION_TIME" id="0" quant="" type="DATE" value="1998-03-31" />
    <EVENT aspect="NONE" certainty="" class="REPORTING" comment="" factuality="" id="1" modality="NONE" polarity="POS" pos="VERB" tense="PAST">
      <token_anchor id="5" />
    </EVENT>
    <EVENT aspect="NONE" certainty="" class="I_STATE" comment="" factuality="" id="2" modality="NONE" polarity="POS" pos="VERB" tense="PASTPART">
      <token_anchor id="8" />
    </EVENT>
    <EVENT aspect="NONE" certainty="" class="OCCURRENCE" comment="" factuality="" id="3" modality="NONE" polarity="POS" pos="VERB" tense="INFINITIVE">
      <token_anchor id="10" />
    </EVENT>
    <EVENT aspect="NONE" certainty="" class="OCCURRENCE" comment="" factuality="" id="4" modality="NONE" polarity="POS" pos="VERB" tense="PRESENT">
      <token_anchor id="63" />
    </EVENT>
    <EVENT aspect="NONE" certainty="" class="REPORTING" comment="" factuality="" id="5" modality="NONE" polarity="POS" pos="VERB" tense="PRESENT">
      <token_anchor id="84" />
    </EVENT>
    <EVENT aspect="NONE" certainty="" class="OCCURRENCE" comment="" factuality="" id="6" modality="NONE" polarity="POS" pos="VERB" tense="PAST">
      <token_anchor id="87" />
    </EVENT>
    <EVENT aspect="NONE" certainty="" class="OCCURRENCE" comment="" factuality="" id="7" modality="NONE" polarity="POS" pos="VERB" tense="PRESPART">
      <token_anchor id="94" />
    </EVENT>
    <EVENT aspect="NONE" certainty="" class="OCCURRENCE" comment="" factuality="" id="8" modality="NONE" polarity="POS" pos="VERB" tense="PRESENT">
      <token_anchor id="96" />
    </EVENT>
    <EVENT aspect="NONE" certainty="" class="OCCURRENCE" comment="" factuality="" id="9" modality="would" polarity="POS" pos="VERB" tense="NONE">
      <token_anchor id="106" />
    </EVENT>
    <EVENT aspect="NONE" certainty="" class="OCCURRENCE" comment="" factuality="" id="10" modality="NONE" polarity="POS" pos="VERB" tense="INFINITIVE">
      <token_anchor id="108" />
    </EVENT>
    <EVENT aspect="NONE" certainty="" class="REPORTING" comment="" factuality="" id="11" modality="NONE" polarity="POS" pos="VERB" tense="PRESENT">
      <token_anchor id="119" />
    </EVENT>
    <EVENT aspect="NONE" certainty="" class="I_STATE" comment="" factuality="" id="12" modality="NONE" polarity="POS" pos="VERB" tense="PRESENT">
      <token_anchor id="122" />
    </EVENT>
    <EVENT aspect="NONE" certainty="" class="OCCURRENCE" comment="" factuality="" id="13" modality="should have to" polarity="NEG" pos="VERB" tense="NONE">
      <token_anchor id="130" />
    </EVENT>
    <EVENT aspect="NONE" certainty="" class="OCCURRENCE" comment="" factuality="" id="14" modality="NONE" polarity="POS" pos="VERB" tense="FUTURE">
      <token_anchor id="137" />
    </EVENT>
    <EVENT aspect="NONE" certainty="" class="OCCURRENCE" comment="" factuality="" id="15" modality="should have to" polarity="NEG" pos="VERB" tense="NONE">
      <token_anchor id="149" />
    </EVENT>
    <EVENT aspect="NONE" certainty="" class="OCCURRENCE" comment="" factuality="" id="16" modality="NONE" polarity="POS" pos="VERB" tense="INFINITIVE">
      <token_anchor id="158" />
    </EVENT>
    <EVENT aspect="NONE" certainty="" class="OCCURRENCE" comment="" factuality="" id="17" modality="NONE" polarity="POS" pos="VERB" tense="PRESPART">
      <token_anchor id="162" />
    </EVENT>
    <EVENT aspect="NONE" certainty="" class="REPORTING" comment="" factuality="" id="18" modality="NONE" polarity="POS" pos="VERB" tense="PRESENT">
      <token_anchor id="171" />
    </EVENT>
    <EVENT aspect="NONE" certainty="" class="STATE" comment="" factuality="" id="19" modality="would" polarity="NEG" pos="ADJECTIVE" tense="NONE">
      <token_anchor id="180" />
    </EVENT>
    <EVENT aspect="NONE" certainty="" class="STATE" comment="" factuality="" id="20" modality="would" polarity="NEG" pos="ADJECTIVE" tense="NONE">
      <token_anchor id="182" />
    </EVENT>
    <C-SIGNAL id="21">
      <token_anchor id="183" />
    </C-SIGNAL>
    <EVENT aspect="NONE" certainty="" class="OCCURRENCE" comment="" factuality="" id="22" modality="NONE" polarity="POS" pos="VERB" tense="PRESENT">
      <token_anchor id="187" />
    </EVENT>
    <EVENT aspect="NONE" certainty="" class="OCCURRENCE" comment="" factuality="" id="23" modality="NONE" polarity="POS" pos="VERB" tense="PRESENT">
      <token_anchor id="199" />
    </EVENT>
    <TIMEX3 beginPoint="" comment="" endPoint="" freq="" functionInDocument="NONE" id="24" quant="" type="DURATION" value="P2D">
      <token_anchor id="223" />
    </TIMEX3>
    <TIMEX3 beginPoint="" comment="" endPoint="" freq="" functionInDocument="NONE" id="25" quant="" type="DURATION" value="P6D">
      <token_anchor id="225" />
      <token_anchor id="226" />
    </TIMEX3>
    <EVENT aspect="PROGRESSIVE" certainty="" class="OCCURRENCE" comment="" factuality="" id="26" modality="NONE" polarity="POS" pos="VERB" tense="PRESENT">
      <token_anchor id="252" />
    </EVENT>
    <C-SIGNAL id="27">
      <token_anchor id="254" />
    </C-SIGNAL>
    <EVENT aspect="NONE" certainty="" class="OCCURRENCE" comment="" factuality="" id="28" modality="NONE" polarity="NEG" pos="VERB" tense="PAST">
      <token_anchor id="262" />
    </EVENT>
    <EVENT aspect="NONE" certainty="" class="REPORTING" comment="" factuality="" id="29" modality="NONE" polarity="POS" pos="VERB" tense="PAST">
      <token_anchor id="289" />
    </EVENT>
    <EVENT aspect="PERFECTIVE" certainty="" class="OCCURRENCE" comment="" factuality="" id="30" modality="NONE" polarity="POS" pos="VERB" tense="PRESENT">
      <token_anchor id="294" />
    </EVENT>
    <TIMEX3 beginPoint="" comment="" endPoint="" freq="" functionInDocument="NONE" id="31" quant="" type="DURATION" value="PXY">
      <token_anchor id="296" />
      <token_anchor id="297" />
    </TIMEX3>
    <EVENT aspect="NONE" certainty="" class="OCCURRENCE" comment="" factuality="" id="32" modality="NONE" polarity="POS" pos="VERB" tense="PRESENT">
      <token_anchor id="300" />
    </EVENT>
    <TIMEX3 anchorTimeID="0" beginPoint="" comment="" endPoint="" freq="" functionInDocument="NONE" id="33" quant="" type="DATE" value="FUTURE_REF">
      <token_anchor id="307" />
      <token_anchor id="308" />
      <token_anchor id="309" />
      <token_anchor id="310" />
    </TIMEX3>
    <EVENT aspect="NONE" certainty="" class="OCCURRENCE" comment="" factuality="" id="34" modality="NONE" polarity="POS" pos="VERB" tense="PRESENT">
      <token_anchor id="312" />
    </EVENT>
    <EVENT aspect="NONE" certainty="" class="OCCURRENCE" comment="" factuality="" id="35" modality="NONE" polarity="POS" pos="VERB" tense="PRESPART">
      <token_anchor id="328" />
    </EVENT>
    <EVENT aspect="NONE" certainty="" class="I_ACTION" comment="" factuality="" id="36" modality="NONE" polarity="POS" pos="VERB" tense="PRESENT">
      <token_anchor id="330" />
    </EVENT>
    <EVENT aspect="NONE" certainty="" class="OCCURRENCE" comment="" factuality="" id="37" modality="NONE" polarity="POS" pos="VERB" tense="INFINITIVE">
      <token_anchor id="332" />
    </EVENT>
    <TIMEX3 beginPoint="" comment="" endPoint="" freq="" functionInDocument="NONE" id="38" quant="" type="DURATION" value="PXY">
      <token_anchor id="342" />
      <token_anchor id="343" />
    </TIMEX3>
    <EVENT aspect="NONE" certainty="" class="OCCURRENCE" comment="" factuality="" id="39" modality="would" polarity="POS" pos="VERB" tense="NONE">
      <token_anchor id="362" />
    </EVENT>
    <EVENT aspect="NONE" certainty="" class="OCCURRENCE" comment="" factuality="" id="40" modality="NONE" polarity="POS" pos="VERB" tense="PRESENT">
      <token_anchor id="366" />
    </EVENT>
    <EVENT aspect="NONE" certainty="" class="OCCURRENCE" comment="" factuality="" id="41" modality="NONE" polarity="NEG" pos="VERB" tense="PRESENT">
      <token_anchor id="375" />
    </EVENT>
    <TIMEX3 beginPoint="" comment="" endPoint="" freq="" functionInDocument="NONE" id="42" quant="" type="DURATION" value="PXY">
      <token_anchor id="380" />
      <token_anchor id="381" />
      <token_anchor id="382" />
    </TIMEX3>
    <EVENT aspect="NONE" certainty="" class="STATE" comment="" factuality="" id="43" modality="NONE" polarity="POS" pos="VERB" tense="PRESENT">
      <token_anchor id="391" />
    </EVENT>
    <EVENT aspect="NONE" certainty="" class="STATE" comment="" factuality="" id="44" modality="NONE" polarity="POS" pos="VERB" tense="PRESENT">
      <token_anchor id="406" />
    </EVENT>
    <EVENT aspect="NONE" certainty="" class="OCCURRENCE" comment="" factuality="" id="45" modality="NONE" polarity="POS" pos="VERB" tense="PRESPART">
      <token_anchor id="418" />
    </EVENT>
    <TIMEX3 beginPoint="" comment="" endPoint="" freq="" functionInDocument="NONE" id="46" quant="" type="SET" value="P1Y">
      <token_anchor id="422" />
      <token_anchor id="423" />
    </TIMEX3>
    <EVENT aspect="NONE" certainty="" class="OCCURRENCE" comment="" factuality="" id="47" modality="NONE" polarity="POS" pos="VERB" tense="PRESENT">
      <token_anchor id="429" />
    </EVENT>
    <EVENT aspect="NONE" certainty="" class="OCCURRENCE" comment="" factuality="" id="48" modality="NONE" polarity="POS" pos="NOUN" tense="NONE">
      <token_anchor id="432" />
    </EVENT>
    <EVENT aspect="NONE" certainty="" class="REPORTING" comment="" factuality="" id="49" modality="NONE" polarity="POS" pos="VERB" tense="PRESENT">
      <token_anchor id="436" />
    </EVENT>
    <TIMEX3 anchorTimeID="0" beginPoint="" comment="" endPoint="" freq="" functionInDocument="NONE" id="50" quant="" type="DATE" value="1997-10">
      <token_anchor id="438" />
      <token_anchor id="439" />
      <token_anchor id="440" />
    </TIMEX3>
    <EVENT aspect="NONE" certainty="" class="OCCURRENCE" comment="" factuality="" id="51" modality="NONE" polarity="POS" pos="VERB" tense="PAST">
      <token_anchor id="443" />
    </EVENT>
    <TIMEX3 beginPoint="" comment="" endPoint="" freq="" functionInDocument="NONE" id="52" quant="" type="DURATION" value="P5M">
      <token_anchor id="445" />
      <token_anchor id="446" />
    </TIMEX3>
    <EVENT aspect="NONE" certainty="" class="OCCURRENCE" comment="" factuality="" id="53" modality="NONE" polarity="POS" pos="VERB" tense="INFINITIVE">
      <token_anchor id="448" />
    </EVENT>
    <EVENT aspect="NONE" certainty="" class="I_STATE" comment="" factuality="" id="54" modality="NONE" polarity="POS" pos="NOUN" tense="NONE">
      <token_anchor id="451" />
    </EVENT>
    <EVENT aspect="NONE" certainty="" class="OCCURRENCE" comment="" factuality="" id="55" modality="NONE" polarity="POS" pos="VERB" tense="INFINITIVE">
      <token_anchor id="453" />
    </EVENT>
  </Markables>
  <Relations>
    <TLINK comment="" id="1" relType="BEFORE">
      <source id="1" />
      <target id="0" />
    </TLINK>
    <TLINK comment="" id="2" relType="DURING">
      <source id="2" />
      <target id="1" />
    </TLINK>
    <TLINK comment="" id="3" relType="DURING">
      <source id="4" />
      <target id="0" />
    </TLINK>
    <TLINK comment="" id="4" relType="DURING">
      <source id="5" />
      <target id="0" />
    </TLINK>
    <TLINK comment="" id="5" relType="SIMULTANEOUS">
      <source id="7" />
      <target id="6" />
    </TLINK>
    <TLINK comment="" id="6" relType="AFTER">
      <source id="9" />
      <target id="3" />
    </TLINK>
    <TLINK comment="" id="7" relType="DURING">
      <source id="12" />
      <target id="11" />
    </TLINK>
    <TLINK comment="" id="8" relType="AFTER">
      <source id="16" />
      <target id="15" />
    </TLINK>
    <TLINK comment="" id="9" relType="AFTER">
      <source id="17" />
      <target id="15" />
    </TLINK>
    <TLINK comment="" id="10" relType="DURING">
      <source id="18" />
      <target id="0" />
    </TLINK>
    <TLINK comment="" id="11" relType="AFTER">
      <source id="19" />
      <target id="22" />
    </TLINK>
    <TLINK comment="" id="12" relType="AFTER">
      <source id="20" />
      <target id="22" />
    </TLINK>
    <TLINK comment="" id="13" relType="DURING">
      <source id="22" />
      <target id="0" />
    </TLINK>
    <CLINK c-signalID="21" comment="" id="14">
      <source id="22" />
      <target id="19" />
    </CLINK>
    <CLINK c-signalID="21" comment="" id="15">
      <source id="22" />
      <target id="20" />
    </CLINK>
    <TLINK comment="" id="16" relType="DURING">
      <source id="23" />
      <target id="0" />
    </TLINK>
    <TLINK comment="" id="17" relType="BEFORE">
      <source id="28" />
      <target id="26" />
    </TLINK>
    <CLINK c-signalID="27" comment="" id="18">
      <source id="28" />
      <target id="26" />
    </CLINK>
    <TLINK comment="" id="19" relType="BEFORE">
      <source id="29" />
      <target id="0" />
    </TLINK>
    <TLINK comment="" id="20" relType="INCLUDES">
      <source id="31" />
      <target id="30" />
    </TLINK>
    <TLINK comment="" id="21" relType="DURING">
      <source id="32" />
      <target id="0" />
    </TLINK>
    <TLINK comment="" id="22" relType="INCLUDES">
      <source id="34" />
      <target id="33" />
    </TLINK>
    <TLINK comment="" id="23" relType="AFTER">
      <source id="37" />
      <target id="36" />
    </TLINK>
    <TLINK comment="" id="24" relType="IS_INCLUDED">
      <source id="39" />
      <target id="38" />
    </TLINK>
    <TLINK comment="" id="25" relType="AFTER">
      <source id="41" />
      <target id="40" />
    </TLINK>
    <TLINK comment="" id="26" relType="INCLUDES">
      <source id="42" />
      <target id="41" />
    </TLINK>
    <TLINK comment="" id="27" relType="DURING">
      <source id="43" />
      <target id="0" />
    </TLINK>
    <TLINK comment="" id="28" relType="DURING">
      <source id="44" />
      <target id="0" />
    </TLINK>
    <TLINK comment="" id="29" relType="INCLUDES">
      <source id="46" />
      <target id="45" />
    </TLINK>
    <TLINK comment="" id="30" relType="AFTER">
      <source id="47" />
      <target id="45" />
    </TLINK>
    <TLINK comment="" id="31" relType="AFTER">
      <source id="48" />
      <target id="47" />
    </TLINK>
    <TLINK comment="" id="32" relType="INCLUDES">
      <source id="50" />
      <target id="49" />
    </TLINK>
    <TLINK comment="" id="33" relType="AFTER">
      <source id="53" />
      <target id="51" />
    </TLINK>
    <TLINK comment="" id="34" relType="AFTER">
      <source id="54" />
      <target id="53" />
    </TLINK>
    <TLINK comment="" id="35" relType="AFTER">
      <source id="55" />
      <target id="54" />
    </TLINK>
  </Relations>
  <token id="1" number="0" sentence="0">The</token>
  <token id="2" number="1" sentence="0">US</token>
  <token id="3" number="2" sentence="0">government</token>
  <token id="4" number="3" sentence="0">recently</token>
  <token id="5" number="4" sentence="0">announced</token>
  <token id="6" number="5" sentence="0">new</token>
  <token id="7" number="6" sentence="0">regulations</token>
  <token id="8" number="7" sentence="0">designed</token>
  <token id="9" number="8" sentence="0">to</token>
  <token id="10" number="9" sentence="0">change</token>
  <token id="11" number="10" sentence="0">the</token>
  <token id="12" number="11" sentence="0">way</token>
  <token id="13" number="12" sentence="0">transplant</token>
  <token id="14" number="13" sentence="0">organs</token>
  <token id="15" number="14" sentence="0">are</token>
  <token id="16" number="15" sentence="0">made</token>
  <token id="17" number="16" sentence="0">available</token>
  <token id="18" number="17" sentence="0">to</token>
  <token id="19" number="18" sentence="0">sick</token>
  <token id="20" number="19" sentence="0">patients</token>
  <token id="21" number="20" sentence="0">.</token>
  <token id="22" number="21" sentence="1">Under</token>
  <token id="23" number="22" sentence="1">the</token>
  <token id="24" number="23" sentence="1">new</token>
  <token id="25" number="24" sentence="1">guidelines</token>
  <token id="26" number="25" sentence="1">,</token>
  <token id="27" number="26" sentence="1">donor</token>
  <token id="28" number="27" sentence="1">organs</token>
  <token id="29" number="28" sentence="1">will</token>
  <token id="30" number="29" sentence="1">be</token>
  <token id="31" number="30" sentence="1">made</token>
  <token id="32" number="31" sentence="1">available</token>
  <token id="33" number="32" sentence="1">to</token>
  <token id="34" number="33" sentence="1">the</token>
  <token id="35" number="34" sentence="1">sickest</token>
  <token id="36" number="35" sentence="1">people</token>
  <token id="37" number="36" sentence="1">first</token>
  <token id="38" number="37" sentence="1">,</token>
  <token id="39" number="38" sentence="1">wherever</token>
  <token id="40" number="39" sentence="1">they</token>
  <token id="41" number="40" sentence="1">live</token>
  <token id="42" number="41" sentence="1">in</token>
  <token id="43" number="42" sentence="1">the</token>
  <token id="44" number="43" sentence="1">country</token>
  <token id="45" number="44" sentence="1">.</token>
  <token id="46" number="45" sentence="2">Currently</token>
  <token id="47" number="46" sentence="2">,</token>
  <token id="48" number="47" sentence="2">transplant</token>
  <token id="49" number="48" sentence="2">organs</token>
  <token id="50" number="49" sentence="2">are</token>
  <token id="51" number="50" sentence="2">rationed</token>
  <token id="52" number="51" sentence="2">through</token>
  <token id="53" number="52" sentence="2">a</token>
  <token id="54" number="53" sentence="2">regional</token>
  <token id="55" number="54" sentence="2">system</token>
  <token id="56" number="55" sentence="2">of</token>
  <token id="57" number="56" sentence="2">distribution</token>
  <token id="58" number="57" sentence="2">.</token>
  <token id="59" number="58" sentence="3">The</token>
  <token id="60" number="59" sentence="3">private</token>
  <token id="61" number="60" sentence="3">group</token>
  <token id="62" number="61" sentence="3">that</token>
  <token id="63" number="62" sentence="3">runs</token>
  <token id="64" number="63" sentence="3">the</token>
  <token id="65" number="64" sentence="3">current</token>
  <token id="66" number="65" sentence="3">system</token>
  <token id="67" number="66" sentence="3">,</token>
  <token id="68" number="67" sentence="3">United</token>
  <token id="69" number="68" sentence="3">Network</token>
  <token id="70" number="69" sentence="3">for</token>
  <token id="71" number="70" sentence="3">Organ</token>
  <token id="72" number="71" sentence="3">Sharing</token>
  <token id="73" number="72" sentence="3">,</token>
  <token id="74" number="73" sentence="3">or</token>
  <token id="75" number="74" sentence="3">UNOS</token>
  <token id="76" number="75" sentence="3">,</token>
  <token id="77" number="76" sentence="3">objects</token>
  <token id="78" number="77" sentence="3">to</token>
  <token id="79" number="78" sentence="3">the</token>
  <token id="80" number="79" sentence="3">new</token>
  <token id="81" number="80" sentence="3">regulations</token>
  <token id="82" number="81" sentence="3">.</token>
  <token id="83" number="82" sentence="4">UNOS</token>
  <token id="84" number="83" sentence="4">says</token>
  <token id="85" number="84" sentence="4">the</token>
  <token id="86" number="85" sentence="4">regulations</token>
  <token id="87" number="86" sentence="4">put</token>
  <token id="88" number="87" sentence="4">the</token>
  <token id="89" number="88" sentence="4">federal</token>
  <token id="90" number="89" sentence="4">government</token>
  <token id="91" number="90" sentence="4">in</token>
  <token id="92" number="91" sentence="4">charge</token>
  <token id="93" number="92" sentence="4">of</token>
  <token id="94" number="93" sentence="4">deciding</token>
  <token id="95" number="94" sentence="4">who</token>
  <token id="96" number="95" sentence="4">gets</token>
  <token id="97" number="96" sentence="4">transplants</token>
  <token id="98" number="97" sentence="4">and</token>
  <token id="99" number="98" sentence="4">that</token>
  <token id="100" number="99" sentence="4">many</token>
  <token id="101" number="100" sentence="4">hospital</token>
  <token id="102" number="101" sentence="4">transplant</token>
  <token id="103" number="102" sentence="4">centers</token>
  <token id="104" number="103" sentence="4">would</token>
  <token id="105" number="104" sentence="4">be</token>
  <token id="106" number="105" sentence="4">forced</token>
  <token id="107" number="106" sentence="4">to</token>
  <token id="108" number="107" sentence="4">close</token>
  <token id="109" number="108" sentence="4">.</token>
  <token id="110" number="109" sentence="5">Health</token>
  <token id="111" number="110" sentence="5">and</token>
  <token id="112" number="111" sentence="5">Human</token>
  <token id="113" number="112" sentence="5">Services</token>
  <token id="114" number="113" sentence="5">Secretary</token>
  <token id="115" number="114" sentence="5">Do</token>
  <token id="116" number="115" sentence="5">-</token>
  <token id="117" number="116" sentence="5">Donna</token>
  <token id="118" number="117" sentence="5">Shalala</token>
  <token id="119" number="118" sentence="5">says</token>
  <token id="120" number="119" sentence="5">patients</token>
  <token id="121" number="120" sentence="5">who</token>
  <token id="122" number="121" sentence="5">need</token>
  <token id="123" number="122" sentence="5">an</token>
  <token id="124" number="123" sentence="5">organ</token>
  <token id="125" number="124" sentence="5">transplant</token>
  <token id="126" number="125" sentence="5">should</token>
  <token id="127" number="126" sentence="5">not</token>
  <token id="128" number="127" sentence="5">have</token>
  <token id="129" number="128" sentence="5">to</token>
  <token id="130" number="129" sentence="5">take</token>
  <token id="131" number="130" sentence="5">a</token>
  <token id="132" number="131" sentence="5">chance</token>
  <token id="133" number="132" sentence="5">that</token>
  <token id="134" number="133" sentence="5">an</token>
  <token id="135" number="134" sentence="5">organ</token>
  <token id="136" number="135" sentence="5">will</token>
  <token id="137" number="136" sentence="5">become</token>
  <token id="138" number="137" sentence="5">available</token>
  <token id="139" number="138" sentence="5">in</token>
  <token id="140" number="139" sentence="5">their</token>
  <token id="141" number="140" sentence="5">local</token>
  <token id="142" number="141" sentence="5">area</token>
  <token id="143" number="142" sentence="5">,</token>
  <token id="144" number="143" sentence="5">nor</token>
  <token id="145" number="144" sentence="5">should</token>
  <token id="146" number="145" sentence="5">patients</token>
  <token id="147" number="146" sentence="5">have</token>
  <token id="148" number="147" sentence="5">to</token>
  <token id="149" number="148" sentence="5">travel</token>
  <token id="150" number="149" sentence="5">to</token>
  <token id="151" number="150" sentence="5">transplant</token>
  <token id="152" number="151" sentence="5">centers</token>
  <token id="153" number="152" sentence="5">far</token>
  <token id="154" number="153" sentence="5">from</token>
  <token id="155" number="154" sentence="5">their</token>
  <token id="156" number="155" sentence="5">homes</token>
  <token id="157" number="156" sentence="5">to</token>
  <token id="158" number="157" sentence="5">improve</token>
  <token id="159" number="158" sentence="5">their</token>
  <token id="160" number="159" sentence="5">chances</token>
  <token id="161" number="160" sentence="5">of</token>
  <token id="162" number="161" sentence="5">getting</token>
  <token id="163" number="162" sentence="5">an</token>
  <token id="164" number="163" sentence="5">organ</token>
  <token id="165" number="164" sentence="5">.</token>
  <token id="166" number="165" sentence="6">UNOS</token>
  <token id="167" number="166" sentence="6">spokeswoman</token>
  <token id="168" number="167" sentence="6">Donna</token>
  <token id="169" number="168" sentence="6">Henry</token>
  <token id="170" number="169" sentence="6">Wright</token>
  <token id="171" number="170" sentence="6">says</token>
  <token id="172" number="171" sentence="6">the</token>
  <token id="173" number="172" sentence="6">new</token>
  <token id="174" number="173" sentence="6">policy</token>
  <token id="175" number="174" sentence="6">would</token>
  <token id="176" number="175" sentence="6">not</token>
  <token id="177" number="176" sentence="6">necessarily</token>
  <token id="178" number="177" sentence="6">be</token>
  <token id="179" number="178" sentence="6">more</token>
  <token id="180" number="179" sentence="6">fair</token>
  <token id="181" number="180" sentence="6">or</token>
  <token id="182" number="181" sentence="6">effective</token>
  <token id="183" number="182" sentence="6">because</token>
  <token id="184" number="183" sentence="6">allowances</token>
  <token id="185" number="184" sentence="6">are</token>
  <token id="186" number="185" sentence="6">already</token>
  <token id="187" number="186" sentence="6">made</token>
  <token id="188" number="187" sentence="6">for</token>
  <token id="189" number="188" sentence="6">the</token>
  <token id="190" number="189" sentence="6">most</token>
  <token id="191" number="190" sentence="6">needy</token>
  <token id="192" number="191" sentence="6">patients</token>
  <token id="193" number="192" sentence="6">.</token>
  <token id="194" number="193" sentence="7">The</token>
  <token id="195" number="194" sentence="7">sickest</token>
  <token id="196" number="195" sentence="7">patients</token>
  <token id="197" number="196" sentence="7">are</token>
  <token id="198" number="197" sentence="7">already</token>
  <token id="199" number="198" sentence="7">treated</token>
  <token id="200" number="199" sentence="7">first</token>
  <token id="201" number="200" sentence="7">.</token>
  <token id="202" number="201" sentence="8">There</token>
  <token id="203" number="202" sentence="8">are</token>
  <token id="204" number="203" sentence="8">not</token>
  <token id="205" number="204" sentence="8">huge</token>
  <token id="206" number="205" sentence="8">waiting</token>
  <token id="207" number="206" sentence="8">uh</token>
  <token id="208" number="207" sentence="8">disparit</token>
  <token id="209" number="208" sentence="8">-</token>
  <token id="210" number="209" sentence="8">waiting</token>
  <token id="211" number="210" sentence="8">time</token>
  <token id="212" number="211" sentence="8">disparities</token>
  <token id="213" number="212" sentence="8">amongst</token>
  <token id="214" number="213" sentence="8">the</token>
  <token id="215" number="214" sentence="8">very</token>
  <token id="216" number="215" sentence="8">uh</token>
  <token id="217" number="216" sentence="8">sickest</token>
  <token id="218" number="217" sentence="8">patients</token>
  <token id="219" number="218" sentence="8">.</token>
  <token id="220" number="219" sentence="9">It</token>
  <token id="221" number="220" sentence="9">'s</token>
  <token id="222" number="221" sentence="9">between</token>
  <token id="223" number="222" sentence="9">two</token>
  <token id="224" number="223" sentence="9">to</token>
  <token id="225" number="224" sentence="9">six</token>
  <token id="226" number="225" sentence="9">days</token>
  <token id="227" number="226" sentence="9">for</token>
  <token id="228" number="227" sentence="9">every</token>
  <token id="229" number="228" sentence="9">one</token>
  <token id="230" number="229" sentence="9">uh</token>
  <token id="231" number="230" sentence="9">of</token>
  <token id="232" number="231" sentence="9">the</token>
  <token id="233" number="232" sentence="9">sickest</token>
  <token id="234" number="233" sentence="9">patients</token>
  <token id="235" number="234" sentence="9">across</token>
  <token id="236" number="235" sentence="9">the</token>
  <token id="237" number="236" sentence="9">country</token>
  <token id="238" number="237" sentence="9">.</token>
  <token id="239" number="238" sentence="10">um</token>
  <token id="240" number="239" sentence="10">So</token>
  <token id="241" number="240" sentence="10">it</token>
  <token id="242" number="241" sentence="10">'s</token>
  <token id="243" number="242" sentence="10">a</token>
  <token id="244" number="243" sentence="10">-</token>
  <token id="245" number="244" sentence="10">it</token>
  <token id="246" number="245" sentence="10">'s</token>
  <token id="247" number="246" sentence="10">a</token>
  <token id="248" number="247" sentence="10">fallacy</token>
  <token id="249" number="248" sentence="10">that</token>
  <token id="250" number="249" sentence="10">they</token>
  <token id="251" number="250" sentence="10">'re</token>
  <token id="252" number="251" sentence="10">doing</token>
  <token id="253" number="252" sentence="10">this</token>
  <token id="254" number="253" sentence="10">because</token>
  <token id="255" number="254" sentence="10">um</token>
  <token id="256" number="255" sentence="10">the</token>
  <token id="257" number="256" sentence="10">sickest</token>
  <token id="258" number="257" sentence="10">patients</token>
  <token id="259" number="258" sentence="10">are</token>
  <token id="260" number="259" sentence="10">n't</token>
  <token id="261" number="260" sentence="10">being</token>
  <token id="262" number="261" sentence="10">served</token>
  <token id="263" number="262" sentence="10">.</token>
  <token id="264" number="263" sentence="11">Doctor</token>
  <token id="265" number="264" sentence="11">James</token>
  <token id="266" number="265" sentence="11">Burdick</token>
  <token id="267" number="266" sentence="11">,</token>
  <token id="268" number="267" sentence="11">the</token>
  <token id="269" number="268" sentence="11">Professor</token>
  <token id="270" number="269" sentence="11">of</token>
  <token id="271" number="270" sentence="11">Transplant</token>
  <token id="272" number="271" sentence="11">Surgery</token>
  <token id="273" number="272" sentence="11">at</token>
  <token id="274" number="273" sentence="11">Johns</token>
  <token id="275" number="274" sentence="11">Hopkins</token>
  <token id="276" number="275" sentence="11">University</token>
  <token id="277" number="276" sentence="11">Hospital</token>
  <token id="278" number="277" sentence="11">in</token>
  <token id="279" number="278" sentence="11">Baltimore</token>
  <token id="280" number="279" sentence="11">,</token>
  <token id="281" number="280" sentence="11">Maryland</token>
  <token id="282" number="281" sentence="11">,</token>
  <token id="283" number="282" sentence="11">and</token>
  <token id="284" number="283" sentence="11">former</token>
  <token id="285" number="284" sentence="11">President</token>
  <token id="286" number="285" sentence="11">of</token>
  <token id="287" number="286" sentence="11">UNOS</token>
  <token id="288" number="287" sentence="11">,</token>
  <token id="289" number="288" sentence="11">said</token>
  <token id="290" number="289" sentence="11">the</token>
  <token id="291" number="290" sentence="11">current</token>
  <token id="292" number="291" sentence="11">system</token>
  <token id="293" number="292" sentence="11">has</token>
  <token id="294" number="293" sentence="11">evolved</token>
  <token id="295" number="294" sentence="11">over</token>
  <token id="296" number="295" sentence="11">several</token>
  <token id="297" number="296" sentence="11">years</token>
  <token id="298" number="297" sentence="11">and</token>
  <token id="299" number="298" sentence="11">it</token>
  <token id="300" number="299" sentence="11">works</token>
  <token id="301" number="300" sentence="11">well</token>
  <token id="302" number="301" sentence="11">.</token>
  <token id="303" number="302" sentence="12">You</token>
  <token id="304" number="303" sentence="12">may</token>
  <token id="305" number="304" sentence="12">,</token>
  <token id="306" number="305" sentence="12">in</token>
  <token id="307" number="306" sentence="12">a</token>
  <token id="308" number="307" sentence="12">year</token>
  <token id="309" number="308" sentence="12">or</token>
  <token id="310" number="309" sentence="12">two</token>
  <token id="311" number="310" sentence="12">,</token>
  <token id="312" number="311" sentence="12">save</token>
  <token id="313" number="312" sentence="12">a</token>
  <token id="314" number="313" sentence="12">few</token>
  <token id="315" number="314" sentence="12">more</token>
  <token id="316" number="315" sentence="12">lives</token>
  <token id="317" number="316" sentence="12">if</token>
  <token id="318" number="317" sentence="12">you</token>
  <token id="319" number="318" sentence="12">do</token>
  <token id="320" number="319" sentence="12">sickest</token>
  <token id="321" number="320" sentence="12">first</token>
  <token id="322" number="321" sentence="12">.</token>
  <token id="323" number="322" sentence="13">But</token>
  <token id="324" number="323" sentence="13">the</token>
  <token id="325" number="324" sentence="13">number</token>
  <token id="326" number="325" sentence="13">of</token>
  <token id="327" number="326" sentence="13">patients</token>
  <token id="328" number="327" sentence="13">waiting</token>
  <token id="329" number="328" sentence="13">then</token>
  <token id="330" number="329" sentence="13">begins</token>
  <token id="331" number="330" sentence="13">to</token>
  <token id="332" number="331" sentence="13">increase</token>
  <token id="333" number="332" sentence="13">,</token>
  <token id="334" number="333" sentence="13">um</token>
  <token id="335" number="334" sentence="13">and</token>
  <token id="336" number="335" sentence="13">,</token>
  <token id="337" number="336" sentence="13">in</token>
  <token id="338" number="337" sentence="13">fact</token>
  <token id="339" number="338" sentence="13">,</token>
  <token id="340" number="339" sentence="13">um</token>
  <token id="341" number="340" sentence="13">over</token>
  <token id="342" number="341" sentence="13">the</token>
  <token id="343" number="342" sentence="13">years</token>
  <token id="344" number="343" sentence="13">many</token>
  <token id="345" number="344" sentence="13">more</token>
  <token id="346" number="345" sentence="13">patients</token>
  <token id="347" number="346" sentence="13">who</token>
  <token id="348" number="347" sentence="13">are</token>
  <token id="349" number="348" sentence="13">about</token>
  <token id="350" number="349" sentence="13">to</token>
  <token id="351" number="350" sentence="13">die</token>
  <token id="352" number="351" sentence="13">of</token>
  <token id="353" number="352" sentence="13">liver</token>
  <token id="354" number="353" sentence="13">tra</token>
  <token id="355" number="354" sentence="13">-</token>
  <token id="356" number="355" sentence="13">uh</token>
  <token id="357" number="356" sentence="13">without</token>
  <token id="358" number="357" sentence="13">a</token>
  <token id="359" number="358" sentence="13">liver</token>
  <token id="360" number="359" sentence="13">transplant</token>
  <token id="361" number="360" sentence="13">would</token>
  <token id="362" number="361" sentence="13">accumulate</token>
  <token id="363" number="362" sentence="13">.</token>
  <token id="364" number="363" sentence="14">If</token>
  <token id="365" number="364" sentence="14">you</token>
  <token id="366" number="365" sentence="14">do</token>
  <token id="367" number="366" sentence="14">the</token>
  <token id="368" number="367" sentence="14">uh</token>
  <token id="369" number="368" sentence="14">alternative</token>
  <token id="370" number="369" sentence="14">extreme</token>
  <token id="371" number="370" sentence="14">,</token>
  <token id="372" number="371" sentence="14">you</token>
  <token id="373" number="372" sentence="14">do</token>
  <token id="374" number="373" sentence="14">n't</token>
  <token id="375" number="374" sentence="14">save</token>
  <token id="376" number="375" sentence="14">as</token>
  <token id="377" number="376" sentence="14">many</token>
  <token id="378" number="377" sentence="14">lives</token>
  <token id="379" number="378" sentence="14">in</token>
  <token id="380" number="379" sentence="14">the</token>
  <token id="381" number="380" sentence="14">early</token>
  <token id="382" number="381" sentence="14">years</token>
  <token id="383" number="382" sentence="14">,</token>
  <token id="384" number="383" sentence="14">by</token>
  <token id="385" number="384" sentence="14">a</token>
  <token id="386" number="385" sentence="14">small</token>
  <token id="387" number="386" sentence="14">fraction</token>
  <token id="388" number="387" sentence="14">.</token>
  <token id="389" number="388" sentence="15">Our</token>
  <token id="390" number="389" sentence="15">system</token>
  <token id="391" number="390" sentence="15">is</token>
  <token id="392" number="391" sentence="15">balanced</token>
  <token id="393" number="392" sentence="15">,</token>
  <token id="394" number="393" sentence="15">it</token>
  <token id="395" number="394" sentence="15">'s</token>
  <token id="396" number="395" sentence="15">right</token>
  <token id="397" number="396" sentence="15">in</token>
  <token id="398" number="397" sentence="15">the</token>
  <token id="399" number="398" sentence="15">middle</token>
  <token id="400" number="399" sentence="15">.</token>
  <token id="401" number="400" sentence="16">And</token>
  <token id="402" number="401" sentence="16">,</token>
  <token id="403" number="402" sentence="16">therefore</token>
  <token id="404" number="403" sentence="16">,</token>
  <token id="405" number="404" sentence="16">it</token>
  <token id="406" number="405" sentence="16">works</token>
  <token id="407" number="406" sentence="16">very</token>
  <token id="408" number="407" sentence="16">well</token>
  <token id="409" number="408" sentence="16">.</token>
  <token id="410" number="409" sentence="17">Nationwide</token>
  <token id="411" number="410" sentence="17">,</token>
  <token id="412" number="411" sentence="17">there</token>
  <token id="413" number="412" sentence="17">are</token>
  <token id="414" number="413" sentence="17">about</token>
  <token id="415" number="414" sentence="17">ten</token>
  <token id="416" number="415" sentence="17">thousand</token>
  <token id="417" number="416" sentence="17">patients</token>
  <token id="418" number="417" sentence="17">waiting</token>
  <token id="419" number="418" sentence="17">for</token>
  <token id="420" number="419" sentence="17">liver</token>
  <token id="421" number="420" sentence="17">transplants</token>
  <token id="422" number="421" sentence="17">each</token>
  <token id="423" number="422" sentence="17">year</token>
  <token id="424" number="423" sentence="17">and</token>
  <token id="425" number="424" sentence="17">only</token>
  <token id="426" number="425" sentence="17">four</token>
  <token id="427" number="426" sentence="17">thousand</token>
  <token id="428" number="427" sentence="17">organs</token>
  <token id="429" number="428" sentence="17">become</token>
  <token id="430" number="429" sentence="17">available</token>
  <token id="431" number="430" sentence="17">for</token>
  <token id="432" number="431" sentence="17">transplants</token>
  <token id="433" number="432" sentence="17">.</token>
  <token id="434" number="433" sentence="18">Secretary</token>
  <token id="435" number="434" sentence="18">Shalala</token>
  <token id="436" number="435" sentence="18">says</token>
  <token id="437" number="436" sentence="18">UNOS</token>
  <token id="438" number="437" sentence="18">five</token>
  <token id="439" number="438" sentence="18">months</token>
  <token id="440" number="439" sentence="18">ago</token>
  <token id="441" number="440" sentence="18">,</token>
  <token id="442" number="441" sentence="18">or</token>
  <token id="443" number="442" sentence="18">gave</token>
  <token id="444" number="443" sentence="18">them</token>
  <token id="445" number="444" sentence="18">five</token>
  <token id="446" number="445" sentence="18">months</token>
  <token id="447" number="446" sentence="18">to</token>
  <token id="448" number="447" sentence="18">develop</token>
  <token id="449" number="448" sentence="18">a</token>
  <token id="450" number="449" sentence="18">new</token>
  <token id="451" number="450" sentence="18">plan</token>
  <token id="452" number="451" sentence="18">to</token>
  <token id="453" number="452" sentence="18">distribute</token>
  <token id="454" number="453" sentence="18">livers</token>
  <token id="455" number="454" sentence="18">which</token>
  <token id="456" number="455" sentence="18">are</token>
  <token id="457" number="456" sentence="18">in</token>
  <token id="458" number="457" sentence="18">the</token>
  <token id="459" number="458" sentence="18">shortest</token>
  <token id="460" number="459" sentence="18">supply</token>
  <token id="461" number="460" sentence="18">.</token>
  <token id="462" number="461" sentence="19">This</token>
  <token id="463" number="462" sentence="19">is</token>
  <token id="464" number="463" sentence="19">VOA</token>
  <token id="465" number="464" sentence="19">Today</token>
  <token id="466" number="465" sentence="19">.</token>
</Document>
