<Document doc_name="VOA19980305.1800.2603">
  <Markables>
    <TIMEX3 RELATED_TO="" TAG_DESCRIPTOR="Empty_Mark" beginPoint="" comment="" endPoint="" freq="" functionInDocument="CREATION_TIME" id="0" quant="" type="DATE" value="1998-03-05" />
    <TIMEX3 anchorTimeID="0" beginPoint="" comment="" endPoint="" freq="" functionInDocument="NONE" id="1" quant="" type="DATE" value="1998-03-08">
      <token_anchor id="6" />
      <token_anchor id="7" />
      <token_anchor id="8" />
      <token_anchor id="9" />
      <token_anchor id="10" />
      <token_anchor id="11" />
    </TIMEX3>
    <EVENT aspect="NONE" certainty="" class="OCCURRENCE" comment="" factuality="" id="2" modality="NONE" polarity="POS" pos="NOUN" tense="NONE">
      <token_anchor id="29" />
    </EVENT>
    <EVENT aspect="PROGRESSIVE" certainty="" class="I_ACTION" comment="" factuality="" id="3" modality="NONE" polarity="POS" pos="VERB" tense="PRESENT">
      <token_anchor id="32" />
    </EVENT>
    <TIMEX3 beginPoint="" comment="" endPoint="" freq="" functionInDocument="NONE" id="4" quant="" type="DURATION" value="P20Y">
      <token_anchor id="65" />
      <token_anchor id="66" />
    </TIMEX3>
    <EVENT aspect="NONE" certainty="" class="I_ACTION" comment="" factuality="" id="5" modality="NONE" polarity="POS" pos="VERB" tense="PRESPART">
      <token_anchor id="68" />
    </EVENT>
    <EVENT aspect="NONE" certainty="" class="REPORTING" comment="" factuality="" id="6" modality="NONE" polarity="POS" pos="VERB" tense="PRESENT">
      <token_anchor id="86" />
    </EVENT>
    <EVENT aspect="NONE" certainty="" class="STATE" comment="" factuality="" id="7" modality="NONE" polarity="POS" pos="VERB" tense="PRESENT">
      <token_anchor id="90" />
    </EVENT>
    <EVENT aspect="NONE" certainty="" class="REPORTING" comment="" factuality="" id="8" modality="NONE" polarity="POS" pos="VERB" tense="PRESENT">
      <token_anchor id="144" />
    </EVENT>
    <EVENT aspect="NONE" certainty="" class="OCCURRENCE" comment="" factuality="" id="9" modality="NONE" polarity="POS" pos="NOUN" tense="NONE">
      <token_anchor id="152" />
    </EVENT>
    <TIMEX3 beginPoint="" comment="" endPoint="" freq="" functionInDocument="NONE" id="10" quant="" type="DURATION" value="P20Y">
      <token_anchor id="157" />
      <token_anchor id="158" />
      <token_anchor id="159" />
      <token_anchor id="160" />
    </TIMEX3>
    <EVENT aspect="NONE" certainty="" class="REPORTING" comment="" factuality="" id="11" modality="NONE" polarity="POS" pos="VERB" tense="PRESENT">
      <token_anchor id="163" />
    </EVENT>
    <EVENT aspect="NONE" certainty="" class="I_STATE" comment="" factuality="" id="12" modality="NONE" polarity="POS" pos="VERB" tense="PRESENT">
      <token_anchor id="165" />
    </EVENT>
    <EVENT aspect="NONE" certainty="" class="ASPECTUAL" comment="" factuality="" id="13" modality="NONE" polarity="NEG" pos="NOUN" tense="NONE">
      <token_anchor id="167" />
    </EVENT>
    <EVENT aspect="NONE" certainty="" class="REPORTING" comment="" factuality="" id="14" modality="NONE" polarity="POS" pos="VERB" tense="PRESENT">
      <token_anchor id="173" />
    </EVENT>
    <EVENT aspect="NONE" certainty="" class="STATE" comment="" factuality="" id="15" modality="NONE" polarity="POS" pos="ADJECTIVE" tense="PRESENT">
      <token_anchor id="181" />
    </EVENT>
    <EVENT aspect="NONE" certainty="" class="STATE" comment="" factuality="" id="16" modality="NONE" polarity="POS" pos="ADJECTIVE" tense="PRESENT">
      <token_anchor id="187" />
    </EVENT>
    <EVENT aspect="NONE" certainty="" class="I_STATE" comment="" factuality="" id="17" modality="NONE" polarity="NEG" pos="VERB" tense="PRESENT">
      <token_anchor id="192" />
    </EVENT>
    <EVENT aspect="NONE" certainty="" class="OCCURRENCE" comment="" factuality="" id="18" modality="NONE" polarity="POS" pos="NOUN" tense="NONE">
      <token_anchor id="196" />
    </EVENT>
    <EVENT aspect="NONE" certainty="" class="OCCURRENCE" comment="" factuality="" id="19" modality="NONE" polarity="POS" pos="VERB" tense="INFINITIVE">
      <token_anchor id="206" />
    </EVENT>
    <TIMEX3 anchorTimeID="0" beginPoint="" comment="" endPoint="" freq="" functionInDocument="NONE" id="20" quant="" type="DATE" value="PRESENT_REF">
      <token_anchor id="209" />
    </TIMEX3>
    <EVENT aspect="NONE" certainty="" class="STATE" comment="" factuality="" id="21" modality="NONE" polarity="POS" pos="ADJECTIVE" tense="PRESENT">
      <token_anchor id="216" />
    </EVENT>
    <EVENT aspect="NONE" certainty="" class="REPORTING" comment="" factuality="" id="22" modality="NONE" polarity="POS" pos="VERB" tense="PRESENT">
      <token_anchor id="227" />
    </EVENT>
    <EVENT aspect="NONE" certainty="" class="OCCURRENCE" comment="" factuality="" id="23" modality="NONE" polarity="POS" pos="NOUN" tense="NONE">
      <token_anchor id="229" />
    </EVENT>
    <EVENT aspect="PERFECTIVE" certainty="" class="I_ACTION" comment="" factuality="" id="24" modality="NONE" polarity="POS" pos="VERB" tense="PRESENT">
      <token_anchor id="231" />
    </EVENT>
    <EVENT aspect="PERFECTIVE" certainty="" class="I_STATE" comment="" factuality="" id="25" modality="NONE" polarity="POS" pos="VERB" tense="PRESENT">
      <token_anchor id="239" />
    </EVENT>
    <EVENT aspect="NONE" certainty="" class="STATE" comment="" factuality="" id="26" modality="NONE" polarity="POS" pos="NOUN" tense="NONE">
      <token_anchor id="242" />
    </EVENT>
    <EVENT aspect="PERFECTIVE" certainty="" class="I_ACTION" comment="" factuality="" id="27" modality="NONE" polarity="POS" pos="VERB" tense="PRESENT">
      <token_anchor id="252" />
    </EVENT>
    <EVENT aspect="NONE" certainty="" class="OCCURRENCE" comment="" factuality="" id="28" modality="NONE" polarity="POS" pos="VERB" tense="INFINITIVE">
      <token_anchor id="255" />
    </EVENT>
    <EVENT aspect="NONE" certainty="" class="REPORTING" comment="" factuality="" id="29" modality="NONE" polarity="POS" pos="VERB" tense="PRESENT">
      <token_anchor id="258" />
    </EVENT>
    <EVENT aspect="NONE" certainty="" class="OCCURRENCE" comment="" factuality="" id="30" modality="NONE" polarity="POS" pos="VERB" tense="PRESENT">
      <token_anchor id="260" />
    </EVENT>
    <EVENT aspect="NONE" certainty="" class="REPORTING" comment="" factuality="" id="31" modality="NONE" polarity="POS" pos="VERB" tense="PRESENT">
      <token_anchor id="272" />
    </EVENT>
    <EVENT aspect="NONE" certainty="" class="STATE" comment="" factuality="" id="32" modality="NONE" polarity="POS" pos="OTHER" tense="PRESENT">
      <token_anchor id="281" />
    </EVENT>
    <EVENT aspect="NONE" certainty="" class="I_STATE" comment="" factuality="" id="33" modality="NONE" polarity="POS" pos="ADJECTIVE" tense="PRESENT">
      <token_anchor id="305" />
    </EVENT>
    <EVENT aspect="NONE" certainty="" class="REPORTING" comment="" factuality="" id="34" modality="NONE" polarity="POS" pos="VERB" tense="PRESENT">
      <token_anchor id="314" />
    </EVENT>
    <EVENT aspect="NONE" certainty="" class="STATE" comment="" factuality="" id="35" modality="NONE" polarity="POS" pos="VERB" tense="PRESENT">
      <token_anchor id="319" />
    </EVENT>
    <EVENT aspect="NONE" certainty="" class="OCCURRENCE" comment="" factuality="" id="36" modality="NONE" polarity="POS" pos="VERB" tense="INFINITIVE">
      <token_anchor id="333" />
    </EVENT>
    <EVENT aspect="NONE" certainty="" class="OCCURRENCE" comment="" factuality="" id="37" modality="NONE" polarity="POS" pos="VERB" tense="PRESENT">
      <token_anchor id="351" />
    </EVENT>
    <EVENT aspect="NONE" certainty="" class="OCCURRENCE" comment="" factuality="" id="38" modality="NONE" polarity="POS" pos="VERB" tense="PRESENT">
      <token_anchor id="355" />
    </EVENT>
    <EVENT aspect="PROGRESSIVE" certainty="" class="I_ACTION" comment="" factuality="" id="39" modality="NONE" polarity="POS" pos="VERB" tense="PRESENT">
      <token_anchor id="376" />
    </EVENT>
    <EVENT aspect="NONE" certainty="" class="I_STATE" comment="" factuality="" id="40" modality="NONE" polarity="POS" pos="ADJECTIVE" tense="NONE">
      <token_anchor id="385" />
    </EVENT>
    <EVENT aspect="NONE" certainty="" class="OCCURRENCE" comment="" factuality="" id="41" modality="NONE" polarity="POS" pos="VERB" tense="INFINITIVE">
      <token_anchor id="387" />
    </EVENT>
    <EVENT aspect="NONE" certainty="" class="REPORTING" comment="" factuality="" id="42" modality="NONE" polarity="POS" pos="VERB" tense="PRESENT">
      <token_anchor id="403" />
    </EVENT>
    <EVENT aspect="NONE" certainty="" class="REPORTING" comment="" factuality="" id="43" modality="NONE" polarity="POS" pos="VERB" tense="PRESENT">
      <token_anchor id="418" />
    </EVENT>
    <EVENT aspect="PROGRESSIVE" certainty="" class="I_ACTION" comment="" factuality="" id="44" modality="NONE" polarity="POS" pos="VERB" tense="PRESENT">
      <token_anchor id="422" />
    </EVENT>
    <EVENT aspect="NONE" certainty="" class="ASPECTUAL" comment="" factuality="" id="45" modality="NONE" polarity="POS" pos="VERB" tense="INFINITIVE">
      <token_anchor id="440" />
    </EVENT>
    <EVENT aspect="NONE" certainty="" class="OCCURRENCE" comment="" factuality="" id="46" modality="NONE" polarity="POS" pos="NOUN" tense="NONE">
      <token_anchor id="442" />
    </EVENT>
    <EVENT aspect="PERFECTIVE" certainty="" class="I_ACTION" comment="" factuality="" id="47" modality="NONE" polarity="POS" pos="VERB" tense="PRESENT">
      <token_anchor id="445" />
    </EVENT>
  </Markables>
  <Relations>
    <TLINK comment="" id="1" relType="INCLUDES">
      <source id="3" />
      <target id="0" />
    </TLINK>
    <TLINK comment="" id="2" relType="ENDED_BY">
      <source id="3" />
      <target id="2" />
    </TLINK>
    <TLINK comment="" id="3" relType="BEFORE">
      <source id="6" />
      <target id="0" />
    </TLINK>
    <TLINK comment="" id="4" relType="INCLUDES">
      <source id="7" />
      <target id="0" />
    </TLINK>
    <TLINK comment="" id="5" relType="BEFORE">
      <source id="8" />
      <target id="0" />
    </TLINK>
    <TLINK comment="" id="6" relType="IS_INCLUDED">
      <source id="9" />
      <target id="10" />
    </TLINK>
    <TLINK comment="" id="7" relType="IDENTITY">
      <source id="11" />
      <target id="8" />
    </TLINK>
    <TLINK comment="" id="8" relType="IDENTITY">
      <source id="14" />
      <target id="8" />
    </TLINK>
    <TLINK comment="" id="9" relType="IS_INCLUDED">
      <source id="21" />
      <target id="20" />
    </TLINK>
    <TLINK comment="" id="10" relType="IDENTITY">
      <source id="23" />
      <target id="24" />
    </TLINK>
    <TLINK comment="" id="11" relType="AFTER">
      <source id="25" />
      <target id="23" />
    </TLINK>
    <TLINK comment="" id="12" relType="ENDED_BY">
      <source id="25" />
      <target id="26" />
    </TLINK>
    <TLINK comment="" id="13" relType="IDENTITY">
      <source id="27" />
      <target id="30" />
    </TLINK>
    <TLINK comment="" id="14" relType="IDENTITY">
      <source id="29" />
      <target id="22" />
    </TLINK>
    <TLINK comment="" id="15" relType="IDENTITY">
      <source id="31" />
      <target id="22" />
    </TLINK>
    <TLINK comment="" id="16" relType="IS_INCLUDED">
      <source id="33" />
      <target id="0" />
    </TLINK>
    <TLINK comment="" id="17" relType="IDENTITY">
      <source id="34" />
      <target id="22" />
    </TLINK>
    <TLINK comment="" id="18" relType="IS_INCLUDED">
      <source id="39" />
      <target id="0" />
    </TLINK>
    <TLINK comment="" id="19" relType="IS_INCLUDED">
      <source id="42" />
      <target id="0" />
    </TLINK>
    <TLINK comment="" id="20" relType="IS_INCLUDED">
      <source id="43" />
      <target id="0" />
    </TLINK>
    <TLINK comment="" id="21" relType="IS_INCLUDED">
      <source id="44" />
      <target id="0" />
    </TLINK>
    <TLINK comment="" id="22" relType="AFTER">
      <source id="45" />
      <target id="44" />
    </TLINK>
    <TLINK comment="" id="23" relType="IS_INCLUDED">
      <source id="46" />
      <target id="0" />
    </TLINK>
    <TLINK comment="" id="24" relType="IS_INCLUDED">
      <source id="47" />
      <target id="46" />
    </TLINK>
  </Relations>
  <token id="1" number="0" sentence="0">International</token>
  <token id="2" number="1" sentence="0">Women</token>
  <token id="3" number="2" sentence="0">'s</token>
  <token id="4" number="3" sentence="0">Day</token>
  <token id="5" number="4" sentence="0">is</token>
  <token id="6" number="5" sentence="0">this</token>
  <token id="7" number="6" sentence="0">coming</token>
  <token id="8" number="7" sentence="0">Sunday</token>
  <token id="9" number="8" sentence="0">,</token>
  <token id="10" number="9" sentence="0">March</token>
  <token id="11" number="10" sentence="0">eighth</token>
  <token id="12" number="11" sentence="0">.</token>
  <token id="13" number="12" sentence="1">A</token>
  <token id="14" number="13" sentence="1">major</token>
  <token id="15" number="14" sentence="1">focus</token>
  <token id="16" number="15" sentence="1">of</token>
  <token id="17" number="16" sentence="1">International</token>
  <token id="18" number="17" sentence="1">Women</token>
  <token id="19" number="18" sentence="1">'s</token>
  <token id="20" number="19" sentence="1">Day</token>
  <token id="21" number="20" sentence="1">is</token>
  <token id="22" number="21" sentence="1">the</token>
  <token id="23" number="22" sentence="1">plight</token>
  <token id="24" number="23" sentence="1">of</token>
  <token id="25" number="24" sentence="1">Afghan</token>
  <token id="26" number="25" sentence="1">women</token>
  <token id="27" number="26" sentence="1">.</token>
  <token id="28" number="27" sentence="2">Special</token>
  <token id="29" number="28" sentence="2">events</token>
  <token id="30" number="29" sentence="2">are</token>
  <token id="31" number="30" sentence="2">being</token>
  <token id="32" number="31" sentence="2">organized</token>
  <token id="33" number="32" sentence="2">by</token>
  <token id="34" number="33" sentence="2">the</token>
  <token id="35" number="34" sentence="2">European</token>
  <token id="36" number="35" sentence="2">Commission</token>
  <token id="37" number="36" sentence="2">and</token>
  <token id="38" number="37" sentence="2">individual</token>
  <token id="39" number="38" sentence="2">nations</token>
  <token id="40" number="39" sentence="2">in</token>
  <token id="41" number="40" sentence="2">Europe</token>
  <token id="42" number="41" sentence="2">,</token>
  <token id="43" number="42" sentence="2">North</token>
  <token id="44" number="43" sentence="2">America</token>
  <token id="45" number="44" sentence="2">,</token>
  <token id="46" number="45" sentence="2">and</token>
  <token id="47" number="46" sentence="2">other</token>
  <token id="48" number="47" sentence="2">parts</token>
  <token id="49" number="48" sentence="2">of</token>
  <token id="50" number="49" sentence="2">the</token>
  <token id="51" number="50" sentence="2">world</token>
  <token id="52" number="51" sentence="2">.</token>
  <token id="53" number="52" sentence="3">Lisa</token>
  <token id="54" number="53" sentence="3">Schlein</token>
  <token id="55" number="54" sentence="3">reports</token>
  <token id="56" number="55" sentence="3">from</token>
  <token id="57" number="56" sentence="3">Geneva</token>
  <token id="58" number="57" sentence="3">.</token>
  <token id="59" number="58" sentence="4">Afghanistan</token>
  <token id="60" number="59" sentence="4">has</token>
  <token id="61" number="60" sentence="4">been</token>
  <token id="62" number="61" sentence="4">at</token>
  <token id="63" number="62" sentence="4">war</token>
  <token id="64" number="63" sentence="4">for</token>
  <token id="65" number="64" sentence="4">twenty</token>
  <token id="66" number="65" sentence="4">years</token>
  <token id="67" number="66" sentence="4">,</token>
  <token id="68" number="67" sentence="4">leaving</token>
  <token id="69" number="68" sentence="4">a</token>
  <token id="70" number="69" sentence="4">large</token>
  <token id="71" number="70" sentence="4">part</token>
  <token id="72" number="71" sentence="4">of</token>
  <token id="73" number="72" sentence="4">the</token>
  <token id="74" number="73" sentence="4">country</token>
  <token id="75" number="74" sentence="4">'s</token>
  <token id="76" number="75" sentence="4">male</token>
  <token id="77" number="76" sentence="4">population</token>
  <token id="78" number="77" sentence="4">dead</token>
  <token id="79" number="78" sentence="4">or</token>
  <token id="80" number="79" sentence="4">in</token>
  <token id="81" number="80" sentence="4">exile</token>
  <token id="82" number="81" sentence="4">.</token>
  <token id="83" number="82" sentence="5">The</token>
  <token id="84" number="83" sentence="5">United</token>
  <token id="85" number="84" sentence="5">Nations</token>
  <token id="86" number="85" sentence="5">says</token>
  <token id="87" number="86" sentence="5">women</token>
  <token id="88" number="87" sentence="5">and</token>
  <token id="89" number="88" sentence="5">children</token>
  <token id="90" number="89" sentence="5">make</token>
  <token id="91" number="90" sentence="5">up</token>
  <token id="92" number="91" sentence="5">about</token>
  <token id="93" number="92" sentence="5">seventy-five</token>
  <token id="94" number="93" sentence="5">percent</token>
  <token id="95" number="94" sentence="5">of</token>
  <token id="96" number="95" sentence="5">the</token>
  <token id="97" number="96" sentence="5">Afghan</token>
  <token id="98" number="97" sentence="5">population</token>
  <token id="99" number="98" sentence="5">.</token>
  <token id="100" number="99" sentence="6">An</token>
  <token id="101" number="100" sentence="6">Afghan</token>
  <token id="102" number="101" sentence="6">refugee</token>
  <token id="103" number="102" sentence="6">in</token>
  <token id="104" number="103" sentence="6">Switzerland</token>
  <token id="105" number="104" sentence="6">,</token>
  <token id="106" number="105" sentence="6">Homira</token>
  <token id="107" number="106" sentence="6">Atimadi</token>
  <token id="108" number="107" sentence="6">,</token>
  <token id="109" number="108" sentence="6">is</token>
  <token id="110" number="109" sentence="6">a</token>
  <token id="111" number="110" sentence="6">senior</token>
  <token id="112" number="111" sentence="6">official</token>
  <token id="113" number="112" sentence="6">of</token>
  <token id="114" number="113" sentence="6">a</token>
  <token id="115" number="114" sentence="6">group</token>
  <token id="116" number="115" sentence="6">called</token>
  <token id="117" number="116" sentence="6">the</token>
  <token id="118" number="117" sentence="6">International</token>
  <token id="119" number="118" sentence="6">Working</token>
  <token id="120" number="119" sentence="6">Group</token>
  <token id="121" number="120" sentence="6">on</token>
  <token id="122" number="121" sentence="6">Afghan</token>
  <token id="123" number="122" sentence="6">Women</token>
  <token id="124" number="123" sentence="6">.</token>
  <token id="125" number="124" sentence="7">The</token>
  <token id="126" number="125" sentence="7">group</token>
  <token id="127" number="126" sentence="7">has</token>
  <token id="128" number="127" sentence="7">branches</token>
  <token id="129" number="128" sentence="7">in</token>
  <token id="130" number="129" sentence="7">Pakistan</token>
  <token id="131" number="130" sentence="7">,</token>
  <token id="132" number="131" sentence="7">Iran</token>
  <token id="133" number="132" sentence="7">,</token>
  <token id="134" number="133" sentence="7">Europe</token>
  <token id="135" number="134" sentence="7">,</token>
  <token id="136" number="135" sentence="7">Australia</token>
  <token id="137" number="136" sentence="7">,</token>
  <token id="138" number="137" sentence="7">and</token>
  <token id="139" number="138" sentence="7">North</token>
  <token id="140" number="139" sentence="7">America</token>
  <token id="141" number="140" sentence="7">.</token>
  <token id="142" number="141" sentence="8">Ms.</token>
  <token id="143" number="142" sentence="8">Atimadi</token>
  <token id="144" number="143" sentence="8">says</token>
  <token id="145" number="144" sentence="8">Afghan</token>
  <token id="146" number="145" sentence="8">women</token>
  <token id="147" number="146" sentence="8">have</token>
  <token id="148" number="147" sentence="8">been</token>
  <token id="149" number="148" sentence="8">victims</token>
  <token id="150" number="149" sentence="8">of</token>
  <token id="151" number="150" sentence="8">severe</token>
  <token id="152" number="151" sentence="8">violations</token>
  <token id="153" number="152" sentence="8">of</token>
  <token id="154" number="153" sentence="8">human</token>
  <token id="155" number="154" sentence="8">rights</token>
  <token id="156" number="155" sentence="8">for</token>
  <token id="157" number="156" sentence="8">the</token>
  <token id="158" number="157" sentence="8">past</token>
  <token id="159" number="158" sentence="8">twenty</token>
  <token id="160" number="159" sentence="8">years</token>
  <token id="161" number="160" sentence="8">and</token>
  <token id="162" number="161" sentence="8">she</token>
  <token id="163" number="162" sentence="8">says</token>
  <token id="164" number="163" sentence="8">she</token>
  <token id="165" number="164" sentence="8">sees</token>
  <token id="166" number="165" sentence="8">no</token>
  <token id="167" number="166" sentence="8">end</token>
  <token id="168" number="167" sentence="8">to</token>
  <token id="169" number="168" sentence="8">the</token>
  <token id="170" number="169" sentence="8">misery</token>
  <token id="171" number="170" sentence="8">.</token>
  <token id="172" number="171" sentence="9">She</token>
  <token id="173" number="172" sentence="9">says</token>
  <token id="174" number="173" sentence="9">security</token>
  <token id="175" number="174" sentence="9">under</token>
  <token id="176" number="175" sentence="9">the</token>
  <token id="177" number="176" sentence="9">fundamentalist</token>
  <token id="178" number="177" sentence="9">Taleban</token>
  <token id="179" number="178" sentence="9">government</token>
  <token id="180" number="179" sentence="9">is</token>
  <token id="181" number="180" sentence="9">better</token>
  <token id="182" number="181" sentence="9">,</token>
  <token id="183" number="182" sentence="9">but</token>
  <token id="184" number="183" sentence="9">everything</token>
  <token id="185" number="184" sentence="9">else</token>
  <token id="186" number="185" sentence="9">is</token>
  <token id="187" number="186" sentence="9">worse</token>
  <token id="188" number="187" sentence="9">.</token>
  <token id="189" number="188" sentence="10">Women</token>
  <token id="190" number="189" sentence="10">do</token>
  <token id="191" number="190" sentence="10">not</token>
  <token id="192" number="191" sentence="10">become</token>
  <token id="193" number="192" sentence="10">victims</token>
  <token id="194" number="193" sentence="10">of</token>
  <token id="195" number="194" sentence="10">armed</token>
  <token id="196" number="195" sentence="10">attack</token>
  <token id="197" number="196" sentence="10">,</token>
  <token id="198" number="197" sentence="10">but</token>
  <token id="199" number="198" sentence="10">they</token>
  <token id="200" number="199" sentence="10">do</token>
  <token id="201" number="200" sentence="10">not</token>
  <token id="202" number="201" sentence="10">have</token>
  <token id="203" number="202" sentence="10">the</token>
  <token id="204" number="203" sentence="10">right</token>
  <token id="205" number="204" sentence="10">to</token>
  <token id="206" number="205" sentence="10">work</token>
  <token id="207" number="206" sentence="10">.</token>
  <token id="208" number="207" sentence="11">And</token>
  <token id="209" number="208" sentence="11">today</token>
  <token id="210" number="209" sentence="11">,</token>
  <token id="211" number="210" sentence="11">the</token>
  <token id="212" number="211" sentence="11">right</token>
  <token id="213" number="212" sentence="11">to</token>
  <token id="214" number="213" sentence="11">work</token>
  <token id="215" number="214" sentence="11">is</token>
  <token id="216" number="215" sentence="11">equal</token>
  <token id="217" number="216" sentence="11">to</token>
  <token id="218" number="217" sentence="11">r</token>
  <token id="219" number="218" sentence="11">-</token>
  <token id="220" number="219" sentence="11">the</token>
  <token id="221" number="220" sentence="11">right</token>
  <token id="222" number="221" sentence="11">to</token>
  <token id="223" number="222" sentence="11">survival</token>
  <token id="224" number="223" sentence="11">.</token>
  <token id="225" number="224" sentence="12">Ms.</token>
  <token id="226" number="225" sentence="12">Atimadi</token>
  <token id="227" number="226" sentence="12">says</token>
  <token id="228" number="227" sentence="12">the</token>
  <token id="229" number="228" sentence="12">war</token>
  <token id="230" number="229" sentence="12">has</token>
  <token id="231" number="230" sentence="12">created</token>
  <token id="232" number="231" sentence="12">a</token>
  <token id="233" number="232" sentence="12">nation</token>
  <token id="234" number="233" sentence="12">of</token>
  <token id="235" number="234" sentence="12">widows</token>
  <token id="236" number="235" sentence="12">.</token>
  <token id="237" number="236" sentence="13">Women</token>
  <token id="238" number="237" sentence="13">have</token>
  <token id="239" number="238" sentence="13">become</token>
  <token id="240" number="239" sentence="13">the</token>
  <token id="241" number="240" sentence="13">sole</token>
  <token id="242" number="241" sentence="13">support</token>
  <token id="243" number="242" sentence="13">of</token>
  <token id="244" number="243" sentence="13">their</token>
  <token id="245" number="244" sentence="13">families</token>
  <token id="246" number="245" sentence="13">.</token>
  <token id="247" number="246" sentence="14">Yet</token>
  <token id="248" number="247" sentence="14">,</token>
  <token id="249" number="248" sentence="14">the</token>
  <token id="250" number="249" sentence="14">Taliban</token>
  <token id="251" number="250" sentence="14">have</token>
  <token id="252" number="251" sentence="14">forbidden</token>
  <token id="253" number="252" sentence="14">them</token>
  <token id="254" number="253" sentence="14">to</token>
  <token id="255" number="254" sentence="14">work</token>
  <token id="256" number="255" sentence="14">.</token>
  <token id="257" number="256" sentence="15">She</token>
  <token id="258" number="257" sentence="15">says</token>
  <token id="259" number="258" sentence="15">this</token>
  <token id="260" number="259" sentence="15">puts</token>
  <token id="261" number="260" sentence="15">the</token>
  <token id="262" number="261" sentence="15">very</token>
  <token id="263" number="262" sentence="15">existence</token>
  <token id="264" number="263" sentence="15">of</token>
  <token id="265" number="264" sentence="15">women</token>
  <token id="266" number="265" sentence="15">'s</token>
  <token id="267" number="266" sentence="15">families</token>
  <token id="268" number="267" sentence="15">at</token>
  <token id="269" number="268" sentence="15">risk</token>
  <token id="270" number="269" sentence="15">.</token>
  <token id="271" number="270" sentence="16">She</token>
  <token id="272" number="271" sentence="16">says</token>
  <token id="273" number="272" sentence="16">the</token>
  <token id="274" number="273" sentence="16">plight</token>
  <token id="275" number="274" sentence="16">of</token>
  <token id="276" number="275" sentence="16">women</token>
  <token id="277" number="276" sentence="16">in</token>
  <token id="278" number="277" sentence="16">urban</token>
  <token id="279" number="278" sentence="16">areas</token>
  <token id="280" number="279" sentence="16">is</token>
  <token id="281" number="280" sentence="16">greater</token>
  <token id="282" number="281" sentence="16">than</token>
  <token id="283" number="282" sentence="16">that</token>
  <token id="284" number="283" sentence="16">which</token>
  <token id="285" number="284" sentence="16">exists</token>
  <token id="286" number="285" sentence="16">in</token>
  <token id="287" number="286" sentence="16">rural</token>
  <token id="288" number="287" sentence="16">parts</token>
  <token id="289" number="288" sentence="16">of</token>
  <token id="290" number="289" sentence="16">the</token>
  <token id="291" number="290" sentence="16">country</token>
  <token id="292" number="291" sentence="16">.</token>
  <token id="293" number="292" sentence="17">In</token>
  <token id="294" number="293" sentence="17">cities</token>
  <token id="295" number="294" sentence="17">,</token>
  <token id="296" number="295" sentence="17">such</token>
  <token id="297" number="296" sentence="17">as</token>
  <token id="298" number="297" sentence="17">the</token>
  <token id="299" number="298" sentence="17">capital</token>
  <token id="300" number="299" sentence="17">Kabul</token>
  <token id="301" number="300" sentence="17">,</token>
  <token id="302" number="301" sentence="17">women</token>
  <token id="303" number="302" sentence="17">are</token>
  <token id="304" number="303" sentence="17">totally</token>
  <token id="305" number="304" sentence="17">dependent</token>
  <token id="306" number="305" sentence="17">on</token>
  <token id="307" number="306" sentence="17">international</token>
  <token id="308" number="307" sentence="17">aid</token>
  <token id="309" number="308" sentence="17">for</token>
  <token id="310" number="309" sentence="17">survival</token>
  <token id="311" number="310" sentence="17">.</token>
  <token id="312" number="311" sentence="18">Ms.</token>
  <token id="313" number="312" sentence="18">Atimadi</token>
  <token id="314" number="313" sentence="18">says</token>
  <token id="315" number="314" sentence="18">the</token>
  <token id="316" number="315" sentence="18">women</token>
  <token id="317" number="316" sentence="18">of</token>
  <token id="318" number="317" sentence="18">Kabul</token>
  <token id="319" number="318" sentence="18">symbolize</token>
  <token id="320" number="319" sentence="18">the</token>
  <token id="321" number="320" sentence="18">suffering</token>
  <token id="322" number="321" sentence="18">of</token>
  <token id="323" number="322" sentence="18">all</token>
  <token id="324" number="323" sentence="18">the</token>
  <token id="325" number="324" sentence="18">women</token>
  <token id="326" number="325" sentence="18">in</token>
  <token id="327" number="326" sentence="18">Afghanistan</token>
  <token id="328" number="327" sentence="18">.</token>
  <token id="329" number="328" sentence="19">The</token>
  <token id="330" number="329" sentence="19">aim</token>
  <token id="331" number="330" sentence="19">is</token>
  <token id="332" number="331" sentence="19">to</token>
  <token id="333" number="332" sentence="19">bring</token>
  <token id="334" number="333" sentence="19">in</token>
  <token id="335" number="334" sentence="19">not</token>
  <token id="336" number="335" sentence="19">only</token>
  <token id="337" number="336" sentence="19">the</token>
  <token id="338" number="337" sentence="19">focus</token>
  <token id="339" number="338" sentence="19">on</token>
  <token id="340" number="339" sentence="19">women</token>
  <token id="341" number="340" sentence="19">'s</token>
  <token id="342" number="341" sentence="19">right</token>
  <token id="343" number="342" sentence="19">to</token>
  <token id="344" number="343" sentence="19">education</token>
  <token id="345" number="344" sentence="19">,</token>
  <token id="346" number="345" sentence="19">access</token>
  <token id="347" number="346" sentence="19">to</token>
  <token id="348" number="347" sentence="19">work</token>
  <token id="349" number="348" sentence="19">,</token>
  <token id="350" number="349" sentence="19">but</token>
  <token id="351" number="350" sentence="19">look</token>
  <token id="352" number="351" sentence="19">beyond</token>
  <token id="353" number="352" sentence="19">that</token>
  <token id="354" number="353" sentence="19">and</token>
  <token id="355" number="354" sentence="19">look</token>
  <token id="356" number="355" sentence="19">at</token>
  <token id="357" number="356" sentence="19">the</token>
  <token id="358" number="357" sentence="19">roots</token>
  <token id="359" number="358" sentence="19">of</token>
  <token id="360" number="359" sentence="19">,</token>
  <token id="361" number="360" sentence="19">uh</token>
  <token id="362" number="361" sentence="19">of</token>
  <token id="363" number="362" sentence="19">these</token>
  <token id="364" number="363" sentence="19">problems</token>
  <token id="365" number="364" sentence="19">.</token>
  <token id="366" number="365" sentence="20">These</token>
  <token id="367" number="366" sentence="20">are</token>
  <token id="368" number="367" sentence="20">only</token>
  <token id="369" number="368" sentence="20">the</token>
  <token id="370" number="369" sentence="20">symptoms</token>
  <token id="371" number="370" sentence="20">of</token>
  <token id="372" number="371" sentence="20">the</token>
  <token id="373" number="372" sentence="20">problems</token>
  <token id="374" number="373" sentence="20">that</token>
  <token id="375" number="374" sentence="20">are</token>
  <token id="376" number="375" sentence="20">facing</token>
  <token id="377" number="376" sentence="20">Afghanistan</token>
  <token id="378" number="377" sentence="20">.</token>
  <token id="379" number="378" sentence="21">For</token>
  <token id="380" number="379" sentence="21">women</token>
  <token id="381" number="380" sentence="21">in</token>
  <token id="382" number="381" sentence="21">Afghanistan</token>
  <token id="383" number="382" sentence="21">to</token>
  <token id="384" number="383" sentence="21">be</token>
  <token id="385" number="384" sentence="21">able</token>
  <token id="386" number="385" sentence="21">to</token>
  <token id="387" number="386" sentence="21">realize</token>
  <token id="388" number="387" sentence="21">their</token>
  <token id="389" number="388" sentence="21">rights</token>
  <token id="390" number="389" sentence="21">,</token>
  <token id="391" number="390" sentence="21">there</token>
  <token id="392" number="391" sentence="21">have</token>
  <token id="393" number="392" sentence="21">to</token>
  <token id="394" number="393" sentence="21">be</token>
  <token id="395" number="394" sentence="21">conditions</token>
  <token id="396" number="395" sentence="21">of</token>
  <token id="397" number="396" sentence="21">peace</token>
  <token id="398" number="397" sentence="21">and</token>
  <token id="399" number="398" sentence="21">justice</token>
  <token id="400" number="399" sentence="21">.</token>
  <token id="401" number="400" sentence="22">Ms.</token>
  <token id="402" number="401" sentence="22">Atimadi</token>
  <token id="403" number="402" sentence="22">says</token>
  <token id="404" number="403" sentence="22">that</token>
  <token id="405" number="404" sentence="22">is</token>
  <token id="406" number="405" sentence="22">the</token>
  <token id="407" number="406" sentence="22">primary</token>
  <token id="408" number="407" sentence="22">focus</token>
  <token id="409" number="408" sentence="22">of</token>
  <token id="410" number="409" sentence="22">her</token>
  <token id="411" number="410" sentence="22">group</token>
  <token id="412" number="411" sentence="22">,</token>
  <token id="413" number="412" sentence="22">peace</token>
  <token id="414" number="413" sentence="22">and</token>
  <token id="415" number="414" sentence="22">justice</token>
  <token id="416" number="415" sentence="22">.</token>
  <token id="417" number="416" sentence="23">She</token>
  <token id="418" number="417" sentence="23">says</token>
  <token id="419" number="418" sentence="23">her</token>
  <token id="420" number="419" sentence="23">group</token>
  <token id="421" number="420" sentence="23">is</token>
  <token id="422" number="421" sentence="23">appealing</token>
  <token id="423" number="422" sentence="23">to</token>
  <token id="424" number="423" sentence="23">individuals</token>
  <token id="425" number="424" sentence="23">,</token>
  <token id="426" number="425" sentence="23">to</token>
  <token id="427" number="426" sentence="23">the</token>
  <token id="428" number="427" sentence="23">international</token>
  <token id="429" number="428" sentence="23">community</token>
  <token id="430" number="429" sentence="23">,</token>
  <token id="431" number="430" sentence="23">and</token>
  <token id="432" number="431" sentence="23">to</token>
  <token id="433" number="432" sentence="23">the</token>
  <token id="434" number="433" sentence="23">combatants</token>
  <token id="435" number="434" sentence="23">and</token>
  <token id="436" number="435" sentence="23">people</token>
  <token id="437" number="436" sentence="23">of</token>
  <token id="438" number="437" sentence="23">Afghanistan</token>
  <token id="439" number="438" sentence="23">to</token>
  <token id="440" number="439" sentence="23">stop</token>
  <token id="441" number="440" sentence="23">the</token>
  <token id="442" number="441" sentence="23">bloodletting</token>
  <token id="443" number="442" sentence="23">which</token>
  <token id="444" number="443" sentence="23">has</token>
  <token id="445" number="444" sentence="23">torn</token>
  <token id="446" number="445" sentence="23">the</token>
  <token id="447" number="446" sentence="23">country</token>
  <token id="448" number="447" sentence="23">apart</token>
  <token id="449" number="448" sentence="23">.</token>
  <token id="450" number="449" sentence="24">Lisa</token>
  <token id="451" number="450" sentence="24">Schlein</token>
  <token id="452" number="451" sentence="24">for</token>
  <token id="453" number="452" sentence="24">VOA</token>
  <token id="454" number="453" sentence="24">News</token>
  <token id="455" number="454" sentence="24">,</token>
  <token id="456" number="455" sentence="24">Geneva</token>
  <token id="457" number="456" sentence="24">.</token>
</Document>
