<Document doc_name="wsj_0695">
  <Markables>
    <TIMEX3 RELATED_TO="" TAG_DESCRIPTOR="Empty_Mark" beginPoint="" comment="" endPoint="" freq="" functionInDocument="CREATION_TIME" id="0" quant="" type="DATE" value="1989-10-27" />
    <EVENT aspect="NONE" certainty="" class="REPORTING" comment="" factuality="" id="1" modality="NONE" polarity="POS" pos="VERB" tense="PAST">
      <token_anchor id="17" />
    </EVENT>
    <EVENT aspect="NONE" certainty="" class="I_ACTION" comment="" factuality="" id="2" modality="NONE" polarity="POS" pos="VERB" tense="PAST">
      <token_anchor id="19" />
    </EVENT>
    <EVENT aspect="NONE" certainty="" class="OCCURRENCE" comment="" factuality="" id="3" modality="NONE" polarity="POS" pos="VERB" tense="INFINITIVE">
      <token_anchor id="27" />
    </EVENT>
    <EVENT aspect="NONE" certainty="" class="OCCURRENCE" comment="" factuality="" id="4" modality="NONE" polarity="POS" pos="VERB" tense="PAST">
      <token_anchor id="62" />
    </EVENT>
    <TIMEX3 anchorTimeID="0" beginPoint="" comment="" endPoint="" freq="" functionInDocument="NONE" id="5" quant="" type="DATE" value="1989-10">
      <token_anchor id="65" />
      <token_anchor id="66" />
    </TIMEX3>
    <EVENT aspect="NONE" certainty="" class="OCCURRENCE" comment="" factuality="" id="6" modality="NONE" polarity="POS" pos="VERB" tense="PRESPART">
      <token_anchor id="68" />
    </EVENT>
    <EVENT aspect="NONE" certainty="" class="STATE" comment="" factuality="" id="7" modality="NONE" polarity="POS" pos="VERB" tense="PAST">
      <token_anchor id="141" />
    </EVENT>
    <EVENT aspect="NONE" certainty="" class="OCCURRENCE" comment="" factuality="" id="8" modality="NONE" polarity="POS" pos="NOUN" tense="NONE">
      <token_anchor id="152" />
    </EVENT>
    <EVENT aspect="PROGRESSIVE" certainty="" class="I_ACTION" comment="" factuality="" id="9" modality="NONE" polarity="POS" pos="VERB" tense="PRESENT">
      <token_anchor id="172" />
    </EVENT>
    <EVENT aspect="NONE" certainty="" class="STATE" comment="" factuality="" id="10" modality="NONE" polarity="POS" pos="VERB" tense="PRESENT">
      <token_anchor id="186" />
    </EVENT>
    <EVENT aspect="NONE" certainty="" class="STATE" comment="" factuality="" id="11" modality="NONE" polarity="NEG" pos="VERB" tense="PAST">
      <token_anchor id="200" />
    </EVENT>
    <EVENT aspect="NONE" certainty="" class="OCCURRENCE" comment="" factuality="" id="12" modality="NONE" polarity="POS" pos="VERB" tense="INFINITIVE">
      <token_anchor id="202" />
    </EVENT>
    <TIMEX3 anchorTimeID="0" beginPoint="" comment="" endPoint="" freq="" functionInDocument="NONE" id="13" quant="" type="DATE" value="1989-10-26">
      <token_anchor id="203" />
      <token_anchor id="204" />
    </TIMEX3>
    <TIMEX3 beginPoint="" comment="" endPoint="" freq="" functionInDocument="NONE" id="14" quant="" type="DURATION" value="P1Y">
      <token_anchor id="207" />
      <token_anchor id="208" />
    </TIMEX3>
    <TIMEX3 anchorTimeID="0" beginPoint="" comment="" endPoint="" freq="" functionInDocument="NONE" id="15" quant="" type="DATE" value="1989-07-02">
      <token_anchor id="210" />
      <token_anchor id="211" />
    </TIMEX3>
    <EVENT aspect="PERFECTIVE" certainty="" class="OCCURRENCE" comment="" factuality="" id="16" modality="NONE" polarity="POS" pos="VERB" tense="PAST">
      <token_anchor id="214" />
    </EVENT>
  </Markables>
  <Relations>
    <TLINK comment="" id="1" relType="AFTER">
      <source id="0" />
      <target id="1" />
    </TLINK>
    <TLINK comment="" id="2" relType="SIMULTANEOUS">
      <source id="4" />
      <target id="5" />
    </TLINK>
    <TLINK comment="" id="3" relType="SIMULTANEOUS">
      <source id="4" />
      <target id="6" />
    </TLINK>
    <TLINK comment="" id="4" relType="INCLUDES">
      <source id="5" />
      <target id="0" />
    </TLINK>
    <TLINK comment="" id="5" relType="BEFORE">
      <source id="7" />
      <target id="8" />
    </TLINK>
    <TLINK comment="" id="6" relType="IDENTITY">
      <source id="8" />
      <target id="6" />
    </TLINK>
    <TLINK comment="" id="7" relType="INCLUDES">
      <source id="9" />
      <target id="0" />
    </TLINK>
    <TLINK comment="" id="8" relType="DURING">
      <source id="10" />
      <target id="0" />
    </TLINK>
    <TLINK comment="" id="9" relType="DURING">
      <source id="11" />
      <target id="13" />
    </TLINK>
    <TLINK comment="" id="10" relType="ENDED_BY">
      <source id="14" />
      <target id="15" />
    </TLINK>
    <TLINK comment="" id="11" relType="DURING">
      <source id="16" />
      <target id="14" />
    </TLINK>
  </Relations>
  <token id="1" number="0" sentence="0">A</token>
  <token id="2" number="1" sentence="0">group</token>
  <token id="3" number="2" sentence="0">of</token>
  <token id="4" number="3" sentence="0">investors</token>
  <token id="5" number="4" sentence="0">led</token>
  <token id="6" number="5" sentence="0">by</token>
  <token id="7" number="6" sentence="0">Giant</token>
  <token id="8" number="7" sentence="0">Group</token>
  <token id="9" number="8" sentence="0">Ltd.</token>
  <token id="10" number="9" sentence="0">and</token>
  <token id="11" number="10" sentence="0">its</token>
  <token id="12" number="11" sentence="0">chairman</token>
  <token id="13" number="12" sentence="0">,</token>
  <token id="14" number="13" sentence="0">Burt</token>
  <token id="15" number="14" sentence="0">Sugarman</token>
  <token id="16" number="15" sentence="0">,</token>
  <token id="17" number="16" sentence="0">said</token>
  <token id="18" number="17" sentence="0">it</token>
  <token id="19" number="18" sentence="0">filed</token>
  <token id="20" number="19" sentence="0">with</token>
  <token id="21" number="20" sentence="0">federal</token>
  <token id="22" number="21" sentence="0">antitrust</token>
  <token id="23" number="22" sentence="0">regulators</token>
  <token id="24" number="23" sentence="0">for</token>
  <token id="25" number="24" sentence="0">clearance</token>
  <token id="26" number="25" sentence="0">to</token>
  <token id="27" number="26" sentence="0">buy</token>
  <token id="28" number="27" sentence="0">more</token>
  <token id="29" number="28" sentence="0">than</token>
  <token id="30" number="29" sentence="0">50</token>
  <token id="31" number="30" sentence="0">%</token>
  <token id="32" number="31" sentence="0">of</token>
  <token id="33" number="32" sentence="0">the</token>
  <token id="34" number="33" sentence="0">stock</token>
  <token id="35" number="34" sentence="0">of</token>
  <token id="36" number="35" sentence="0">Rally</token>
  <token id="37" number="36" sentence="0">'s</token>
  <token id="38" number="37" sentence="0">Inc.,</token>
  <token id="39" number="38" sentence="0">a</token>
  <token id="40" number="39" sentence="0">fast-food</token>
  <token id="41" number="40" sentence="0">company</token>
  <token id="42" number="41" sentence="0">based</token>
  <token id="43" number="42" sentence="0">in</token>
  <token id="44" number="43" sentence="0">Louisville</token>
  <token id="45" number="44" sentence="0">,</token>
  <token id="46" number="45" sentence="0">Ky</token>
  <token id="47" number="46" sentence="0">.</token>
  <token id="48" number="47" sentence="1">Rally</token>
  <token id="49" number="48" sentence="1">'s</token>
  <token id="50" number="49" sentence="1">operates</token>
  <token id="51" number="50" sentence="1">and</token>
  <token id="52" number="51" sentence="1">franchises</token>
  <token id="53" number="52" sentence="1">about</token>
  <token id="54" number="53" sentence="1">160</token>
  <token id="55" number="54" sentence="1">fast-food</token>
  <token id="56" number="55" sentence="1">restaurants</token>
  <token id="57" number="56" sentence="1">throughout</token>
  <token id="58" number="57" sentence="1">the</token>
  <token id="59" number="58" sentence="1">U.S.</token>
  <token id="60" number="59" sentence="2">The</token>
  <token id="61" number="60" sentence="2">company</token>
  <token id="62" number="61" sentence="2">went</token>
  <token id="63" number="62" sentence="2">public</token>
  <token id="64" number="63" sentence="2">earlier</token>
  <token id="65" number="64" sentence="2">this</token>
  <token id="66" number="65" sentence="2">month</token>
  <token id="67" number="66" sentence="2">,</token>
  <token id="68" number="67" sentence="2">offering</token>
  <token id="69" number="68" sentence="2">1,745,000</token>
  <token id="70" number="69" sentence="2">shares</token>
  <token id="71" number="70" sentence="2">of</token>
  <token id="72" number="71" sentence="2">common</token>
  <token id="73" number="72" sentence="2">stock</token>
  <token id="74" number="73" sentence="2">at</token>
  <token id="75" number="74" sentence="2">$</token>
  <token id="76" number="75" sentence="2">15</token>
  <token id="77" number="76" sentence="2">a</token>
  <token id="78" number="77" sentence="2">share</token>
  <token id="79" number="78" sentence="2">.</token>
  <token id="80" number="79" sentence="3">Giant</token>
  <token id="81" number="80" sentence="3">has</token>
  <token id="82" number="81" sentence="3">interests</token>
  <token id="83" number="82" sentence="3">in</token>
  <token id="84" number="83" sentence="3">cement</token>
  <token id="85" number="84" sentence="3">making</token>
  <token id="86" number="85" sentence="3">and</token>
  <token id="87" number="86" sentence="3">newsprint</token>
  <token id="88" number="87" sentence="3">.</token>
  <token id="89" number="88" sentence="4">The</token>
  <token id="90" number="89" sentence="4">investor</token>
  <token id="91" number="90" sentence="4">group</token>
  <token id="92" number="91" sentence="4">includes</token>
  <token id="93" number="92" sentence="4">Restaurant</token>
  <token id="94" number="93" sentence="4">Investment</token>
  <token id="95" number="94" sentence="4">Partnership</token>
  <token id="96" number="95" sentence="4">,</token>
  <token id="97" number="96" sentence="4">a</token>
  <token id="98" number="97" sentence="4">California</token>
  <token id="99" number="98" sentence="4">general</token>
  <token id="100" number="99" sentence="4">partnership</token>
  <token id="101" number="100" sentence="4">,</token>
  <token id="102" number="101" sentence="4">and</token>
  <token id="103" number="102" sentence="4">three</token>
  <token id="104" number="103" sentence="4">Rally</token>
  <token id="105" number="104" sentence="4">'s</token>
  <token id="106" number="105" sentence="4">directors</token>
  <token id="107" number="106" sentence="4">:</token>
  <token id="108" number="107" sentence="4">Mr.</token>
  <token id="109" number="108" sentence="4">Sugarman</token>
  <token id="110" number="109" sentence="4">,</token>
  <token id="111" number="110" sentence="4">James</token>
  <token id="112" number="111" sentence="4">M.</token>
  <token id="113" number="112" sentence="4">Trotter</token>
  <token id="114" number="113" sentence="4">III</token>
  <token id="115" number="114" sentence="4">and</token>
  <token id="116" number="115" sentence="4">William</token>
  <token id="117" number="116" sentence="4">E.</token>
  <token id="118" number="117" sentence="4">Trotter</token>
  <token id="119" number="118" sentence="4">II</token>
  <token id="120" number="119" sentence="4">.</token>
  <token id="121" number="120" sentence="5">The</token>
  <token id="122" number="121" sentence="5">group</token>
  <token id="123" number="122" sentence="5">currently</token>
  <token id="124" number="123" sentence="5">holds</token>
  <token id="125" number="124" sentence="5">3,027,330</token>
  <token id="126" number="125" sentence="5">Rally</token>
  <token id="127" number="126" sentence="5">'s</token>
  <token id="128" number="127" sentence="5">shares</token>
  <token id="129" number="128" sentence="5">,</token>
  <token id="130" number="129" sentence="5">or</token>
  <token id="131" number="130" sentence="5">45.2</token>
  <token id="132" number="131" sentence="5">%</token>
  <token id="133" number="132" sentence="5">of</token>
  <token id="134" number="133" sentence="5">its</token>
  <token id="135" number="134" sentence="5">commmon</token>
  <token id="136" number="135" sentence="5">shares</token>
  <token id="137" number="136" sentence="5">outstanding</token>
  <token id="138" number="137" sentence="5">.</token>
  <token id="139" number="138" sentence="6">Giant</token>
  <token id="140" number="139" sentence="6">Group</token>
  <token id="141" number="140" sentence="6">owned</token>
  <token id="142" number="141" sentence="6">22</token>
  <token id="143" number="142" sentence="6">%</token>
  <token id="144" number="143" sentence="6">of</token>
  <token id="145" number="144" sentence="6">Rally</token>
  <token id="146" number="145" sentence="6">'s</token>
  <token id="147" number="146" sentence="6">shares</token>
  <token id="148" number="147" sentence="6">before</token>
  <token id="149" number="148" sentence="6">the</token>
  <token id="150" number="149" sentence="6">initial</token>
  <token id="151" number="150" sentence="6">public</token>
  <token id="152" number="151" sentence="6">offering</token>
  <token id="153" number="152" sentence="6">.</token>
  <token id="154" number="153" sentence="7">A</token>
  <token id="155" number="154" sentence="7">second</token>
  <token id="156" number="155" sentence="7">group</token>
  <token id="157" number="156" sentence="7">of</token>
  <token id="158" number="157" sentence="7">three</token>
  <token id="159" number="158" sentence="7">company</token>
  <token id="160" number="159" sentence="7">directors</token>
  <token id="161" number="160" sentence="7">,</token>
  <token id="162" number="161" sentence="7">aligned</token>
  <token id="163" number="162" sentence="7">with</token>
  <token id="164" number="163" sentence="7">Rally</token>
  <token id="165" number="164" sentence="7">'s</token>
  <token id="166" number="165" sentence="7">founder</token>
  <token id="167" number="166" sentence="7">James</token>
  <token id="168" number="167" sentence="7">Patterson</token>
  <token id="169" number="168" sentence="7">,</token>
  <token id="170" number="169" sentence="7">also</token>
  <token id="171" number="170" sentence="7">is</token>
  <token id="172" number="171" sentence="7">seeking</token>
  <token id="173" number="172" sentence="7">control</token>
  <token id="174" number="173" sentence="7">of</token>
  <token id="175" number="174" sentence="7">the</token>
  <token id="176" number="175" sentence="7">fast-food</token>
  <token id="177" number="176" sentence="7">chain</token>
  <token id="178" number="177" sentence="7">.</token>
  <token id="179" number="178" sentence="8">It</token>
  <token id="180" number="179" sentence="8">is</token>
  <token id="181" number="180" sentence="8">estimated</token>
  <token id="182" number="181" sentence="8">that</token>
  <token id="183" number="182" sentence="8">the</token>
  <token id="184" number="183" sentence="8">Patterson</token>
  <token id="185" number="184" sentence="8">group</token>
  <token id="186" number="185" sentence="8">controls</token>
  <token id="187" number="186" sentence="8">more</token>
  <token id="188" number="187" sentence="8">than</token>
  <token id="189" number="188" sentence="8">40</token>
  <token id="190" number="189" sentence="8">%</token>
  <token id="191" number="190" sentence="8">of</token>
  <token id="192" number="191" sentence="8">Rally</token>
  <token id="193" number="192" sentence="8">'s</token>
  <token id="194" number="193" sentence="8">stock</token>
  <token id="195" number="194" sentence="8">.</token>
  <token id="196" number="195" sentence="9">Rally</token>
  <token id="197" number="196" sentence="9">officials</token>
  <token id="198" number="197" sentence="9">were</token>
  <token id="199" number="198" sentence="9">n't</token>
  <token id="200" number="199" sentence="9">available</token>
  <token id="201" number="200" sentence="9">to</token>
  <token id="202" number="201" sentence="9">comment</token>
  <token id="203" number="202" sentence="9">late</token>
  <token id="204" number="203" sentence="9">yesterday</token>
  <token id="205" number="204" sentence="9">.</token>
  <token id="206" number="205" sentence="10">For</token>
  <token id="207" number="206" sentence="10">the</token>
  <token id="208" number="207" sentence="10">year</token>
  <token id="209" number="208" sentence="10">ended</token>
  <token id="210" number="209" sentence="10">July</token>
  <token id="211" number="210" sentence="10">2</token>
  <token id="212" number="211" sentence="10">,</token>
  <token id="213" number="212" sentence="10">Rally</token>
  <token id="214" number="213" sentence="10">had</token>
  <token id="215" number="214" sentence="10">net</token>
  <token id="216" number="215" sentence="10">income</token>
  <token id="217" number="216" sentence="10">of</token>
  <token id="218" number="217" sentence="10">$</token>
  <token id="219" number="218" sentence="10">2.4</token>
  <token id="220" number="219" sentence="10">million</token>
  <token id="221" number="220" sentence="10">,</token>
  <token id="222" number="221" sentence="10">or</token>
  <token id="223" number="222" sentence="10">34</token>
  <token id="224" number="223" sentence="10">cents</token>
  <token id="225" number="224" sentence="10">a</token>
  <token id="226" number="225" sentence="10">share</token>
  <token id="227" number="226" sentence="10">,</token>
  <token id="228" number="227" sentence="10">on</token>
  <token id="229" number="228" sentence="10">revenue</token>
  <token id="230" number="229" sentence="10">of</token>
  <token id="231" number="230" sentence="10">$</token>
  <token id="232" number="231" sentence="10">52.9</token>
  <token id="233" number="232" sentence="10">million</token>
  <token id="234" number="233" sentence="10">.</token>
</Document>
