<Document doc_name="wsj_1073">
  <Markables>
    <TIMEX3 RELATED_TO="" TAG_DESCRIPTOR="Empty_Mark" beginPoint="" comment="" endPoint="" freq="" functionInDocument="CREATION_TIME" id="0" quant="" type="DATE" value="1989-10-25" />
    <EVENT aspect="NONE" certainty="" class="REPORTING" comment="" factuality="" id="1" modality="NONE" polarity="POS" pos="VERB" tense="PAST">
      <token_anchor id="5" />
    </EVENT>
    <EVENT aspect="NONE" certainty="" class="OCCURRENCE" comment="" factuality="" id="2" modality="NONE" polarity="POS" pos="VERB" tense="PAST">
      <token_anchor id="7" />
    </EVENT>
    <EVENT aspect="NONE" certainty="" class="OCCURRENCE" comment="" factuality="" id="3" modality="NONE" polarity="POS" pos="VERB" tense="PAST">
      <token_anchor id="19" />
    </EVENT>
    <EVENT aspect="PERFECTIVE" certainty="" class="OCCURRENCE" comment="" factuality="" id="4" modality="NONE" polarity="POS" pos="VERB" tense="PAST">
      <token_anchor id="47" />
    </EVENT>
    <EVENT aspect="NONE" certainty="" class="OCCURRENCE" comment="" factuality="" id="5" modality="NONE" polarity="POS" pos="NOUN" tense="NONE">
      <token_anchor id="54" />
    </EVENT>
    <TIMEX3 anchorTimeID="0" beginPoint="" comment="" endPoint="" freq="" functionInDocument="NONE" id="6" quant="" type="DATE" value="1988">
      <token_anchor id="55" />
      <token_anchor id="56" />
    </TIMEX3>
  </Markables>
  <Relations>
    <TLINK comment="" id="1" relType="BEFORE">
      <source id="1" />
      <target id="0" />
    </TLINK>
    <TLINK comment="" id="2" relType="BEFORE">
      <source id="3" />
      <target id="0" />
    </TLINK>
    <TLINK comment="" id="3" relType="BEFORE">
      <source id="4" />
      <target id="0" />
    </TLINK>
    <TLINK comment="" id="4" relType="SIMULTANEOUS">
      <source id="4" />
      <target id="5" />
    </TLINK>
    <TLINK comment="" id="5" relType="DURING">
      <source id="5" />
      <target id="6" />
    </TLINK>
  </Relations>
  <token id="1" number="0" sentence="0">Advanced</token>
  <token id="2" number="1" sentence="0">Medical</token>
  <token id="3" number="2" sentence="0">Technologies</token>
  <token id="4" number="3" sentence="0">Inc.</token>
  <token id="5" number="4" sentence="0">said</token>
  <token id="6" number="5" sentence="0">it</token>
  <token id="7" number="6" sentence="0">purchased</token>
  <token id="8" number="7" sentence="0">93</token>
  <token id="9" number="8" sentence="0">%</token>
  <token id="10" number="9" sentence="0">of</token>
  <token id="11" number="10" sentence="0">a</token>
  <token id="12" number="11" sentence="0">unit</token>
  <token id="13" number="12" sentence="0">of</token>
  <token id="14" number="13" sentence="0">Henley</token>
  <token id="15" number="14" sentence="0">Group</token>
  <token id="16" number="15" sentence="0">Inc.</token>
  <token id="17" number="16" sentence="1">Advanced</token>
  <token id="18" number="17" sentence="1">Medical</token>
  <token id="19" number="18" sentence="1">paid</token>
  <token id="20" number="19" sentence="1">$</token>
  <token id="21" number="20" sentence="1">106</token>
  <token id="22" number="21" sentence="1">million</token>
  <token id="23" number="22" sentence="1">in</token>
  <token id="24" number="23" sentence="1">cash</token>
  <token id="25" number="24" sentence="1">for</token>
  <token id="26" number="25" sentence="1">its</token>
  <token id="27" number="26" sentence="1">share</token>
  <token id="28" number="27" sentence="1">in</token>
  <token id="29" number="28" sentence="1">a</token>
  <token id="30" number="29" sentence="1">unit</token>
  <token id="31" number="30" sentence="1">of</token>
  <token id="32" number="31" sentence="1">Henley</token>
  <token id="33" number="32" sentence="1">'s</token>
  <token id="34" number="33" sentence="1">Fisher</token>
  <token id="35" number="34" sentence="1">Scientific</token>
  <token id="36" number="35" sentence="1">subsidiary</token>
  <token id="37" number="36" sentence="1">.</token>
  <token id="38" number="37" sentence="2">The</token>
  <token id="39" number="38" sentence="2">unit</token>
  <token id="40" number="39" sentence="2">makes</token>
  <token id="41" number="40" sentence="2">intravenous</token>
  <token id="42" number="41" sentence="2">pumps</token>
  <token id="43" number="42" sentence="2">used</token>
  <token id="44" number="43" sentence="2">by</token>
  <token id="45" number="44" sentence="2">hospitals</token>
  <token id="46" number="45" sentence="2">and</token>
  <token id="47" number="46" sentence="2">had</token>
  <token id="48" number="47" sentence="2">more</token>
  <token id="49" number="48" sentence="2">than</token>
  <token id="50" number="49" sentence="2">$</token>
  <token id="51" number="50" sentence="2">110</token>
  <token id="52" number="51" sentence="2">million</token>
  <token id="53" number="52" sentence="2">in</token>
  <token id="54" number="53" sentence="2">sales</token>
  <token id="55" number="54" sentence="2">last</token>
  <token id="56" number="55" sentence="2">year</token>
  <token id="57" number="56" sentence="2">,</token>
  <token id="58" number="57" sentence="2">according</token>
  <token id="59" number="58" sentence="2">to</token>
  <token id="60" number="59" sentence="2">Advanced</token>
  <token id="61" number="60" sentence="2">Medical</token>
  <token id="62" number="61" sentence="2">.</token>
</Document>
