<Document doc_name="wsj_0791">
  <Markables>
    <TIMEX3 RELATED_TO="" TAG_DESCRIPTOR="Empty_Mark" beginPoint="" comment="" endPoint="" freq="" functionInDocument="CREATION_TIME" id="0" quant="" type="DATE" value="1989-10-27" />
    <EVENT aspect="NONE" certainty="" class="REPORTING" comment="" factuality="" id="1" modality="NONE" polarity="POS" pos="VERB" tense="PAST">
      <token_anchor id="7" />
    </EVENT>
    <EVENT aspect="NONE" certainty="" class="OCCURRENCE" comment="" factuality="" id="2" modality="may" polarity="POS" pos="VERB" tense="NONE">
      <token_anchor id="10" />
    </EVENT>
    <EVENT aspect="NONE" certainty="" class="OCCURRENCE" comment="" factuality="" id="3" modality="NONE" polarity="POS" pos="NOUN" tense="NONE">
      <token_anchor id="13" />
    </EVENT>
    <EVENT aspect="PERFECTIVE" certainty="" class="OCCURRENCE" comment="" factuality="" id="4" modality="NONE" polarity="POS" pos="VERB" tense="PRESENT">
      <token_anchor id="42" />
    </EVENT>
    <EVENT aspect="NONE" certainty="" class="OCCURRENCE" comment="" factuality="" id="5" modality="NONE" polarity="POS" pos="NOUN" tense="NONE">
      <token_anchor id="44" />
    </EVENT>
    <TIMEX3 beginPoint="" comment="" endPoint="" freq="" functionInDocument="NONE" id="6" quant="" type="DURATION" value="P2Q">
      <token_anchor id="46" />
      <token_anchor id="47" />
      <token_anchor id="48" />
      <token_anchor id="49" />
    </TIMEX3>
    <EVENT aspect="PERFECTIVE_PROGRESSIVE" certainty="" class="OCCURRENCE" comment="" factuality="" id="7" modality="NONE" polarity="POS" pos="VERB" tense="PRESENT">
      <token_anchor id="66" />
    </EVENT>
    <TIMEX3 anchorTimeID="0" beginPoint="" comment="" endPoint="" freq="" functionInDocument="NONE" id="8" quant="" type="DATE" value="PAST_REF">
      <token_anchor id="72" />
    </TIMEX3>
    <TIMEX3 anchorTimeID="0" beginPoint="" comment="" endPoint="" freq="" functionInDocument="NONE" id="9" quant="" type="DATE" value="1989-10-26">
      <token_anchor id="74" />
    </TIMEX3>
    <EVENT aspect="NONE" certainty="" class="OCCURRENCE" comment="" factuality="" id="10" modality="NONE" polarity="POS" pos="VERB" tense="PAST">
      <token_anchor id="76" />
    </EVENT>
    <EVENT aspect="NONE" certainty="" class="OCCURRENCE" comment="" factuality="" id="11" modality="NONE" polarity="POS" pos="NOUN" tense="NONE">
      <token_anchor id="90" />
    </EVENT>
    <EVENT aspect="NONE" certainty="" class="REPORTING" comment="" factuality="" id="12" modality="NONE" polarity="POS" pos="VERB" tense="PAST">
      <token_anchor id="101" />
    </EVENT>
    <EVENT aspect="NONE" certainty="" class="OCCURRENCE" comment="" factuality="" id="13" modality="NONE" polarity="POS" pos="VERB" tense="PRESENT">
      <token_anchor id="109" />
    </EVENT>
    <EVENT aspect="PERFECTIVE" certainty="" class="OCCURRENCE" comment="" factuality="" id="14" modality="NONE" polarity="NEG" pos="VERB" tense="PRESENT">
      <token_anchor id="124" />
    </EVENT>
    <EVENT aspect="NONE" certainty="" class="OCCURRENCE" comment="" factuality="" id="15" modality="NONE" polarity="POS" pos="NOUN" tense="NONE">
      <token_anchor id="128" />
    </EVENT>
    <EVENT aspect="PERFECTIVE" certainty="" class="OCCURRENCE" comment="" factuality="" id="16" modality="NONE" polarity="POS" pos="VERB" tense="PRESENT">
      <token_anchor id="134" />
    </EVENT>
    <EVENT aspect="NONE" certainty="" class="OCCURRENCE" comment="" factuality="" id="17" modality="NONE" polarity="POS" pos="NOUN" tense="NONE">
      <token_anchor id="136" />
    </EVENT>
    <EVENT aspect="NONE" certainty="" class="REPORTING" comment="" factuality="" id="18" modality="NONE" polarity="POS" pos="VERB" tense="PAST">
      <token_anchor id="143" />
    </EVENT>
    <EVENT aspect="NONE" certainty="" class="I_ACTION" comment="" factuality="" id="19" modality="NONE" polarity="POS" pos="VERB" tense="PAST">
      <token_anchor id="146" />
    </EVENT>
    <EVENT aspect="NONE" certainty="" class="OCCURRENCE" comment="" factuality="" id="20" modality="NONE" polarity="POS" pos="VERB" tense="INFINITIVE">
      <token_anchor id="148" />
    </EVENT>
    <EVENT aspect="NONE" certainty="" class="OCCURRENCE" comment="" factuality="" id="21" modality="NONE" polarity="POS" pos="VERB" tense="PRESENT">
      <token_anchor id="152" />
    </EVENT>
    <EVENT aspect="NONE" certainty="" class="OCCURRENCE" comment="" factuality="" id="22" modality="NONE" polarity="POS" pos="VERB" tense="PASTPART">
      <token_anchor id="178" />
    </EVENT>
    <EVENT aspect="NONE" certainty="" class="OCCURRENCE" comment="" factuality="" id="23" modality="NONE" polarity="POS" pos="VERB" tense="PAST">
      <token_anchor id="198" />
    </EVENT>
    <TIMEX3 anchorTimeID="0" beginPoint="" comment="" endPoint="" freq="" functionInDocument="NONE" id="24" quant="" type="DATE" value="1989-10">
      <token_anchor id="201" />
      <token_anchor id="202" />
      <token_anchor id="203" />
      <token_anchor id="204" />
    </TIMEX3>
    <EVENT aspect="NONE" certainty="" class="I_ACTION" comment="" factuality="" id="25" modality="NONE" polarity="POS" pos="VERB" tense="PAST">
      <token_anchor id="209" />
    </EVENT>
    <EVENT aspect="NONE" certainty="" class="STATE" comment="" factuality="" id="26" modality="NONE" polarity="POS" pos="NOUN" tense="NONE">
      <token_anchor id="215" />
    </EVENT>
  </Markables>
  <Relations>
    <TLINK comment="" id="1" relType="BEFORE">
      <source id="1" />
      <target id="0" />
    </TLINK>
    <TLINK comment="" id="2" relType="IDENTITY">
      <source id="2" />
      <target id="3" />
    </TLINK>
    <TLINK comment="" id="3" relType="BEFORE">
      <source id="4" />
      <target id="1" />
    </TLINK>
    <TLINK comment="" id="4" relType="IDENTITY">
      <source id="4" />
      <target id="5" />
    </TLINK>
    <TLINK comment="" id="5" relType="IS_INCLUDED">
      <source id="4" />
      <target id="6" />
    </TLINK>
    <TLINK comment="" id="6" relType="IS_INCLUDED">
      <source id="10" />
      <target id="9" />
    </TLINK>
    <TLINK comment="" id="7" relType="IDENTITY">
      <source id="12" />
      <target id="1" />
    </TLINK>
    <TLINK comment="" id="8" relType="BEFORE">
      <source id="14" />
      <target id="0" />
    </TLINK>
    <TLINK comment="" id="9" relType="IDENTITY">
      <source id="14" />
      <target id="15" />
    </TLINK>
    <TLINK comment="" id="10" relType="BEFORE">
      <source id="16" />
      <target id="0" />
    </TLINK>
    <TLINK comment="" id="11" relType="IS_INCLUDED">
      <source id="16" />
      <target id="17" />
    </TLINK>
    <TLINK comment="" id="12" relType="BEFORE">
      <source id="18" />
      <target id="0" />
    </TLINK>
    <TLINK comment="" id="13" relType="BEFORE">
      <source id="19" />
      <target id="0" />
    </TLINK>
    <TLINK comment="" id="14" relType="INCLUDES">
      <source id="21" />
      <target id="0" />
    </TLINK>
    <TLINK comment="" id="15" relType="SIMULTANEOUS">
      <source id="22" />
      <target id="21" />
    </TLINK>
    <TLINK comment="" id="16" relType="AFTER">
      <source id="22" />
      <target id="23" />
    </TLINK>
    <TLINK comment="" id="17" relType="IS_INCLUDED">
      <source id="23" />
      <target id="24" />
    </TLINK>
    <TLINK comment="" id="18" relType="BEFORE">
      <source id="25" />
      <target id="0" />
    </TLINK>
  </Relations>
  <token id="1" number="0" sentence="0">Norwood</token>
  <token id="2" number="1" sentence="0">Partners</token>
  <token id="3" number="2" sentence="0">Limited</token>
  <token id="4" number="3" sentence="0">Partnership</token>
  <token id="5" number="4" sentence="0">of</token>
  <token id="6" number="5" sentence="0">Boston</token>
  <token id="7" number="6" sentence="0">said</token>
  <token id="8" number="7" sentence="0">it</token>
  <token id="9" number="8" sentence="0">may</token>
  <token id="10" number="9" sentence="0">make</token>
  <token id="11" number="10" sentence="0">a</token>
  <token id="12" number="11" sentence="0">tender</token>
  <token id="13" number="12" sentence="0">offer</token>
  <token id="14" number="13" sentence="0">for</token>
  <token id="15" number="14" sentence="0">some</token>
  <token id="16" number="15" sentence="0">or</token>
  <token id="17" number="16" sentence="0">all</token>
  <token id="18" number="17" sentence="0">of</token>
  <token id="19" number="18" sentence="0">Phoenix</token>
  <token id="20" number="19" sentence="0">Technologies</token>
  <token id="21" number="20" sentence="0">Ltd.'s</token>
  <token id="22" number="21" sentence="0">common</token>
  <token id="23" number="22" sentence="0">shares</token>
  <token id="24" number="23" sentence="0">.</token>
  <token id="25" number="24" sentence="1">Norwood</token>
  <token id="26" number="25" sentence="1">,</token>
  <token id="27" number="26" sentence="1">Mass</token>
  <token id="28" number="27" sentence="1">.</token>
  <token id="29" number="28" sentence="1">-based</token>
  <token id="30" number="29" sentence="1">Phoenix</token>
  <token id="31" number="30" sentence="1">,</token>
  <token id="32" number="31" sentence="1">a</token>
  <token id="33" number="32" sentence="1">once-high-flying</token>
  <token id="34" number="33" sentence="1">maker</token>
  <token id="35" number="34" sentence="1">of</token>
  <token id="36" number="35" sentence="1">software</token>
  <token id="37" number="36" sentence="1">for</token>
  <token id="38" number="37" sentence="1">personal</token>
  <token id="39" number="38" sentence="1">computers</token>
  <token id="40" number="39" sentence="1">,</token>
  <token id="41" number="40" sentence="1">has</token>
  <token id="42" number="41" sentence="1">had</token>
  <token id="43" number="42" sentence="1">substantial</token>
  <token id="44" number="43" sentence="1">losses</token>
  <token id="45" number="44" sentence="1">in</token>
  <token id="46" number="45" sentence="1">the</token>
  <token id="47" number="46" sentence="1">past</token>
  <token id="48" number="47" sentence="1">two</token>
  <token id="49" number="48" sentence="1">quarters</token>
  <token id="50" number="49" sentence="1">.</token>
  <token id="51" number="50" sentence="2">Its</token>
  <token id="52" number="51" sentence="2">stock</token>
  <token id="53" number="52" sentence="2">,</token>
  <token id="54" number="53" sentence="2">which</token>
  <token id="55" number="54" sentence="2">was</token>
  <token id="56" number="55" sentence="2">as</token>
  <token id="57" number="56" sentence="2">high</token>
  <token id="58" number="57" sentence="2">as</token>
  <token id="59" number="58" sentence="2">$</token>
  <token id="60" number="59" sentence="2">18.75</token>
  <token id="61" number="60" sentence="2">a</token>
  <token id="62" number="61" sentence="2">share</token>
  <token id="63" number="62" sentence="2">,</token>
  <token id="64" number="63" sentence="2">has</token>
  <token id="65" number="64" sentence="2">been</token>
  <token id="66" number="65" sentence="2">trading</token>
  <token id="67" number="66" sentence="2">under</token>
  <token id="68" number="67" sentence="2">$</token>
  <token id="69" number="68" sentence="2">4</token>
  <token id="70" number="69" sentence="2">a</token>
  <token id="71" number="70" sentence="2">share</token>
  <token id="72" number="71" sentence="2">recently</token>
  <token id="73" number="72" sentence="2">.</token>
  <token id="74" number="73" sentence="3">Yesterday</token>
  <token id="75" number="74" sentence="3">it</token>
  <token id="76" number="75" sentence="3">closed</token>
  <token id="77" number="76" sentence="3">at</token>
  <token id="78" number="77" sentence="3">$</token>
  <token id="79" number="78" sentence="3">4.375</token>
  <token id="80" number="79" sentence="3">a</token>
  <token id="81" number="80" sentence="3">share</token>
  <token id="82" number="81" sentence="3">,</token>
  <token id="83" number="82" sentence="3">up</token>
  <token id="84" number="83" sentence="3">$</token>
  <token id="85" number="84" sentence="3">1.125</token>
  <token id="86" number="85" sentence="3">,</token>
  <token id="87" number="86" sentence="3">in</token>
  <token id="88" number="87" sentence="3">national</token>
  <token id="89" number="88" sentence="3">over-the-counter</token>
  <token id="90" number="89" sentence="3">trading</token>
  <token id="91" number="90" sentence="3">.</token>
  <token id="92" number="91" sentence="4">In</token>
  <token id="93" number="92" sentence="4">a</token>
  <token id="94" number="93" sentence="4">Securities</token>
  <token id="95" number="94" sentence="4">and</token>
  <token id="96" number="95" sentence="4">Exchange</token>
  <token id="97" number="96" sentence="4">Commission</token>
  <token id="98" number="97" sentence="4">filing</token>
  <token id="99" number="98" sentence="4">,</token>
  <token id="100" number="99" sentence="4">Norwood</token>
  <token id="101" number="100" sentence="4">said</token>
  <token id="102" number="101" sentence="4">it</token>
  <token id="103" number="102" sentence="4">'s</token>
  <token id="104" number="103" sentence="4">part</token>
  <token id="105" number="104" sentence="4">of</token>
  <token id="106" number="105" sentence="4">a</token>
  <token id="107" number="106" sentence="4">group</token>
  <token id="108" number="107" sentence="4">that</token>
  <token id="109" number="108" sentence="4">holds</token>
  <token id="110" number="109" sentence="4">525,546</token>
  <token id="111" number="110" sentence="4">Phoenix</token>
  <token id="112" number="111" sentence="4">Technologies</token>
  <token id="113" number="112" sentence="4">common</token>
  <token id="114" number="113" sentence="4">shares</token>
  <token id="115" number="114" sentence="4">,</token>
  <token id="116" number="115" sentence="4">or</token>
  <token id="117" number="116" sentence="4">a</token>
  <token id="118" number="117" sentence="4">5.3</token>
  <token id="119" number="118" sentence="4">%</token>
  <token id="120" number="119" sentence="4">stake</token>
  <token id="121" number="120" sentence="4">.</token>
  <token id="122" number="121" sentence="5">Norwood</token>
  <token id="123" number="122" sentence="5">has</token>
  <token id="124" number="123" sentence="5">made</token>
  <token id="125" number="124" sentence="5">"</token>
  <token id="126" number="125" sentence="5">no</token>
  <token id="127" number="126" sentence="5">detailed</token>
  <token id="128" number="127" sentence="5">plans</token>
  <token id="129" number="128" sentence="5">,</token>
  <token id="130" number="129" sentence="5">"</token>
  <token id="131" number="130" sentence="5">but</token>
  <token id="132" number="131" sentence="5">it</token>
  <token id="133" number="132" sentence="5">has</token>
  <token id="134" number="133" sentence="5">engaged</token>
  <token id="135" number="134" sentence="5">in</token>
  <token id="136" number="135" sentence="5">talks</token>
  <token id="137" number="136" sentence="5">with</token>
  <token id="138" number="137" sentence="5">other</token>
  <token id="139" number="138" sentence="5">shareholders</token>
  <token id="140" number="139" sentence="5">,</token>
  <token id="141" number="140" sentence="5">the</token>
  <token id="142" number="141" sentence="5">filing</token>
  <token id="143" number="142" sentence="5">said</token>
  <token id="144" number="143" sentence="5">.</token>
  <token id="145" number="144" sentence="6">Phoenix</token>
  <token id="146" number="145" sentence="6">declined</token>
  <token id="147" number="146" sentence="6">to</token>
  <token id="148" number="147" sentence="6">comment</token>
  <token id="149" number="148" sentence="6">.</token>
  <token id="150" number="149" sentence="7">Norwood</token>
  <token id="151" number="150" sentence="7">is</token>
  <token id="152" number="151" sentence="7">controlled</token>
  <token id="153" number="152" sentence="7">by</token>
  <token id="154" number="153" sentence="7">Daniel</token>
  <token id="155" number="154" sentence="7">L.</token>
  <token id="156" number="155" sentence="7">Barnett</token>
  <token id="157" number="156" sentence="7">and</token>
  <token id="158" number="157" sentence="7">Paul</token>
  <token id="159" number="158" sentence="7">A.</token>
  <token id="160" number="159" sentence="7">Reese</token>
  <token id="161" number="160" sentence="7">,</token>
  <token id="162" number="161" sentence="7">both</token>
  <token id="163" number="162" sentence="7">officers</token>
  <token id="164" number="163" sentence="7">of</token>
  <token id="165" number="164" sentence="7">Boston-based</token>
  <token id="166" number="165" sentence="7">Oasis</token>
  <token id="167" number="166" sentence="7">Capital</token>
  <token id="168" number="167" sentence="7">Management</token>
  <token id="169" number="168" sentence="7">Inc.,</token>
  <token id="170" number="169" sentence="7">a</token>
  <token id="171" number="170" sentence="7">small</token>
  <token id="172" number="171" sentence="7">Boston</token>
  <token id="173" number="172" sentence="7">money</token>
  <token id="174" number="173" sentence="7">management</token>
  <token id="175" number="174" sentence="7">firm</token>
  <token id="176" number="175" sentence="7">.</token>
  <token id="177" number="176" sentence="8">Also</token>
  <token id="178" number="177" sentence="8">involved</token>
  <token id="179" number="178" sentence="8">in</token>
  <token id="180" number="179" sentence="8">the</token>
  <token id="181" number="180" sentence="8">group</token>
  <token id="182" number="181" sentence="8">is</token>
  <token id="183" number="182" sentence="8">Robert</token>
  <token id="184" number="183" sentence="8">F.</token>
  <token id="185" number="184" sentence="8">Angelo</token>
  <token id="186" number="185" sentence="8">,</token>
  <token id="187" number="186" sentence="8">formerly</token>
  <token id="188" number="187" sentence="8">Phoenix</token>
  <token id="189" number="188" sentence="8">'s</token>
  <token id="190" number="189" sentence="8">senior</token>
  <token id="191" number="190" sentence="8">vice</token>
  <token id="192" number="191" sentence="8">president</token>
  <token id="193" number="192" sentence="8">,</token>
  <token id="194" number="193" sentence="8">field</token>
  <token id="195" number="194" sentence="8">operations</token>
  <token id="196" number="195" sentence="8">,</token>
  <token id="197" number="196" sentence="8">who</token>
  <token id="198" number="197" sentence="8">left</token>
  <token id="199" number="198" sentence="8">Phoenix</token>
  <token id="200" number="199" sentence="8">at</token>
  <token id="201" number="200" sentence="8">the</token>
  <token id="202" number="201" sentence="8">beginning</token>
  <token id="203" number="202" sentence="8">of</token>
  <token id="204" number="203" sentence="8">October</token>
  <token id="205" number="204" sentence="8">.</token>
  <token id="206" number="205" sentence="9">Mr.</token>
  <token id="207" number="206" sentence="9">Angelo</token>
  <token id="208" number="207" sentence="9">was</token>
  <token id="209" number="208" sentence="9">described</token>
  <token id="210" number="209" sentence="9">in</token>
  <token id="211" number="210" sentence="9">the</token>
  <token id="212" number="211" sentence="9">filing</token>
  <token id="213" number="212" sentence="9">as</token>
  <token id="214" number="213" sentence="9">a</token>
  <token id="215" number="214" sentence="9">consultant</token>
  <token id="216" number="215" sentence="9">to</token>
  <token id="217" number="216" sentence="9">Oasis</token>
  <token id="218" number="217" sentence="9">.</token>
</Document>
