<Document doc_name="wsj_1038">
  <Markables>
    <TIMEX3 RELATED_TO="" TAG_DESCRIPTOR="Empty_Mark" beginPoint="" comment="" endPoint="" freq="" functionInDocument="CREATION_TIME" id="0" quant="" type="DATE" value="1989-10-26" />
    <EVENT aspect="NONE" certainty="" class="REPORTING" comment="" factuality="" id="1" modality="NONE" polarity="POS" pos="VERB" tense="PAST">
      <token_anchor id="8" />
    </EVENT>
    <EVENT aspect="NONE" certainty="" class="I_STATE" comment="" factuality="" id="2" modality="NONE" polarity="POS" pos="VERB" tense="PRESENT">
      <token_anchor id="10" />
    </EVENT>
    <EVENT aspect="NONE" certainty="" class="OCCURRENCE" comment="" factuality="" id="3" modality="NONE" polarity="POS" pos="VERB" tense="INFINITIVE">
      <token_anchor id="12" />
    </EVENT>
    <C-SIGNAL id="4">
      <token_anchor id="13" />
      <token_anchor id="14" />
      <token_anchor id="15" />
      <token_anchor id="16" />
    </C-SIGNAL>
    <TIMEX3 anchorTimeID="0" beginPoint="" comment="" endPoint="" freq="" functionInDocument="NONE" id="5" quant="" type="DATE" value="1989-Q3">
      <token_anchor id="18" />
    </TIMEX3>
    <EVENT aspect="NONE" certainty="" class="OCCURRENCE" comment="" factuality="" id="6" modality="NONE" polarity="POS" pos="NOUN" tense="NONE">
      <token_anchor id="19" />
    </EVENT>
    <EVENT aspect="NONE" certainty="" class="OCCURRENCE" comment="" factuality="" id="7" modality="NONE" polarity="POS" pos="VERB" tense="PRESPART">
      <token_anchor id="31" />
    </EVENT>
    <EVENT aspect="NONE" certainty="" class="OCCURRENCE" comment="" factuality="" id="8" modality="NONE" polarity="POS" pos="NOUN" tense="NONE">
      <token_anchor id="36" />
    </EVENT>
    <EVENT aspect="NONE" certainty="" class="REPORTING" comment="" factuality="" id="9" modality="NONE" polarity="POS" pos="VERB" tense="PAST">
      <token_anchor id="48" />
    </EVENT>
    <EVENT aspect="NONE" certainty="" class="OCCURRENCE" comment="" factuality="" id="10" modality="NONE" polarity="POS" pos="NOUN" tense="NONE">
      <token_anchor id="50" />
    </EVENT>
    <EVENT aspect="NONE" certainty="" class="I_ACTION" comment="" factuality="" id="11" modality="should" polarity="POS" pos="VERB" tense="NONE">
      <token_anchor id="52" />
    </EVENT>
    <EVENT aspect="NONE" certainty="" class="OCCURRENCE" comment="" factuality="" id="12" modality="NONE" polarity="POS" pos="NOUN" tense="NONE">
      <token_anchor id="54" />
    </EVENT>
    <TIMEX3 anchorTimeID="0" beginPoint="" comment="" endPoint="" freq="" functionInDocument="NONE" id="13" quant="" type="DATE" value="1988">
      <token_anchor id="69" />
      <token_anchor id="70" />
      <token_anchor id="71" />
    </TIMEX3>
    <EVENT aspect="PERFECTIVE" certainty="" class="OCCURRENCE" comment="" factuality="" id="14" modality="NONE" polarity="POS" pos="VERB" tense="PAST">
      <token_anchor id="76" />
    </EVENT>
    <EVENT aspect="NONE" certainty="" class="OCCURRENCE" comment="" factuality="" id="15" modality="NONE" polarity="POS" pos="NOUN" tense="NONE">
      <token_anchor id="90" />
    </EVENT>
    <TIMEX3 anchorTimeID="0" beginPoint="" comment="" endPoint="" freq="" functionInDocument="NONE" id="16" quant="" type="DATE" value="1989-10-25">
      <token_anchor id="91" />
    </TIMEX3>
    <EVENT aspect="NONE" certainty="" class="OCCURRENCE" comment="" factuality="" id="17" modality="NONE" polarity="POS" pos="VERB" tense="PAST">
      <token_anchor id="95" />
    </EVENT>
    <EVENT aspect="NONE" certainty="" class="REPORTING" comment="" factuality="" id="18" modality="NONE" polarity="POS" pos="VERB" tense="PAST">
      <token_anchor id="104" />
    </EVENT>
    <EVENT aspect="NONE" certainty="" class="OCCURRENCE" comment="" factuality="" id="19" modality="NONE" polarity="POS" pos="VERB" tense="FUTURE">
      <token_anchor id="111" />
    </EVENT>
    <EVENT aspect="NONE" certainty="" class="I_ACTION" comment="" factuality="" id="20" modality="NONE" polarity="POS" pos="NOUN" tense="NONE">
      <token_anchor id="122" />
    </EVENT>
    <EVENT aspect="NONE" certainty="" class="OCCURRENCE" comment="" factuality="" id="21" modality="may" polarity="POS" pos="VERB" tense="NONE">
      <token_anchor id="124" />
    </EVENT>
    <EVENT aspect="NONE" certainty="" class="OCCURRENCE" comment="" factuality="" id="22" modality="NONE" polarity="POS" pos="NOUN" tense="NONE">
      <token_anchor id="125" />
    </EVENT>
    <EVENT aspect="NONE" certainty="" class="OCCURRENCE" comment="" factuality="" id="23" modality="NONE" polarity="POS" pos="NOUN" tense="NONE">
      <token_anchor id="128" />
    </EVENT>
    <EVENT aspect="NONE" certainty="" class="OCCURRENCE" comment="" factuality="" id="24" modality="NONE" polarity="POS" pos="NOUN" tense="NONE">
      <token_anchor id="134" />
    </EVENT>
    <EVENT aspect="NONE" certainty="" class="OCCURRENCE" comment="" factuality="" id="25" modality="NONE" polarity="POS" pos="NOUN" tense="NONE">
      <token_anchor id="137" />
    </EVENT>
    <TIMEX3 beginPoint="" comment="" endPoint="" freq="" functionInDocument="NONE" id="26" quant="" type="DURATION" value="P18M">
      <token_anchor id="141" />
      <token_anchor id="142" />
      <token_anchor id="143" />
    </TIMEX3>
    <EVENT aspect="NONE" certainty="" class="REPORTING" comment="" factuality="" id="27" modality="NONE" polarity="POS" pos="VERB" tense="PAST">
      <token_anchor id="149" />
    </EVENT>
    <EVENT aspect="NONE" certainty="" class="OCCURRENCE" comment="" factuality="" id="28" modality="NONE" polarity="POS" pos="VERB" tense="FUTURE">
      <token_anchor id="152" />
    </EVENT>
    <EVENT aspect="NONE" certainty="" class="ASPECTUAL" comment="" factuality="" id="29" modality="NONE" polarity="POS" pos="NOUN" tense="NONE">
      <token_anchor id="160" />
    </EVENT>
    <EVENT aspect="NONE" certainty="" class="ASPECTUAL" comment="" factuality="" id="30" modality="NONE" polarity="POS" pos="VERB" tense="PRESPART">
      <token_anchor id="161" />
    </EVENT>
    <EVENT aspect="NONE" certainty="" class="OCCURRENCE" comment="" factuality="" id="31" modality="NONE" polarity="NEG" pos="VERB" tense="FUTURE">
      <token_anchor id="177" />
    </EVENT>
    <EVENT aspect="NONE" certainty="" class="OCCURRENCE" comment="" factuality="" id="32" modality="NONE" polarity="POS" pos="VERB" tense="PRESENT">
      <token_anchor id="181" />
    </EVENT>
    <EVENT aspect="NONE" certainty="" class="OCCURRENCE" comment="" factuality="" id="33" modality="NONE" polarity="POS" pos="VERB" tense="PASTPART">
      <token_anchor id="184" />
    </EVENT>
    <EVENT aspect="NONE" certainty="" class="REPORTING" comment="" factuality="" id="34" modality="NONE" polarity="POS" pos="VERB" tense="PAST">
      <token_anchor id="193" />
    </EVENT>
  </Markables>
  <Relations>
    <TLINK comment="" id="1" relType="BEFORE">
      <source id="1" />
      <target id="0" />
    </TLINK>
    <TLINK comment="" id="2" relType="AFTER">
      <source id="3" />
      <target id="6" />
    </TLINK>
    <TLINK comment="" id="3" relType="IS_INCLUDED">
      <source id="6" />
      <target id="5" />
    </TLINK>
    <CLINK c-signalID="4" comment="" id="4">
      <source id="6" />
      <target id="2" />
    </CLINK>
    <TLINK comment="" id="5" relType="SIMULTANEOUS">
      <source id="7" />
      <target id="1" />
    </TLINK>
    <TLINK comment="" id="6" relType="BEFORE">
      <source id="8" />
      <target id="7" />
    </TLINK>
    <TLINK comment="" id="7" relType="IDENTITY">
      <source id="9" />
      <target id="1" />
    </TLINK>
    <CLINK comment="" id="8">
      <source id="10" />
      <target id="12" />
    </CLINK>
    <TLINK comment="" id="9" relType="IS_INCLUDED">
      <source id="14" />
      <target id="13" />
    </TLINK>
    <TLINK comment="" id="10" relType="IS_INCLUDED">
      <source id="15" />
      <target id="16" />
    </TLINK>
    <TLINK comment="" id="11" relType="IS_INCLUDED">
      <source id="17" />
      <target id="15" />
    </TLINK>
    <TLINK comment="" id="12" relType="IDENTITY">
      <source id="18" />
      <target id="1" />
    </TLINK>
    <TLINK comment="" id="13" relType="SIMULTANEOUS">
      <source id="20" />
      <target id="21" />
    </TLINK>
    <TLINK comment="" id="14" relType="INCLUDES">
      <source id="21" />
      <target id="22" />
    </TLINK>
    <TLINK comment="" id="15" relType="IS_INCLUDED">
      <source id="21" />
      <target id="26" />
    </TLINK>
    <TLINK comment="" id="16" relType="IS_INCLUDED">
      <source id="23" />
      <target id="21" />
    </TLINK>
    <TLINK comment="" id="17" relType="IS_INCLUDED">
      <source id="24" />
      <target id="21" />
    </TLINK>
    <TLINK comment="" id="18" relType="IS_INCLUDED">
      <source id="25" />
      <target id="21" />
    </TLINK>
    <TLINK comment="" id="19" relType="BEFORE">
      <source id="27" />
      <target id="1" />
    </TLINK>
    <TLINK comment="" id="20" relType="ENDS">
      <source id="29" />
      <target id="30" />
    </TLINK>
    <TLINK comment="" id="21" relType="AFTER">
      <source id="31" />
      <target id="32" />
    </TLINK>
    <TLINK comment="" id="22" relType="BEFORE">
      <source id="33" />
      <target id="0" />
    </TLINK>
    <TLINK comment="" id="23" relType="IDENTITY">
      <source id="34" />
      <target id="1" />
    </TLINK>
  </Relations>
  <token id="1" number="0" sentence="0">Benjamin</token>
  <token id="2" number="1" sentence="0">Franklin</token>
  <token id="3" number="2" sentence="0">Federal</token>
  <token id="4" number="3" sentence="0">Savings</token>
  <token id="5" number="4" sentence="0">amp</token>
  <token id="6" number="5" sentence="0">Loan</token>
  <token id="7" number="6" sentence="0">Association</token>
  <token id="8" number="7" sentence="0">said</token>
  <token id="9" number="8" sentence="0">it</token>
  <token id="10" number="9" sentence="0">plans</token>
  <token id="11" number="10" sentence="0">to</token>
  <token id="12" number="11" sentence="0">restructure</token>
  <token id="13" number="12" sentence="0">in</token>
  <token id="14" number="13" sentence="0">the</token>
  <token id="15" number="14" sentence="0">wake</token>
  <token id="16" number="15" sentence="0">of</token>
  <token id="17" number="16" sentence="0">a</token>
  <token id="18" number="17" sentence="0">third-quarter</token>
  <token id="19" number="18" sentence="0">loss</token>
  <token id="20" number="19" sentence="0">of</token>
  <token id="21" number="20" sentence="0">$</token>
  <token id="22" number="21" sentence="0">7.7</token>
  <token id="23" number="22" sentence="0">million</token>
  <token id="24" number="23" sentence="0">,</token>
  <token id="25" number="24" sentence="0">or</token>
  <token id="26" number="25" sentence="0">$</token>
  <token id="27" number="26" sentence="0">1.01</token>
  <token id="28" number="27" sentence="0">a</token>
  <token id="29" number="28" sentence="0">share</token>
  <token id="30" number="29" sentence="0">,</token>
  <token id="31" number="30" sentence="0">reflecting</token>
  <token id="32" number="31" sentence="0">an</token>
  <token id="33" number="32" sentence="0">$</token>
  <token id="34" number="33" sentence="0">11</token>
  <token id="35" number="34" sentence="0">million</token>
  <token id="36" number="35" sentence="0">addition</token>
  <token id="37" number="36" sentence="0">to</token>
  <token id="38" number="37" sentence="0">loan-loss</token>
  <token id="39" number="38" sentence="0">reserves</token>
  <token id="40" number="39" sentence="0">.</token>
  <token id="41" number="40" sentence="1">The</token>
  <token id="42" number="41" sentence="1">Portland</token>
  <token id="43" number="42" sentence="1">,</token>
  <token id="44" number="43" sentence="1">Ore</token>
  <token id="45" number="44" sentence="1">.</token>
  <token id="46" number="45" sentence="1">,</token>
  <token id="47" number="46" sentence="1">thrift</token>
  <token id="48" number="47" sentence="1">said</token>
  <token id="49" number="48" sentence="1">the</token>
  <token id="50" number="49" sentence="1">restructuring</token>
  <token id="51" number="50" sentence="1">should</token>
  <token id="52" number="51" sentence="1">help</token>
  <token id="53" number="52" sentence="1">it</token>
  <token id="54" number="53" sentence="1">meet</token>
  <token id="55" number="54" sentence="1">new</token>
  <token id="56" number="55" sentence="1">capital</token>
  <token id="57" number="56" sentence="1">standards</token>
  <token id="58" number="57" sentence="1">from</token>
  <token id="59" number="58" sentence="1">the</token>
  <token id="60" number="59" sentence="1">Financial</token>
  <token id="61" number="60" sentence="1">Institution</token>
  <token id="62" number="61" sentence="1">Reform</token>
  <token id="63" number="62" sentence="1">,</token>
  <token id="64" number="63" sentence="1">Recovery</token>
  <token id="65" number="64" sentence="1">and</token>
  <token id="66" number="65" sentence="1">Enforcement</token>
  <token id="67" number="66" sentence="1">Act</token>
  <token id="68" number="67" sentence="1">.</token>
  <token id="69" number="68" sentence="2">A</token>
  <token id="70" number="69" sentence="2">year</token>
  <token id="71" number="70" sentence="2">ago</token>
  <token id="72" number="71" sentence="2">,</token>
  <token id="73" number="72" sentence="2">Benjamin</token>
  <token id="74" number="73" sentence="2">Franklin</token>
  <token id="75" number="74" sentence="2">had</token>
  <token id="76" number="75" sentence="2">profit</token>
  <token id="77" number="76" sentence="2">of</token>
  <token id="78" number="77" sentence="2">$</token>
  <token id="79" number="78" sentence="2">1.8</token>
  <token id="80" number="79" sentence="2">million</token>
  <token id="81" number="80" sentence="2">,</token>
  <token id="82" number="81" sentence="2">or</token>
  <token id="83" number="82" sentence="2">23</token>
  <token id="84" number="83" sentence="2">cents</token>
  <token id="85" number="84" sentence="2">a</token>
  <token id="86" number="85" sentence="2">share</token>
  <token id="87" number="86" sentence="2">.</token>
  <token id="88" number="87" sentence="3">In</token>
  <token id="89" number="88" sentence="3">over-the-counter</token>
  <token id="90" number="89" sentence="3">trading</token>
  <token id="91" number="90" sentence="3">yesterday</token>
  <token id="92" number="91" sentence="3">,</token>
  <token id="93" number="92" sentence="3">Benjamin</token>
  <token id="94" number="93" sentence="3">Franklin</token>
  <token id="95" number="94" sentence="3">rose</token>
  <token id="96" number="95" sentence="3">25</token>
  <token id="97" number="96" sentence="3">cents</token>
  <token id="98" number="97" sentence="3">to</token>
  <token id="99" number="98" sentence="3">$</token>
  <token id="100" number="99" sentence="3">4.25</token>
  <token id="101" number="100" sentence="3">.</token>
  <token id="102" number="101" sentence="4">The</token>
  <token id="103" number="102" sentence="4">company</token>
  <token id="104" number="103" sentence="4">said</token>
  <token id="105" number="104" sentence="4">the</token>
  <token id="106" number="105" sentence="4">restructuring</token>
  <token id="107" number="106" sentence="4">'s</token>
  <token id="108" number="107" sentence="4">initial</token>
  <token id="109" number="108" sentence="4">phase</token>
  <token id="110" number="109" sentence="4">will</token>
  <token id="111" number="110" sentence="4">feature</token>
  <token id="112" number="111" sentence="4">a</token>
  <token id="113" number="112" sentence="4">gradual</token>
  <token id="114" number="113" sentence="4">reduction</token>
  <token id="115" number="114" sentence="4">in</token>
  <token id="116" number="115" sentence="4">assets</token>
  <token id="117" number="116" sentence="4">and</token>
  <token id="118" number="117" sentence="4">staff</token>
  <token id="119" number="118" sentence="4">positions</token>
  <token id="120" number="119" sentence="4">.</token>
  <token id="121" number="120" sentence="5">The</token>
  <token id="122" number="121" sentence="5">plan</token>
  <token id="123" number="122" sentence="5">may</token>
  <token id="124" number="123" sentence="5">include</token>
  <token id="125" number="124" sentence="5">selling</token>
  <token id="126" number="125" sentence="5">branches</token>
  <token id="127" number="126" sentence="5">,</token>
  <token id="128" number="127" sentence="5">consolidating</token>
  <token id="129" number="128" sentence="5">or</token>
  <token id="130" number="129" sentence="5">eliminating</token>
  <token id="131" number="130" sentence="5">departments</token>
  <token id="132" number="131" sentence="5">,</token>
  <token id="133" number="132" sentence="5">and</token>
  <token id="134" number="133" sentence="5">winding</token>
  <token id="135" number="134" sentence="5">down</token>
  <token id="136" number="135" sentence="5">or</token>
  <token id="137" number="136" sentence="5">disposing</token>
  <token id="138" number="137" sentence="5">of</token>
  <token id="139" number="138" sentence="5">unprofitable</token>
  <token id="140" number="139" sentence="5">units</token>
  <token id="141" number="140" sentence="5">within</token>
  <token id="142" number="141" sentence="5">18</token>
  <token id="143" number="142" sentence="5">months</token>
  <token id="144" number="143" sentence="5">.</token>
  <token id="145" number="144" sentence="6">Initially</token>
  <token id="146" number="145" sentence="6">,</token>
  <token id="147" number="146" sentence="6">the</token>
  <token id="148" number="147" sentence="6">company</token>
  <token id="149" number="148" sentence="6">said</token>
  <token id="150" number="149" sentence="6">it</token>
  <token id="151" number="150" sentence="6">will</token>
  <token id="152" number="151" sentence="6">close</token>
  <token id="153" number="152" sentence="6">its</token>
  <token id="154" number="153" sentence="6">commercial</token>
  <token id="155" number="154" sentence="6">real-estate</token>
  <token id="156" number="155" sentence="6">lending</token>
  <token id="157" number="156" sentence="6">division</token>
  <token id="158" number="157" sentence="6">,</token>
  <token id="159" number="158" sentence="6">and</token>
  <token id="160" number="159" sentence="6">stop</token>
  <token id="161" number="160" sentence="6">originating</token>
  <token id="162" number="161" sentence="6">new</token>
  <token id="163" number="162" sentence="6">leases</token>
  <token id="164" number="163" sentence="6">at</token>
  <token id="165" number="164" sentence="6">its</token>
  <token id="166" number="165" sentence="6">commercial</token>
  <token id="167" number="166" sentence="6">lease</token>
  <token id="168" number="167" sentence="6">subsidiary</token>
  <token id="169" number="168" sentence="6">.</token>
  <token id="170" number="169" sentence="7">Details</token>
  <token id="171" number="170" sentence="7">of</token>
  <token id="172" number="171" sentence="7">the</token>
  <token id="173" number="172" sentence="7">restructuring</token>
  <token id="174" number="173" sentence="7">wo</token>
  <token id="175" number="174" sentence="7">n't</token>
  <token id="176" number="175" sentence="7">be</token>
  <token id="177" number="176" sentence="7">made</token>
  <token id="178" number="177" sentence="7">final</token>
  <token id="179" number="178" sentence="7">until</token>
  <token id="180" number="179" sentence="7">regulators</token>
  <token id="181" number="180" sentence="7">approve</token>
  <token id="182" number="181" sentence="7">the</token>
  <token id="183" number="182" sentence="7">regulations</token>
  <token id="184" number="183" sentence="7">mandated</token>
  <token id="185" number="184" sentence="7">by</token>
  <token id="186" number="185" sentence="7">the</token>
  <token id="187" number="186" sentence="7">new</token>
  <token id="188" number="187" sentence="7">federal</token>
  <token id="189" number="188" sentence="7">act</token>
  <token id="190" number="189" sentence="7">,</token>
  <token id="191" number="190" sentence="7">the</token>
  <token id="192" number="191" sentence="7">company</token>
  <token id="193" number="192" sentence="7">said</token>
  <token id="194" number="193" sentence="7">.</token>
</Document>
