<Document doc_name="wsj_0068">
  <Markables>
    <TIMEX3 RELATED_TO="" TAG_DESCRIPTOR="Empty_Mark" beginPoint="" comment="" endPoint="" freq="" functionInDocument="CREATION_TIME" id="0" quant="" type="DATE" value="1989-11-02" />
    <EVENT aspect="NONE" certainty="" class="OCCURRENCE" comment="" factuality="" id="1" modality="NONE" polarity="POS" pos="VERB" tense="PAST">
      <token_anchor id="4" />
    </EVENT>
    <EVENT aspect="NONE" certainty="" class="OCCURRENCE" comment="" factuality="" id="2" modality="NONE" polarity="POS" pos="ADJECTIVE" tense="PRESENT">
      <token_anchor id="23" />
    </EVENT>
    <TIMEX3 anchorTimeID="0" beginPoint="" comment="" endPoint="" freq="" functionInDocument="NONE" id="3" quant="" type="DATE" value="1990-01-02">
      <token_anchor id="24" />
      <token_anchor id="25" />
      <token_anchor id="26" />
    </TIMEX3>
    <TIMEX3 anchorTimeID="0" beginPoint="" comment="" endPoint="" freq="" functionInDocument="NONE" id="4" quant="" type="DATE" value="1989-12-15">
      <token_anchor id="31" />
      <token_anchor id="32" />
      <token_anchor id="33" />
    </TIMEX3>
    <EVENT aspect="NONE" certainty="" class="REPORTING" comment="" factuality="" id="5" modality="NONE" polarity="POS" pos="VERB" tense="PAST">
      <token_anchor id="47" />
    </EVENT>
    <EVENT aspect="NONE" certainty="" class="OCCURRENCE" comment="" factuality="" id="6" modality="NONE" polarity="POS" pos="VERB" tense="PAST">
      <token_anchor id="49" />
    </EVENT>
    <C-SIGNAL id="7">
      <token_anchor id="52" />
      <token_anchor id="53" />
    </C-SIGNAL>
    <TIMEX3 anchorTimeID="0" beginPoint="" comment="" endPoint="" freq="" functionInDocument="NONE" id="8" quant="" type="DATE" value="1989-Q3">
      <token_anchor id="55" />
    </TIMEX3>
    <EVENT aspect="NONE" certainty="" class="OCCURRENCE" comment="" factuality="" id="9" modality="NONE" polarity="POS" pos="NOUN" tense="NONE">
      <token_anchor id="56" />
    </EVENT>
    <TIMEX3 anchorTimeID="0" beginPoint="" comment="" endPoint="" freq="" functionInDocument="NONE" id="10" quant="" type="DATE" value="1988-Q3">
      <token_anchor id="68" />
      <token_anchor id="69" />
      <token_anchor id="70" />
    </TIMEX3>
    <EVENT aspect="NONE" certainty="" class="REPORTING" comment="" factuality="" id="11" modality="NONE" polarity="POS" pos="VERB" tense="PAST">
      <token_anchor id="74" />
    </EVENT>
    <EVENT aspect="NONE" certainty="" class="I_ACTION" comment="" factuality="" id="12" modality="NONE" polarity="POS" pos="VERB" tense="PAST">
      <token_anchor id="91" />
    </EVENT>
  </Markables>
  <Relations>
    <TLINK comment="" id="1" relType="AFTER">
      <source id="0" />
      <target id="1" />
    </TLINK>
    <TLINK comment="" id="2" relType="IS_INCLUDED">
      <source id="2" />
      <target id="3" />
    </TLINK>
    <TLINK comment="" id="3" relType="AFTER">
      <source id="3" />
      <target id="0" />
    </TLINK>
    <TLINK comment="" id="4" relType="AFTER">
      <source id="3" />
      <target id="4" />
    </TLINK>
    <TLINK comment="" id="5" relType="BEFORE">
      <source id="5" />
      <target id="0" />
    </TLINK>
    <TLINK comment="" id="6" relType="IDENTITY">
      <source id="6" />
      <target id="1" />
    </TLINK>
    <TLINK comment="" id="7" relType="BEFORE">
      <source id="9" />
      <target id="6" />
    </TLINK>
    <TLINK comment="" id="8" relType="ENDS">
      <source id="9" />
      <target id="8" />
    </TLINK>
    <CLINK c-signalID="7" comment="" id="9">
      <source id="9" />
      <target id="6" />
    </CLINK>
    <TLINK comment="" id="10" relType="BEFORE">
      <source id="11" />
      <target id="0" />
    </TLINK>
    <TLINK comment="" id="11" relType="BEFORE">
      <source id="12" />
      <target id="0" />
    </TLINK>
  </Relations>
  <token id="1" number="0" sentence="0">GOODY</token>
  <token id="2" number="1" sentence="0">PRODUCTS</token>
  <token id="3" number="2" sentence="0">Inc.</token>
  <token id="4" number="3" sentence="0">cut</token>
  <token id="5" number="4" sentence="0">its</token>
  <token id="6" number="5" sentence="0">quarterly</token>
  <token id="7" number="6" sentence="0">dividend</token>
  <token id="8" number="7" sentence="0">to</token>
  <token id="9" number="8" sentence="0">five</token>
  <token id="10" number="9" sentence="0">cents</token>
  <token id="11" number="10" sentence="0">a</token>
  <token id="12" number="11" sentence="0">share</token>
  <token id="13" number="12" sentence="0">from</token>
  <token id="14" number="13" sentence="0">11.5</token>
  <token id="15" number="14" sentence="0">cents</token>
  <token id="16" number="15" sentence="0">a</token>
  <token id="17" number="16" sentence="0">share</token>
  <token id="18" number="17" sentence="0">.</token>
  <token id="19" number="18" sentence="1">The</token>
  <token id="20" number="19" sentence="1">reduced</token>
  <token id="21" number="20" sentence="1">dividend</token>
  <token id="22" number="21" sentence="1">is</token>
  <token id="23" number="22" sentence="1">payable</token>
  <token id="24" number="23" sentence="1">Jan</token>
  <token id="25" number="24" sentence="1">.</token>
  <token id="26" number="25" sentence="1">2</token>
  <token id="27" number="26" sentence="1">to</token>
  <token id="28" number="27" sentence="1">stock</token>
  <token id="29" number="28" sentence="1">of</token>
  <token id="30" number="29" sentence="1">record</token>
  <token id="31" number="30" sentence="1">Dec</token>
  <token id="32" number="31" sentence="1">.</token>
  <token id="33" number="32" sentence="1">15</token>
  <token id="34" number="33" sentence="1">.</token>
  <token id="35" number="34" sentence="2">The</token>
  <token id="36" number="35" sentence="2">Kearny</token>
  <token id="37" number="36" sentence="2">,</token>
  <token id="38" number="37" sentence="2">N.J.-based</token>
  <token id="39" number="38" sentence="2">maker</token>
  <token id="40" number="39" sentence="2">of</token>
  <token id="41" number="40" sentence="2">hair</token>
  <token id="42" number="41" sentence="2">accessories</token>
  <token id="43" number="42" sentence="2">and</token>
  <token id="44" number="43" sentence="2">other</token>
  <token id="45" number="44" sentence="2">cosmetic</token>
  <token id="46" number="45" sentence="2">products</token>
  <token id="47" number="46" sentence="2">said</token>
  <token id="48" number="47" sentence="2">it</token>
  <token id="49" number="48" sentence="2">cut</token>
  <token id="50" number="49" sentence="2">the</token>
  <token id="51" number="50" sentence="2">dividend</token>
  <token id="52" number="51" sentence="2">due</token>
  <token id="53" number="52" sentence="2">to</token>
  <token id="54" number="53" sentence="2">its</token>
  <token id="55" number="54" sentence="2">third-quarter</token>
  <token id="56" number="55" sentence="2">loss</token>
  <token id="57" number="56" sentence="2">of</token>
  <token id="58" number="57" sentence="2">$</token>
  <token id="59" number="58" sentence="2">992,000</token>
  <token id="60" number="59" sentence="2">,</token>
  <token id="61" number="60" sentence="2">or</token>
  <token id="62" number="61" sentence="2">15</token>
  <token id="63" number="62" sentence="2">cents</token>
  <token id="64" number="63" sentence="2">a</token>
  <token id="65" number="64" sentence="2">share</token>
  <token id="66" number="65" sentence="2">.</token>
  <token id="67" number="66" sentence="3">In</token>
  <token id="68" number="67" sentence="3">the</token>
  <token id="69" number="68" sentence="3">year-ago</token>
  <token id="70" number="69" sentence="3">quarter</token>
  <token id="71" number="70" sentence="3">,</token>
  <token id="72" number="71" sentence="3">the</token>
  <token id="73" number="72" sentence="3">company</token>
  <token id="74" number="73" sentence="3">reported</token>
  <token id="75" number="74" sentence="3">net</token>
  <token id="76" number="75" sentence="3">income</token>
  <token id="77" number="76" sentence="3">of</token>
  <token id="78" number="77" sentence="3">$</token>
  <token id="79" number="78" sentence="3">1.9</token>
  <token id="80" number="79" sentence="3">million</token>
  <token id="81" number="80" sentence="3">,</token>
  <token id="82" number="81" sentence="3">or</token>
  <token id="83" number="82" sentence="3">29</token>
  <token id="84" number="83" sentence="3">cents</token>
  <token id="85" number="84" sentence="3">a</token>
  <token id="86" number="85" sentence="3">share</token>
  <token id="87" number="86" sentence="3">.</token>
  <token id="88" number="87" sentence="4">The</token>
  <token id="89" number="88" sentence="4">company</token>
  <token id="90" number="89" sentence="4">also</token>
  <token id="91" number="90" sentence="4">adopted</token>
  <token id="92" number="91" sentence="4">an</token>
  <token id="93" number="92" sentence="4">anti-takeover</token>
  <token id="94" number="93" sentence="4">plan</token>
  <token id="95" number="94" sentence="4">.</token>
</Document>
