<Document doc_name="wsj_0612">
  <Markables>
    <TIMEX3 RELATED_TO="" TAG_DESCRIPTOR="Empty_Mark" beginPoint="" comment="" endPoint="" freq="" functionInDocument="CREATION_TIME" id="0" quant="" type="DATE" value="1989-10-30" />
    <TIMEX3 anchorTimeID="0" beginPoint="" comment="" endPoint="" freq="" functionInDocument="NONE" id="1" quant="" type="DATE" value="1989-10-27">
      <token_anchor id="5" />
    </TIMEX3>
    <EVENT aspect="NONE" certainty="" class="OCCURRENCE" comment="" factuality="" id="2" modality="NONE" polarity="POS" pos="NOUN" tense="NONE">
      <token_anchor id="7" />
    </EVENT>
    <EVENT aspect="NONE" certainty="" class="OCCURRENCE" comment="" factuality="" id="3" modality="NONE" polarity="POS" pos="NOUN" tense="NONE">
      <token_anchor id="9" />
    </EVENT>
    <EVENT aspect="NONE" certainty="" class="REPORTING" comment="" factuality="" id="4" modality="NONE" polarity="POS" pos="VERB" tense="PASTPART">
      <token_anchor id="25" />
    </EVENT>
    <EVENT aspect="NONE" certainty="" class="STATE" comment="" factuality="" id="5" modality="NONE" polarity="POS" pos="ADJECTIVE" tense="NONE">
      <token_anchor id="49" />
    </EVENT>
    <TIMEX3 beginPoint="" comment="" endPoint="" freq="" functionInDocument="NONE" id="6" quant="" type="DATE" value="1999-10-15">
      <token_anchor id="50" />
      <token_anchor id="51" />
      <token_anchor id="52" />
      <token_anchor id="53" />
      <token_anchor id="54" />
    </TIMEX3>
    <EVENT aspect="NONE" certainty="" class="OCCURRENCE" comment="" factuality="" id="7" modality="NONE" polarity="POS" pos="VERB" tense="PASTPART">
      <token_anchor id="56" />
    </EVENT>
    <EVENT aspect="NONE" certainty="" class="I_STATE" comment="" factuality="" id="8" modality="NONE" polarity="POS" pos="VERB" tense="INFINITIVE">
      <token_anchor id="60" />
    </EVENT>
    <TIMEX3 anchorTimeID="0" beginPoint="" comment="" endPoint="" freq="" functionInDocument="NONE" id="9" quant="" type="DATE" value="1989-10-26">
      <token_anchor id="84" />
    </TIMEX3>
    <EVENT aspect="NONE" certainty="" class="OCCURRENCE" comment="" factuality="" id="10" modality="NONE" polarity="POS" pos="VERB" tense="PASTPART">
      <token_anchor id="89" />
    </EVENT>
    <EVENT aspect="NONE" certainty="" class="OCCURRENCE" comment="" factuality="" id="11" modality="NONE" polarity="POS" pos="VERB" tense="FUTURE">
      <token_anchor id="109" />
    </EVENT>
    <EVENT aspect="NONE" certainty="" class="STATE" comment="" factuality="" id="12" modality="NONE" polarity="POS" pos="ADJECTIVE" tense="NONE">
      <token_anchor id="128" />
    </EVENT>
    <TIMEX3 beginPoint="" comment="" endPoint="" freq="" functionInDocument="NONE" id="13" quant="" type="DATE" value="2009-11-01">
      <token_anchor id="129" />
      <token_anchor id="130" />
      <token_anchor id="131" />
      <token_anchor id="132" />
      <token_anchor id="133" />
    </TIMEX3>
    <EVENT aspect="NONE" certainty="" class="STATE" comment="" factuality="" id="14" modality="NONE" polarity="POS" pos="VERB" tense="PASTPART">
      <token_anchor id="135" />
    </EVENT>
    <EVENT aspect="NONE" certainty="" class="I_STATE" comment="" factuality="" id="15" modality="NONE" polarity="POS" pos="VERB" tense="INFINITIVE">
      <token_anchor id="139" />
    </EVENT>
    <TIMEX3 beginPoint="" comment="" endPoint="" freq="" functionInDocument="NONE" id="16" quant="" type="DATE" value="1999">
      <token_anchor id="154" />
    </TIMEX3>
    <EVENT aspect="NONE" certainty="" class="OCCURRENCE" comment="" factuality="" id="17" modality="NONE" polarity="POS" pos="VERB" tense="PAST">
      <token_anchor id="157" />
    </EVENT>
    <TIMEX3 beginPoint="" comment="" endPoint="" freq="" functionInDocument="NONE" id="18" quant="" type="DURATION" value="P10Y">
      <token_anchor id="169" />
    </TIMEX3>
    <EVENT aspect="NONE" certainty="" class="STATE" comment="" factuality="" id="19" modality="NONE" polarity="POS" pos="VERB" tense="PASTPART">
      <token_anchor id="172" />
    </EVENT>
    <EVENT aspect="NONE" certainty="" class="OCCURRENCE" comment="" factuality="" id="20" modality="NONE" polarity="POS" pos="VERB" tense="FUTURE">
      <token_anchor id="186" />
    </EVENT>
    <TIMEX3 beginPoint="" comment="" endPoint="" freq="" functionInDocument="NONE" id="21" quant="" type="DATE" value="1992-11-17">
      <token_anchor id="215" />
      <token_anchor id="216" />
      <token_anchor id="217" />
      <token_anchor id="218" />
      <token_anchor id="219" />
    </TIMEX3>
    <EVENT aspect="NONE" certainty="" class="STATE" comment="" factuality="" id="22" modality="NONE" polarity="POS" pos="VERB" tense="PASTPART">
      <token_anchor id="221" />
    </EVENT>
    <EVENT aspect="NONE" certainty="" class="I_STATE" comment="" factuality="" id="23" modality="NONE" polarity="POS" pos="VERB" tense="INFINITIVE">
      <token_anchor id="226" />
    </EVENT>
  </Markables>
  <Relations>
    <TLINK comment="" id="1" relType="IS_INCLUDED">
      <source id="2" />
      <target id="1" />
    </TLINK>
    <TLINK comment="" id="2" relType="IS_INCLUDED">
      <source id="3" />
      <target id="1" />
    </TLINK>
    <TLINK comment="" id="3" relType="BEFORE">
      <source id="4" />
      <target id="0" />
    </TLINK>
    <TLINK comment="" id="4" relType="IS_INCLUDED">
      <source id="5" />
      <target id="1" />
    </TLINK>
    <TLINK comment="" id="5" relType="ENDED_BY">
      <source id="5" />
      <target id="6" />
    </TLINK>
    <TLINK comment="" id="6" relType="IS_INCLUDED">
      <source id="7" />
      <target id="1" />
    </TLINK>
    <TLINK comment="" id="7" relType="IS_INCLUDED">
      <source id="10" />
      <target id="1" />
    </TLINK>
    <TLINK comment="" id="8" relType="BEFORE">
      <source id="10" />
      <target id="11" />
    </TLINK>
    <TLINK comment="" id="9" relType="IS_INCLUDED">
      <source id="12" />
      <target id="1" />
    </TLINK>
    <TLINK comment="" id="10" relType="ENDED_BY">
      <source id="12" />
      <target id="13" />
    </TLINK>
    <TLINK comment="" id="11" relType="BEGUN_BY">
      <source id="12" />
      <target id="16" />
    </TLINK>
    <TLINK comment="" id="12" relType="IS_INCLUDED">
      <source id="14" />
      <target id="1" />
    </TLINK>
    <TLINK comment="" id="13" relType="IS_INCLUDED">
      <source id="17" />
      <target id="1" />
    </TLINK>
    <TLINK comment="" id="14" relType="IS_INCLUDED">
      <source id="19" />
      <target id="1" />
    </TLINK>
    <TLINK comment="" id="15" relType="BEFORE">
      <source id="19" />
      <target id="20" />
    </TLINK>
    <TLINK comment="" id="16" relType="IS_INCLUDED">
      <source id="22" />
      <target id="1" />
    </TLINK>
  </Relations>
  <token id="1" number="0" sentence="0">The</token>
  <token id="2" number="1" sentence="0">following</token>
  <token id="3" number="2" sentence="0">were</token>
  <token id="4" number="3" sentence="0">among</token>
  <token id="5" number="4" sentence="0">Friday</token>
  <token id="6" number="5" sentence="0">'s</token>
  <token id="7" number="6" sentence="0">offerings</token>
  <token id="8" number="7" sentence="0">and</token>
  <token id="9" number="8" sentence="0">pricings</token>
  <token id="10" number="9" sentence="0">in</token>
  <token id="11" number="10" sentence="0">the</token>
  <token id="12" number="11" sentence="0">U.S.</token>
  <token id="13" number="12" sentence="0">and</token>
  <token id="14" number="13" sentence="0">non-U.S.</token>
  <token id="15" number="14" sentence="0">capital</token>
  <token id="16" number="15" sentence="0">markets</token>
  <token id="17" number="16" sentence="0">,</token>
  <token id="18" number="17" sentence="0">with</token>
  <token id="19" number="18" sentence="0">terms</token>
  <token id="20" number="19" sentence="0">and</token>
  <token id="21" number="20" sentence="0">syndicate</token>
  <token id="22" number="21" sentence="0">manager</token>
  <token id="23" number="22" sentence="0">,</token>
  <token id="24" number="23" sentence="0">as</token>
  <token id="25" number="24" sentence="0">compiled</token>
  <token id="26" number="25" sentence="0">by</token>
  <token id="27" number="26" sentence="0">Dow</token>
  <token id="28" number="27" sentence="0">Jones</token>
  <token id="29" number="28" sentence="0">Capital</token>
  <token id="30" number="29" sentence="0">Markets</token>
  <token id="31" number="30" sentence="0">Report</token>
  <token id="32" number="31" sentence="0">:</token>
  <token id="33" number="32" sentence="0">@</token>
  <token id="34" number="33" sentence="0">CORPORATES</token>
  <token id="35" number="34" sentence="0">Sun</token>
  <token id="36" number="35" sentence="0">Microsystems</token>
  <token id="37" number="36" sentence="0">Inc.</token>
  <token id="38" number="37" sentence="0">--</token>
  <token id="39" number="38" sentence="0">$</token>
  <token id="40" number="39" sentence="0">125</token>
  <token id="41" number="40" sentence="0">million</token>
  <token id="42" number="41" sentence="0">of</token>
  <token id="43" number="42" sentence="0">6</token>
  <token id="44" number="43" sentence="0">3/8</token>
  <token id="45" number="44" sentence="0">%</token>
  <token id="46" number="45" sentence="0">convertible</token>
  <token id="47" number="46" sentence="0">subordinated</token>
  <token id="48" number="47" sentence="0">debentures</token>
  <token id="49" number="48" sentence="0">due</token>
  <token id="50" number="49" sentence="0">Oct</token>
  <token id="51" number="50" sentence="0">.</token>
  <token id="52" number="51" sentence="0">15</token>
  <token id="53" number="52" sentence="0">,</token>
  <token id="54" number="53" sentence="0">1999</token>
  <token id="55" number="54" sentence="0">,</token>
  <token id="56" number="55" sentence="0">priced</token>
  <token id="57" number="56" sentence="0">at</token>
  <token id="58" number="57" sentence="0">84.90</token>
  <token id="59" number="58" sentence="0">to</token>
  <token id="60" number="59" sentence="0">yield</token>
  <token id="61" number="60" sentence="0">7.51</token>
  <token id="62" number="61" sentence="0">%</token>
  <token id="63" number="62" sentence="0">.</token>
  <token id="64" number="63" sentence="1">The</token>
  <token id="65" number="64" sentence="1">debentures</token>
  <token id="66" number="65" sentence="1">are</token>
  <token id="67" number="66" sentence="1">convertible</token>
  <token id="68" number="67" sentence="1">into</token>
  <token id="69" number="68" sentence="1">common</token>
  <token id="70" number="69" sentence="1">stock</token>
  <token id="71" number="70" sentence="1">at</token>
  <token id="72" number="71" sentence="1">$</token>
  <token id="73" number="72" sentence="1">25</token>
  <token id="74" number="73" sentence="1">a</token>
  <token id="75" number="74" sentence="1">share</token>
  <token id="76" number="75" sentence="1">,</token>
  <token id="77" number="76" sentence="1">representing</token>
  <token id="78" number="77" sentence="1">a</token>
  <token id="79" number="78" sentence="1">24</token>
  <token id="80" number="79" sentence="1">%</token>
  <token id="81" number="80" sentence="1">conversion</token>
  <token id="82" number="81" sentence="1">premium</token>
  <token id="83" number="82" sentence="1">over</token>
  <token id="84" number="83" sentence="1">Thursday</token>
  <token id="85" number="84" sentence="1">'s</token>
  <token id="86" number="85" sentence="1">closing</token>
  <token id="87" number="86" sentence="1">price</token>
  <token id="88" number="87" sentence="1">.</token>
  <token id="89" number="88" sentence="2">Rated</token>
  <token id="90" number="89" sentence="2">single-B-1</token>
  <token id="91" number="90" sentence="2">by</token>
  <token id="92" number="91" sentence="2">Moody</token>
  <token id="93" number="92" sentence="2">'s</token>
  <token id="94" number="93" sentence="2">Investors</token>
  <token id="95" number="94" sentence="2">Service</token>
  <token id="96" number="95" sentence="2">Inc.</token>
  <token id="97" number="96" sentence="2">and</token>
  <token id="98" number="97" sentence="2">single-B-plus</token>
  <token id="99" number="98" sentence="2">by</token>
  <token id="100" number="99" sentence="2">Standard</token>
  <token id="101" number="100" sentence="2">amp</token>
  <token id="102" number="101" sentence="2">Poor</token>
  <token id="103" number="102" sentence="2">'s</token>
  <token id="104" number="103" sentence="2">Corp.,</token>
  <token id="105" number="104" sentence="2">the</token>
  <token id="106" number="105" sentence="2">issue</token>
  <token id="107" number="106" sentence="2">will</token>
  <token id="108" number="107" sentence="2">be</token>
  <token id="109" number="108" sentence="2">sold</token>
  <token id="110" number="109" sentence="2">through</token>
  <token id="111" number="110" sentence="2">underwriters</token>
  <token id="112" number="111" sentence="2">led</token>
  <token id="113" number="112" sentence="2">by</token>
  <token id="114" number="113" sentence="2">Goldman</token>
  <token id="115" number="114" sentence="2">,</token>
  <token id="116" number="115" sentence="2">Sachs</token>
  <token id="117" number="116" sentence="2">amp</token>
  <token id="118" number="117" sentence="2">Co.</token>
  <token id="119" number="118" sentence="3">Hertz</token>
  <token id="120" number="119" sentence="3">Corp.</token>
  <token id="121" number="120" sentence="3">--</token>
  <token id="122" number="121" sentence="3">$</token>
  <token id="123" number="122" sentence="3">100</token>
  <token id="124" number="123" sentence="3">million</token>
  <token id="125" number="124" sentence="3">of</token>
  <token id="126" number="125" sentence="3">senior</token>
  <token id="127" number="126" sentence="3">notes</token>
  <token id="128" number="127" sentence="3">due</token>
  <token id="129" number="128" sentence="3">Nov</token>
  <token id="130" number="129" sentence="3">.</token>
  <token id="131" number="130" sentence="3">1</token>
  <token id="132" number="131" sentence="3">,</token>
  <token id="133" number="132" sentence="3">2009</token>
  <token id="134" number="133" sentence="3">,</token>
  <token id="135" number="134" sentence="3">priced</token>
  <token id="136" number="135" sentence="3">at</token>
  <token id="137" number="136" sentence="3">par</token>
  <token id="138" number="137" sentence="3">to</token>
  <token id="139" number="138" sentence="3">yield</token>
  <token id="140" number="139" sentence="3">9</token>
  <token id="141" number="140" sentence="3">%</token>
  <token id="142" number="141" sentence="3">.</token>
  <token id="143" number="142" sentence="4">The</token>
  <token id="144" number="143" sentence="4">issue</token>
  <token id="145" number="144" sentence="4">,</token>
  <token id="146" number="145" sentence="4">which</token>
  <token id="147" number="146" sentence="4">is</token>
  <token id="148" number="147" sentence="4">puttable</token>
  <token id="149" number="148" sentence="4">back</token>
  <token id="150" number="149" sentence="4">to</token>
  <token id="151" number="150" sentence="4">the</token>
  <token id="152" number="151" sentence="4">company</token>
  <token id="153" number="152" sentence="4">in</token>
  <token id="154" number="153" sentence="4">1999</token>
  <token id="155" number="154" sentence="4">,</token>
  <token id="156" number="155" sentence="4">was</token>
  <token id="157" number="156" sentence="4">priced</token>
  <token id="158" number="157" sentence="4">at</token>
  <token id="159" number="158" sentence="4">a</token>
  <token id="160" number="159" sentence="4">spread</token>
  <token id="161" number="160" sentence="4">of</token>
  <token id="162" number="161" sentence="4">110</token>
  <token id="163" number="162" sentence="4">basis</token>
  <token id="164" number="163" sentence="4">points</token>
  <token id="165" number="164" sentence="4">above</token>
  <token id="166" number="165" sentence="4">the</token>
  <token id="167" number="166" sentence="4">Treasury</token>
  <token id="168" number="167" sentence="4">'s</token>
  <token id="169" number="168" sentence="4">10-year</token>
  <token id="170" number="169" sentence="4">note</token>
  <token id="171" number="170" sentence="4">.</token>
  <token id="172" number="171" sentence="5">Rated</token>
  <token id="173" number="172" sentence="5">single-A-3</token>
  <token id="174" number="173" sentence="5">by</token>
  <token id="175" number="174" sentence="5">Moody</token>
  <token id="176" number="175" sentence="5">'s</token>
  <token id="177" number="176" sentence="5">and</token>
  <token id="178" number="177" sentence="5">triple-B</token>
  <token id="179" number="178" sentence="5">by</token>
  <token id="180" number="179" sentence="5">SampP</token>
  <token id="181" number="180" sentence="5">,</token>
  <token id="182" number="181" sentence="5">the</token>
  <token id="183" number="182" sentence="5">issue</token>
  <token id="184" number="183" sentence="5">will</token>
  <token id="185" number="184" sentence="5">be</token>
  <token id="186" number="185" sentence="5">sold</token>
  <token id="187" number="186" sentence="5">through</token>
  <token id="188" number="187" sentence="5">underwriters</token>
  <token id="189" number="188" sentence="5">led</token>
  <token id="190" number="189" sentence="5">by</token>
  <token id="191" number="190" sentence="5">Merrill</token>
  <token id="192" number="191" sentence="5">Lynch</token>
  <token id="193" number="192" sentence="5">Capital</token>
  <token id="194" number="193" sentence="5">Markets</token>
  <token id="195" number="194" sentence="5">.</token>
  <token id="196" number="195" sentence="6">@</token>
  <token id="197" number="196" sentence="6">EUROBONDS</token>
  <token id="198" number="197" sentence="6">Canadian</token>
  <token id="199" number="198" sentence="6">Imperial</token>
  <token id="200" number="199" sentence="6">Bank</token>
  <token id="201" number="200" sentence="6">of</token>
  <token id="202" number="201" sentence="6">Commerce</token>
  <token id="203" number="202" sentence="6">(</token>
  <token id="204" number="203" sentence="6">Canada</token>
  <token id="205" number="204" sentence="6">)</token>
  <token id="206" number="205" sentence="6">--</token>
  <token id="207" number="206" sentence="6">10</token>
  <token id="208" number="207" sentence="6">billion</token>
  <token id="209" number="208" sentence="6">yen</token>
  <token id="210" number="209" sentence="6">of</token>
  <token id="211" number="210" sentence="6">5.7</token>
  <token id="212" number="211" sentence="6">%</token>
  <token id="213" number="212" sentence="6">bonds</token>
  <token id="214" number="213" sentence="6">due</token>
  <token id="215" number="214" sentence="6">Nov</token>
  <token id="216" number="215" sentence="6">.</token>
  <token id="217" number="216" sentence="6">17</token>
  <token id="218" number="217" sentence="6">,</token>
  <token id="219" number="218" sentence="6">1992</token>
  <token id="220" number="219" sentence="6">,</token>
  <token id="221" number="220" sentence="6">priced</token>
  <token id="222" number="221" sentence="6">at</token>
  <token id="223" number="222" sentence="6">101</token>
  <token id="224" number="223" sentence="6">1/4</token>
  <token id="225" number="224" sentence="6">to</token>
  <token id="226" number="225" sentence="6">yield</token>
  <token id="227" number="226" sentence="6">5.75</token>
  <token id="228" number="227" sentence="6">%</token>
  <token id="229" number="228" sentence="6">less</token>
  <token id="230" number="229" sentence="6">full</token>
  <token id="231" number="230" sentence="6">fees</token>
  <token id="232" number="231" sentence="6">,</token>
  <token id="233" number="232" sentence="6">via</token>
  <token id="234" number="233" sentence="6">LTCB</token>
  <token id="235" number="234" sentence="6">International</token>
  <token id="236" number="235" sentence="6">Ltd.</token>
</Document>
