<Document doc_name="wsj_0313">
  <Markables>
    <TIMEX3 RELATED_TO="" TAG_DESCRIPTOR="Empty_Mark" beginPoint="" comment="" endPoint="" freq="" functionInDocument="CREATION_TIME" id="0" quant="" type="DATE" value="1989-11-01" />
    <EVENT aspect="NONE" certainty="" class="OCCURRENCE" comment="" factuality="" id="1" modality="NONE" polarity="POS" pos="VERB" tense="FUTURE">
      <token_anchor id="7" />
    </EVENT>
    <EVENT aspect="NONE" certainty="" class="OCCURRENCE" comment="" factuality="" id="2" modality="NONE" polarity="POS" pos="VERB" tense="PAST">
      <token_anchor id="13" />
    </EVENT>
    <EVENT aspect="NONE" certainty="" class="STATE" comment="" factuality="" id="3" modality="NONE" polarity="POS" pos="NOUN" tense="NONE">
      <token_anchor id="18" />
    </EVENT>
    <C-SIGNAL id="4">
      <token_anchor id="19" />
    </C-SIGNAL>
    <EVENT aspect="NONE" certainty="" class="OCCURRENCE" comment="" factuality="" id="5" modality="NONE" polarity="POS" pos="NOUN" tense="NONE">
      <token_anchor id="21" />
    </EVENT>
    <TIMEX3 anchorTimeID="0" beginPoint="" comment="" endPoint="" freq="" functionInDocument="NONE" id="6" quant="" type="DATE" value="1989-Q3">
      <token_anchor id="23" />
      <token_anchor id="24" />
      <token_anchor id="25" />
    </TIMEX3>
    <C-SIGNAL id="7">
      <token_anchor id="26" />
      <token_anchor id="27" />
    </C-SIGNAL>
    <EVENT aspect="NONE" certainty="" class="OCCURRENCE" comment="" factuality="" id="8" modality="NONE" polarity="POS" pos="NOUN" tense="NONE">
      <token_anchor id="30" />
    </EVENT>
    <EVENT aspect="NONE" certainty="" class="REPORTING" comment="" factuality="" id="9" modality="NONE" polarity="POS" pos="VERB" tense="PAST">
      <token_anchor id="43" />
    </EVENT>
    <EVENT aspect="NONE" certainty="" class="I_STATE" comment="" factuality="" id="10" modality="NONE" polarity="NEG" pos="VERB" tense="PRESENT">
      <token_anchor id="48" />
    </EVENT>
    <EVENT aspect="NONE" certainty="" class="OCCURRENCE" comment="" factuality="" id="11" modality="NONE" polarity="POS" pos="NOUN" tense="NONE">
      <token_anchor id="56" />
    </EVENT>
    <TIMEX3 anchorTimeID="0" beginPoint="" comment="" endPoint="" freq="" functionInDocument="NONE" id="12" quant="" type="DURATION" value="1989-Q3">
      <token_anchor id="59" />
      <token_anchor id="60" />
      <token_anchor id="61" />
    </TIMEX3>
    <EVENT aspect="NONE" certainty="" class="STATE" comment="" factuality="" id="13" modality="NONE" polarity="POS" pos="VERB" tense="PAST">
      <token_anchor id="79" />
    </EVENT>
    <EVENT aspect="NONE" certainty="" class="STATE" comment="" factuality="" id="14" modality="NONE" polarity="POS" pos="NOUN" tense="NONE">
      <token_anchor id="82" />
    </EVENT>
    <EVENT aspect="NONE" certainty="" class="STATE" comment="" factuality="" id="15" modality="NONE" polarity="POS" pos="NOUN" tense="NONE">
      <token_anchor id="98" />
    </EVENT>
    <TIMEX3 anchorTimeID="12" beginPoint="" comment="" endPoint="" freq="" functionInDocument="NONE" id="16" quant="" type="DATE" value="1988-Q3">
      <token_anchor id="110" />
      <token_anchor id="111" />
      <token_anchor id="112" />
    </TIMEX3>
    <TIMEX3 anchorTimeID="0" beginPoint="" comment="" endPoint="" freq="" functionInDocument="NONE" id="17" quant="" type="DATE" value="1989-Q3">
      <token_anchor id="114" />
      <token_anchor id="115" />
      <token_anchor id="116" />
    </TIMEX3>
    <EVENT aspect="NONE" certainty="" class="STATE" comment="" factuality="" id="18" modality="NONE" polarity="POS" pos="VERB" tense="PAST">
      <token_anchor id="117" />
    </EVENT>
    <C-SIGNAL id="19">
      <token_anchor id="119" />
    </C-SIGNAL>
    <EVENT aspect="NONE" certainty="" class="OCCURRENCE" comment="" factuality="" id="20" modality="NONE" polarity="POS" pos="NOUN" tense="NONE">
      <token_anchor id="121" />
    </EVENT>
    <EVENT aspect="NONE" certainty="" class="OCCURRENCE" comment="" factuality="" id="21" modality="NONE" polarity="POS" pos="VERB" tense="PAST">
      <token_anchor id="128" />
    </EVENT>
    <EVENT aspect="NONE" certainty="" class="REPORTING" comment="" factuality="" id="22" modality="NONE" polarity="POS" pos="VERB" tense="PAST">
      <token_anchor id="142" />
    </EVENT>
    <EVENT aspect="NONE" certainty="" class="OCCURRENCE" comment="" factuality="" id="23" modality="NONE" polarity="POS" pos="VERB" tense="FUTURE">
      <token_anchor id="145" />
    </EVENT>
    <TIMEX3 anchorTimeID="0" beginPoint="" comment="" endPoint="" freq="" functionInDocument="NONE" id="24" quant="" type="DATE" value="FUTURE_REF">
      <token_anchor id="161" />
      <token_anchor id="162" />
      <token_anchor id="163" />
    </TIMEX3>
    <EVENT aspect="PERFECTIVE" certainty="" class="I_ACTION" comment="" factuality="" id="25" modality="NONE" polarity="POS" pos="VERB" tense="PRESENT">
      <token_anchor id="169" />
    </EVENT>
    <EVENT aspect="NONE" certainty="" class="OCCURRENCE" comment="" factuality="" id="26" modality="would" polarity="POS" pos="VERB" tense="NONE">
      <token_anchor id="174" />
    </EVENT>
    <EVENT aspect="NONE" certainty="" class="OCCURRENCE" comment="" factuality="" id="27" modality="NONE" polarity="POS" pos="VERB" tense="INFINITIVE">
      <token_anchor id="178" />
    </EVENT>
    <EVENT aspect="NONE" certainty="" class="REPORTING" comment="" factuality="" id="28" modality="NONE" polarity="POS" pos="VERB" tense="PAST">
      <token_anchor id="189" />
    </EVENT>
    <EVENT aspect="NONE" certainty="" class="OCCURRENCE" comment="" factuality="" id="29" modality="NONE" polarity="NEG" pos="VERB" tense="FUTURE">
      <token_anchor id="193" />
    </EVENT>
    <EVENT aspect="NONE" certainty="" class="OCCURRENCE" comment="" factuality="" id="30" modality="NONE" polarity="POS" pos="NOUN" tense="NONE">
      <token_anchor id="202" />
    </EVENT>
  </Markables>
  <Relations>
    <TLINK comment="" id="1" relType="AFTER">
      <source id="1" />
      <target id="0" />
    </TLINK>
    <TLINK comment="" id="2" relType="BEFORE">
      <source id="2" />
      <target id="0" />
    </TLINK>
    <TLINK comment="" id="3" relType="IDENTITY">
      <source id="2" />
      <target id="3" />
    </TLINK>
    <TLINK comment="" id="4" relType="BEFORE">
      <source id="5" />
      <target id="3" />
    </TLINK>
    <TLINK comment="" id="5" relType="DURING">
      <source id="5" />
      <target id="6" />
    </TLINK>
    <CLINK c-signalID="4" comment="" id="6">
      <source id="5" />
      <target id="3" />
    </CLINK>
    <TLINK comment="" id="7" relType="IDENTITY">
      <source id="8" />
      <target id="1" />
    </TLINK>
    <CLINK c-signalID="7" comment="" id="8">
      <source id="8" />
      <target id="5" />
    </CLINK>
    <TLINK comment="" id="9" relType="INCLUDES">
      <source id="11" />
      <target id="8" />
    </TLINK>
    <TLINK comment="" id="10" relType="ENDED_BY">
      <source id="12" />
      <target id="13" />
    </TLINK>
    <TLINK comment="" id="11" relType="IDENTITY">
      <source id="13" />
      <target id="14" />
    </TLINK>
    <TLINK comment="" id="12" relType="ENDS">
      <source id="14" />
      <target id="16" />
    </TLINK>
    <TLINK comment="" id="13" relType="BEFORE">
      <source id="15" />
      <target id="14" />
    </TLINK>
    <TLINK comment="" id="14" relType="BEGINS">
      <source id="15" />
      <target id="16" />
    </TLINK>
    <TLINK comment="" id="15" relType="ENDED_BY">
      <source id="17" />
      <target id="18" />
    </TLINK>
    <TLINK comment="" id="16" relType="BEFORE">
      <source id="20" />
      <target id="18" />
    </TLINK>
    <CLINK c-signalID="19" comment="" id="17">
      <source id="20" />
      <target id="18" />
    </CLINK>
    <TLINK comment="" id="18" relType="DURING">
      <source id="21" />
      <target id="17" />
    </TLINK>
    <TLINK comment="" id="19" relType="BEFORE">
      <source id="22" />
      <target id="0" />
    </TLINK>
    <TLINK comment="" id="20" relType="IDENTITY">
      <source id="22" />
      <target id="9" />
    </TLINK>
    <TLINK comment="" id="21" relType="BEFORE">
      <source id="25" />
      <target id="0" />
    </TLINK>
    <TLINK comment="" id="22" relType="IDENTITY">
      <source id="28" />
      <target id="22" />
    </TLINK>
    <TLINK comment="" id="23" relType="AFTER">
      <source id="29" />
      <target id="30" />
    </TLINK>
    <TLINK comment="" id="24" relType="IDENTITY">
      <source id="30" />
      <target id="11" />
    </TLINK>
  </Relations>
  <token id="1" number="0" sentence="0">Ocean</token>
  <token id="2" number="1" sentence="0">Drilling</token>
  <token id="3" number="2" sentence="0">amp</token>
  <token id="4" number="3" sentence="0">Exploration</token>
  <token id="5" number="4" sentence="0">Co.</token>
  <token id="6" number="5" sentence="0">will</token>
  <token id="7" number="6" sentence="0">sell</token>
  <token id="8" number="7" sentence="0">its</token>
  <token id="9" number="8" sentence="0">contract-drilling</token>
  <token id="10" number="9" sentence="0">business</token>
  <token id="11" number="10" sentence="0">,</token>
  <token id="12" number="11" sentence="0">and</token>
  <token id="13" number="12" sentence="0">took</token>
  <token id="14" number="13" sentence="0">a</token>
  <token id="15" number="14" sentence="0">$</token>
  <token id="16" number="15" sentence="0">50.9</token>
  <token id="17" number="16" sentence="0">million</token>
  <token id="18" number="17" sentence="0">loss</token>
  <token id="19" number="18" sentence="0">from</token>
  <token id="20" number="19" sentence="0">discontinued</token>
  <token id="21" number="20" sentence="0">operations</token>
  <token id="22" number="21" sentence="0">in</token>
  <token id="23" number="22" sentence="0">the</token>
  <token id="24" number="23" sentence="0">third</token>
  <token id="25" number="24" sentence="0">quarter</token>
  <token id="26" number="25" sentence="0">because</token>
  <token id="27" number="26" sentence="0">of</token>
  <token id="28" number="27" sentence="0">the</token>
  <token id="29" number="28" sentence="0">planned</token>
  <token id="30" number="29" sentence="0">sale</token>
  <token id="31" number="30" sentence="0">.</token>
  <token id="32" number="31" sentence="1">The</token>
  <token id="33" number="32" sentence="1">New</token>
  <token id="34" number="33" sentence="1">Orleans</token>
  <token id="35" number="34" sentence="1">oil</token>
  <token id="36" number="35" sentence="1">and</token>
  <token id="37" number="36" sentence="1">gas</token>
  <token id="38" number="37" sentence="1">exploration</token>
  <token id="39" number="38" sentence="1">and</token>
  <token id="40" number="39" sentence="1">diving</token>
  <token id="41" number="40" sentence="1">operations</token>
  <token id="42" number="41" sentence="1">company</token>
  <token id="43" number="42" sentence="1">added</token>
  <token id="44" number="43" sentence="1">that</token>
  <token id="45" number="44" sentence="1">it</token>
  <token id="46" number="45" sentence="1">does</token>
  <token id="47" number="46" sentence="1">n't</token>
  <token id="48" number="47" sentence="1">expect</token>
  <token id="49" number="48" sentence="1">any</token>
  <token id="50" number="49" sentence="1">further</token>
  <token id="51" number="50" sentence="1">adverse</token>
  <token id="52" number="51" sentence="1">financial</token>
  <token id="53" number="52" sentence="1">impact</token>
  <token id="54" number="53" sentence="1">from</token>
  <token id="55" number="54" sentence="1">the</token>
  <token id="56" number="55" sentence="1">restructuring</token>
  <token id="57" number="56" sentence="1">.</token>
  <token id="58" number="57" sentence="2">In</token>
  <token id="59" number="58" sentence="2">the</token>
  <token id="60" number="59" sentence="2">third</token>
  <token id="61" number="60" sentence="2">quarter</token>
  <token id="62" number="61" sentence="2">,</token>
  <token id="63" number="62" sentence="2">the</token>
  <token id="64" number="63" sentence="2">company</token>
  <token id="65" number="64" sentence="2">,</token>
  <token id="66" number="65" sentence="2">which</token>
  <token id="67" number="66" sentence="2">is</token>
  <token id="68" number="67" sentence="2">61</token>
  <token id="69" number="68" sentence="2">%</token>
  <token id="70" number="69" sentence="2">-</token>
  <token id="71" number="70" sentence="2">owned</token>
  <token id="72" number="71" sentence="2">by</token>
  <token id="73" number="72" sentence="2">Murphy</token>
  <token id="74" number="73" sentence="2">Oil</token>
  <token id="75" number="74" sentence="2">Corp.</token>
  <token id="76" number="75" sentence="2">of</token>
  <token id="77" number="76" sentence="2">Arkansas</token>
  <token id="78" number="77" sentence="2">,</token>
  <token id="79" number="78" sentence="2">had</token>
  <token id="80" number="79" sentence="2">a</token>
  <token id="81" number="80" sentence="2">net</token>
  <token id="82" number="81" sentence="2">loss</token>
  <token id="83" number="82" sentence="2">of</token>
  <token id="84" number="83" sentence="2">$</token>
  <token id="85" number="84" sentence="2">46.9</token>
  <token id="86" number="85" sentence="2">million</token>
  <token id="87" number="86" sentence="2">,</token>
  <token id="88" number="87" sentence="2">or</token>
  <token id="89" number="88" sentence="2">91</token>
  <token id="90" number="89" sentence="2">cents</token>
  <token id="91" number="90" sentence="2">a</token>
  <token id="92" number="91" sentence="2">share</token>
  <token id="93" number="92" sentence="2">,</token>
  <token id="94" number="93" sentence="2">compared</token>
  <token id="95" number="94" sentence="2">with</token>
  <token id="96" number="95" sentence="2">a</token>
  <token id="97" number="96" sentence="2">restated</token>
  <token id="98" number="97" sentence="2">loss</token>
  <token id="99" number="98" sentence="2">of</token>
  <token id="100" number="99" sentence="2">$</token>
  <token id="101" number="100" sentence="2">9</token>
  <token id="102" number="101" sentence="2">million</token>
  <token id="103" number="102" sentence="2">,</token>
  <token id="104" number="103" sentence="2">or</token>
  <token id="105" number="104" sentence="2">18</token>
  <token id="106" number="105" sentence="2">cents</token>
  <token id="107" number="106" sentence="2">a</token>
  <token id="108" number="107" sentence="2">share</token>
  <token id="109" number="108" sentence="2">,</token>
  <token id="110" number="109" sentence="2">a</token>
  <token id="111" number="110" sentence="2">year</token>
  <token id="112" number="111" sentence="2">ago</token>
  <token id="113" number="112" sentence="2">.</token>
  <token id="114" number="113" sentence="3">The</token>
  <token id="115" number="114" sentence="3">latest</token>
  <token id="116" number="115" sentence="3">period</token>
  <token id="117" number="116" sentence="3">had</token>
  <token id="118" number="117" sentence="3">profit</token>
  <token id="119" number="118" sentence="3">from</token>
  <token id="120" number="119" sentence="3">continuing</token>
  <token id="121" number="120" sentence="3">operations</token>
  <token id="122" number="121" sentence="3">of</token>
  <token id="123" number="122" sentence="3">$</token>
  <token id="124" number="123" sentence="3">4</token>
  <token id="125" number="124" sentence="3">million</token>
  <token id="126" number="125" sentence="3">.</token>
  <token id="127" number="126" sentence="4">Revenue</token>
  <token id="128" number="127" sentence="4">gained</token>
  <token id="129" number="128" sentence="4">13</token>
  <token id="130" number="129" sentence="4">%</token>
  <token id="131" number="130" sentence="4">to</token>
  <token id="132" number="131" sentence="4">$</token>
  <token id="133" number="132" sentence="4">77.3</token>
  <token id="134" number="133" sentence="4">million</token>
  <token id="135" number="134" sentence="4">from</token>
  <token id="136" number="135" sentence="4">$</token>
  <token id="137" number="136" sentence="4">68.5</token>
  <token id="138" number="137" sentence="4">million</token>
  <token id="139" number="138" sentence="4">.</token>
  <token id="140" number="139" sentence="5">Ocean</token>
  <token id="141" number="140" sentence="5">Drilling</token>
  <token id="142" number="141" sentence="5">said</token>
  <token id="143" number="142" sentence="5">it</token>
  <token id="144" number="143" sentence="5">will</token>
  <token id="145" number="144" sentence="5">offer</token>
  <token id="146" number="145" sentence="5">15</token>
  <token id="147" number="146" sentence="5">%</token>
  <token id="148" number="147" sentence="5">to</token>
  <token id="149" number="148" sentence="5">20</token>
  <token id="150" number="149" sentence="5">%</token>
  <token id="151" number="150" sentence="5">of</token>
  <token id="152" number="151" sentence="5">the</token>
  <token id="153" number="152" sentence="5">contract-drilling</token>
  <token id="154" number="153" sentence="5">business</token>
  <token id="155" number="154" sentence="5">through</token>
  <token id="156" number="155" sentence="5">an</token>
  <token id="157" number="156" sentence="5">initial</token>
  <token id="158" number="157" sentence="5">public</token>
  <token id="159" number="158" sentence="5">offering</token>
  <token id="160" number="159" sentence="5">in</token>
  <token id="161" number="160" sentence="5">the</token>
  <token id="162" number="161" sentence="5">near</token>
  <token id="163" number="162" sentence="5">future</token>
  <token id="164" number="163" sentence="5">.</token>
  <token id="165" number="164" sentence="6">It</token>
  <token id="166" number="165" sentence="6">has</token>
  <token id="167" number="166" sentence="6">long</token>
  <token id="168" number="167" sentence="6">been</token>
  <token id="169" number="168" sentence="6">rumored</token>
  <token id="170" number="169" sentence="6">that</token>
  <token id="171" number="170" sentence="6">Ocean</token>
  <token id="172" number="171" sentence="6">Drilling</token>
  <token id="173" number="172" sentence="6">would</token>
  <token id="174" number="173" sentence="6">sell</token>
  <token id="175" number="174" sentence="6">the</token>
  <token id="176" number="175" sentence="6">unit</token>
  <token id="177" number="176" sentence="6">to</token>
  <token id="178" number="177" sentence="6">concentrate</token>
  <token id="179" number="178" sentence="6">on</token>
  <token id="180" number="179" sentence="6">its</token>
  <token id="181" number="180" sentence="6">core</token>
  <token id="182" number="181" sentence="6">oil</token>
  <token id="183" number="182" sentence="6">and</token>
  <token id="184" number="183" sentence="6">gas</token>
  <token id="185" number="184" sentence="6">business</token>
  <token id="186" number="185" sentence="6">.</token>
  <token id="187" number="186" sentence="7">Ocean</token>
  <token id="188" number="187" sentence="7">Drilling</token>
  <token id="189" number="188" sentence="7">said</token>
  <token id="190" number="189" sentence="7">it</token>
  <token id="191" number="190" sentence="7">wo</token>
  <token id="192" number="191" sentence="7">n't</token>
  <token id="193" number="192" sentence="7">hold</token>
  <token id="194" number="193" sentence="7">any</token>
  <token id="195" number="194" sentence="7">shares</token>
  <token id="196" number="195" sentence="7">of</token>
  <token id="197" number="196" sentence="7">the</token>
  <token id="198" number="197" sentence="7">new</token>
  <token id="199" number="198" sentence="7">company</token>
  <token id="200" number="199" sentence="7">after</token>
  <token id="201" number="200" sentence="7">the</token>
  <token id="202" number="201" sentence="7">restructuring</token>
  <token id="203" number="202" sentence="7">.</token>
</Document>
