<Document doc_name="wsj_0660">
  <Markables>
    <TIMEX3 RELATED_TO="" TAG_DESCRIPTOR="Empty_Mark" beginPoint="" comment="" endPoint="" freq="" functionInDocument="CREATION_TIME" id="0" quant="" type="DATE" value="1989-10-30" />
    <EVENT aspect="NONE" certainty="" class="I_STATE" comment="" factuality="" id="1" modality="NONE" polarity="POS" pos="VERB" tense="PAST">
      <token_anchor id="4" />
    </EVENT>
    <EVENT aspect="NONE" certainty="" class="OCCURRENCE" comment="" factuality="" id="2" modality="NONE" polarity="POS" pos="VERB" tense="INFINITIVE">
      <token_anchor id="6" />
    </EVENT>
    <TIMEX3 anchorTimeID="0" beginPoint="" comment="" endPoint="" freq="" functionInDocument="NONE" id="3" quant="" type="DATE" value="PRESENT_REF">
      <token_anchor id="22" />
    </TIMEX3>
    <EVENT aspect="NONE" certainty="" class="STATE" comment="" factuality="" id="4" modality="NONE" polarity="POS" pos="VERB" tense="PRESENT">
      <token_anchor id="23" />
    </EVENT>
    <EVENT aspect="NONE" certainty="" class="REPORTING" comment="" factuality="" id="5" modality="NONE" polarity="POS" pos="VERB" tense="PAST">
      <token_anchor id="35" />
    </EVENT>
    <EVENT aspect="NONE" certainty="" class="I_ACTION" comment="" factuality="" id="6" modality="NONE" polarity="POS" pos="VERB" tense="PAST">
      <token_anchor id="40" />
    </EVENT>
    <EVENT aspect="NONE" certainty="" class="OCCURRENCE" comment="" factuality="" id="7" modality="NONE" polarity="POS" pos="VERB" tense="FUTURE">
      <token_anchor id="58" />
    </EVENT>
    <EVENT aspect="NONE" certainty="" class="OCCURRENCE" comment="" factuality="" id="8" modality="NONE" polarity="POS" pos="NOUN" tense="NONE">
      <token_anchor id="63" />
    </EVENT>
    <EVENT aspect="NONE" certainty="" class="OCCURRENCE" comment="" factuality="" id="9" modality="NONE" polarity="POS" pos="NOUN" tense="NONE">
      <token_anchor id="71" />
    </EVENT>
    <EVENT aspect="NONE" certainty="" class="OCCURRENCE" comment="" factuality="" id="10" modality="NONE" polarity="POS" pos="NOUN" tense="NONE">
      <token_anchor id="77" />
    </EVENT>
    <EVENT aspect="NONE" certainty="" class="OCCURRENCE" comment="" factuality="" id="11" modality="NONE" polarity="POS" pos="VERB" tense="FUTURE">
      <token_anchor id="99" />
    </EVENT>
    <EVENT aspect="NONE" certainty="" class="OCCURRENCE" comment="" factuality="" id="12" modality="NONE" polarity="POS" pos="VERB" tense="PRESPART">
      <token_anchor id="106" />
    </EVENT>
    <EVENT aspect="NONE" certainty="" class="REPORTING" comment="" factuality="" id="13" modality="NONE" polarity="POS" pos="VERB" tense="PAST">
      <token_anchor id="117" />
    </EVENT>
    <EVENT aspect="PROGRESSIVE" certainty="" class="OCCURRENCE" comment="" factuality="" id="14" modality="NONE" polarity="POS" pos="VERB" tense="PRESENT">
      <token_anchor id="122" />
    </EVENT>
    <C-SIGNAL id="15">
      <token_anchor id="125" />
    </C-SIGNAL>
    <EVENT aspect="NONE" certainty="" class="I_STATE" comment="" factuality="" id="16" modality="NONE" polarity="NEG" pos="VERB" tense="PRESENT">
      <token_anchor id="141" />
    </EVENT>
  </Markables>
  <Relations>
    <TLINK comment="" id="1" relType="BEFORE">
      <source id="1" />
      <target id="0" />
    </TLINK>
    <TLINK comment="" id="2" relType="INCLUDES">
      <source id="3" />
      <target id="1" />
    </TLINK>
    <TLINK comment="" id="3" relType="INCLUDES">
      <source id="3" />
      <target id="4" />
    </TLINK>
    <TLINK comment="" id="4" relType="BEFORE">
      <source id="4" />
      <target id="2" />
    </TLINK>
    <TLINK comment="" id="5" relType="BEFORE">
      <source id="5" />
      <target id="0" />
    </TLINK>
    <TLINK comment="" id="6" relType="AFTER">
      <source id="5" />
      <target id="1" />
    </TLINK>
    <TLINK comment="" id="7" relType="AFTER">
      <source id="7" />
      <target id="0" />
    </TLINK>
    <TLINK comment="" id="8" relType="IDENTITY">
      <source id="7" />
      <target id="8" />
    </TLINK>
    <TLINK comment="" id="9" relType="IDENTITY">
      <source id="9" />
      <target id="8" />
    </TLINK>
    <TLINK comment="" id="10" relType="BEFORE">
      <source id="9" />
      <target id="10" />
    </TLINK>
    <TLINK comment="" id="11" relType="BEFORE">
      <source id="10" />
      <target id="11" />
    </TLINK>
    <TLINK comment="" id="12" relType="BEGUN_BY">
      <source id="10" />
      <target id="12" />
    </TLINK>
    <TLINK comment="" id="13" relType="IDENTITY">
      <source id="13" />
      <target id="5" />
    </TLINK>
    <TLINK comment="" id="14" relType="BEFORE">
      <source id="16" />
      <target id="14" />
    </TLINK>
    <CLINK c-signalID="15" comment="" id="15">
      <source id="16" />
      <target id="14" />
    </CLINK>
  </Relations>
  <token id="1" number="0" sentence="0">Montedison</token>
  <token id="2" number="1" sentence="0">S.p.A.</token>
  <token id="3" number="2" sentence="0">definitively</token>
  <token id="4" number="3" sentence="0">agreed</token>
  <token id="5" number="4" sentence="0">to</token>
  <token id="6" number="5" sentence="0">buy</token>
  <token id="7" number="6" sentence="0">all</token>
  <token id="8" number="7" sentence="0">of</token>
  <token id="9" number="8" sentence="0">the</token>
  <token id="10" number="9" sentence="0">publicly</token>
  <token id="11" number="10" sentence="0">held</token>
  <token id="12" number="11" sentence="0">shares</token>
  <token id="13" number="12" sentence="0">of</token>
  <token id="14" number="13" sentence="0">Erbamont</token>
  <token id="15" number="14" sentence="0">N.V.</token>
  <token id="16" number="15" sentence="0">for</token>
  <token id="17" number="16" sentence="0">$</token>
  <token id="18" number="17" sentence="0">37</token>
  <token id="19" number="18" sentence="0">each</token>
  <token id="20" number="19" sentence="0">.</token>
  <token id="21" number="20" sentence="1">Montedison</token>
  <token id="22" number="21" sentence="1">now</token>
  <token id="23" number="22" sentence="1">owns</token>
  <token id="24" number="23" sentence="1">about</token>
  <token id="25" number="24" sentence="1">72</token>
  <token id="26" number="25" sentence="1">%</token>
  <token id="27" number="26" sentence="1">of</token>
  <token id="28" number="27" sentence="1">Erbamont</token>
  <token id="29" number="28" sentence="1">'s</token>
  <token id="30" number="29" sentence="1">shares</token>
  <token id="31" number="30" sentence="1">outstanding</token>
  <token id="32" number="31" sentence="1">.</token>
  <token id="33" number="32" sentence="2">The</token>
  <token id="34" number="33" sentence="2">companies</token>
  <token id="35" number="34" sentence="2">said</token>
  <token id="36" number="35" sentence="2">the</token>
  <token id="37" number="36" sentence="2">accord</token>
  <token id="38" number="37" sentence="2">was</token>
  <token id="39" number="38" sentence="2">unanimously</token>
  <token id="40" number="39" sentence="2">approved</token>
  <token id="41" number="40" sentence="2">by</token>
  <token id="42" number="41" sentence="2">a</token>
  <token id="43" number="42" sentence="2">special</token>
  <token id="44" number="43" sentence="2">committee</token>
  <token id="45" number="44" sentence="2">of</token>
  <token id="46" number="45" sentence="2">Erbamont</token>
  <token id="47" number="46" sentence="2">directors</token>
  <token id="48" number="47" sentence="2">unaffiliated</token>
  <token id="49" number="48" sentence="2">with</token>
  <token id="50" number="49" sentence="2">Montedison</token>
  <token id="51" number="50" sentence="2">.</token>
  <token id="52" number="51" sentence="3">Under</token>
  <token id="53" number="52" sentence="3">the</token>
  <token id="54" number="53" sentence="3">pact</token>
  <token id="55" number="54" sentence="3">,</token>
  <token id="56" number="55" sentence="3">Montedision</token>
  <token id="57" number="56" sentence="3">will</token>
  <token id="58" number="57" sentence="3">make</token>
  <token id="59" number="58" sentence="3">a</token>
  <token id="60" number="59" sentence="3">$</token>
  <token id="61" number="60" sentence="3">37-a-share</token>
  <token id="62" number="61" sentence="3">tender</token>
  <token id="63" number="62" sentence="3">offer</token>
  <token id="64" number="63" sentence="3">for</token>
  <token id="65" number="64" sentence="3">Erbamont</token>
  <token id="66" number="65" sentence="3">stock</token>
  <token id="67" number="66" sentence="3">outstanding</token>
  <token id="68" number="67" sentence="3">.</token>
  <token id="69" number="68" sentence="4">The</token>
  <token id="70" number="69" sentence="4">tender</token>
  <token id="71" number="70" sentence="4">offer</token>
  <token id="72" number="71" sentence="4">will</token>
  <token id="73" number="72" sentence="4">be</token>
  <token id="74" number="73" sentence="4">followed</token>
  <token id="75" number="74" sentence="4">by</token>
  <token id="76" number="75" sentence="4">the</token>
  <token id="77" number="76" sentence="4">sale</token>
  <token id="78" number="77" sentence="4">of</token>
  <token id="79" number="78" sentence="4">all</token>
  <token id="80" number="79" sentence="4">of</token>
  <token id="81" number="80" sentence="4">Erbamont</token>
  <token id="82" number="81" sentence="4">'s</token>
  <token id="83" number="82" sentence="4">assets</token>
  <token id="84" number="83" sentence="4">,</token>
  <token id="85" number="84" sentence="4">subject</token>
  <token id="86" number="85" sentence="4">to</token>
  <token id="87" number="86" sentence="4">all</token>
  <token id="88" number="87" sentence="4">of</token>
  <token id="89" number="88" sentence="4">its</token>
  <token id="90" number="89" sentence="4">liabilities</token>
  <token id="91" number="90" sentence="4">,</token>
  <token id="92" number="91" sentence="4">to</token>
  <token id="93" number="92" sentence="4">Montedison</token>
  <token id="94" number="93" sentence="4">.</token>
  <token id="95" number="94" sentence="5">Erbamont</token>
  <token id="96" number="95" sentence="5">will</token>
  <token id="97" number="96" sentence="5">then</token>
  <token id="98" number="97" sentence="5">be</token>
  <token id="99" number="98" sentence="5">liquidated</token>
  <token id="100" number="99" sentence="5">,</token>
  <token id="101" number="100" sentence="5">with</token>
  <token id="102" number="101" sentence="5">any</token>
  <token id="103" number="102" sentence="5">remaining</token>
  <token id="104" number="103" sentence="5">Erbamont</token>
  <token id="105" number="104" sentence="5">holders</token>
  <token id="106" number="105" sentence="5">receiving</token>
  <token id="107" number="106" sentence="5">a</token>
  <token id="108" number="107" sentence="5">distribution</token>
  <token id="109" number="108" sentence="5">of</token>
  <token id="110" number="109" sentence="5">$</token>
  <token id="111" number="110" sentence="5">37</token>
  <token id="112" number="111" sentence="5">a</token>
  <token id="113" number="112" sentence="5">share</token>
  <token id="114" number="113" sentence="5">.</token>
  <token id="115" number="114" sentence="6">The</token>
  <token id="116" number="115" sentence="6">companies</token>
  <token id="117" number="116" sentence="6">said</token>
  <token id="118" number="117" sentence="6">the</token>
  <token id="119" number="118" sentence="6">transaction</token>
  <token id="120" number="119" sentence="6">is</token>
  <token id="121" number="120" sentence="6">being</token>
  <token id="122" number="121" sentence="6">structured</token>
  <token id="123" number="122" sentence="6">this</token>
  <token id="124" number="123" sentence="6">way</token>
  <token id="125" number="124" sentence="6">because</token>
  <token id="126" number="125" sentence="6">the</token>
  <token id="127" number="126" sentence="6">laws</token>
  <token id="128" number="127" sentence="6">of</token>
  <token id="129" number="128" sentence="6">the</token>
  <token id="130" number="129" sentence="6">Netherlands</token>
  <token id="131" number="130" sentence="6">Antilles</token>
  <token id="132" number="131" sentence="6">,</token>
  <token id="133" number="132" sentence="6">under</token>
  <token id="134" number="133" sentence="6">which</token>
  <token id="135" number="134" sentence="6">Erbamont</token>
  <token id="136" number="135" sentence="6">is</token>
  <token id="137" number="136" sentence="6">organized</token>
  <token id="138" number="137" sentence="6">,</token>
  <token id="139" number="138" sentence="6">do</token>
  <token id="140" number="139" sentence="6">n't</token>
  <token id="141" number="140" sentence="6">provide</token>
  <token id="142" number="141" sentence="6">for</token>
  <token id="143" number="142" sentence="6">merger</token>
  <token id="144" number="143" sentence="6">transactions</token>
  <token id="145" number="144" sentence="6">.</token>
</Document>
