<Document doc_name="wsj_0159">
  <Markables>
    <TIMEX3 RELATED_TO="" TAG_DESCRIPTOR="Empty_Mark" beginPoint="" comment="" endPoint="" freq="" functionInDocument="CREATION_TIME" id="0" quant="" type="DATE" value="1989-11-02" />
    <EVENT aspect="NONE" certainty="" class="OCCURRENCE" comment="" factuality="" id="1" modality="NONE" polarity="POS" pos="VERB" tense="PAST">
      <token_anchor id="17" />
    </EVENT>
    <TIMEX3 anchorTimeID="0" beginPoint="" comment="" endPoint="" freq="" functionInDocument="NONE" id="2" quant="" type="DATE" value="1989-11-20">
      <token_anchor id="19" />
      <token_anchor id="20" />
      <token_anchor id="21" />
    </TIMEX3>
    <EVENT aspect="NONE" certainty="" class="OCCURRENCE" comment="" factuality="" id="3" modality="NONE" polarity="POS" pos="NOUN" tense="NONE">
      <token_anchor id="36" />
    </EVENT>
    <EVENT aspect="NONE" certainty="" class="I_STATE" comment="" factuality="" id="4" modality="NONE" polarity="POS" pos="VERB" tense="PAST">
      <token_anchor id="40" />
    </EVENT>
    <EVENT aspect="NONE" certainty="" class="OCCURRENCE" comment="" factuality="" id="5" modality="NONE" polarity="POS" pos="VERB" tense="INFINITIVE">
      <token_anchor id="42" />
    </EVENT>
    <TIMEX3 anchorTimeID="0" beginPoint="" comment="" endPoint="" freq="" functionInDocument="NONE" id="6" quant="" type="DATE" value="1989-11-01">
      <token_anchor id="43" />
    </TIMEX3>
    <EVENT aspect="NONE" certainty="" class="I_STATE" comment="" factuality="" id="7" modality="NONE" polarity="POS" pos="ADJECTIVE" tense="PRESENT">
      <token_anchor id="46" />
    </EVENT>
    <EVENT aspect="NONE" certainty="" class="OCCURRENCE" comment="" factuality="" id="8" modality="NONE" polarity="POS" pos="VERB" tense="PRESENT">
      <token_anchor id="63" />
    </EVENT>
    <EVENT aspect="NONE" certainty="" class="OCCURRENCE" comment="" factuality="" id="9" modality="NONE" polarity="POS" pos="NOUN" tense="NONE">
      <token_anchor id="67" />
    </EVENT>
    <EVENT aspect="PERFECTIVE" certainty="" class="OCCURRENCE" comment="" factuality="" id="10" modality="NONE" polarity="POS" pos="VERB" tense="PRESENT">
      <token_anchor id="79" />
    </EVENT>
    <EVENT aspect="NONE" certainty="" class="I_ACTION" comment="" factuality="" id="11" modality="NONE" polarity="POS" pos="VERB" tense="PRESPART">
      <token_anchor id="86" />
    </EVENT>
    <EVENT aspect="NONE" certainty="" class="OCCURRENCE" comment="" factuality="" id="12" modality="NONE" polarity="POS" pos="NOUN" tense="NONE">
      <token_anchor id="88" />
    </EVENT>
    <EVENT aspect="NONE" certainty="" class="REPORTING" comment="" factuality="" id="13" modality="NONE" polarity="POS" pos="VERB" tense="PRESENT">
      <token_anchor id="103" />
    </EVENT>
    <EVENT aspect="NONE" certainty="" class="OCCURRENCE" comment="" factuality="" id="14" modality="NONE" polarity="POS" pos="VERB" tense="PAST">
      <token_anchor id="105" />
    </EVENT>
    <EVENT aspect="NONE" certainty="" class="OCCURRENCE" comment="" factuality="" id="15" modality="NONE" polarity="POS" pos="VERB" tense="INFINITIVE">
      <token_anchor id="109" />
    </EVENT>
    <EVENT aspect="NONE" certainty="" class="REPORTING" comment="" factuality="" id="16" modality="NONE" polarity="POS" pos="VERB" tense="PAST">
      <token_anchor id="113" />
    </EVENT>
    <EVENT aspect="PERFECTIVE" certainty="" class="OCCURRENCE" comment="" factuality="" id="17" modality="NONE" polarity="POS" pos="VERB" tense="PRESENT">
      <token_anchor id="129" />
    </EVENT>
    <EVENT aspect="NONE" certainty="" class="REPORTING" comment="" factuality="" id="18" modality="NONE" polarity="POS" pos="VERB" tense="PAST">
      <token_anchor id="136" />
    </EVENT>
    <TIMEX3 anchorTimeID="0" beginPoint="" comment="" endPoint="" freq="" functionInDocument="NONE" id="19" quant="" type="DATE" value="PRESENT_REF">
      <token_anchor id="138" />
    </TIMEX3>
    <EVENT aspect="NONE" certainty="" class="STATE" comment="" factuality="" id="20" modality="NONE" polarity="POS" pos="VERB" tense="PRESENT">
      <token_anchor id="139" />
    </EVENT>
    <EVENT aspect="PERFECTIVE" certainty="" class="I_ACTION" comment="" factuality="" id="21" modality="NONE" polarity="POS" pos="VERB" tense="PRESENT">
      <token_anchor id="150" />
    </EVENT>
    <TIMEX3 anchorTimeID="0" beginPoint="" comment="" endPoint="" freq="" functionInDocument="NONE" id="22" quant="" type="DATE" value="1989-11-10">
      <token_anchor id="151" />
      <token_anchor id="152" />
      <token_anchor id="153" />
    </TIMEX3>
    <EVENT aspect="NONE" certainty="" class="REPORTING" comment="" factuality="" id="23" modality="NONE" polarity="POS" pos="VERB" tense="PAST">
      <token_anchor id="167" />
    </EVENT>
    <EVENT aspect="NONE" certainty="" class="OCCURRENCE" comment="" factuality="" id="24" modality="NONE" polarity="POS" pos="NOUN" tense="NONE">
      <token_anchor id="169" />
    </EVENT>
    <EVENT aspect="NONE" certainty="" class="I_ACTION" comment="" factuality="" id="25" modality="NONE" polarity="POS" pos="VERB" tense="INFINITIVE">
      <token_anchor id="172" />
    </EVENT>
    <EVENT aspect="NONE" certainty="" class="ASPECTUAL" comment="" factuality="" id="26" modality="NONE" polarity="POS" pos="VERB" tense="PASTPART">
      <token_anchor id="177" />
    </EVENT>
  </Markables>
  <Relations>
    <TLINK comment="" id="1" relType="AFTER">
      <source id="0" />
      <target id="1" />
    </TLINK>
    <TLINK comment="" id="2" relType="AFTER">
      <source id="0" />
      <target id="10" />
    </TLINK>
    <TLINK comment="" id="3" relType="ENDED_BY">
      <source id="1" />
      <target id="2" />
    </TLINK>
    <TLINK comment="" id="4" relType="IS_INCLUDED">
      <source id="4" />
      <target id="6" />
    </TLINK>
    <TLINK comment="" id="5" relType="SIMULTANEOUS">
      <source id="5" />
      <target id="6" />
    </TLINK>
    <TLINK comment="" id="6" relType="BEFORE">
      <source id="6" />
      <target id="0" />
    </TLINK>
    <TLINK comment="" id="7" relType="AFTER">
      <source id="8" />
      <target id="7" />
    </TLINK>
    <TLINK comment="" id="8" relType="IS_INCLUDED">
      <source id="13" />
      <target id="0" />
    </TLINK>
    <TLINK comment="" id="9" relType="BEFORE">
      <source id="14" />
      <target id="15" />
    </TLINK>
    <TLINK comment="" id="10" relType="BEFORE">
      <source id="16" />
      <target id="0" />
    </TLINK>
    <TLINK comment="" id="11" relType="SIMULTANEOUS">
      <source id="16" />
      <target id="18" />
    </TLINK>
    <TLINK comment="" id="12" relType="BEFORE">
      <source id="19" />
      <target id="0" />
    </TLINK>
    <TLINK comment="" id="13" relType="SIMULTANEOUS">
      <source id="19" />
      <target id="20" />
    </TLINK>
    <TLINK comment="" id="14" relType="BEFORE">
      <source id="21" />
      <target id="0" />
    </TLINK>
    <TLINK comment="" id="15" relType="BEFORE">
      <source id="23" />
      <target id="0" />
    </TLINK>
    <CLINK comment="" id="16">
      <source id="24" />
      <target id="26" />
    </CLINK>
  </Relations>
  <token id="1" number="0" sentence="0">DD</token>
  <token id="2" number="1" sentence="0">Acquisition</token>
  <token id="3" number="2" sentence="0">Corp.,</token>
  <token id="4" number="3" sentence="0">a</token>
  <token id="5" number="4" sentence="0">partnership</token>
  <token id="6" number="5" sentence="0">of</token>
  <token id="7" number="6" sentence="0">Unicorp</token>
  <token id="8" number="7" sentence="0">Canada</token>
  <token id="9" number="8" sentence="0">Corp.'s</token>
  <token id="10" number="9" sentence="0">Kingsbridge</token>
  <token id="11" number="10" sentence="0">Capital</token>
  <token id="12" number="11" sentence="0">Group</token>
  <token id="13" number="12" sentence="0">and</token>
  <token id="14" number="13" sentence="0">Cara</token>
  <token id="15" number="14" sentence="0">Operations</token>
  <token id="16" number="15" sentence="0">Ltd.,</token>
  <token id="17" number="16" sentence="0">extended</token>
  <token id="18" number="17" sentence="0">to</token>
  <token id="19" number="18" sentence="0">Nov</token>
  <token id="20" number="19" sentence="0">.</token>
  <token id="21" number="20" sentence="0">20</token>
  <token id="22" number="21" sentence="0">its</token>
  <token id="23" number="22" sentence="0">$</token>
  <token id="24" number="23" sentence="0">45-a-share</token>
  <token id="25" number="24" sentence="0">offer</token>
  <token id="26" number="25" sentence="0">for</token>
  <token id="27" number="26" sentence="0">all</token>
  <token id="28" number="27" sentence="0">Dunkin</token>
  <token id="29" number="28" sentence="0">'</token>
  <token id="30" number="29" sentence="0">Donuts</token>
  <token id="31" number="30" sentence="0">Inc.</token>
  <token id="32" number="31" sentence="0">shares</token>
  <token id="33" number="32" sentence="0">outstanding</token>
  <token id="34" number="33" sentence="0">.</token>
  <token id="35" number="34" sentence="1">The</token>
  <token id="36" number="35" sentence="1">offer</token>
  <token id="37" number="36" sentence="1">,</token>
  <token id="38" number="37" sentence="1">which</token>
  <token id="39" number="38" sentence="1">was</token>
  <token id="40" number="39" sentence="1">due</token>
  <token id="41" number="40" sentence="1">to</token>
  <token id="42" number="41" sentence="1">expire</token>
  <token id="43" number="42" sentence="1">yesterday</token>
  <token id="44" number="43" sentence="1">,</token>
  <token id="45" number="44" sentence="1">is</token>
  <token id="46" number="45" sentence="1">conditional</token>
  <token id="47" number="46" sentence="1">on</token>
  <token id="48" number="47" sentence="1">50.1</token>
  <token id="49" number="48" sentence="1">%</token>
  <token id="50" number="49" sentence="1">of</token>
  <token id="51" number="50" sentence="1">Dunkin</token>
  <token id="52" number="51" sentence="1">'</token>
  <token id="53" number="52" sentence="1">common</token>
  <token id="54" number="53" sentence="1">shares</token>
  <token id="55" number="54" sentence="1">,</token>
  <token id="56" number="55" sentence="1">on</token>
  <token id="57" number="56" sentence="1">a</token>
  <token id="58" number="57" sentence="1">fully</token>
  <token id="59" number="58" sentence="1">diluted</token>
  <token id="60" number="59" sentence="1">basis</token>
  <token id="61" number="60" sentence="1">,</token>
  <token id="62" number="61" sentence="1">being</token>
  <token id="63" number="62" sentence="1">tendered</token>
  <token id="64" number="63" sentence="1">and</token>
  <token id="65" number="64" sentence="1">on</token>
  <token id="66" number="65" sentence="1">the</token>
  <token id="67" number="66" sentence="1">withdrawal</token>
  <token id="68" number="67" sentence="1">of</token>
  <token id="69" number="68" sentence="1">the</token>
  <token id="70" number="69" sentence="1">company</token>
  <token id="71" number="70" sentence="1">'s</token>
  <token id="72" number="71" sentence="1">poison</token>
  <token id="73" number="72" sentence="1">pill</token>
  <token id="74" number="73" sentence="1">rights</token>
  <token id="75" number="74" sentence="1">plan</token>
  <token id="76" number="75" sentence="1">.</token>
  <token id="77" number="76" sentence="2">Acquisition</token>
  <token id="78" number="77" sentence="2">has</token>
  <token id="79" number="78" sentence="2">launched</token>
  <token id="80" number="79" sentence="2">a</token>
  <token id="81" number="80" sentence="2">suit</token>
  <token id="82" number="81" sentence="2">in</token>
  <token id="83" number="82" sentence="2">a</token>
  <token id="84" number="83" sentence="2">Delaware</token>
  <token id="85" number="84" sentence="2">court</token>
  <token id="86" number="85" sentence="2">seeking</token>
  <token id="87" number="86" sentence="2">the</token>
  <token id="88" number="87" sentence="2">withdrawal</token>
  <token id="89" number="88" sentence="2">of</token>
  <token id="90" number="89" sentence="2">Dunkin</token>
  <token id="91" number="90" sentence="2">'s</token>
  <token id="92" number="91" sentence="2">poison</token>
  <token id="93" number="92" sentence="2">pill</token>
  <token id="94" number="93" sentence="2">rights</token>
  <token id="95" number="94" sentence="2">and</token>
  <token id="96" number="95" sentence="2">employee</token>
  <token id="97" number="96" sentence="2">stock</token>
  <token id="98" number="97" sentence="2">ownership</token>
  <token id="99" number="98" sentence="2">plans</token>
  <token id="100" number="99" sentence="2">,</token>
  <token id="101" number="100" sentence="2">which</token>
  <token id="102" number="101" sentence="2">it</token>
  <token id="103" number="102" sentence="2">claims</token>
  <token id="104" number="103" sentence="2">were</token>
  <token id="105" number="104" sentence="2">put</token>
  <token id="106" number="105" sentence="2">in</token>
  <token id="107" number="106" sentence="2">place</token>
  <token id="108" number="107" sentence="2">to</token>
  <token id="109" number="108" sentence="2">deter</token>
  <token id="110" number="109" sentence="2">bidders</token>
  <token id="111" number="110" sentence="2">.</token>
  <token id="112" number="111" sentence="3">Acquisition</token>
  <token id="113" number="112" sentence="3">said</token>
  <token id="114" number="113" sentence="3">2.2</token>
  <token id="115" number="114" sentence="3">million</token>
  <token id="116" number="115" sentence="3">shares</token>
  <token id="117" number="116" sentence="3">,</token>
  <token id="118" number="117" sentence="3">or</token>
  <token id="119" number="118" sentence="3">about</token>
  <token id="120" number="119" sentence="3">38.5</token>
  <token id="121" number="120" sentence="3">%</token>
  <token id="122" number="121" sentence="3">of</token>
  <token id="123" number="122" sentence="3">the</token>
  <token id="124" number="123" sentence="3">shares</token>
  <token id="125" number="124" sentence="3">outstanding</token>
  <token id="126" number="125" sentence="3">,</token>
  <token id="127" number="126" sentence="3">have</token>
  <token id="128" number="127" sentence="3">been</token>
  <token id="129" number="128" sentence="3">tendered</token>
  <token id="130" number="129" sentence="3">under</token>
  <token id="131" number="130" sentence="3">its</token>
  <token id="132" number="131" sentence="3">offer</token>
  <token id="133" number="132" sentence="3">.</token>
  <token id="134" number="133" sentence="4">The</token>
  <token id="135" number="134" sentence="4">partners</token>
  <token id="136" number="135" sentence="4">said</token>
  <token id="137" number="136" sentence="4">they</token>
  <token id="138" number="137" sentence="4">already</token>
  <token id="139" number="138" sentence="4">hold</token>
  <token id="140" number="139" sentence="4">15</token>
  <token id="141" number="140" sentence="4">%</token>
  <token id="142" number="141" sentence="4">of</token>
  <token id="143" number="142" sentence="4">all</token>
  <token id="144" number="143" sentence="4">shares</token>
  <token id="145" number="144" sentence="4">outstanding</token>
  <token id="146" number="145" sentence="4">.</token>
  <token id="147" number="146" sentence="5">Dunkin</token>
  <token id="148" number="147" sentence="5">'</token>
  <token id="149" number="148" sentence="5">has</token>
  <token id="150" number="149" sentence="5">set</token>
  <token id="151" number="150" sentence="5">Nov</token>
  <token id="152" number="151" sentence="5">.</token>
  <token id="153" number="152" sentence="5">10</token>
  <token id="154" number="153" sentence="5">as</token>
  <token id="155" number="154" sentence="5">the</token>
  <token id="156" number="155" sentence="5">deadline</token>
  <token id="157" number="156" sentence="5">for</token>
  <token id="158" number="157" sentence="5">the</token>
  <token id="159" number="158" sentence="5">receipt</token>
  <token id="160" number="159" sentence="5">of</token>
  <token id="161" number="160" sentence="5">any</token>
  <token id="162" number="161" sentence="5">competing</token>
  <token id="163" number="162" sentence="5">bids</token>
  <token id="164" number="163" sentence="5">.</token>
  <token id="165" number="164" sentence="6">DD</token>
  <token id="166" number="165" sentence="6">Acquisition</token>
  <token id="167" number="166" sentence="6">said</token>
  <token id="168" number="167" sentence="6">the</token>
  <token id="169" number="168" sentence="6">extension</token>
  <token id="170" number="169" sentence="6">is</token>
  <token id="171" number="170" sentence="6">to</token>
  <token id="172" number="171" sentence="6">allow</token>
  <token id="173" number="172" sentence="6">this</token>
  <token id="174" number="173" sentence="6">process</token>
  <token id="175" number="174" sentence="6">to</token>
  <token id="176" number="175" sentence="6">be</token>
  <token id="177" number="176" sentence="6">completed</token>
  <token id="178" number="177" sentence="6">.</token>
  <token id="179" number="178" sentence="7">Dunkin</token>
  <token id="180" number="179" sentence="7">'</token>
  <token id="181" number="180" sentence="7">is</token>
  <token id="182" number="181" sentence="7">based</token>
  <token id="183" number="182" sentence="7">in</token>
  <token id="184" number="183" sentence="7">Randolph</token>
  <token id="185" number="184" sentence="7">,</token>
  <token id="186" number="185" sentence="7">Mass</token>
  <token id="187" number="186" sentence="7">.</token>
  <token id="188" number="187" sentence="8">Cara</token>
  <token id="189" number="188" sentence="8">,</token>
  <token id="190" number="189" sentence="8">a</token>
  <token id="191" number="190" sentence="8">food</token>
  <token id="192" number="191" sentence="8">services</token>
  <token id="193" number="192" sentence="8">chain</token>
  <token id="194" number="193" sentence="8">operator</token>
  <token id="195" number="194" sentence="8">and</token>
  <token id="196" number="195" sentence="8">Unicorp</token>
  <token id="197" number="196" sentence="8">,</token>
  <token id="198" number="197" sentence="8">a</token>
  <token id="199" number="198" sentence="8">holding</token>
  <token id="200" number="199" sentence="8">company</token>
  <token id="201" number="200" sentence="8">,</token>
  <token id="202" number="201" sentence="8">are</token>
  <token id="203" number="202" sentence="8">based</token>
  <token id="204" number="203" sentence="8">in</token>
  <token id="205" number="204" sentence="8">Toronto</token>
  <token id="206" number="205" sentence="8">.</token>
</Document>
