<Document doc_name="wsj_0346">
  <Markables>
    <TIMEX3 RELATED_TO="" TAG_DESCRIPTOR="Empty_Mark" beginPoint="" comment="" endPoint="" freq="" functionInDocument="CREATION_TIME" id="0" quant="" type="DATE" value="1989-11-01" />
    <EVENT aspect="NONE" certainty="" class="REPORTING" comment="" factuality="" id="1" modality="NONE" polarity="POS" pos="VERB" tense="PAST">
      <token_anchor id="8" />
    </EVENT>
    <EVENT aspect="NONE" certainty="" class="I_ACTION" comment="" factuality="" id="2" modality="NONE" polarity="POS" pos="VERB" tense="PAST">
      <token_anchor id="10" />
    </EVENT>
    <EVENT aspect="NONE" certainty="" class="OCCURRENCE" comment="" factuality="" id="3" modality="NONE" polarity="POS" pos="VERB" tense="INFINITIVE">
      <token_anchor id="12" />
    </EVENT>
    <EVENT aspect="NONE" certainty="" class="REPORTING" comment="" factuality="" id="4" modality="NONE" polarity="POS" pos="VERB" tense="PAST">
      <token_anchor id="34" />
    </EVENT>
    <EVENT aspect="NONE" certainty="" class="OCCURRENCE" comment="" factuality="" id="5" modality="NONE" polarity="POS" pos="VERB" tense="FUTURE">
      <token_anchor id="37" />
    </EVENT>
    <EVENT aspect="NONE" certainty="" class="I_ACTION" comment="" factuality="" id="6" modality="NONE" polarity="POS" pos="VERB" tense="FUTURE">
      <token_anchor id="64" />
    </EVENT>
    <EVENT aspect="NONE" certainty="" class="REPORTING" comment="" factuality="" id="7" modality="NONE" polarity="POS" pos="VERB" tense="PAST">
      <token_anchor id="81" />
    </EVENT>
    <EVENT aspect="NONE" certainty="" class="OCCURRENCE" comment="" factuality="" id="8" modality="NONE" polarity="POS" pos="VERB" tense="FUTURE">
      <token_anchor id="84" />
    </EVENT>
    <C-SIGNAL id="9">
      <token_anchor id="89" />
      <token_anchor id="90" />
      <token_anchor id="91" />
    </C-SIGNAL>
    <EVENT aspect="NONE" certainty="" class="OCCURRENCE" comment="" factuality="" id="10" modality="NONE" polarity="POS" pos="NOUN" tense="NONE">
      <token_anchor id="92" />
    </EVENT>
    <EVENT aspect="NONE" certainty="" class="REPORTING" comment="" factuality="" id="11" modality="NONE" polarity="POS" pos="VERB" tense="PAST">
      <token_anchor id="98" />
    </EVENT>
    <EVENT aspect="NONE" certainty="" class="OCCURRENCE" comment="" factuality="" id="12" modality="NONE" polarity="POS" pos="VERB" tense="INFINITIVE">
      <token_anchor id="103" />
    </EVENT>
    <EVENT aspect="NONE" certainty="" class="OCCURRENCE" comment="" factuality="" id="13" modality="NONE" polarity="POS" pos="VERB" tense="PAST">
      <token_anchor id="104" />
    </EVENT>
    <TIMEX3 beginPoint="" comment="" endPoint="" freq="" functionInDocument="NONE" id="14" quant="" type="DURATION" value="P1Y">
      <token_anchor id="111" />
      <token_anchor id="112" />
    </TIMEX3>
    <TIMEX3 anchorTimeID="0" beginPoint="" comment="" endPoint="" freq="" functionInDocument="NONE" id="15" quant="" type="DATE" value="1989-03-31">
      <token_anchor id="114" />
      <token_anchor id="115" />
    </TIMEX3>
    <EVENT aspect="NONE" certainty="" class="REPORTING" comment="" factuality="" id="16" modality="NONE" polarity="POS" pos="VERB" tense="PAST">
      <token_anchor id="120" />
    </EVENT>
    <EVENT aspect="NONE" certainty="" class="I_STATE" comment="" factuality="" id="17" modality="NONE" polarity="POS" pos="VERB" tense="PRESENT">
      <token_anchor id="122" />
    </EVENT>
    <EVENT aspect="NONE" certainty="" class="OCCURRENCE" comment="" factuality="" id="18" modality="NONE" polarity="POS" pos="VERB" tense="INFINITIVE">
      <token_anchor id="124" />
    </EVENT>
    <TIMEX3 anchorTimeID="0" beginPoint="" comment="" endPoint="" freq="" functionInDocument="NONE" id="19" quant="" type="DATE" value="PRESENT_REF">
      <token_anchor id="158" />
    </TIMEX3>
    <EVENT aspect="NONE" certainty="" class="OCCURRENCE" comment="" factuality="" id="20" modality="NONE" polarity="POS" pos="VERB" tense="PRESENT">
      <token_anchor id="159" />
    </EVENT>
    <EVENT aspect="NONE" certainty="" class="REPORTING" comment="" factuality="" id="21" modality="NONE" polarity="POS" pos="VERB" tense="PAST">
      <token_anchor id="166" />
    </EVENT>
    <EVENT aspect="NONE" certainty="" class="OCCURRENCE" comment="" factuality="" id="22" modality="NONE" polarity="POS" pos="VERB" tense="PRESENT">
      <token_anchor id="168" />
    </EVENT>
  </Markables>
  <Relations>
    <TLINK comment="" id="1" relType="IS_INCLUDED">
      <source id="1" />
      <target id="0" />
    </TLINK>
    <TLINK comment="" id="2" relType="IDENTITY">
      <source id="3" />
      <target id="12" />
    </TLINK>
    <TLINK comment="" id="3" relType="SIMULTANEOUS">
      <source id="4" />
      <target id="1" />
    </TLINK>
    <TLINK comment="" id="4" relType="BEFORE">
      <source id="7" />
      <target id="0" />
    </TLINK>
    <CLINK c-signalID="9" comment="" id="5">
      <source id="10" />
      <target id="8" />
    </CLINK>
    <TLINK comment="" id="6" relType="SIMULTANEOUS">
      <source id="11" />
      <target id="1" />
    </TLINK>
    <TLINK comment="" id="7" relType="ENDED_BY">
      <source id="14" />
      <target id="15" />
    </TLINK>
    <TLINK comment="" id="8" relType="IS_INCLUDED">
      <source id="16" />
      <target id="0" />
    </TLINK>
    <TLINK comment="" id="9" relType="INCLUDES">
      <source id="19" />
      <target id="0" />
    </TLINK>
    <TLINK comment="" id="10" relType="SIMULTANEOUS">
      <source id="19" />
      <target id="20" />
    </TLINK>
    <TLINK comment="" id="11" relType="IS_INCLUDED">
      <source id="21" />
      <target id="0" />
    </TLINK>
  </Relations>
  <token id="1" number="0" sentence="0">Cilcorp</token>
  <token id="2" number="1" sentence="0">Inc.,</token>
  <token id="3" number="2" sentence="0">Peoria</token>
  <token id="4" number="3" sentence="0">,</token>
  <token id="5" number="4" sentence="0">Ill</token>
  <token id="6" number="5" sentence="0">.</token>
  <token id="7" number="6" sentence="0">,</token>
  <token id="8" number="7" sentence="0">said</token>
  <token id="9" number="8" sentence="0">it</token>
  <token id="10" number="9" sentence="0">agreed</token>
  <token id="11" number="10" sentence="0">to</token>
  <token id="12" number="11" sentence="0">acquire</token>
  <token id="13" number="12" sentence="0">the</token>
  <token id="14" number="13" sentence="0">environmental</token>
  <token id="15" number="14" sentence="0">consulting</token>
  <token id="16" number="15" sentence="0">and</token>
  <token id="17" number="16" sentence="0">analytical</token>
  <token id="18" number="17" sentence="0">service</token>
  <token id="19" number="18" sentence="0">businesses</token>
  <token id="20" number="19" sentence="0">of</token>
  <token id="21" number="20" sentence="0">Hunter</token>
  <token id="22" number="21" sentence="0">Environmental</token>
  <token id="23" number="22" sentence="0">Services</token>
  <token id="24" number="23" sentence="0">Inc.</token>
  <token id="25" number="24" sentence="0">of</token>
  <token id="26" number="25" sentence="0">Southport</token>
  <token id="27" number="26" sentence="0">,</token>
  <token id="28" number="27" sentence="0">Conn</token>
  <token id="29" number="28" sentence="0">.</token>
  <token id="30" number="29" sentence="1">The</token>
  <token id="31" number="30" sentence="1">utility</token>
  <token id="32" number="31" sentence="1">holding</token>
  <token id="33" number="32" sentence="1">company</token>
  <token id="34" number="33" sentence="1">said</token>
  <token id="35" number="34" sentence="1">Hunter</token>
  <token id="36" number="35" sentence="1">will</token>
  <token id="37" number="36" sentence="1">receive</token>
  <token id="38" number="37" sentence="1">390,000</token>
  <token id="39" number="38" sentence="1">shares</token>
  <token id="40" number="39" sentence="1">of</token>
  <token id="41" number="40" sentence="1">a</token>
  <token id="42" number="41" sentence="1">new</token>
  <token id="43" number="42" sentence="1">series</token>
  <token id="44" number="43" sentence="1">of</token>
  <token id="45" number="44" sentence="1">Cilcorp</token>
  <token id="46" number="45" sentence="1">convertible</token>
  <token id="47" number="46" sentence="1">preferred</token>
  <token id="48" number="47" sentence="1">stock</token>
  <token id="49" number="48" sentence="1">with</token>
  <token id="50" number="49" sentence="1">a</token>
  <token id="51" number="50" sentence="1">face</token>
  <token id="52" number="51" sentence="1">value</token>
  <token id="53" number="52" sentence="1">of</token>
  <token id="54" number="53" sentence="1">$</token>
  <token id="55" number="54" sentence="1">39</token>
  <token id="56" number="55" sentence="1">million</token>
  <token id="57" number="56" sentence="1">for</token>
  <token id="58" number="57" sentence="1">the</token>
  <token id="59" number="58" sentence="1">businesses</token>
  <token id="60" number="59" sentence="1">.</token>
  <token id="61" number="60" sentence="2">Cilcorp</token>
  <token id="62" number="61" sentence="2">will</token>
  <token id="63" number="62" sentence="2">also</token>
  <token id="64" number="63" sentence="2">assume</token>
  <token id="65" number="64" sentence="2">$</token>
  <token id="66" number="65" sentence="2">22</token>
  <token id="67" number="66" sentence="2">million</token>
  <token id="68" number="67" sentence="2">of</token>
  <token id="69" number="68" sentence="2">Hunter</token>
  <token id="70" number="69" sentence="2">'s</token>
  <token id="71" number="70" sentence="2">existing</token>
  <token id="72" number="71" sentence="2">debt</token>
  <token id="73" number="72" sentence="2">.</token>
  <token id="74" number="73" sentence="3">As</token>
  <token id="75" number="74" sentence="3">part</token>
  <token id="76" number="75" sentence="3">of</token>
  <token id="77" number="76" sentence="3">the</token>
  <token id="78" number="77" sentence="3">agreement</token>
  <token id="79" number="78" sentence="3">,</token>
  <token id="80" number="79" sentence="3">Cilcorp</token>
  <token id="81" number="80" sentence="3">said</token>
  <token id="82" number="81" sentence="3">it</token>
  <token id="83" number="82" sentence="3">will</token>
  <token id="84" number="83" sentence="3">pay</token>
  <token id="85" number="84" sentence="3">Hunter</token>
  <token id="86" number="85" sentence="3">$</token>
  <token id="87" number="86" sentence="3">4</token>
  <token id="88" number="87" sentence="3">million</token>
  <token id="89" number="88" sentence="3">in</token>
  <token id="90" number="89" sentence="3">exchange</token>
  <token id="91" number="90" sentence="3">for</token>
  <token id="92" number="91" sentence="3">agreements</token>
  <token id="93" number="92" sentence="3">not</token>
  <token id="94" number="93" sentence="3">to</token>
  <token id="95" number="94" sentence="3">compete</token>
  <token id="96" number="95" sentence="3">.</token>
  <token id="97" number="96" sentence="4">Cilcorp</token>
  <token id="98" number="97" sentence="4">said</token>
  <token id="99" number="98" sentence="4">the</token>
  <token id="100" number="99" sentence="4">businesses</token>
  <token id="101" number="100" sentence="4">to</token>
  <token id="102" number="101" sentence="4">be</token>
  <token id="103" number="102" sentence="4">acquired</token>
  <token id="104" number="103" sentence="4">had</token>
  <token id="105" number="104" sentence="4">revenue</token>
  <token id="106" number="105" sentence="4">of</token>
  <token id="107" number="106" sentence="4">$</token>
  <token id="108" number="107" sentence="4">76</token>
  <token id="109" number="108" sentence="4">million</token>
  <token id="110" number="109" sentence="4">for</token>
  <token id="111" number="110" sentence="4">the</token>
  <token id="112" number="111" sentence="4">year</token>
  <token id="113" number="112" sentence="4">ended</token>
  <token id="114" number="113" sentence="4">March</token>
  <token id="115" number="114" sentence="4">31</token>
  <token id="116" number="115" sentence="4">.</token>
  <token id="117" number="116" sentence="5">Separately</token>
  <token id="118" number="117" sentence="5">,</token>
  <token id="119" number="118" sentence="5">Cilcorp</token>
  <token id="120" number="119" sentence="5">said</token>
  <token id="121" number="120" sentence="5">it</token>
  <token id="122" number="121" sentence="5">plans</token>
  <token id="123" number="122" sentence="5">to</token>
  <token id="124" number="123" sentence="5">purchase</token>
  <token id="125" number="124" sentence="5">as</token>
  <token id="126" number="125" sentence="5">many</token>
  <token id="127" number="126" sentence="5">as</token>
  <token id="128" number="127" sentence="5">1.4</token>
  <token id="129" number="128" sentence="5">million</token>
  <token id="130" number="129" sentence="5">shares</token>
  <token id="131" number="130" sentence="5">,</token>
  <token id="132" number="131" sentence="5">or</token>
  <token id="133" number="132" sentence="5">10</token>
  <token id="134" number="133" sentence="5">%</token>
  <token id="135" number="134" sentence="5">of</token>
  <token id="136" number="135" sentence="5">its</token>
  <token id="137" number="136" sentence="5">common</token>
  <token id="138" number="137" sentence="5">stock</token>
  <token id="139" number="138" sentence="5">outstanding</token>
  <token id="140" number="139" sentence="5">from</token>
  <token id="141" number="140" sentence="5">time</token>
  <token id="142" number="141" sentence="5">to</token>
  <token id="143" number="142" sentence="5">time</token>
  <token id="144" number="143" sentence="5">on</token>
  <token id="145" number="144" sentence="5">the</token>
  <token id="146" number="145" sentence="5">open</token>
  <token id="147" number="146" sentence="5">market</token>
  <token id="148" number="147" sentence="5">and</token>
  <token id="149" number="148" sentence="5">through</token>
  <token id="150" number="149" sentence="5">privately</token>
  <token id="151" number="150" sentence="5">negotiated</token>
  <token id="152" number="151" sentence="5">transactions</token>
  <token id="153" number="152" sentence="5">.</token>
  <token id="154" number="153" sentence="6">The</token>
  <token id="155" number="154" sentence="6">company</token>
  <token id="156" number="155" sentence="6">,</token>
  <token id="157" number="156" sentence="6">which</token>
  <token id="158" number="157" sentence="6">currently</token>
  <token id="159" number="158" sentence="6">has</token>
  <token id="160" number="159" sentence="6">13.5</token>
  <token id="161" number="160" sentence="6">million</token>
  <token id="162" number="161" sentence="6">common</token>
  <token id="163" number="162" sentence="6">shares</token>
  <token id="164" number="163" sentence="6">outstanding</token>
  <token id="165" number="164" sentence="6">,</token>
  <token id="166" number="165" sentence="6">said</token>
  <token id="167" number="166" sentence="6">it</token>
  <token id="168" number="167" sentence="6">has</token>
  <token id="169" number="168" sentence="6">no</token>
  <token id="170" number="169" sentence="6">specific</token>
  <token id="171" number="170" sentence="6">plans</token>
  <token id="172" number="171" sentence="6">for</token>
  <token id="173" number="172" sentence="6">the</token>
  <token id="174" number="173" sentence="6">shares</token>
  <token id="175" number="174" sentence="6">.</token>
</Document>
