<Document doc_name="wsj_0816">
  <Markables>
    <TIMEX3 RELATED_TO="" TAG_DESCRIPTOR="Empty_Mark" beginPoint="" comment="" endPoint="" freq="" functionInDocument="CREATION_TIME" id="0" quant="" type="DATE" value="1989-10-27" />
    <EVENT aspect="NONE" certainty="" class="OCCURRENCE" comment="" factuality="" id="1" modality="NONE" polarity="POS" pos="VERB" tense="PAST">
      <token_anchor id="5" />
    </EVENT>
    <EVENT aspect="NONE" certainty="" class="OCCURRENCE" comment="" factuality="" id="2" modality="NONE" polarity="POS" pos="VERB" tense="PAST">
      <token_anchor id="13" />
    </EVENT>
    <EVENT aspect="NONE" certainty="" class="OCCURRENCE" comment="" factuality="" id="3" modality="NONE" polarity="POS" pos="VERB" tense="PAST">
      <token_anchor id="19" />
    </EVENT>
    <EVENT aspect="NONE" certainty="" class="OCCURRENCE" comment="" factuality="" id="4" modality="NONE" polarity="POS" pos="VERB" tense="PAST">
      <token_anchor id="32" />
    </EVENT>
    <EVENT aspect="NONE" certainty="" class="ASPECTUAL" comment="" factuality="" id="5" modality="NONE" polarity="POS" pos="VERB" tense="PAST">
      <token_anchor id="46" />
    </EVENT>
    <EVENT aspect="NONE" certainty="" class="OCCURRENCE" comment="" factuality="" id="6" modality="NONE" polarity="POS" pos="VERB" tense="PAST">
      <token_anchor id="52" />
    </EVENT>
    <EVENT aspect="NONE" certainty="" class="OCCURRENCE" comment="" factuality="" id="7" modality="NONE" polarity="POS" pos="VERB" tense="PAST">
      <token_anchor id="62" />
    </EVENT>
    <EVENT aspect="NONE" certainty="" class="OCCURRENCE" comment="" factuality="" id="8" modality="NONE" polarity="POS" pos="NOUN" tense="NONE">
      <token_anchor id="68" />
    </EVENT>
    <EVENT aspect="PERFECTIVE" certainty="" class="I_ACTION" comment="" factuality="" id="9" modality="NONE" polarity="POS" pos="VERB" tense="PRESENT">
      <token_anchor id="82" />
    </EVENT>
    <TIMEX3 anchorTimeID="0" beginPoint="" comment="" endPoint="" freq="" functionInDocument="NONE" id="10" quant="" type="DATE" value="1989-Q3">
      <token_anchor id="84" />
    </TIMEX3>
    <EVENT aspect="PERFECTIVE" certainty="" class="STATE" comment="" factuality="" id="11" modality="NONE" polarity="NEG" pos="ADJECTIVE" tense="PRESENT">
      <token_anchor id="91" />
    </EVENT>
    <EVENT aspect="NONE" certainty="" class="OCCURRENCE" comment="" factuality="" id="12" modality="NONE" polarity="POS" pos="VERB" tense="PAST">
      <token_anchor id="96" />
    </EVENT>
    <TIMEX3 anchorTimeID="0" beginPoint="" comment="" endPoint="" freq="" functionInDocument="NONE" id="13" quant="" type="DATE" value="1989-10-26">
      <token_anchor id="100" />
    </TIMEX3>
    <EVENT aspect="NONE" certainty="" class="OCCURRENCE" comment="" factuality="" id="14" modality="NONE" polarity="POS" pos="VERB" tense="PAST">
      <token_anchor id="104" />
    </EVENT>
    <EVENT aspect="NONE" certainty="" class="OCCURRENCE" comment="" factuality="" id="15" modality="NONE" polarity="POS" pos="VERB" tense="PAST">
      <token_anchor id="115" />
    </EVENT>
    <EVENT aspect="NONE" certainty="" class="REPORTING" comment="" factuality="" id="16" modality="NONE" polarity="POS" pos="NOUN" tense="NONE">
      <token_anchor id="121" />
    </EVENT>
    <EVENT aspect="NONE" certainty="" class="OCCURRENCE" comment="" factuality="" id="17" modality="NONE" polarity="POS" pos="VERB" tense="PAST">
      <token_anchor id="128" />
    </EVENT>
    <TIMEX3 anchorTimeID="0" beginPoint="" comment="" endPoint="" freq="" functionInDocument="NONE" id="18" quant="" type="DATE" value="1989-10-25">
      <token_anchor id="129" />
    </TIMEX3>
    <TIMEX3 anchorTimeID="0" beginPoint="" comment="" endPoint="" freq="" functionInDocument="NONE" id="19" quant="" type="DATE" value="1989-10-26">
      <token_anchor id="131" />
      <token_anchor id="132" />
    </TIMEX3>
    <EVENT aspect="NONE" certainty="" class="OCCURRENCE" comment="" factuality="" id="20" modality="NONE" polarity="POS" pos="VERB" tense="PAST">
      <token_anchor id="139" />
    </EVENT>
    <EVENT aspect="NONE" certainty="" class="REPORTING" comment="" factuality="" id="21" modality="NONE" polarity="POS" pos="VERB" tense="PAST">
      <token_anchor id="146" />
    </EVENT>
    <EVENT aspect="NONE" certainty="" class="STATE" comment="" factuality="" id="22" modality="NONE" polarity="POS" pos="NOUN" tense="PAST">
      <token_anchor id="153" />
    </EVENT>
    <TIMEX3 anchorTimeID="0" beginPoint="" comment="" endPoint="" freq="" functionInDocument="NONE" id="23" quant="" type="DATE" value="1989-Q3">
      <token_anchor id="155" />
      <token_anchor id="156" />
      <token_anchor id="157" />
    </TIMEX3>
    <TIMEX3 anchorTimeID="0" beginPoint="" comment="" endPoint="" freq="" functionInDocument="NONE" id="24" quant="" type="DATE" value="1989-Q3">
      <token_anchor id="161" />
    </TIMEX3>
    <EVENT aspect="NONE" certainty="" class="STATE" comment="" factuality="" id="25" modality="NONE" polarity="POS" pos="NOUN" tense="NONE">
      <token_anchor id="162" />
    </EVENT>
    <EVENT aspect="NONE" certainty="" class="OCCURRENCE" comment="" factuality="" id="26" modality="NONE" polarity="POS" pos="VERB" tense="PAST">
      <token_anchor id="186" />
    </EVENT>
    <EVENT aspect="NONE" certainty="" class="OCCURRENCE" comment="" factuality="" id="27" modality="NONE" polarity="POS" pos="NOUN" tense="NONE">
      <token_anchor id="189" />
    </EVENT>
    <EVENT aspect="NONE" certainty="" class="OCCURRENCE" comment="" factuality="" id="28" modality="NONE" polarity="POS" pos="VERB" tense="PAST">
      <token_anchor id="204" />
    </EVENT>
    <TIMEX3 anchorTimeID="0" beginPoint="" comment="" endPoint="" freq="" functionInDocument="NONE" id="29" quant="" type="DATE" value="1989-10-26">
      <token_anchor id="207" />
    </TIMEX3>
    <EVENT aspect="NONE" certainty="" class="REPORTING" comment="" factuality="" id="30" modality="NONE" polarity="POS" pos="VERB" tense="PAST">
      <token_anchor id="224" />
    </EVENT>
    <EVENT aspect="NONE" certainty="" class="OCCURRENCE" comment="" factuality="" id="31" modality="NONE" polarity="POS" pos="VERB" tense="PAST">
      <token_anchor id="227" />
    </EVENT>
    <TIMEX3 anchorTimeID="0" beginPoint="" comment="" endPoint="" freq="" functionInDocument="NONE" id="32" quant="" type="DATE" value="1989-Q3">
      <token_anchor id="233" />
      <token_anchor id="234" />
      <token_anchor id="235" />
    </TIMEX3>
    <EVENT aspect="PROGRESSIVE" certainty="" class="I_ACTION" comment="" factuality="" id="33" modality="NONE" polarity="POS" pos="VERB" tense="PRESENT">
      <token_anchor id="245" />
    </EVENT>
    <EVENT aspect="NONE" certainty="" class="OCCURRENCE" comment="" factuality="" id="34" modality="NONE" polarity="POS" pos="NOUN" tense="NONE">
      <token_anchor id="249" />
    </EVENT>
    <C-SIGNAL id="35">
      <token_anchor id="252" />
    </C-SIGNAL>
    <EVENT aspect="NONE" certainty="" class="OCCURRENCE" comment="" factuality="" id="36" modality="NONE" polarity="POS" pos="NOUN" tense="NONE">
      <token_anchor id="256" />
    </EVENT>
    <TIMEX3 anchorTimeID="0" beginPoint="" comment="" endPoint="" freq="" functionInDocument="NONE" id="37" quant="" type="DATE" value="1989-Q4">
      <token_anchor id="259" />
      <token_anchor id="260" />
      <token_anchor id="261" />
    </TIMEX3>
    <EVENT aspect="NONE" certainty="" class="OCCURRENCE" comment="" factuality="" id="38" modality="NONE" polarity="POS" pos="NOUN" tense="PRESENT">
      <token_anchor id="270" />
    </EVENT>
    <EVENT aspect="NONE" certainty="" class="OCCURRENCE" comment="" factuality="" id="39" modality="NONE" polarity="POS" pos="NOUN" tense="NONE">
      <token_anchor id="276" />
    </EVENT>
    <EVENT aspect="NONE" certainty="" class="REPORTING" comment="" factuality="" id="40" modality="NONE" polarity="POS" pos="VERB" tense="PAST">
      <token_anchor id="279" />
    </EVENT>
    <EVENT aspect="PROGRESSIVE" certainty="" class="OCCURRENCE" comment="" factuality="" id="41" modality="NONE" polarity="POS" pos="VERB" tense="PRESENT">
      <token_anchor id="295" />
    </EVENT>
    <EVENT aspect="NONE" certainty="" class="OCCURRENCE" comment="" factuality="" id="42" modality="NONE" polarity="POS" pos="VERB" tense="PAST">
      <token_anchor id="313" />
    </EVENT>
    <EVENT aspect="PERFECTIVE" certainty="" class="I_STATE" comment="" factuality="" id="43" modality="would" polarity="POS" pos="VERB" tense="NONE">
      <token_anchor id="324" />
    </EVENT>
    <EVENT aspect="NONE" certainty="" class="OCCURRENCE" comment="" factuality="" id="44" modality="NONE" polarity="POS" pos="NOUN" tense="NONE">
      <token_anchor id="325" />
    </EVENT>
    <EVENT aspect="NONE" certainty="" class="STATE" comment="" factuality="" id="45" modality="NONE" polarity="POS" pos="VERB" tense="INFINITIVE">
      <token_anchor id="327" />
    </EVENT>
    <EVENT aspect="NONE" certainty="" class="OCCURRENCE" comment="" factuality="" id="46" modality="NONE" polarity="POS" pos="VERB" tense="PAST">
      <token_anchor id="334" />
    </EVENT>
    <EVENT aspect="NONE" certainty="" class="OCCURRENCE" comment="" factuality="" id="47" modality="NONE" polarity="POS" pos="VERB" tense="PRESPART">
      <token_anchor id="344" />
    </EVENT>
    <EVENT aspect="NONE" certainty="" class="I_ACTION" comment="" factuality="" id="48" modality="NONE" polarity="POS" pos="NOUN" tense="NONE">
      <token_anchor id="358" />
    </EVENT>
    <EVENT aspect="NONE" certainty="" class="OCCURRENCE" comment="" factuality="" id="49" modality="NONE" polarity="POS" pos="VERB" tense="INFINITIVE">
      <token_anchor id="364" />
    </EVENT>
    <TIMEX3 beginPoint="" comment="" endPoint="" freq="" functionInDocument="NONE" id="50" quant="" type="DURATION" value="PXW">
      <token_anchor id="368" />
      <token_anchor id="369" />
    </TIMEX3>
    <EVENT aspect="NONE" certainty="" class="I_ACTION" comment="" factuality="" id="51" modality="NONE" polarity="POS" pos="VERB" tense="PAST">
      <token_anchor id="372" />
    </EVENT>
    <EVENT aspect="NONE" certainty="" class="OCCURRENCE" comment="" factuality="" id="52" modality="NONE" polarity="POS" pos="NOUN" tense="NONE">
      <token_anchor id="377" />
    </EVENT>
    <EVENT aspect="NONE" certainty="" class="OCCURRENCE" comment="" factuality="" id="53" modality="NONE" polarity="POS" pos="VERB" tense="PAST">
      <token_anchor id="381" />
    </EVENT>
    <EVENT aspect="NONE" certainty="" class="OCCURRENCE" comment="" factuality="" id="54" modality="NONE" polarity="POS" pos="VERB" tense="PAST">
      <token_anchor id="394" />
    </EVENT>
    <EVENT aspect="NONE" certainty="" class="OCCURRENCE" comment="" factuality="" id="55" modality="NONE" polarity="POS" pos="VERB" tense="PAST">
      <token_anchor id="405" />
    </EVENT>
    <EVENT aspect="NONE" certainty="" class="STATE" comment="" factuality="" id="56" modality="NONE" polarity="POS" pos="ADJECTIVE" tense="PAST">
      <token_anchor id="415" />
    </EVENT>
    <TIMEX3 beginPoint="" comment="" endPoint="" freq="" functionInDocument="NONE" id="57" quant="" type="DURATION" value="P30Y">
      <token_anchor id="421" />
    </TIMEX3>
    <EVENT aspect="NONE" certainty="" class="OCCURRENCE" comment="" factuality="" id="58" modality="NONE" polarity="POS" pos="VERB" tense="PAST">
      <token_anchor id="422" />
    </EVENT>
    <EVENT aspect="NONE" certainty="" class="OCCURRENCE" comment="" factuality="" id="59" modality="NONE" polarity="POS" pos="VERB" tense="PAST">
      <token_anchor id="435" />
    </EVENT>
    <TIMEX3 anchorTimeID="0" beginPoint="" comment="" endPoint="" freq="" functionInDocument="NONE" id="60" quant="" type="DATE" value="1989-10-25">
      <token_anchor id="463" />
    </TIMEX3>
    <EVENT aspect="NONE" certainty="" class="OCCURRENCE" comment="" factuality="" id="61" modality="NONE" polarity="POS" pos="VERB" tense="PAST">
      <token_anchor id="467" />
    </EVENT>
    <TIMEX3 anchorTimeID="0" beginPoint="" comment="" endPoint="" freq="" functionInDocument="NONE" id="62" quant="" type="DATE" value="1989-10-25">
      <token_anchor id="481" />
    </TIMEX3>
  </Markables>
  <Relations>
    <TLINK comment="" id="1" relType="BEFORE">
      <source id="1" />
      <target id="0" />
    </TLINK>
    <TLINK comment="" id="2" relType="BEFORE">
      <source id="1" />
      <target id="2" />
    </TLINK>
    <TLINK comment="" id="3" relType="SIMULTANEOUS">
      <source id="2" />
      <target id="3" />
    </TLINK>
    <TLINK comment="" id="4" relType="SIMULTANEOUS">
      <source id="4" />
      <target id="2" />
    </TLINK>
    <TLINK comment="" id="5" relType="IDENTITY">
      <source id="6" />
      <target id="3" />
    </TLINK>
    <TLINK comment="" id="6" relType="SIMULTANEOUS">
      <source id="7" />
      <target id="6" />
    </TLINK>
    <TLINK comment="" id="7" relType="AFTER">
      <source id="7" />
      <target id="8" />
    </TLINK>
    <TLINK comment="" id="8" relType="BEFORE">
      <source id="9" />
      <target id="0" />
    </TLINK>
    <TLINK comment="" id="9" relType="SIMULTANEOUS">
      <source id="11" />
      <target id="10" />
    </TLINK>
    <TLINK comment="" id="10" relType="IS_INCLUDED">
      <source id="12" />
      <target id="13" />
    </TLINK>
    <TLINK comment="" id="11" relType="IS_INCLUDED">
      <source id="14" />
      <target id="12" />
    </TLINK>
    <TLINK comment="" id="12" relType="SIMULTANEOUS">
      <source id="14" />
      <target id="15" />
    </TLINK>
    <TLINK comment="" id="13" relType="AFTER">
      <source id="15" />
      <target id="16" />
    </TLINK>
    <TLINK comment="" id="14" relType="AFTER">
      <source id="15" />
      <target id="18" />
    </TLINK>
    <TLINK comment="" id="15" relType="AFTER">
      <source id="16" />
      <target id="17" />
    </TLINK>
    <TLINK comment="" id="16" relType="IS_INCLUDED">
      <source id="17" />
      <target id="18" />
    </TLINK>
    <TLINK comment="" id="17" relType="IS_INCLUDED">
      <source id="20" />
      <target id="19" />
    </TLINK>
    <TLINK comment="" id="18" relType="AFTER">
      <source id="20" />
      <target id="21" />
    </TLINK>
    <TLINK comment="" id="19" relType="ENDS">
      <source id="22" />
      <target id="23" />
    </TLINK>
    <TLINK comment="" id="20" relType="ENDS">
      <source id="25" />
      <target id="24" />
    </TLINK>
    <TLINK comment="" id="21" relType="BEFORE">
      <source id="26" />
      <target id="27" />
    </TLINK>
    <TLINK comment="" id="22" relType="IS_INCLUDED">
      <source id="28" />
      <target id="29" />
    </TLINK>
    <TLINK comment="" id="23" relType="BEFORE">
      <source id="30" />
      <target id="0" />
    </TLINK>
    <TLINK comment="" id="24" relType="IS_INCLUDED">
      <source id="31" />
      <target id="32" />
    </TLINK>
    <TLINK comment="" id="25" relType="INCLUDES">
      <source id="33" />
      <target id="0" />
    </TLINK>
    <CLINK c-signalID="35" comment="" id="26">
      <source id="33" />
      <target id="36" />
    </CLINK>
    <TLINK comment="" id="27" relType="BEFORE">
      <source id="34" />
      <target id="36" />
    </TLINK>
    <TLINK comment="" id="28" relType="DURING">
      <source id="34" />
      <target id="37" />
    </TLINK>
    <TLINK comment="" id="29" relType="IS_INCLUDED">
      <source id="36" />
      <target id="37" />
    </TLINK>
    <TLINK comment="" id="30" relType="BEFORE">
      <source id="40" />
      <target id="0" />
    </TLINK>
    <TLINK comment="" id="31" relType="IS_INCLUDED">
      <source id="40" />
      <target id="38" />
    </TLINK>
    <TLINK comment="" id="32" relType="INCLUDES">
      <source id="41" />
      <target id="40" />
    </TLINK>
    <TLINK comment="" id="33" relType="BEFORE">
      <source id="42" />
      <target id="0" />
    </TLINK>
    <TLINK comment="" id="34" relType="IS_INCLUDED">
      <source id="44" />
      <target id="37" />
    </TLINK>
    <TLINK comment="" id="35" relType="SIMULTANEOUS">
      <source id="46" />
      <target id="42" />
    </TLINK>
    <TLINK comment="" id="36" relType="AFTER">
      <source id="46" />
      <target id="43" />
    </TLINK>
    <TLINK comment="" id="37" relType="BEFORE">
      <source id="47" />
      <target id="46" />
    </TLINK>
    <TLINK comment="" id="38" relType="IS_INCLUDED">
      <source id="49" />
      <target id="50" />
    </TLINK>
    <TLINK comment="" id="39" relType="SIMULTANEOUS">
      <source id="51" />
      <target id="46" />
    </TLINK>
    <TLINK comment="" id="40" relType="BEFORE">
      <source id="52" />
      <target id="0" />
    </TLINK>
    <TLINK comment="" id="41" relType="IS_INCLUDED">
      <source id="52" />
      <target id="29" />
    </TLINK>
    <TLINK comment="" id="42" relType="AFTER">
      <source id="52" />
      <target id="60" />
    </TLINK>
    <TLINK comment="" id="43" relType="IS_INCLUDED">
      <source id="53" />
      <target id="52" />
    </TLINK>
    <TLINK comment="" id="44" relType="IS_INCLUDED">
      <source id="54" />
      <target id="52" />
    </TLINK>
    <TLINK comment="" id="45" relType="IS_INCLUDED">
      <source id="55" />
      <target id="52" />
    </TLINK>
    <TLINK comment="" id="46" relType="IS_INCLUDED">
      <source id="56" />
      <target id="52" />
    </TLINK>
    <TLINK comment="" id="47" relType="IS_INCLUDED">
      <source id="58" />
      <target id="52" />
    </TLINK>
    <TLINK comment="" id="48" relType="IS_INCLUDED">
      <source id="59" />
      <target id="52" />
    </TLINK>
    <TLINK comment="" id="49" relType="IS_INCLUDED">
      <source id="61" />
      <target id="52" />
    </TLINK>
  </Relations>
  <token id="1" number="0" sentence="0">Some</token>
  <token id="2" number="1" sentence="0">lousy</token>
  <token id="3" number="2" sentence="0">earnings</token>
  <token id="4" number="3" sentence="0">reports</token>
  <token id="5" number="4" sentence="0">whacked</token>
  <token id="6" number="5" sentence="0">the</token>
  <token id="7" number="6" sentence="0">stock</token>
  <token id="8" number="7" sentence="0">market</token>
  <token id="9" number="8" sentence="0">,</token>
  <token id="10" number="9" sentence="0">but</token>
  <token id="11" number="10" sentence="0">bond</token>
  <token id="12" number="11" sentence="0">prices</token>
  <token id="13" number="12" sentence="0">fell</token>
  <token id="14" number="13" sentence="0">only</token>
  <token id="15" number="14" sentence="0">slightly</token>
  <token id="16" number="15" sentence="0">and</token>
  <token id="17" number="16" sentence="0">the</token>
  <token id="18" number="17" sentence="0">dollar</token>
  <token id="19" number="18" sentence="0">rose</token>
  <token id="20" number="19" sentence="0">a</token>
  <token id="21" number="20" sentence="0">little</token>
  <token id="22" number="21" sentence="0">against</token>
  <token id="23" number="22" sentence="0">most</token>
  <token id="24" number="23" sentence="0">major</token>
  <token id="25" number="24" sentence="0">currencies</token>
  <token id="26" number="25" sentence="0">.</token>
  <token id="27" number="26" sentence="1">The</token>
  <token id="28" number="27" sentence="1">Dow</token>
  <token id="29" number="28" sentence="1">Jones</token>
  <token id="30" number="29" sentence="1">Industrial</token>
  <token id="31" number="30" sentence="1">Average</token>
  <token id="32" number="31" sentence="1">tumbled</token>
  <token id="33" number="32" sentence="1">39.55</token>
  <token id="34" number="33" sentence="1">points</token>
  <token id="35" number="34" sentence="1">,</token>
  <token id="36" number="35" sentence="1">to</token>
  <token id="37" number="36" sentence="1">2613.73</token>
  <token id="38" number="37" sentence="1">,</token>
  <token id="39" number="38" sentence="1">in</token>
  <token id="40" number="39" sentence="1">active</token>
  <token id="41" number="40" sentence="1">trading</token>
  <token id="42" number="41" sentence="1">.</token>
  <token id="43" number="42" sentence="2">Long-term</token>
  <token id="44" number="43" sentence="2">Treasury</token>
  <token id="45" number="44" sentence="2">bonds</token>
  <token id="46" number="45" sentence="2">ended</token>
  <token id="47" number="46" sentence="2">slightly</token>
  <token id="48" number="47" sentence="2">higher</token>
  <token id="49" number="48" sentence="2">.</token>
  <token id="50" number="49" sentence="3">The</token>
  <token id="51" number="50" sentence="3">dollar</token>
  <token id="52" number="51" sentence="3">rose</token>
  <token id="53" number="52" sentence="3">modestly</token>
  <token id="54" number="53" sentence="3">against</token>
  <token id="55" number="54" sentence="3">the</token>
  <token id="56" number="55" sentence="3">mark</token>
  <token id="57" number="56" sentence="3">and</token>
  <token id="58" number="57" sentence="3">the</token>
  <token id="59" number="58" sentence="3">yen</token>
  <token id="60" number="59" sentence="3">,</token>
  <token id="61" number="60" sentence="3">but</token>
  <token id="62" number="61" sentence="3">soared</token>
  <token id="63" number="62" sentence="3">against</token>
  <token id="64" number="63" sentence="3">the</token>
  <token id="65" number="64" sentence="3">pound</token>
  <token id="66" number="65" sentence="3">following</token>
  <token id="67" number="66" sentence="3">the</token>
  <token id="68" number="67" sentence="3">resignation</token>
  <token id="69" number="68" sentence="3">of</token>
  <token id="70" number="69" sentence="3">Britain</token>
  <token id="71" number="70" sentence="3">'s</token>
  <token id="72" number="71" sentence="3">chancellor</token>
  <token id="73" number="72" sentence="3">of</token>
  <token id="74" number="73" sentence="3">the</token>
  <token id="75" number="74" sentence="3">Exchequer</token>
  <token id="76" number="75" sentence="3">,</token>
  <token id="77" number="76" sentence="3">Nigel</token>
  <token id="78" number="77" sentence="3">Lawson</token>
  <token id="79" number="78" sentence="3">.</token>
  <token id="80" number="79" sentence="4">Analysts</token>
  <token id="81" number="80" sentence="4">have</token>
  <token id="82" number="81" sentence="4">complained</token>
  <token id="83" number="82" sentence="4">that</token>
  <token id="84" number="83" sentence="4">third-quarter</token>
  <token id="85" number="84" sentence="4">corporate</token>
  <token id="86" number="85" sentence="4">earnings</token>
  <token id="87" number="86" sentence="4">have</token>
  <token id="88" number="87" sentence="4">n't</token>
  <token id="89" number="88" sentence="4">been</token>
  <token id="90" number="89" sentence="4">very</token>
  <token id="91" number="90" sentence="4">good</token>
  <token id="92" number="91" sentence="4">,</token>
  <token id="93" number="92" sentence="4">but</token>
  <token id="94" number="93" sentence="4">the</token>
  <token id="95" number="94" sentence="4">effect</token>
  <token id="96" number="95" sentence="4">hit</token>
  <token id="97" number="96" sentence="4">home</token>
  <token id="98" number="97" sentence="4">particularly</token>
  <token id="99" number="98" sentence="4">hard</token>
  <token id="100" number="99" sentence="4">yesterday</token>
  <token id="101" number="100" sentence="4">.</token>
  <token id="102" number="101" sentence="5">Compaq</token>
  <token id="103" number="102" sentence="5">Computer</token>
  <token id="104" number="103" sentence="5">nose-dived</token>
  <token id="105" number="104" sentence="5">$</token>
  <token id="106" number="105" sentence="5">8.625</token>
  <token id="107" number="106" sentence="5">a</token>
  <token id="108" number="107" sentence="5">share</token>
  <token id="109" number="108" sentence="5">,</token>
  <token id="110" number="109" sentence="5">to</token>
  <token id="111" number="110" sentence="5">$</token>
  <token id="112" number="111" sentence="5">100</token>
  <token id="113" number="112" sentence="5">,</token>
  <token id="114" number="113" sentence="5">and</token>
  <token id="115" number="114" sentence="5">pulled</token>
  <token id="116" number="115" sentence="5">other</token>
  <token id="117" number="116" sentence="5">technology</token>
  <token id="118" number="117" sentence="5">issues</token>
  <token id="119" number="118" sentence="5">lower</token>
  <token id="120" number="119" sentence="5">after</token>
  <token id="121" number="120" sentence="5">reporting</token>
  <token id="122" number="121" sentence="5">lower-than-expected</token>
  <token id="123" number="122" sentence="5">earnings</token>
  <token id="124" number="123" sentence="5">after</token>
  <token id="125" number="124" sentence="5">the</token>
  <token id="126" number="125" sentence="5">stock</token>
  <token id="127" number="126" sentence="5">market</token>
  <token id="128" number="127" sentence="5">closed</token>
  <token id="129" number="128" sentence="5">Wednesday</token>
  <token id="130" number="129" sentence="5">.</token>
  <token id="131" number="130" sentence="6">Later</token>
  <token id="132" number="131" sentence="6">yesterday</token>
  <token id="133" number="132" sentence="6">the</token>
  <token id="134" number="133" sentence="6">nation</token>
  <token id="135" number="134" sentence="6">'s</token>
  <token id="136" number="135" sentence="6">major</token>
  <token id="137" number="136" sentence="6">auto</token>
  <token id="138" number="137" sentence="6">makers</token>
  <token id="139" number="138" sentence="6">added</token>
  <token id="140" number="139" sentence="6">to</token>
  <token id="141" number="140" sentence="6">the</token>
  <token id="142" number="141" sentence="6">gloom</token>
  <token id="143" number="142" sentence="6">when</token>
  <token id="144" number="143" sentence="6">they</token>
  <token id="145" number="144" sentence="6">each</token>
  <token id="146" number="145" sentence="6">reported</token>
  <token id="147" number="146" sentence="6">their</token>
  <token id="148" number="147" sentence="6">core</token>
  <token id="149" number="148" sentence="6">auto</token>
  <token id="150" number="149" sentence="6">operations</token>
  <token id="151" number="150" sentence="6">were</token>
  <token id="152" number="151" sentence="6">net</token>
  <token id="153" number="152" sentence="6">losers</token>
  <token id="154" number="153" sentence="6">in</token>
  <token id="155" number="154" sentence="6">the</token>
  <token id="156" number="155" sentence="6">third</token>
  <token id="157" number="156" sentence="6">quarter</token>
  <token id="158" number="157" sentence="6">.</token>
  <token id="159" number="158" sentence="7">The</token>
  <token id="160" number="159" sentence="7">less-than-robust</token>
  <token id="161" number="160" sentence="7">third-quarter</token>
  <token id="162" number="161" sentence="7">results</token>
  <token id="163" number="162" sentence="7">came</token>
  <token id="164" number="163" sentence="7">amid</token>
  <token id="165" number="164" sentence="7">renewed</token>
  <token id="166" number="165" sentence="7">concern</token>
  <token id="167" number="166" sentence="7">about</token>
  <token id="168" number="167" sentence="7">the</token>
  <token id="169" number="168" sentence="7">volatility</token>
  <token id="170" number="169" sentence="7">of</token>
  <token id="171" number="170" sentence="7">stock</token>
  <token id="172" number="171" sentence="7">prices</token>
  <token id="173" number="172" sentence="7">and</token>
  <token id="174" number="173" sentence="7">the</token>
  <token id="175" number="174" sentence="7">role</token>
  <token id="176" number="175" sentence="7">of</token>
  <token id="177" number="176" sentence="7">computer-aided</token>
  <token id="178" number="177" sentence="7">program</token>
  <token id="179" number="178" sentence="7">trading</token>
  <token id="180" number="179" sentence="7">.</token>
  <token id="181" number="180" sentence="8">Taken</token>
  <token id="182" number="181" sentence="8">together</token>
  <token id="183" number="182" sentence="8">,</token>
  <token id="184" number="183" sentence="8">the</token>
  <token id="185" number="184" sentence="8">worries</token>
  <token id="186" number="185" sentence="8">prompted</token>
  <token id="187" number="186" sentence="8">a</token>
  <token id="188" number="187" sentence="8">broad</token>
  <token id="189" number="188" sentence="8">sell-off</token>
  <token id="190" number="189" sentence="8">of</token>
  <token id="191" number="190" sentence="8">stocks</token>
  <token id="192" number="191" sentence="8">.</token>
  <token id="193" number="192" sentence="9">The</token>
  <token id="194" number="193" sentence="9">number</token>
  <token id="195" number="194" sentence="9">of</token>
  <token id="196" number="195" sentence="9">stocks</token>
  <token id="197" number="196" sentence="9">on</token>
  <token id="198" number="197" sentence="9">the</token>
  <token id="199" number="198" sentence="9">New</token>
  <token id="200" number="199" sentence="9">York</token>
  <token id="201" number="200" sentence="9">Stock</token>
  <token id="202" number="201" sentence="9">Exchange</token>
  <token id="203" number="202" sentence="9">that</token>
  <token id="204" number="203" sentence="9">fell</token>
  <token id="205" number="204" sentence="9">in</token>
  <token id="206" number="205" sentence="9">price</token>
  <token id="207" number="206" sentence="9">yesterday</token>
  <token id="208" number="207" sentence="9">exceeded</token>
  <token id="209" number="208" sentence="9">1,000</token>
  <token id="210" number="209" sentence="9">,</token>
  <token id="211" number="210" sentence="9">a</token>
  <token id="212" number="211" sentence="9">key</token>
  <token id="213" number="212" sentence="9">measure</token>
  <token id="214" number="213" sentence="9">of</token>
  <token id="215" number="214" sentence="9">underlying</token>
  <token id="216" number="215" sentence="9">sentiment</token>
  <token id="217" number="216" sentence="9">among</token>
  <token id="218" number="217" sentence="9">technical</token>
  <token id="219" number="218" sentence="9">analysts</token>
  <token id="220" number="219" sentence="9">.</token>
  <token id="221" number="220" sentence="10">Although</token>
  <token id="222" number="221" sentence="10">the</token>
  <token id="223" number="222" sentence="10">government</token>
  <token id="224" number="223" sentence="10">said</token>
  <token id="225" number="224" sentence="10">the</token>
  <token id="226" number="225" sentence="10">economy</token>
  <token id="227" number="226" sentence="10">grew</token>
  <token id="228" number="227" sentence="10">an</token>
  <token id="229" number="228" sentence="10">estimated</token>
  <token id="230" number="229" sentence="10">2.5</token>
  <token id="231" number="230" sentence="10">%</token>
  <token id="232" number="231" sentence="10">in</token>
  <token id="233" number="232" sentence="10">the</token>
  <token id="234" number="233" sentence="10">third</token>
  <token id="235" number="234" sentence="10">quarter</token>
  <token id="236" number="235" sentence="10">,</token>
  <token id="237" number="236" sentence="10">in</token>
  <token id="238" number="237" sentence="10">line</token>
  <token id="239" number="238" sentence="10">with</token>
  <token id="240" number="239" sentence="10">expectations</token>
  <token id="241" number="240" sentence="10">,</token>
  <token id="242" number="241" sentence="10">analysts</token>
  <token id="243" number="242" sentence="10">are</token>
  <token id="244" number="243" sentence="10">increasingly</token>
  <token id="245" number="244" sentence="10">predicting</token>
  <token id="246" number="245" sentence="10">much</token>
  <token id="247" number="246" sentence="10">more</token>
  <token id="248" number="247" sentence="10">sluggish</token>
  <token id="249" number="248" sentence="10">growth</token>
  <token id="250" number="249" sentence="10">--</token>
  <token id="251" number="250" sentence="10">and</token>
  <token id="252" number="251" sentence="10">therefore</token>
  <token id="253" number="252" sentence="10">more</token>
  <token id="254" number="253" sentence="10">corporate</token>
  <token id="255" number="254" sentence="10">earnings</token>
  <token id="256" number="255" sentence="10">disappointments</token>
  <token id="257" number="256" sentence="10">--</token>
  <token id="258" number="257" sentence="10">for</token>
  <token id="259" number="258" sentence="10">the</token>
  <token id="260" number="259" sentence="10">fourth</token>
  <token id="261" number="260" sentence="10">quarter</token>
  <token id="262" number="261" sentence="10">.</token>
  <token id="263" number="262" sentence="11">"</token>
  <token id="264" number="263" sentence="11">There</token>
  <token id="265" number="264" sentence="11">are</token>
  <token id="266" number="265" sentence="11">a</token>
  <token id="267" number="266" sentence="11">lot</token>
  <token id="268" number="267" sentence="11">more</token>
  <token id="269" number="268" sentence="11">downward</token>
  <token id="270" number="269" sentence="11">revisions</token>
  <token id="271" number="270" sentence="11">of</token>
  <token id="272" number="271" sentence="11">earnings</token>
  <token id="273" number="272" sentence="11">forecasts</token>
  <token id="274" number="273" sentence="11">than</token>
  <token id="275" number="274" sentence="11">upward</token>
  <token id="276" number="275" sentence="11">revisions</token>
  <token id="277" number="276" sentence="11">,</token>
  <token id="278" number="277" sentence="11">"</token>
  <token id="279" number="278" sentence="11">said</token>
  <token id="280" number="279" sentence="11">Abby</token>
  <token id="281" number="280" sentence="11">Joseph</token>
  <token id="282" number="281" sentence="11">Cohen</token>
  <token id="283" number="282" sentence="11">,</token>
  <token id="284" number="283" sentence="11">a</token>
  <token id="285" number="284" sentence="11">market</token>
  <token id="286" number="285" sentence="11">strategist</token>
  <token id="287" number="286" sentence="11">at</token>
  <token id="288" number="287" sentence="11">Drexel</token>
  <token id="289" number="288" sentence="11">Burnham</token>
  <token id="290" number="289" sentence="11">Lambert</token>
  <token id="291" number="290" sentence="11">.</token>
  <token id="292" number="291" sentence="12">"</token>
  <token id="293" number="292" sentence="12">People</token>
  <token id="294" number="293" sentence="12">are</token>
  <token id="295" number="294" sentence="12">questioning</token>
  <token id="296" number="295" sentence="12">corporate</token>
  <token id="297" number="296" sentence="12">profits</token>
  <token id="298" number="297" sentence="12">as</token>
  <token id="299" number="298" sentence="12">a</token>
  <token id="300" number="299" sentence="12">pillar</token>
  <token id="301" number="300" sentence="12">of</token>
  <token id="302" number="301" sentence="12">support</token>
  <token id="303" number="302" sentence="12">for</token>
  <token id="304" number="303" sentence="12">the</token>
  <token id="305" number="304" sentence="12">equity</token>
  <token id="306" number="305" sentence="12">market</token>
  <token id="307" number="306" sentence="12">.</token>
  <token id="308" number="307" sentence="12">"</token>
  <token id="309" number="308" sentence="13">The</token>
  <token id="310" number="309" sentence="13">bond</token>
  <token id="311" number="310" sentence="13">market</token>
  <token id="312" number="311" sentence="13">was</token>
  <token id="313" number="312" sentence="13">unmoved</token>
  <token id="314" number="313" sentence="13">by</token>
  <token id="315" number="314" sentence="13">the</token>
  <token id="316" number="315" sentence="13">economic</token>
  <token id="317" number="316" sentence="13">statistics</token>
  <token id="318" number="317" sentence="13">.</token>
  <token id="319" number="318" sentence="14">While</token>
  <token id="320" number="319" sentence="14">bond</token>
  <token id="321" number="320" sentence="14">investors</token>
  <token id="322" number="321" sentence="14">would</token>
  <token id="323" number="322" sentence="14">have</token>
  <token id="324" number="323" sentence="14">preferred</token>
  <token id="325" number="324" sentence="14">growth</token>
  <token id="326" number="325" sentence="14">to</token>
  <token id="327" number="326" sentence="14">be</token>
  <token id="328" number="327" sentence="14">a</token>
  <token id="329" number="328" sentence="14">little</token>
  <token id="330" number="329" sentence="14">slower</token>
  <token id="331" number="330" sentence="14">,</token>
  <token id="332" number="331" sentence="14">they</token>
  <token id="333" number="332" sentence="14">were</token>
  <token id="334" number="333" sentence="14">cheered</token>
  <token id="335" number="334" sentence="14">by</token>
  <token id="336" number="335" sentence="14">inflation</token>
  <token id="337" number="336" sentence="14">measures</token>
  <token id="338" number="337" sentence="14">in</token>
  <token id="339" number="338" sentence="14">the</token>
  <token id="340" number="339" sentence="14">data</token>
  <token id="341" number="340" sentence="14">that</token>
  <token id="342" number="341" sentence="14">showed</token>
  <token id="343" number="342" sentence="14">prices</token>
  <token id="344" number="343" sentence="14">rising</token>
  <token id="345" number="344" sentence="14">at</token>
  <token id="346" number="345" sentence="14">a</token>
  <token id="347" number="346" sentence="14">modest</token>
  <token id="348" number="347" sentence="14">annual</token>
  <token id="349" number="348" sentence="14">rate</token>
  <token id="350" number="349" sentence="14">of</token>
  <token id="351" number="350" sentence="14">2.9</token>
  <token id="352" number="351" sentence="14">%</token>
  <token id="353" number="352" sentence="14">.</token>
  <token id="354" number="353" sentence="15">That</token>
  <token id="355" number="354" sentence="15">is</token>
  <token id="356" number="355" sentence="15">another</token>
  <token id="357" number="356" sentence="15">small</token>
  <token id="358" number="357" sentence="15">encouragement</token>
  <token id="359" number="358" sentence="15">for</token>
  <token id="360" number="359" sentence="15">the</token>
  <token id="361" number="360" sentence="15">Federal</token>
  <token id="362" number="361" sentence="15">Reserve</token>
  <token id="363" number="362" sentence="15">to</token>
  <token id="364" number="363" sentence="15">lower</token>
  <token id="365" number="364" sentence="15">interest</token>
  <token id="366" number="365" sentence="15">rates</token>
  <token id="367" number="366" sentence="15">in</token>
  <token id="368" number="367" sentence="15">coming</token>
  <token id="369" number="368" sentence="15">weeks</token>
  <token id="370" number="369" sentence="15">,</token>
  <token id="371" number="370" sentence="15">they</token>
  <token id="372" number="371" sentence="15">reasoned</token>
  <token id="373" number="372" sentence="15">.</token>
  <token id="374" number="373" sentence="16">In</token>
  <token id="375" number="374" sentence="16">major</token>
  <token id="376" number="375" sentence="16">market</token>
  <token id="377" number="376" sentence="16">activity</token>
  <token id="378" number="377" sentence="16">:</token>
  <token id="379" number="378" sentence="16">Stock</token>
  <token id="380" number="379" sentence="16">prices</token>
  <token id="381" number="380" sentence="16">fell</token>
  <token id="382" number="381" sentence="16">sharply</token>
  <token id="383" number="382" sentence="16">in</token>
  <token id="384" number="383" sentence="16">active</token>
  <token id="385" number="384" sentence="16">trading</token>
  <token id="386" number="385" sentence="16">.</token>
  <token id="387" number="386" sentence="17">Volume</token>
  <token id="388" number="387" sentence="17">on</token>
  <token id="389" number="388" sentence="17">the</token>
  <token id="390" number="389" sentence="17">New</token>
  <token id="391" number="390" sentence="17">York</token>
  <token id="392" number="391" sentence="17">Stock</token>
  <token id="393" number="392" sentence="17">Exchange</token>
  <token id="394" number="393" sentence="17">totaled</token>
  <token id="395" number="394" sentence="17">175.2</token>
  <token id="396" number="395" sentence="17">million</token>
  <token id="397" number="396" sentence="17">shares</token>
  <token id="398" number="397" sentence="17">.</token>
  <token id="399" number="398" sentence="18">Declining</token>
  <token id="400" number="399" sentence="18">issues</token>
  <token id="401" number="400" sentence="18">on</token>
  <token id="402" number="401" sentence="18">the</token>
  <token id="403" number="402" sentence="18">Big</token>
  <token id="404" number="403" sentence="18">Board</token>
  <token id="405" number="404" sentence="18">outstripped</token>
  <token id="406" number="405" sentence="18">gainers</token>
  <token id="407" number="406" sentence="18">1,141</token>
  <token id="408" number="407" sentence="18">to</token>
  <token id="409" number="408" sentence="18">406</token>
  <token id="410" number="409" sentence="18">.</token>
  <token id="411" number="410" sentence="19">Bond</token>
  <token id="412" number="411" sentence="19">prices</token>
  <token id="413" number="412" sentence="19">were</token>
  <token id="414" number="413" sentence="19">barely</token>
  <token id="415" number="414" sentence="19">higher</token>
  <token id="416" number="415" sentence="19">.</token>
  <token id="417" number="416" sentence="20">The</token>
  <token id="418" number="417" sentence="20">Treasury</token>
  <token id="419" number="418" sentence="20">'s</token>
  <token id="420" number="419" sentence="20">benchmark</token>
  <token id="421" number="420" sentence="20">30-year</token>
  <token id="422" number="421" sentence="20">rose</token>
  <token id="423" number="422" sentence="20">fractionally</token>
  <token id="424" number="423" sentence="20">.</token>
  <token id="425" number="424" sentence="21">Yield</token>
  <token id="426" number="425" sentence="21">on</token>
  <token id="427" number="426" sentence="21">the</token>
  <token id="428" number="427" sentence="21">issue</token>
  <token id="429" number="428" sentence="21">was</token>
  <token id="430" number="429" sentence="21">7.88</token>
  <token id="431" number="430" sentence="21">%</token>
  <token id="432" number="431" sentence="21">.</token>
  <token id="433" number="432" sentence="22">The</token>
  <token id="434" number="433" sentence="22">dollar</token>
  <token id="435" number="434" sentence="22">rose</token>
  <token id="436" number="435" sentence="22">modestly</token>
  <token id="437" number="436" sentence="22">against</token>
  <token id="438" number="437" sentence="22">most</token>
  <token id="439" number="438" sentence="22">major</token>
  <token id="440" number="439" sentence="22">currencies</token>
  <token id="441" number="440" sentence="22">.</token>
  <token id="442" number="441" sentence="23">In</token>
  <token id="443" number="442" sentence="23">late</token>
  <token id="444" number="443" sentence="23">New</token>
  <token id="445" number="444" sentence="23">York</token>
  <token id="446" number="445" sentence="23">trading</token>
  <token id="447" number="446" sentence="23">the</token>
  <token id="448" number="447" sentence="23">dollar</token>
  <token id="449" number="448" sentence="23">was</token>
  <token id="450" number="449" sentence="23">at</token>
  <token id="451" number="450" sentence="23">1.8400</token>
  <token id="452" number="451" sentence="23">marks</token>
  <token id="453" number="452" sentence="23">and</token>
  <token id="454" number="453" sentence="23">142.10</token>
  <token id="455" number="454" sentence="23">yen</token>
  <token id="456" number="455" sentence="23">compared</token>
  <token id="457" number="456" sentence="23">with</token>
  <token id="458" number="457" sentence="23">1.8353</token>
  <token id="459" number="458" sentence="23">marks</token>
  <token id="460" number="459" sentence="23">and</token>
  <token id="461" number="460" sentence="23">141.52</token>
  <token id="462" number="461" sentence="23">yen</token>
  <token id="463" number="462" sentence="23">Wednesday</token>
  <token id="464" number="463" sentence="23">.</token>
  <token id="465" number="464" sentence="24">The</token>
  <token id="466" number="465" sentence="24">dollar</token>
  <token id="467" number="466" sentence="24">soared</token>
  <token id="468" number="467" sentence="24">against</token>
  <token id="469" number="468" sentence="24">the</token>
  <token id="470" number="469" sentence="24">pound</token>
  <token id="471" number="470" sentence="24">,</token>
  <token id="472" number="471" sentence="24">which</token>
  <token id="473" number="472" sentence="24">was</token>
  <token id="474" number="473" sentence="24">at</token>
  <token id="475" number="474" sentence="24">$</token>
  <token id="476" number="475" sentence="24">1.5765</token>
  <token id="477" number="476" sentence="24">compared</token>
  <token id="478" number="477" sentence="24">with</token>
  <token id="479" number="478" sentence="24">$</token>
  <token id="480" number="479" sentence="24">1.6145</token>
  <token id="481" number="480" sentence="24">Wednesday</token>
  <token id="482" number="481" sentence="24">.</token>
</Document>
