<Document doc_name="wsj_0950">
  <Markables>
    <TIMEX3 RELATED_TO="" TAG_DESCRIPTOR="Empty_Mark" beginPoint="" comment="" endPoint="" freq="" functionInDocument="CREATION_TIME" id="0" quant="" type="DATE" value="1989-10-26" />
    <EVENT aspect="NONE" certainty="" class="REPORTING" comment="" factuality="" id="1" modality="NONE" polarity="POS" pos="VERB" tense="PAST">
      <token_anchor id="15" />
    </EVENT>
    <EVENT aspect="NONE" certainty="" class="OCCURRENCE" comment="" factuality="" id="2" modality="NONE" polarity="POS" pos="VERB" tense="PAST">
      <token_anchor id="18" />
    </EVENT>
    <TIMEX3 anchorTimeID="0" beginPoint="" comment="" endPoint="" freq="" functionInDocument="NONE" id="3" quant="" type="DATE" value="1989-Q3">
      <token_anchor id="22" />
      <token_anchor id="23" />
      <token_anchor id="24" />
    </TIMEX3>
    <EVENT aspect="NONE" certainty="" class="STATE" comment="" factuality="" id="4" modality="NONE" polarity="POS" pos="ADJECTIVE" tense="NONE">
      <token_anchor id="27" />
    </EVENT>
    <EVENT aspect="NONE" certainty="" class="STATE" comment="" factuality="" id="5" modality="NONE" polarity="POS" pos="ADJECTIVE" tense="NONE">
      <token_anchor id="31" />
    </EVENT>
    <EVENT aspect="NONE" certainty="" class="OCCURRENCE" comment="" factuality="" id="6" modality="NONE" polarity="POS" pos="NOUN" tense="NONE">
      <token_anchor id="34" />
    </EVENT>
    <EVENT aspect="NONE" certainty="" class="OCCURRENCE" comment="" factuality="" id="7" modality="NONE" polarity="POS" pos="VERB" tense="PAST">
      <token_anchor id="49" />
    </EVENT>
    <EVENT aspect="NONE" certainty="" class="OCCURRENCE" comment="" factuality="" id="8" modality="NONE" polarity="POS" pos="VERB" tense="PAST">
      <token_anchor id="66" />
    </EVENT>
    <EVENT aspect="NONE" certainty="" class="OCCURRENCE" comment="" factuality="" id="9" modality="NONE" polarity="POS" pos="VERB" tense="PAST">
      <token_anchor id="72" />
    </EVENT>
    <EVENT aspect="NONE" certainty="" class="OCCURRENCE" comment="" factuality="" id="10" modality="NONE" polarity="POS" pos="NOUN" tense="NONE">
      <token_anchor id="84" />
    </EVENT>
    <TIMEX3 anchorTimeID="0" beginPoint="" comment="" endPoint="" freq="" functionInDocument="NONE" id="11" quant="" type="DATE" value="1989-10-25">
      <token_anchor id="85" />
    </TIMEX3>
    <EVENT aspect="NONE" certainty="" class="OCCURRENCE" comment="" factuality="" id="12" modality="NONE" polarity="POS" pos="NOUN" tense="NONE">
      <token_anchor id="101" />
    </EVENT>
    <EVENT aspect="PERFECTIVE" certainty="" class="I_ACTION" comment="" factuality="" id="13" modality="NONE" polarity="POS" pos="VERB" tense="FUTURE">
      <token_anchor id="105" />
    </EVENT>
    <TIMEX3 anchorTimeID="0" beginPoint="" comment="" endPoint="" freq="" functionInDocument="NONE" id="14" quant="" type="TIME" value="1989-10-26TMO">
      <token_anchor id="106" />
      <token_anchor id="107" />
    </TIMEX3>
    <EVENT aspect="NONE" certainty="" class="OCCURRENCE" comment="" factuality="" id="15" modality="NONE" polarity="POS" pos="VERB" tense="PAST">
      <token_anchor id="122" />
    </EVENT>
    <EVENT aspect="NONE" certainty="" class="OCCURRENCE" comment="" factuality="" id="16" modality="NONE" polarity="POS" pos="VERB" tense="PAST">
      <token_anchor id="149" />
    </EVENT>
    <EVENT aspect="NONE" certainty="" class="OCCURRENCE" comment="" factuality="" id="17" modality="NONE" polarity="POS" pos="NOUN" tense="NONE">
      <token_anchor id="162" />
    </EVENT>
    <EVENT aspect="NONE" certainty="" class="OCCURRENCE" comment="" factuality="" id="18" modality="NONE" polarity="POS" pos="VERB" tense="PAST">
      <token_anchor id="211" />
    </EVENT>
    <C-SIGNAL id="19">
      <token_anchor id="235" />
      <token_anchor id="236" />
    </C-SIGNAL>
    <EVENT aspect="NONE" certainty="" class="OCCURRENCE" comment="" factuality="" id="20" modality="NONE" polarity="POS" pos="NOUN" tense="NONE">
      <token_anchor id="242" />
    </EVENT>
    <EVENT aspect="NONE" certainty="" class="I_ACTION" comment="" factuality="" id="21" modality="NONE" polarity="POS" pos="ADJECTIVE" tense="NONE">
      <token_anchor id="248" />
    </EVENT>
    <EVENT aspect="NONE" certainty="" class="I_STATE" comment="" factuality="" id="22" modality="NONE" polarity="POS" pos="NOUN" tense="NONE">
      <token_anchor id="249" />
    </EVENT>
    <EVENT aspect="NONE" certainty="" class="OCCURRENCE" comment="" factuality="" id="23" modality="NONE" polarity="POS" pos="VERB" tense="INFINITIVE">
      <token_anchor id="251" />
    </EVENT>
    <TIMEX3 anchorTimeID="0" beginPoint="" comment="" endPoint="" freq="" functionInDocument="NONE" id="24" quant="" type="DATE" value="1989">
      <token_anchor id="259" />
      <token_anchor id="260" />
    </TIMEX3>
    <EVENT aspect="NONE" certainty="" class="OCCURRENCE" comment="" factuality="" id="25" modality="NONE" polarity="POS" pos="VERB" tense="PAST">
      <token_anchor id="270" />
    </EVENT>
    <EVENT aspect="NONE" certainty="" class="OCCURRENCE" comment="" factuality="" id="26" modality="NONE" polarity="POS" pos="VERB" tense="PAST">
      <token_anchor id="283" />
    </EVENT>
    <TIMEX3 anchorTimeID="0" beginPoint="" comment="" endPoint="" freq="" functionInDocument="NONE" id="27" quant="" type="DATE" value="1988-10">
      <token_anchor id="287" />
      <token_anchor id="288" />
      <token_anchor id="289" />
    </TIMEX3>
    <EVENT aspect="NONE" certainty="" class="OCCURRENCE" comment="" factuality="" id="28" modality="NONE" polarity="POS" pos="VERB" tense="PAST">
      <token_anchor id="292" />
    </EVENT>
    <EVENT aspect="NONE" certainty="" class="REPORTING" comment="" factuality="" id="29" modality="NONE" polarity="POS" pos="VERB" tense="PAST">
      <token_anchor id="301" />
    </EVENT>
    <EVENT aspect="NONE" certainty="" class="OCCURRENCE" comment="" factuality="" id="30" modality="NONE" polarity="POS" pos="NOUN" tense="NONE">
      <token_anchor id="304" />
    </EVENT>
    <EVENT aspect="NONE" certainty="" class="OCCURRENCE" comment="" factuality="" id="31" modality="NONE" polarity="POS" pos="VERB" tense="PAST">
      <token_anchor id="316" />
    </EVENT>
    <TIMEX3 beginPoint="" comment="" endPoint="" freq="" functionInDocument="NONE" id="32" quant="" type="DURATION" value="P9M">
      <token_anchor id="328" />
      <token_anchor id="329" />
      <token_anchor id="330" />
    </TIMEX3>
    <EVENT aspect="NONE" certainty="" class="OCCURRENCE" comment="" factuality="" id="33" modality="NONE" polarity="POS" pos="VERB" tense="PAST">
      <token_anchor id="335" />
    </EVENT>
    <EVENT aspect="NONE" certainty="" class="OCCURRENCE" comment="" factuality="" id="34" modality="NONE" polarity="POS" pos="VERB" tense="PAST">
      <token_anchor id="361" />
    </EVENT>
    <EVENT aspect="NONE" certainty="" class="OCCURRENCE" comment="" factuality="" id="35" modality="NONE" polarity="POS" pos="VERB" tense="PAST">
      <token_anchor id="377" />
    </EVENT>
    <EVENT aspect="NONE" certainty="" class="I_ACTION" comment="" factuality="" id="36" modality="NONE" polarity="POS" pos="VERB" tense="PAST">
      <token_anchor id="392" />
    </EVENT>
    <EVENT aspect="NONE" certainty="" class="OCCURRENCE" comment="" factuality="" id="37" modality="NONE" polarity="POS" pos="NOUN" tense="NONE">
      <token_anchor id="394" />
    </EVENT>
    <TIMEX3 anchorTimeID="0" beginPoint="" comment="" endPoint="" freq="" functionInDocument="NONE" id="38" quant="" type="DATE" value="1988">
      <token_anchor id="401" />
      <token_anchor id="402" />
      <token_anchor id="403" />
    </TIMEX3>
    <EVENT aspect="NONE" certainty="" class="REPORTING" comment="" factuality="" id="39" modality="NONE" polarity="POS" pos="VERB" tense="PAST">
      <token_anchor id="406" />
    </EVENT>
    <EVENT aspect="NONE" certainty="" class="OCCURRENCE" comment="" factuality="" id="40" modality="NONE" polarity="POS" pos="VERB" tense="PAST">
      <token_anchor id="413" />
    </EVENT>
    <C-SIGNAL id="41">
      <token_anchor id="420" />
      <token_anchor id="421" />
    </C-SIGNAL>
    <EVENT aspect="NONE" certainty="" class="OCCURRENCE" comment="" factuality="" id="42" modality="NONE" polarity="POS" pos="VERB" tense="PASTPART">
      <token_anchor id="426" />
    </EVENT>
    <EVENT aspect="NONE" certainty="" class="OCCURRENCE" comment="" factuality="" id="43" modality="NONE" polarity="POS" pos="VERB" tense="INFINITIVE">
      <token_anchor id="428" />
    </EVENT>
    <TIMEX3 beginPoint="" comment="" endPoint="" freq="" functionInDocument="NONE" id="44" quant="" type="DURATION" value="P9M">
      <token_anchor id="455" />
      <token_anchor id="456" />
      <token_anchor id="457" />
      <token_anchor id="458" />
    </TIMEX3>
    <EVENT aspect="NONE" certainty="" class="OCCURRENCE" comment="" factuality="" id="45" modality="NONE" polarity="POS" pos="VERB" tense="PAST">
      <token_anchor id="463" />
    </EVENT>
    <TIMEX3 anchorTimeID="0" beginPoint="" comment="" endPoint="" freq="" functionInDocument="NONE" id="46" quant="" type="DATE" value="1989-Q3">
      <token_anchor id="478" />
    </TIMEX3>
    <EVENT aspect="NONE" certainty="" class="OCCURRENCE" comment="" factuality="" id="47" modality="NONE" polarity="POS" pos="VERB" tense="PAST">
      <token_anchor id="480" />
    </EVENT>
    <EVENT aspect="NONE" certainty="" class="OCCURRENCE" comment="" factuality="" id="48" modality="NONE" polarity="POS" pos="VERB" tense="PAST">
      <token_anchor id="508" />
    </EVENT>
    <TIMEX3 beginPoint="" comment="" endPoint="" freq="" functionInDocument="NONE" id="49" quant="" type="DURATION" value="P9M">
      <token_anchor id="521" />
      <token_anchor id="522" />
      <token_anchor id="523" />
    </TIMEX3>
    <EVENT aspect="NONE" certainty="" class="OCCURRENCE" comment="" factuality="" id="50" modality="NONE" polarity="POS" pos="VERB" tense="PAST">
      <token_anchor id="526" />
    </EVENT>
    <EVENT aspect="NONE" certainty="" class="OCCURRENCE" comment="" factuality="" id="51" modality="NONE" polarity="POS" pos="VERB" tense="PAST">
      <token_anchor id="552" />
    </EVENT>
    <TIMEX3 beginPoint="" comment="" endPoint="" freq="" functionInDocument="NONE" id="52" quant="" type="DURATION" value="P9M">
      <token_anchor id="577" />
      <token_anchor id="578" />
      <token_anchor id="579" />
      <token_anchor id="580" />
    </TIMEX3>
    <TIMEX3 beginPoint="" comment="" endPoint="" freq="" functionInDocument="NONE" id="53" quant="" type="DATE" value="1988">
      <token_anchor id="586" />
      <token_anchor id="587" />
      <token_anchor id="588" />
    </TIMEX3>
    <EVENT aspect="PERFECTIVE" certainty="" class="REPORTING" comment="" factuality="" id="54" modality="NONE" polarity="POS" pos="VERB" tense="PRESENT">
      <token_anchor id="593" />
    </EVENT>
    <EVENT aspect="NONE" certainty="" class="I_STATE" comment="" factuality="" id="55" modality="NONE" polarity="POS" pos="VERB" tense="PRESENT">
      <token_anchor id="595" />
    </EVENT>
    <EVENT aspect="NONE" certainty="" class="OCCURRENCE" comment="" factuality="" id="56" modality="NONE" polarity="POS" pos="VERB" tense="INFINITIVE">
      <token_anchor id="597" />
    </EVENT>
    <TIMEX3 beginPoint="" comment="" endPoint="" freq="" functionInDocument="NONE" id="57" quant="" type="DATE" value="1990">
      <token_anchor id="610" />
      <token_anchor id="611" />
      <token_anchor id="612" />
      <token_anchor id="613" />
    </TIMEX3>
  </Markables>
  <Relations>
    <TLINK comment="" id="1" relType="BEFORE">
      <source id="1" />
      <target id="0" />
    </TLINK>
    <TLINK comment="" id="2" relType="DURING">
      <source id="2" />
      <target id="3" />
    </TLINK>
    <TLINK comment="" id="3" relType="AFTER">
      <source id="2" />
      <target id="6" />
    </TLINK>
    <TLINK comment="" id="4" relType="SIMULTANEOUS">
      <source id="2" />
      <target id="7" />
    </TLINK>
    <CLINK comment="" id="5">
      <source id="2" />
      <target id="4" />
    </CLINK>
    <CLINK comment="" id="6">
      <source id="2" />
      <target id="5" />
    </CLINK>
    <TLINK comment="" id="7" relType="SIMULTANEOUS">
      <source id="7" />
      <target id="8" />
    </TLINK>
    <TLINK comment="" id="8" relType="ENDS">
      <source id="9" />
      <target id="10" />
    </TLINK>
    <TLINK comment="" id="9" relType="IS_INCLUDED">
      <source id="10" />
      <target id="11" />
    </TLINK>
    <TLINK comment="" id="10" relType="IS_INCLUDED">
      <source id="13" />
      <target id="14" />
    </TLINK>
    <TLINK comment="" id="11" relType="IS_INCLUDED">
      <source id="14" />
      <target id="0" />
    </TLINK>
    <TLINK comment="" id="12" relType="ENDS">
      <source id="15" />
      <target id="10" />
    </TLINK>
    <TLINK comment="" id="13" relType="IS_INCLUDED">
      <source id="16" />
      <target id="10" />
    </TLINK>
    <TLINK comment="" id="14" relType="IDENTITY">
      <source id="17" />
      <target id="16" />
    </TLINK>
    <TLINK comment="" id="15" relType="IS_INCLUDED">
      <source id="18" />
      <target id="11" />
    </TLINK>
    <TLINK comment="" id="16" relType="BEFORE">
      <source id="20" />
      <target id="18" />
    </TLINK>
    <CLINK c-signalID="19" comment="" id="17">
      <source id="20" />
      <target id="18" />
    </CLINK>
    <TLINK comment="" id="18" relType="BEFORE">
      <source id="21" />
      <target id="20" />
    </TLINK>
    <TLINK comment="" id="19" relType="ENDED_BY">
      <source id="23" />
      <target id="24" />
    </TLINK>
    <TLINK comment="" id="20" relType="SIMULTANEOUS">
      <source id="25" />
      <target id="18" />
    </TLINK>
    <TLINK comment="" id="21" relType="SIMULTANEOUS">
      <source id="26" />
      <target id="25" />
    </TLINK>
    <TLINK comment="" id="22" relType="BEGUN_BY">
      <source id="26" />
      <target id="27" />
    </TLINK>
    <TLINK comment="" id="23" relType="BEFORE">
      <source id="26" />
      <target id="28" />
    </TLINK>
    <TLINK comment="" id="24" relType="BEFORE">
      <source id="29" />
      <target id="0" />
    </TLINK>
    <TLINK comment="" id="25" relType="IDENTITY">
      <source id="30" />
      <target id="26" />
    </TLINK>
    <TLINK comment="" id="26" relType="BEFORE">
      <source id="30" />
      <target id="31" />
    </TLINK>
    <TLINK comment="" id="27" relType="DURING">
      <source id="33" />
      <target id="32" />
    </TLINK>
    <TLINK comment="" id="28" relType="DURING">
      <source id="34" />
      <target id="32" />
    </TLINK>
    <TLINK comment="" id="29" relType="SIMULTANEOUS">
      <source id="35" />
      <target id="34" />
    </TLINK>
    <TLINK comment="" id="30" relType="BEFORE">
      <source id="36" />
      <target id="0" />
    </TLINK>
    <TLINK comment="" id="31" relType="BEFORE">
      <source id="39" />
      <target id="0" />
    </TLINK>
    <TLINK comment="" id="32" relType="BEFORE">
      <source id="42" />
      <target id="40" />
    </TLINK>
    <CLINK c-signalID="41" comment="" id="33">
      <source id="42" />
      <target id="40" />
    </CLINK>
    <TLINK comment="" id="34" relType="BEFORE">
      <source id="43" />
      <target id="40" />
    </TLINK>
    <TLINK comment="" id="35" relType="IDENTITY">
      <source id="44" />
      <target id="32" />
    </TLINK>
    <TLINK comment="" id="36" relType="SIMULTANEOUS">
      <source id="45" />
      <target id="33" />
    </TLINK>
    <TLINK comment="" id="37" relType="DURING">
      <source id="45" />
      <target id="44" />
    </TLINK>
    <TLINK comment="" id="38" relType="SIMULTANEOUS">
      <source id="47" />
      <target id="45" />
    </TLINK>
    <TLINK comment="" id="39" relType="DURING">
      <source id="47" />
      <target id="46" />
    </TLINK>
    <TLINK comment="" id="40" relType="SIMULTANEOUS">
      <source id="48" />
      <target id="47" />
    </TLINK>
    <TLINK comment="" id="41" relType="IDENTITY">
      <source id="49" />
      <target id="44" />
    </TLINK>
    <TLINK comment="" id="42" relType="SIMULTANEOUS">
      <source id="50" />
      <target id="47" />
    </TLINK>
    <TLINK comment="" id="43" relType="DURING">
      <source id="50" />
      <target id="49" />
    </TLINK>
    <TLINK comment="" id="44" relType="DURING">
      <source id="51" />
      <target id="49" />
    </TLINK>
    <TLINK comment="" id="45" relType="BEFORE">
      <source id="54" />
      <target id="0" />
    </TLINK>
  </Relations>
  <token id="1" number="0" sentence="0">General</token>
  <token id="2" number="1" sentence="0">Motors</token>
  <token id="3" number="2" sentence="0">Corp.'s</token>
  <token id="4" number="3" sentence="0">big</token>
  <token id="5" number="4" sentence="0">defense</token>
  <token id="6" number="5" sentence="0">and</token>
  <token id="7" number="6" sentence="0">automotive</token>
  <token id="8" number="7" sentence="0">electronics</token>
  <token id="9" number="8" sentence="0">unit</token>
  <token id="10" number="9" sentence="0">,</token>
  <token id="11" number="10" sentence="0">GM</token>
  <token id="12" number="11" sentence="0">Hughes</token>
  <token id="13" number="12" sentence="0">Electronics</token>
  <token id="14" number="13" sentence="0">,</token>
  <token id="15" number="14" sentence="0">said</token>
  <token id="16" number="15" sentence="0">net</token>
  <token id="17" number="16" sentence="0">income</token>
  <token id="18" number="17" sentence="0">fell</token>
  <token id="19" number="18" sentence="0">22</token>
  <token id="20" number="19" sentence="0">%</token>
  <token id="21" number="20" sentence="0">in</token>
  <token id="22" number="21" sentence="0">the</token>
  <token id="23" number="22" sentence="0">third</token>
  <token id="24" number="23" sentence="0">quarter</token>
  <token id="25" number="24" sentence="0">,</token>
  <token id="26" number="25" sentence="0">reflecting</token>
  <token id="27" number="26" sentence="0">declining</token>
  <token id="28" number="27" sentence="0">military</token>
  <token id="29" number="28" sentence="0">spending</token>
  <token id="30" number="29" sentence="0">and</token>
  <token id="31" number="30" sentence="0">slumping</token>
  <token id="32" number="31" sentence="0">GM</token>
  <token id="33" number="32" sentence="0">vehicle</token>
  <token id="34" number="33" sentence="0">production</token>
  <token id="35" number="34" sentence="0">.</token>
  <token id="36" number="35" sentence="1">Meanwhile</token>
  <token id="37" number="36" sentence="1">,</token>
  <token id="38" number="37" sentence="1">net</token>
  <token id="39" number="38" sentence="1">at</token>
  <token id="40" number="39" sentence="1">GM</token>
  <token id="41" number="40" sentence="1">'s</token>
  <token id="42" number="41" sentence="1">finance</token>
  <token id="43" number="42" sentence="1">arm</token>
  <token id="44" number="43" sentence="1">,</token>
  <token id="45" number="44" sentence="1">General</token>
  <token id="46" number="45" sentence="1">Motors</token>
  <token id="47" number="46" sentence="1">Acceptance</token>
  <token id="48" number="47" sentence="1">Corp.,</token>
  <token id="49" number="48" sentence="1">fell</token>
  <token id="50" number="49" sentence="1">3.1</token>
  <token id="51" number="50" sentence="1">%</token>
  <token id="52" number="51" sentence="1">.</token>
  <token id="53" number="52" sentence="2">By</token>
  <token id="54" number="53" sentence="2">contrast</token>
  <token id="55" number="54" sentence="2">,</token>
  <token id="56" number="55" sentence="2">Electronic</token>
  <token id="57" number="56" sentence="2">Data</token>
  <token id="58" number="57" sentence="2">Systems</token>
  <token id="59" number="58" sentence="2">Corp.,</token>
  <token id="60" number="59" sentence="2">GM</token>
  <token id="61" number="60" sentence="2">'s</token>
  <token id="62" number="61" sentence="2">data</token>
  <token id="63" number="62" sentence="2">processing</token>
  <token id="64" number="63" sentence="2">subsidiary</token>
  <token id="65" number="64" sentence="2">,</token>
  <token id="66" number="65" sentence="2">boosted</token>
  <token id="67" number="66" sentence="2">net</token>
  <token id="68" number="67" sentence="2">16</token>
  <token id="69" number="68" sentence="2">%</token>
  <token id="70" number="69" sentence="2">.</token>
  <token id="71" number="70" sentence="3">GM</token>
  <token id="72" number="71" sentence="3">closed</token>
  <token id="73" number="72" sentence="3">down</token>
  <token id="74" number="73" sentence="3">$</token>
  <token id="75" number="74" sentence="3">1.875</token>
  <token id="76" number="75" sentence="3">at</token>
  <token id="77" number="76" sentence="3">$</token>
  <token id="78" number="77" sentence="3">44.875</token>
  <token id="79" number="78" sentence="3">in</token>
  <token id="80" number="79" sentence="3">New</token>
  <token id="81" number="80" sentence="3">York</token>
  <token id="82" number="81" sentence="3">Stock</token>
  <token id="83" number="82" sentence="3">Exchange</token>
  <token id="84" number="83" sentence="3">trading</token>
  <token id="85" number="84" sentence="3">yesterday</token>
  <token id="86" number="85" sentence="3">.</token>
  <token id="87" number="86" sentence="4">Earnings</token>
  <token id="88" number="87" sentence="4">for</token>
  <token id="89" number="88" sentence="4">GM</token>
  <token id="90" number="89" sentence="4">common</token>
  <token id="91" number="90" sentence="4">stock</token>
  <token id="92" number="91" sentence="4">,</token>
  <token id="93" number="92" sentence="4">reflecting</token>
  <token id="94" number="93" sentence="4">the</token>
  <token id="95" number="94" sentence="4">performance</token>
  <token id="96" number="95" sentence="4">of</token>
  <token id="97" number="96" sentence="4">GM</token>
  <token id="98" number="97" sentence="4">'s</token>
  <token id="99" number="98" sentence="4">core</token>
  <token id="100" number="99" sentence="4">automotive</token>
  <token id="101" number="100" sentence="4">operations</token>
  <token id="102" number="101" sentence="4">,</token>
  <token id="103" number="102" sentence="4">will</token>
  <token id="104" number="103" sentence="4">be</token>
  <token id="105" number="104" sentence="4">disclosed</token>
  <token id="106" number="105" sentence="4">this</token>
  <token id="107" number="106" sentence="4">morning</token>
  <token id="108" number="107" sentence="4">.</token>
  <token id="109" number="108" sentence="5">GM</token>
  <token id="110" number="109" sentence="5">Class</token>
  <token id="111" number="110" sentence="5">H</token>
  <token id="112" number="111" sentence="5">,</token>
  <token id="113" number="112" sentence="5">which</token>
  <token id="114" number="113" sentence="5">represents</token>
  <token id="115" number="114" sentence="5">a</token>
  <token id="116" number="115" sentence="5">dividend</token>
  <token id="117" number="116" sentence="5">interest</token>
  <token id="118" number="117" sentence="5">in</token>
  <token id="119" number="118" sentence="5">Hughes</token>
  <token id="120" number="119" sentence="5">earnings</token>
  <token id="121" number="120" sentence="5">,</token>
  <token id="122" number="121" sentence="5">closed</token>
  <token id="123" number="122" sentence="5">at</token>
  <token id="124" number="123" sentence="5">$</token>
  <token id="125" number="124" sentence="5">29</token>
  <token id="126" number="125" sentence="5">,</token>
  <token id="127" number="126" sentence="5">up</token>
  <token id="128" number="127" sentence="5">25</token>
  <token id="129" number="128" sentence="5">cents</token>
  <token id="130" number="129" sentence="5">in</token>
  <token id="131" number="130" sentence="5">Big</token>
  <token id="132" number="131" sentence="5">Board</token>
  <token id="133" number="132" sentence="5">composite</token>
  <token id="134" number="133" sentence="5">trading</token>
  <token id="135" number="134" sentence="5">.</token>
  <token id="136" number="135" sentence="6">GM</token>
  <token id="137" number="136" sentence="6">Class</token>
  <token id="138" number="137" sentence="6">E</token>
  <token id="139" number="138" sentence="6">,</token>
  <token id="140" number="139" sentence="6">which</token>
  <token id="141" number="140" sentence="6">represents</token>
  <token id="142" number="141" sentence="6">a</token>
  <token id="143" number="142" sentence="6">dividend</token>
  <token id="144" number="143" sentence="6">interest</token>
  <token id="145" number="144" sentence="6">in</token>
  <token id="146" number="145" sentence="6">EDS</token>
  <token id="147" number="146" sentence="6">profit</token>
  <token id="148" number="147" sentence="6">,</token>
  <token id="149" number="148" sentence="6">fell</token>
  <token id="150" number="149" sentence="6">75</token>
  <token id="151" number="150" sentence="6">cents</token>
  <token id="152" number="151" sentence="6">to</token>
  <token id="153" number="152" sentence="6">$</token>
  <token id="154" number="153" sentence="6">52.25</token>
  <token id="155" number="154" sentence="6">on</token>
  <token id="156" number="155" sentence="6">the</token>
  <token id="157" number="156" sentence="6">Big</token>
  <token id="158" number="157" sentence="6">Board</token>
  <token id="159" number="158" sentence="6">.</token>
  <token id="160" number="159" sentence="7">The</token>
  <token id="161" number="160" sentence="7">earnings</token>
  <token id="162" number="161" sentence="7">drop</token>
  <token id="163" number="162" sentence="7">at</token>
  <token id="164" number="163" sentence="7">GM</token>
  <token id="165" number="164" sentence="7">Hughes</token>
  <token id="166" number="165" sentence="7">Electronics</token>
  <token id="167" number="166" sentence="7">is</token>
  <token id="168" number="167" sentence="7">a</token>
  <token id="169" number="168" sentence="7">sign</token>
  <token id="170" number="169" sentence="7">of</token>
  <token id="171" number="170" sentence="7">tough</token>
  <token id="172" number="171" sentence="7">times</token>
  <token id="173" number="172" sentence="7">at</token>
  <token id="174" number="173" sentence="7">both</token>
  <token id="175" number="174" sentence="7">the</token>
  <token id="176" number="175" sentence="7">defense</token>
  <token id="177" number="176" sentence="7">operations</token>
  <token id="178" number="177" sentence="7">of</token>
  <token id="179" number="178" sentence="7">Hughes</token>
  <token id="180" number="179" sentence="7">Aircraft</token>
  <token id="181" number="180" sentence="7">Co.</token>
  <token id="182" number="181" sentence="7">and</token>
  <token id="183" number="182" sentence="7">GM</token>
  <token id="184" number="183" sentence="7">'s</token>
  <token id="185" number="184" sentence="7">North</token>
  <token id="186" number="185" sentence="7">American</token>
  <token id="187" number="186" sentence="7">automotive</token>
  <token id="188" number="187" sentence="7">operations</token>
  <token id="189" number="188" sentence="7">,</token>
  <token id="190" number="189" sentence="7">which</token>
  <token id="191" number="190" sentence="7">are</token>
  <token id="192" number="191" sentence="7">a</token>
  <token id="193" number="192" sentence="7">primary</token>
  <token id="194" number="193" sentence="7">customer</token>
  <token id="195" number="194" sentence="7">for</token>
  <token id="196" number="195" sentence="7">the</token>
  <token id="197" number="196" sentence="7">Delco</token>
  <token id="198" number="197" sentence="7">Electronics</token>
  <token id="199" number="198" sentence="7">Corp.</token>
  <token id="200" number="199" sentence="7">side</token>
  <token id="201" number="200" sentence="7">of</token>
  <token id="202" number="201" sentence="7">the</token>
  <token id="203" number="202" sentence="7">GM</token>
  <token id="204" number="203" sentence="7">Hughes</token>
  <token id="205" number="204" sentence="7">unit</token>
  <token id="206" number="205" sentence="7">.</token>
  <token id="207" number="206" sentence="8">Profit</token>
  <token id="208" number="207" sentence="8">at</token>
  <token id="209" number="208" sentence="8">the</token>
  <token id="210" number="209" sentence="8">unit</token>
  <token id="211" number="210" sentence="8">fell</token>
  <token id="212" number="211" sentence="8">to</token>
  <token id="213" number="212" sentence="8">$</token>
  <token id="214" number="213" sentence="8">110.6</token>
  <token id="215" number="214" sentence="8">million</token>
  <token id="216" number="215" sentence="8">,</token>
  <token id="217" number="216" sentence="8">or</token>
  <token id="218" number="217" sentence="8">37</token>
  <token id="219" number="218" sentence="8">cents</token>
  <token id="220" number="219" sentence="8">a</token>
  <token id="221" number="220" sentence="8">share</token>
  <token id="222" number="221" sentence="8">,</token>
  <token id="223" number="222" sentence="8">from</token>
  <token id="224" number="223" sentence="8">$</token>
  <token id="225" number="224" sentence="8">142.4</token>
  <token id="226" number="225" sentence="8">million</token>
  <token id="227" number="226" sentence="8">,</token>
  <token id="228" number="227" sentence="8">or</token>
  <token id="229" number="228" sentence="8">45</token>
  <token id="230" number="229" sentence="8">cents</token>
  <token id="231" number="230" sentence="8">a</token>
  <token id="232" number="231" sentence="8">share</token>
  <token id="233" number="232" sentence="8">,</token>
  <token id="234" number="233" sentence="8">largely</token>
  <token id="235" number="234" sentence="8">because</token>
  <token id="236" number="235" sentence="8">of</token>
  <token id="237" number="236" sentence="8">a</token>
  <token id="238" number="237" sentence="8">$</token>
  <token id="239" number="238" sentence="8">24</token>
  <token id="240" number="239" sentence="8">million</token>
  <token id="241" number="240" sentence="8">one-time</token>
  <token id="242" number="241" sentence="8">charge</token>
  <token id="243" number="242" sentence="8">associated</token>
  <token id="244" number="243" sentence="8">with</token>
  <token id="245" number="244" sentence="8">Hughes</token>
  <token id="246" number="245" sentence="8">'s</token>
  <token id="247" number="246" sentence="8">previously</token>
  <token id="248" number="247" sentence="8">announced</token>
  <token id="249" number="248" sentence="8">plan</token>
  <token id="250" number="249" sentence="8">to</token>
  <token id="251" number="250" sentence="8">reduce</token>
  <token id="252" number="251" sentence="8">employment</token>
  <token id="253" number="252" sentence="8">by</token>
  <token id="254" number="253" sentence="8">at</token>
  <token id="255" number="254" sentence="8">least</token>
  <token id="256" number="255" sentence="8">6,000</token>
  <token id="257" number="256" sentence="8">people</token>
  <token id="258" number="257" sentence="8">by</token>
  <token id="259" number="258" sentence="8">year</token>
  <token id="260" number="259" sentence="8">end</token>
  <token id="261" number="260" sentence="8">.</token>
  <token id="262" number="261" sentence="9">Even</token>
  <token id="263" number="262" sentence="9">excluding</token>
  <token id="264" number="263" sentence="9">the</token>
  <token id="265" number="264" sentence="9">charge</token>
  <token id="266" number="265" sentence="9">,</token>
  <token id="267" number="266" sentence="9">however</token>
  <token id="268" number="267" sentence="9">,</token>
  <token id="269" number="268" sentence="9">net</token>
  <token id="270" number="269" sentence="9">fell</token>
  <token id="271" number="270" sentence="9">5</token>
  <token id="272" number="271" sentence="9">%</token>
  <token id="273" number="272" sentence="9">.</token>
  <token id="274" number="273" sentence="10">In</token>
  <token id="275" number="274" sentence="10">addition</token>
  <token id="276" number="275" sentence="10">,</token>
  <token id="277" number="276" sentence="10">GM</token>
  <token id="278" number="277" sentence="10">'s</token>
  <token id="279" number="278" sentence="10">North</token>
  <token id="280" number="279" sentence="10">American</token>
  <token id="281" number="280" sentence="10">vehicle</token>
  <token id="282" number="281" sentence="10">production</token>
  <token id="283" number="282" sentence="10">fell</token>
  <token id="284" number="283" sentence="10">8.4</token>
  <token id="285" number="284" sentence="10">%</token>
  <token id="286" number="285" sentence="10">from</token>
  <token id="287" number="286" sentence="10">a</token>
  <token id="288" number="287" sentence="10">year</token>
  <token id="289" number="288" sentence="10">ago</token>
  <token id="290" number="289" sentence="10">,</token>
  <token id="291" number="290" sentence="10">which</token>
  <token id="292" number="291" sentence="10">hurt</token>
  <token id="293" number="292" sentence="10">Delco</token>
  <token id="294" number="293" sentence="10">Electronic</token>
  <token id="295" number="294" sentence="10">'s</token>
  <token id="296" number="295" sentence="10">earnings</token>
  <token id="297" number="296" sentence="10">,</token>
  <token id="298" number="297" sentence="10">a</token>
  <token id="299" number="298" sentence="10">company</token>
  <token id="300" number="299" sentence="10">spokesman</token>
  <token id="301" number="300" sentence="10">said</token>
  <token id="302" number="301" sentence="10">.</token>
  <token id="303" number="302" sentence="11">That</token>
  <token id="304" number="303" sentence="11">decline</token>
  <token id="305" number="304" sentence="11">was</token>
  <token id="306" number="305" sentence="11">reflected</token>
  <token id="307" number="306" sentence="11">in</token>
  <token id="308" number="307" sentence="11">revenue</token>
  <token id="309" number="308" sentence="11">for</token>
  <token id="310" number="309" sentence="11">the</token>
  <token id="311" number="310" sentence="11">GM</token>
  <token id="312" number="311" sentence="11">Hughes</token>
  <token id="313" number="312" sentence="11">unit</token>
  <token id="314" number="313" sentence="11">,</token>
  <token id="315" number="314" sentence="11">which</token>
  <token id="316" number="315" sentence="11">edged</token>
  <token id="317" number="316" sentence="11">down</token>
  <token id="318" number="317" sentence="11">to</token>
  <token id="319" number="318" sentence="11">$</token>
  <token id="320" number="319" sentence="11">2.58</token>
  <token id="321" number="320" sentence="11">billion</token>
  <token id="322" number="321" sentence="11">from</token>
  <token id="323" number="322" sentence="11">$</token>
  <token id="324" number="323" sentence="11">2.63</token>
  <token id="325" number="324" sentence="11">billion</token>
  <token id="326" number="325" sentence="11">.</token>
  <token id="327" number="326" sentence="12">In</token>
  <token id="328" number="327" sentence="12">the</token>
  <token id="329" number="328" sentence="12">nine</token>
  <token id="330" number="329" sentence="12">months</token>
  <token id="331" number="330" sentence="12">,</token>
  <token id="332" number="331" sentence="12">GM</token>
  <token id="333" number="332" sentence="12">Hughes</token>
  <token id="334" number="333" sentence="12">net</token>
  <token id="335" number="334" sentence="12">fell</token>
  <token id="336" number="335" sentence="12">6.6</token>
  <token id="337" number="336" sentence="12">%</token>
  <token id="338" number="337" sentence="12">to</token>
  <token id="339" number="338" sentence="12">$</token>
  <token id="340" number="339" sentence="12">486.6</token>
  <token id="341" number="340" sentence="12">million</token>
  <token id="342" number="341" sentence="12">,</token>
  <token id="343" number="342" sentence="12">or</token>
  <token id="344" number="343" sentence="12">$</token>
  <token id="345" number="344" sentence="12">1.48</token>
  <token id="346" number="345" sentence="12">a</token>
  <token id="347" number="346" sentence="12">share</token>
  <token id="348" number="347" sentence="12">,</token>
  <token id="349" number="348" sentence="12">from</token>
  <token id="350" number="349" sentence="12">$</token>
  <token id="351" number="350" sentence="12">521</token>
  <token id="352" number="351" sentence="12">million</token>
  <token id="353" number="352" sentence="12">,</token>
  <token id="354" number="353" sentence="12">or</token>
  <token id="355" number="354" sentence="12">$</token>
  <token id="356" number="355" sentence="12">1.58</token>
  <token id="357" number="356" sentence="12">a</token>
  <token id="358" number="357" sentence="12">share</token>
  <token id="359" number="358" sentence="12">.</token>
  <token id="360" number="359" sentence="13">Revenue</token>
  <token id="361" number="360" sentence="13">rose</token>
  <token id="362" number="361" sentence="13">3.5</token>
  <token id="363" number="362" sentence="13">%</token>
  <token id="364" number="363" sentence="13">to</token>
  <token id="365" number="364" sentence="13">$</token>
  <token id="366" number="365" sentence="13">8.47</token>
  <token id="367" number="366" sentence="13">billion</token>
  <token id="368" number="367" sentence="13">from</token>
  <token id="369" number="368" sentence="13">$</token>
  <token id="370" number="369" sentence="13">8.18</token>
  <token id="371" number="370" sentence="13">billion</token>
  <token id="372" number="371" sentence="13">.</token>
  <token id="373" number="372" sentence="14">At</token>
  <token id="374" number="373" sentence="14">GMAC</token>
  <token id="375" number="374" sentence="14">,</token>
  <token id="376" number="375" sentence="14">net</token>
  <token id="377" number="376" sentence="14">dropped</token>
  <token id="378" number="377" sentence="14">3.1</token>
  <token id="379" number="378" sentence="14">%</token>
  <token id="380" number="379" sentence="14">to</token>
  <token id="381" number="380" sentence="14">$</token>
  <token id="382" number="381" sentence="14">234.5</token>
  <token id="383" number="382" sentence="14">million</token>
  <token id="384" number="383" sentence="14">from</token>
  <token id="385" number="384" sentence="14">$</token>
  <token id="386" number="385" sentence="14">241.9</token>
  <token id="387" number="386" sentence="14">million</token>
  <token id="388" number="387" sentence="14">.</token>
  <token id="389" number="388" sentence="15">The</token>
  <token id="390" number="389" sentence="15">finance</token>
  <token id="391" number="390" sentence="15">unit</token>
  <token id="392" number="391" sentence="15">attributed</token>
  <token id="393" number="392" sentence="15">the</token>
  <token id="394" number="393" sentence="15">decline</token>
  <token id="395" number="394" sentence="15">to</token>
  <token id="396" number="395" sentence="15">higher</token>
  <token id="397" number="396" sentence="15">borrowing</token>
  <token id="398" number="397" sentence="15">costs</token>
  <token id="399" number="398" sentence="15">compared</token>
  <token id="400" number="399" sentence="15">with</token>
  <token id="401" number="400" sentence="15">a</token>
  <token id="402" number="401" sentence="15">year</token>
  <token id="403" number="402" sentence="15">earlier</token>
  <token id="404" number="403" sentence="15">.</token>
  <token id="405" number="404" sentence="16">GMAC</token>
  <token id="406" number="405" sentence="16">said</token>
  <token id="407" number="406" sentence="16">its</token>
  <token id="408" number="407" sentence="16">automotive</token>
  <token id="409" number="408" sentence="16">financing</token>
  <token id="410" number="409" sentence="16">and</token>
  <token id="411" number="410" sentence="16">leasing</token>
  <token id="412" number="411" sentence="16">business</token>
  <token id="413" number="412" sentence="16">rose</token>
  <token id="414" number="413" sentence="16">35</token>
  <token id="415" number="414" sentence="16">%</token>
  <token id="416" number="415" sentence="16">in</token>
  <token id="417" number="416" sentence="16">the</token>
  <token id="418" number="417" sentence="16">U.S.,</token>
  <token id="419" number="418" sentence="16">largely</token>
  <token id="420" number="419" sentence="16">because</token>
  <token id="421" number="420" sentence="16">of</token>
  <token id="422" number="421" sentence="16">dealer</token>
  <token id="423" number="422" sentence="16">and</token>
  <token id="424" number="423" sentence="16">customer</token>
  <token id="425" number="424" sentence="16">incentives</token>
  <token id="426" number="425" sentence="16">used</token>
  <token id="427" number="426" sentence="16">to</token>
  <token id="428" number="427" sentence="16">boost</token>
  <token id="429" number="428" sentence="16">sales</token>
  <token id="430" number="429" sentence="16">.</token>
  <token id="431" number="430" sentence="17">GMAC</token>
  <token id="432" number="431" sentence="17">profits</token>
  <token id="433" number="432" sentence="17">are</token>
  <token id="434" number="433" sentence="17">combined</token>
  <token id="435" number="434" sentence="17">with</token>
  <token id="436" number="435" sentence="17">earnings</token>
  <token id="437" number="436" sentence="17">from</token>
  <token id="438" number="437" sentence="17">the</token>
  <token id="439" number="438" sentence="17">rest</token>
  <token id="440" number="439" sentence="17">of</token>
  <token id="441" number="440" sentence="17">GM</token>
  <token id="442" number="441" sentence="17">'s</token>
  <token id="443" number="442" sentence="17">operations</token>
  <token id="444" number="443" sentence="17">and</token>
  <token id="445" number="444" sentence="17">attributed</token>
  <token id="446" number="445" sentence="17">to</token>
  <token id="447" number="446" sentence="17">the</token>
  <token id="448" number="447" sentence="17">company</token>
  <token id="449" number="448" sentence="17">'s</token>
  <token id="450" number="449" sentence="17">traditional</token>
  <token id="451" number="450" sentence="17">common</token>
  <token id="452" number="451" sentence="17">stock</token>
  <token id="453" number="452" sentence="17">.</token>
  <token id="454" number="453" sentence="18">In</token>
  <token id="455" number="454" sentence="18">the</token>
  <token id="456" number="455" sentence="18">first</token>
  <token id="457" number="456" sentence="18">nine</token>
  <token id="458" number="457" sentence="18">months</token>
  <token id="459" number="458" sentence="18">,</token>
  <token id="460" number="459" sentence="18">GMAC</token>
  <token id="461" number="460" sentence="18">'s</token>
  <token id="462" number="461" sentence="18">earnings</token>
  <token id="463" number="462" sentence="18">fell</token>
  <token id="464" number="463" sentence="18">8</token>
  <token id="465" number="464" sentence="18">%</token>
  <token id="466" number="465" sentence="18">to</token>
  <token id="467" number="466" sentence="18">$</token>
  <token id="468" number="467" sentence="18">859.5</token>
  <token id="469" number="468" sentence="18">million</token>
  <token id="470" number="469" sentence="18">from</token>
  <token id="471" number="470" sentence="18">$</token>
  <token id="472" number="471" sentence="18">930.2</token>
  <token id="473" number="472" sentence="18">million</token>
  <token id="474" number="473" sentence="18">.</token>
  <token id="475" number="474" sentence="19">At</token>
  <token id="476" number="475" sentence="19">EDS</token>
  <token id="477" number="476" sentence="19">,</token>
  <token id="478" number="477" sentence="19">third-quarter</token>
  <token id="479" number="478" sentence="19">profit</token>
  <token id="480" number="479" sentence="19">jumped</token>
  <token id="481" number="480" sentence="19">16</token>
  <token id="482" number="481" sentence="19">%</token>
  <token id="483" number="482" sentence="19">to</token>
  <token id="484" number="483" sentence="19">a</token>
  <token id="485" number="484" sentence="19">record</token>
  <token id="486" number="485" sentence="19">$</token>
  <token id="487" number="486" sentence="19">110.9</token>
  <token id="488" number="487" sentence="19">million</token>
  <token id="489" number="488" sentence="19">,</token>
  <token id="490" number="489" sentence="19">or</token>
  <token id="491" number="490" sentence="19">93</token>
  <token id="492" number="491" sentence="19">cents</token>
  <token id="493" number="492" sentence="19">a</token>
  <token id="494" number="493" sentence="19">share</token>
  <token id="495" number="494" sentence="19">,</token>
  <token id="496" number="495" sentence="19">from</token>
  <token id="497" number="496" sentence="19">$</token>
  <token id="498" number="497" sentence="19">95.9</token>
  <token id="499" number="498" sentence="19">million</token>
  <token id="500" number="499" sentence="19">,</token>
  <token id="501" number="500" sentence="19">or</token>
  <token id="502" number="501" sentence="19">79</token>
  <token id="503" number="502" sentence="19">cents</token>
  <token id="504" number="503" sentence="19">a</token>
  <token id="505" number="504" sentence="19">share</token>
  <token id="506" number="505" sentence="19">.</token>
  <token id="507" number="506" sentence="20">Revenue</token>
  <token id="508" number="507" sentence="20">rose</token>
  <token id="509" number="508" sentence="20">12</token>
  <token id="510" number="509" sentence="20">%</token>
  <token id="511" number="510" sentence="20">to</token>
  <token id="512" number="511" sentence="20">$</token>
  <token id="513" number="512" sentence="20">1.37</token>
  <token id="514" number="513" sentence="20">billion</token>
  <token id="515" number="514" sentence="20">from</token>
  <token id="516" number="515" sentence="20">$</token>
  <token id="517" number="516" sentence="20">1.22</token>
  <token id="518" number="517" sentence="20">billion</token>
  <token id="519" number="518" sentence="20">.</token>
  <token id="520" number="519" sentence="21">In</token>
  <token id="521" number="520" sentence="21">the</token>
  <token id="522" number="521" sentence="21">nine</token>
  <token id="523" number="522" sentence="21">months</token>
  <token id="524" number="523" sentence="21">,</token>
  <token id="525" number="524" sentence="21">EDS</token>
  <token id="526" number="525" sentence="21">earned</token>
  <token id="527" number="526" sentence="21">$</token>
  <token id="528" number="527" sentence="21">315.8</token>
  <token id="529" number="528" sentence="21">million</token>
  <token id="530" number="529" sentence="21">,</token>
  <token id="531" number="530" sentence="21">or</token>
  <token id="532" number="531" sentence="21">$</token>
  <token id="533" number="532" sentence="21">2.62</token>
  <token id="534" number="533" sentence="21">a</token>
  <token id="535" number="534" sentence="21">share</token>
  <token id="536" number="535" sentence="21">,</token>
  <token id="537" number="536" sentence="21">up</token>
  <token id="538" number="537" sentence="21">13</token>
  <token id="539" number="538" sentence="21">%</token>
  <token id="540" number="539" sentence="21">from</token>
  <token id="541" number="540" sentence="21">$</token>
  <token id="542" number="541" sentence="21">280.7</token>
  <token id="543" number="542" sentence="21">million</token>
  <token id="544" number="543" sentence="21">,</token>
  <token id="545" number="544" sentence="21">or</token>
  <token id="546" number="545" sentence="21">$</token>
  <token id="547" number="546" sentence="21">2.30</token>
  <token id="548" number="547" sentence="21">a</token>
  <token id="549" number="548" sentence="21">share</token>
  <token id="550" number="549" sentence="21">.</token>
  <token id="551" number="550" sentence="22">Revenue</token>
  <token id="552" number="551" sentence="22">rose</token>
  <token id="553" number="552" sentence="22">14</token>
  <token id="554" number="553" sentence="22">%</token>
  <token id="555" number="554" sentence="22">to</token>
  <token id="556" number="555" sentence="22">$</token>
  <token id="557" number="556" sentence="22">4.03</token>
  <token id="558" number="557" sentence="22">billion</token>
  <token id="559" number="558" sentence="22">from</token>
  <token id="560" number="559" sentence="22">$</token>
  <token id="561" number="560" sentence="22">3.54</token>
  <token id="562" number="561" sentence="22">billion</token>
  <token id="563" number="562" sentence="22">.</token>
  <token id="564" number="563" sentence="23">Revenue</token>
  <token id="565" number="564" sentence="23">from</token>
  <token id="566" number="565" sentence="23">non-GM</token>
  <token id="567" number="566" sentence="23">accounts</token>
  <token id="568" number="567" sentence="23">was</token>
  <token id="569" number="568" sentence="23">45</token>
  <token id="570" number="569" sentence="23">%</token>
  <token id="571" number="570" sentence="23">of</token>
  <token id="572" number="571" sentence="23">EDS</token>
  <token id="573" number="572" sentence="23">'s</token>
  <token id="574" number="573" sentence="23">total</token>
  <token id="575" number="574" sentence="23">business</token>
  <token id="576" number="575" sentence="23">in</token>
  <token id="577" number="576" sentence="23">the</token>
  <token id="578" number="577" sentence="23">latest</token>
  <token id="579" number="578" sentence="23">nine</token>
  <token id="580" number="579" sentence="23">months</token>
  <token id="581" number="580" sentence="23">,</token>
  <token id="582" number="581" sentence="23">compared</token>
  <token id="583" number="582" sentence="23">with</token>
  <token id="584" number="583" sentence="23">40</token>
  <token id="585" number="584" sentence="23">%</token>
  <token id="586" number="585" sentence="23">a</token>
  <token id="587" number="586" sentence="23">year</token>
  <token id="588" number="587" sentence="23">earlier</token>
  <token id="589" number="588" sentence="23">.</token>
  <token id="590" number="589" sentence="24">The</token>
  <token id="591" number="590" sentence="24">company</token>
  <token id="592" number="591" sentence="24">has</token>
  <token id="593" number="592" sentence="24">said</token>
  <token id="594" number="593" sentence="24">it</token>
  <token id="595" number="594" sentence="24">wants</token>
  <token id="596" number="595" sentence="24">to</token>
  <token id="597" number="596" sentence="24">boost</token>
  <token id="598" number="597" sentence="24">non-GM</token>
  <token id="599" number="598" sentence="24">revenue</token>
  <token id="600" number="599" sentence="24">to</token>
  <token id="601" number="600" sentence="24">at</token>
  <token id="602" number="601" sentence="24">least</token>
  <token id="603" number="602" sentence="24">50</token>
  <token id="604" number="603" sentence="24">%</token>
  <token id="605" number="604" sentence="24">of</token>
  <token id="606" number="605" sentence="24">its</token>
  <token id="607" number="606" sentence="24">total</token>
  <token id="608" number="607" sentence="24">business</token>
  <token id="609" number="608" sentence="24">by</token>
  <token id="610" number="609" sentence="24">the</token>
  <token id="611" number="610" sentence="24">end</token>
  <token id="612" number="611" sentence="24">of</token>
  <token id="613" number="612" sentence="24">1990</token>
  <token id="614" number="613" sentence="24">.</token>
</Document>
