<Document doc_name="wsj_0127">
  <Markables>
    <TIMEX3 RELATED_TO="" TAG_DESCRIPTOR="Empty_Mark" beginPoint="" comment="" endPoint="" freq="" functionInDocument="CREATION_TIME" id="0" quant="" type="DATE" value="1989-11-02" />
    <EVENT aspect="NONE" certainty="" class="REPORTING" comment="" factuality="" id="1" modality="NONE" polarity="POS" pos="VERB" tense="PAST">
      <token_anchor id="4" />
    </EVENT>
    <EVENT aspect="NONE" certainty="" class="OCCURRENCE" comment="" factuality="" id="2" modality="NONE" polarity="POS" pos="NOUN" tense="NONE">
      <token_anchor id="7" />
    </EVENT>
    <TIMEX3 beginPoint="" comment="" endPoint="" freq="" functionInDocument="NONE" id="3" quant="" type="DURATION" value="P6M">
      <token_anchor id="9" />
      <token_anchor id="10" />
      <token_anchor id="11" />
    </TIMEX3>
    <EVENT aspect="NONE" certainty="" class="ASPECTUAL" comment="" factuality="" id="4" modality="NONE" polarity="POS" pos="VERB" tense="PAST">
      <token_anchor id="12" />
    </EVENT>
    <TIMEX3 anchorTimeID="0" beginPoint="" comment="" endPoint="" freq="" functionInDocument="NONE" id="5" quant="" type="DATE" value="1989-10-01">
      <token_anchor id="13" />
      <token_anchor id="14" />
      <token_anchor id="15" />
    </TIMEX3>
    <EVENT aspect="NONE" certainty="" class="OCCURRENCE" comment="" factuality="" id="6" modality="NONE" polarity="POS" pos="VERB" tense="PAST">
      <token_anchor id="16" />
    </EVENT>
    <EVENT aspect="NONE" certainty="" class="REPORTING" comment="" factuality="" id="7" modality="NONE" polarity="POS" pos="VERB" tense="PAST">
      <token_anchor id="60" />
    </EVENT>
    <EVENT aspect="NONE" certainty="" class="I_ACTION" comment="" factuality="" id="8" modality="NONE" polarity="POS" pos="VERB" tense="PAST">
      <token_anchor id="65" />
    </EVENT>
    <EVENT aspect="NONE" certainty="" class="OCCURRENCE" comment="" factuality="" id="9" modality="NONE" polarity="NEG" pos="NOUN" tense="PAST">
      <token_anchor id="82" />
    </EVENT>
    <EVENT aspect="NONE" certainty="" class="OCCURRENCE" comment="" factuality="" id="10" modality="NONE" polarity="NEG" pos="NOUN" tense="PAST">
      <token_anchor id="84" />
    </EVENT>
    <TIMEX3 anchorTimeID="0" beginPoint="" comment="" endPoint="" freq="" functionInDocument="NONE" id="11" quant="" type="DATE" value="1989-Q3">
      <token_anchor id="86" />
      <token_anchor id="87" />
      <token_anchor id="88" />
    </TIMEX3>
    <EVENT aspect="NONE" certainty="" class="OCCURRENCE" comment="" factuality="" id="12" modality="NONE" polarity="POS" pos="NOUN" tense="PAST">
      <token_anchor id="94" />
    </EVENT>
    <TIMEX3 beginPoint="" comment="" endPoint="" freq="" functionInDocument="NONE" id="13" quant="" type="DATE" value="1998">
      <token_anchor id="101" />
    </TIMEX3>
    <TIMEX3 anchorTimeID="0" beginPoint="" comment="" endPoint="" freq="" functionInDocument="NONE" id="14" quant="" type="DATE" value="1989">
      <token_anchor id="110" />
      <token_anchor id="111" />
    </TIMEX3>
    <EVENT aspect="NONE" certainty="" class="OCCURRENCE" comment="" factuality="" id="15" modality="NONE" polarity="POS" pos="NOUN" tense="NONE">
      <token_anchor id="114" />
    </EVENT>
    <TIMEX3 anchorTimeID="0" beginPoint="" comment="" endPoint="" freq="" functionInDocument="NONE" id="16" quant="" type="DATE" value="1988">
      <token_anchor id="116" />
      <token_anchor id="117" />
    </TIMEX3>
    <EVENT aspect="NONE" certainty="" class="OCCURRENCE" comment="" factuality="" id="17" modality="NONE" polarity="POS" pos="VERB" tense="PAST">
      <token_anchor id="119" />
    </EVENT>
    <EVENT aspect="NONE" certainty="" class="I_ACTION" comment="" factuality="" id="18" modality="NONE" polarity="POS" pos="VERB" tense="PAST">
      <token_anchor id="129" />
    </EVENT>
    <EVENT aspect="NONE" certainty="" class="OCCURRENCE" comment="" factuality="" id="19" modality="NONE" polarity="POS" pos="VERB" tense="PAST">
      <token_anchor id="157" />
    </EVENT>
    <EVENT aspect="NONE" certainty="" class="OCCURRENCE" comment="" factuality="" id="20" modality="NONE" polarity="POS" pos="NOUN" tense="NONE">
      <token_anchor id="165" />
    </EVENT>
    <TIMEX3 anchorTimeID="0" beginPoint="" comment="" endPoint="" freq="" functionInDocument="NONE" id="21" quant="" type="DATE" value="1989-11-01">
      <token_anchor id="166" />
    </TIMEX3>
    <EVENT aspect="PROGRESSIVE" certainty="" class="OCCURRENCE" comment="" factuality="" id="22" modality="NONE" polarity="POS" pos="VERB" tense="PRESENT">
      <token_anchor id="172" />
    </EVENT>
    <TIMEX3 anchorTimeID="0" beginPoint="" comment="" endPoint="" freq="" functionInDocument="NONE" id="23" quant="" type="DATE" value="1988-11-02">
      <token_anchor id="186" />
      <token_anchor id="187" />
      <token_anchor id="188" />
    </TIMEX3>
    <EVENT aspect="NONE" certainty="" class="OCCURRENCE" comment="" factuality="" id="24" modality="NONE" polarity="POS" pos="VERB" tense="PAST">
      <token_anchor id="191" />
    </EVENT>
    <EVENT aspect="NONE" certainty="" class="OCCURRENCE" comment="" factuality="" id="25" modality="NONE" polarity="POS" pos="VERB" tense="PAST">
      <token_anchor id="201" />
    </EVENT>
    <C-SIGNAL id="26">
      <token_anchor id="202" />
    </C-SIGNAL>
    <EVENT aspect="NONE" certainty="" class="OCCURRENCE" comment="" factuality="" id="27" modality="NONE" polarity="POS" pos="NOUN" tense="NONE">
      <token_anchor id="203" />
    </EVENT>
    <EVENT aspect="NONE" certainty="" class="OCCURRENCE" comment="" factuality="" id="28" modality="NONE" polarity="POS" pos="VERB" tense="PRESPART">
      <token_anchor id="208" />
    </EVENT>
    <EVENT aspect="NONE" certainty="" class="REPORTING" comment="" factuality="" id="29" modality="NONE" polarity="POS" pos="VERB" tense="PAST">
      <token_anchor id="211" />
    </EVENT>
  </Markables>
  <Relations>
    <TLINK comment="" id="1" relType="BEFORE">
      <source id="1" />
      <target id="0" />
    </TLINK>
    <TLINK comment="" id="2" relType="SIMULTANEOUS">
      <source id="2" />
      <target id="3" />
    </TLINK>
    <TLINK comment="" id="3" relType="ENDED_BY">
      <source id="3" />
      <target id="4" />
    </TLINK>
    <TLINK comment="" id="4" relType="SIMULTANEOUS">
      <source id="5" />
      <target id="4" />
    </TLINK>
    <TLINK comment="" id="5" relType="BEFORE">
      <source id="6" />
      <target id="1" />
    </TLINK>
    <TLINK comment="" id="6" relType="BEFORE">
      <source id="7" />
      <target id="0" />
    </TLINK>
    <TLINK comment="" id="7" relType="IS_INCLUDED">
      <source id="9" />
      <target id="11" />
    </TLINK>
    <TLINK comment="" id="8" relType="IS_INCLUDED">
      <source id="10" />
      <target id="11" />
    </TLINK>
    <TLINK comment="" id="9" relType="IS_INCLUDED">
      <source id="12" />
      <target id="13" />
    </TLINK>
    <TLINK comment="" id="10" relType="IS_INCLUDED">
      <source id="15" />
      <target id="14" />
    </TLINK>
    <TLINK comment="" id="11" relType="IS_INCLUDED">
      <source id="17" />
      <target id="16" />
    </TLINK>
    <TLINK comment="" id="12" relType="BEFORE">
      <source id="18" />
      <target id="0" />
    </TLINK>
    <TLINK comment="" id="13" relType="IS_INCLUDED">
      <source id="19" />
      <target id="20" />
    </TLINK>
    <TLINK comment="" id="14" relType="IS_INCLUDED">
      <source id="20" />
      <target id="21" />
    </TLINK>
    <TLINK comment="" id="15" relType="INCLUDES">
      <source id="22" />
      <target id="0" />
    </TLINK>
    <TLINK comment="" id="16" relType="BEFORE">
      <source id="24" />
      <target id="0" />
    </TLINK>
    <TLINK comment="" id="17" relType="AFTER">
      <source id="25" />
      <target id="27" />
    </TLINK>
    <TLINK comment="" id="18" relType="IS_INCLUDED">
      <source id="27" />
      <target id="28" />
    </TLINK>
    <CLINK c-signalID="26" comment="" id="19">
      <source id="27" />
      <target id="25" />
    </CLINK>
    <TLINK comment="" id="20" relType="IDENTITY">
      <source id="29" />
      <target id="1" />
    </TLINK>
  </Relations>
  <token id="1" number="0" sentence="0">Reed</token>
  <token id="2" number="1" sentence="0">International</token>
  <token id="3" number="2" sentence="0">PLC</token>
  <token id="4" number="3" sentence="0">said</token>
  <token id="5" number="4" sentence="0">that</token>
  <token id="6" number="5" sentence="0">net</token>
  <token id="7" number="6" sentence="0">income</token>
  <token id="8" number="7" sentence="0">for</token>
  <token id="9" number="8" sentence="0">the</token>
  <token id="10" number="9" sentence="0">six</token>
  <token id="11" number="10" sentence="0">months</token>
  <token id="12" number="11" sentence="0">ended</token>
  <token id="13" number="12" sentence="0">Oct</token>
  <token id="14" number="13" sentence="0">.</token>
  <token id="15" number="14" sentence="0">1</token>
  <token id="16" number="15" sentence="0">slipped</token>
  <token id="17" number="16" sentence="0">5</token>
  <token id="18" number="17" sentence="0">%</token>
  <token id="19" number="18" sentence="0">to</token>
  <token id="20" number="19" sentence="0">#</token>
  <token id="21" number="20" sentence="0">89.7</token>
  <token id="22" number="21" sentence="0">million</token>
  <token id="23" number="22" sentence="0">(</token>
  <token id="24" number="23" sentence="0">$</token>
  <token id="25" number="24" sentence="0">141.9</token>
  <token id="26" number="25" sentence="0">million</token>
  <token id="27" number="26" sentence="0">)</token>
  <token id="28" number="27" sentence="0">,</token>
  <token id="29" number="28" sentence="0">or</token>
  <token id="30" number="29" sentence="0">16</token>
  <token id="31" number="30" sentence="0">pence</token>
  <token id="32" number="31" sentence="0">a</token>
  <token id="33" number="32" sentence="0">share</token>
  <token id="34" number="33" sentence="0">,</token>
  <token id="35" number="34" sentence="0">from</token>
  <token id="36" number="35" sentence="0">#</token>
  <token id="37" number="36" sentence="0">94.8</token>
  <token id="38" number="37" sentence="0">million</token>
  <token id="39" number="38" sentence="0">(</token>
  <token id="40" number="39" sentence="0">$</token>
  <token id="41" number="40" sentence="0">149.9</token>
  <token id="42" number="41" sentence="0">million</token>
  <token id="43" number="42" sentence="0">)</token>
  <token id="44" number="43" sentence="0">,</token>
  <token id="45" number="44" sentence="0">or</token>
  <token id="46" number="45" sentence="0">17.3</token>
  <token id="47" number="46" sentence="0">pence</token>
  <token id="48" number="47" sentence="0">a</token>
  <token id="49" number="48" sentence="0">share</token>
  <token id="50" number="49" sentence="0">.</token>
  <token id="51" number="50" sentence="1">The</token>
  <token id="52" number="51" sentence="1">British</token>
  <token id="53" number="52" sentence="1">paper</token>
  <token id="54" number="53" sentence="1">,</token>
  <token id="55" number="54" sentence="1">packaging</token>
  <token id="56" number="55" sentence="1">and</token>
  <token id="57" number="56" sentence="1">publishing</token>
  <token id="58" number="57" sentence="1">concern</token>
  <token id="59" number="58" sentence="1">,</token>
  <token id="60" number="59" sentence="1">said</token>
  <token id="61" number="60" sentence="1">profit</token>
  <token id="62" number="61" sentence="1">from</token>
  <token id="63" number="62" sentence="1">continuing</token>
  <token id="64" number="63" sentence="1">lines</token>
  <token id="65" number="64" sentence="1">fell</token>
  <token id="66" number="65" sentence="1">10</token>
  <token id="67" number="66" sentence="1">%</token>
  <token id="68" number="67" sentence="1">to</token>
  <token id="69" number="68" sentence="1">#</token>
  <token id="70" number="69" sentence="1">118</token>
  <token id="71" number="70" sentence="1">million</token>
  <token id="72" number="71" sentence="1">from</token>
  <token id="73" number="72" sentence="1">#</token>
  <token id="74" number="73" sentence="1">130.6</token>
  <token id="75" number="74" sentence="1">million</token>
  <token id="76" number="75" sentence="1">.</token>
  <token id="77" number="76" sentence="2">While</token>
  <token id="78" number="77" sentence="2">there</token>
  <token id="79" number="78" sentence="2">were</token>
  <token id="80" number="79" sentence="2">no</token>
  <token id="81" number="80" sentence="2">one-time</token>
  <token id="82" number="81" sentence="2">gains</token>
  <token id="83" number="82" sentence="2">or</token>
  <token id="84" number="83" sentence="2">losses</token>
  <token id="85" number="84" sentence="2">in</token>
  <token id="86" number="85" sentence="2">the</token>
  <token id="87" number="86" sentence="2">latest</token>
  <token id="88" number="87" sentence="2">period</token>
  <token id="89" number="88" sentence="2">,</token>
  <token id="90" number="89" sentence="2">there</token>
  <token id="91" number="90" sentence="2">was</token>
  <token id="92" number="91" sentence="2">a</token>
  <token id="93" number="92" sentence="2">one-time</token>
  <token id="94" number="93" sentence="2">gain</token>
  <token id="95" number="94" sentence="2">of</token>
  <token id="96" number="95" sentence="2">#</token>
  <token id="97" number="96" sentence="2">18</token>
  <token id="98" number="97" sentence="2">million</token>
  <token id="99" number="98" sentence="2">in</token>
  <token id="100" number="99" sentence="2">the</token>
  <token id="101" number="100" sentence="2">1988</token>
  <token id="102" number="101" sentence="2">period</token>
  <token id="103" number="102" sentence="2">.</token>
  <token id="104" number="103" sentence="3">And</token>
  <token id="105" number="104" sentence="3">while</token>
  <token id="106" number="105" sentence="3">there</token>
  <token id="107" number="106" sentence="3">was</token>
  <token id="108" number="107" sentence="3">no</token>
  <token id="109" number="108" sentence="3">profit</token>
  <token id="110" number="109" sentence="3">this</token>
  <token id="111" number="110" sentence="3">year</token>
  <token id="112" number="111" sentence="3">from</token>
  <token id="113" number="112" sentence="3">discontinued</token>
  <token id="114" number="113" sentence="3">operations</token>
  <token id="115" number="114" sentence="3">,</token>
  <token id="116" number="115" sentence="3">last</token>
  <token id="117" number="116" sentence="3">year</token>
  <token id="118" number="117" sentence="3">they</token>
  <token id="119" number="118" sentence="3">contributed</token>
  <token id="120" number="119" sentence="3">#</token>
  <token id="121" number="120" sentence="3">34</token>
  <token id="122" number="121" sentence="3">million</token>
  <token id="123" number="122" sentence="3">,</token>
  <token id="124" number="123" sentence="3">before</token>
  <token id="125" number="124" sentence="3">tax</token>
  <token id="126" number="125" sentence="3">.</token>
  <token id="127" number="126" sentence="4">Pretax</token>
  <token id="128" number="127" sentence="4">profit</token>
  <token id="129" number="128" sentence="4">fell</token>
  <token id="130" number="129" sentence="4">3.7</token>
  <token id="131" number="130" sentence="4">%</token>
  <token id="132" number="131" sentence="4">to</token>
  <token id="133" number="132" sentence="4">#</token>
  <token id="134" number="133" sentence="4">128</token>
  <token id="135" number="134" sentence="4">million</token>
  <token id="136" number="135" sentence="4">from</token>
  <token id="137" number="136" sentence="4">#</token>
  <token id="138" number="137" sentence="4">133</token>
  <token id="139" number="138" sentence="4">million</token>
  <token id="140" number="139" sentence="4">and</token>
  <token id="141" number="140" sentence="4">was</token>
  <token id="142" number="141" sentence="4">below</token>
  <token id="143" number="142" sentence="4">analysts</token>
  <token id="144" number="143" sentence="4">'</token>
  <token id="145" number="144" sentence="4">expectations</token>
  <token id="146" number="145" sentence="4">of</token>
  <token id="147" number="146" sentence="4">#</token>
  <token id="148" number="147" sentence="4">130</token>
  <token id="149" number="148" sentence="4">million</token>
  <token id="150" number="149" sentence="4">to</token>
  <token id="151" number="150" sentence="4">#</token>
  <token id="152" number="151" sentence="4">135</token>
  <token id="153" number="152" sentence="4">million</token>
  <token id="154" number="153" sentence="4">,</token>
  <token id="155" number="154" sentence="4">but</token>
  <token id="156" number="155" sentence="4">shares</token>
  <token id="157" number="156" sentence="4">rose</token>
  <token id="158" number="157" sentence="4">6</token>
  <token id="159" number="158" sentence="4">pence</token>
  <token id="160" number="159" sentence="4">to</token>
  <token id="161" number="160" sentence="4">388</token>
  <token id="162" number="161" sentence="4">pence</token>
  <token id="163" number="162" sentence="4">in</token>
  <token id="164" number="163" sentence="4">early</token>
  <token id="165" number="164" sentence="4">trading</token>
  <token id="166" number="165" sentence="4">yesterday</token>
  <token id="167" number="166" sentence="4">in</token>
  <token id="168" number="167" sentence="4">London</token>
  <token id="169" number="168" sentence="4">.</token>
  <token id="170" number="169" sentence="5">Reed</token>
  <token id="171" number="170" sentence="5">is</token>
  <token id="172" number="171" sentence="5">paying</token>
  <token id="173" number="172" sentence="5">an</token>
  <token id="174" number="173" sentence="5">interim</token>
  <token id="175" number="174" sentence="5">dividend</token>
  <token id="176" number="175" sentence="5">of</token>
  <token id="177" number="176" sentence="5">4.6</token>
  <token id="178" number="177" sentence="5">pence</token>
  <token id="179" number="178" sentence="5">,</token>
  <token id="180" number="179" sentence="5">up</token>
  <token id="181" number="180" sentence="5">15</token>
  <token id="182" number="181" sentence="5">%</token>
  <token id="183" number="182" sentence="5">from</token>
  <token id="184" number="183" sentence="5">4</token>
  <token id="185" number="184" sentence="5">pence</token>
  <token id="186" number="185" sentence="5">a</token>
  <token id="187" number="186" sentence="5">year</token>
  <token id="188" number="187" sentence="5">earlier</token>
  <token id="189" number="188" sentence="5">.</token>
  <token id="190" number="189" sentence="6">Sales</token>
  <token id="191" number="190" sentence="6">fell</token>
  <token id="192" number="191" sentence="6">20</token>
  <token id="193" number="192" sentence="6">%</token>
  <token id="194" number="193" sentence="6">to</token>
  <token id="195" number="194" sentence="6">#</token>
  <token id="196" number="195" sentence="6">722</token>
  <token id="197" number="196" sentence="6">million</token>
  <token id="198" number="197" sentence="6">.</token>
  <token id="199" number="198" sentence="7">Earnings</token>
  <token id="200" number="199" sentence="7">were</token>
  <token id="201" number="200" sentence="7">hurt</token>
  <token id="202" number="201" sentence="7">by</token>
  <token id="203" number="202" sentence="7">disposal</token>
  <token id="204" number="203" sentence="7">of</token>
  <token id="205" number="204" sentence="7">operations</token>
  <token id="206" number="205" sentence="7">in</token>
  <token id="207" number="206" sentence="7">its</token>
  <token id="208" number="207" sentence="7">restructuring</token>
  <token id="209" number="208" sentence="7">,</token>
  <token id="210" number="209" sentence="7">Reed</token>
  <token id="211" number="210" sentence="7">said</token>
  <token id="212" number="211" sentence="7">.</token>
</Document>
