<Document doc_name="wsj_1040">
  <Markables>
    <TIMEX3 RELATED_TO="" TAG_DESCRIPTOR="Empty_Mark" beginPoint="" comment="" endPoint="" freq="" functionInDocument="CREATION_TIME" id="0" quant="" type="DATE" value="1989-10-26" />
    <EVENT aspect="NONE" certainty="" class="OCCURRENCE" comment="" factuality="" id="1" modality="NONE" polarity="POS" pos="VERB" tense="PAST">
      <token_anchor id="3" />
    </EVENT>
    <TIMEX3 anchorTimeID="0" beginPoint="" comment="" endPoint="" freq="" functionInDocument="NONE" id="2" quant="" type="DATE" value="1989-12-15">
      <token_anchor id="11" />
      <token_anchor id="12" />
      <token_anchor id="13" />
    </TIMEX3>
    <TIMEX3 anchorTimeID="0" beginPoint="" comment="" endPoint="" freq="" functionInDocument="NONE" id="3" quant="" type="DATE" value="1989-11-17">
      <token_anchor id="18" />
      <token_anchor id="19" />
      <token_anchor id="20" />
    </TIMEX3>
    <EVENT aspect="NONE" certainty="" class="OCCURRENCE" comment="" factuality="" id="4" modality="NONE" polarity="POS" pos="VERB" tense="PAST">
      <token_anchor id="35" />
    </EVENT>
    <EVENT aspect="NONE" certainty="" class="OCCURRENCE" comment="" factuality="" id="5" modality="NONE" polarity="POS" pos="VERB" tense="PASTPART">
      <token_anchor id="57" />
    </EVENT>
    <EVENT aspect="NONE" certainty="" class="OCCURRENCE" comment="" factuality="" id="6" modality="NONE" polarity="POS" pos="VERB" tense="FUTURE">
      <token_anchor id="64" />
    </EVENT>
    <EVENT aspect="NONE" certainty="" class="REPORTING" comment="" factuality="" id="7" modality="NONE" polarity="POS" pos="VERB" tense="PAST">
      <token_anchor id="72" />
    </EVENT>
    <EVENT aspect="NONE" certainty="" class="OCCURRENCE" comment="" factuality="" id="8" modality="NONE" polarity="POS" pos="VERB" tense="PRESENT">
      <token_anchor id="76" />
    </EVENT>
    <C-SIGNAL id="9">
      <token_anchor id="78" />
    </C-SIGNAL>
    <EVENT aspect="NONE" certainty="" class="OCCURRENCE" comment="" factuality="" id="10" modality="should" polarity="POS" pos="VERB" tense="NONE">
      <token_anchor id="80" />
    </EVENT>
    <EVENT aspect="NONE" certainty="" class="REPORTING" comment="" factuality="" id="11" modality="NONE" polarity="POS" pos="VERB" tense="PAST">
      <token_anchor id="87" />
    </EVENT>
    <EVENT aspect="NONE" certainty="" class="OCCURRENCE" comment="" factuality="" id="12" modality="NONE" polarity="POS" pos="VERB" tense="PRESENT">
      <token_anchor id="91" />
    </EVENT>
    <TIMEX3 anchorTimeID="0" beginPoint="" comment="" endPoint="" freq="" functionInDocument="NONE" id="13" quant="" type="DATE" value="1989-10-25">
      <token_anchor id="105" />
    </TIMEX3>
    <EVENT aspect="NONE" certainty="" class="OCCURRENCE" comment="" factuality="" id="14" modality="NONE" polarity="POS" pos="VERB" tense="PAST">
      <token_anchor id="110" />
    </EVENT>
  </Markables>
  <Relations>
    <TLINK comment="" id="1" relType="BEFORE">
      <source id="1" />
      <target id="0" />
    </TLINK>
    <TLINK comment="" id="2" relType="BEFORE">
      <source id="4" />
      <target id="0" />
    </TLINK>
    <TLINK comment="" id="3" relType="SIMULTANEOUS">
      <source id="5" />
      <target id="6" />
    </TLINK>
    <TLINK comment="" id="4" relType="IS_INCLUDED">
      <source id="7" />
      <target id="0" />
    </TLINK>
    <CLINK comment="" id="5">
      <source id="8" />
      <target id="10" />
    </CLINK>
    <TLINK comment="" id="6" relType="IS_INCLUDED">
      <source id="11" />
      <target id="0" />
    </TLINK>
    <TLINK comment="" id="7" relType="IS_INCLUDED">
      <source id="12" />
      <target id="0" />
    </TLINK>
    <TLINK comment="" id="8" relType="IS_INCLUDED">
      <source id="14" />
      <target id="13" />
    </TLINK>
  </Relations>
  <token id="1" number="0" sentence="0">ONEIDA</token>
  <token id="2" number="1" sentence="0">Ltd.</token>
  <token id="3" number="2" sentence="0">declared</token>
  <token id="4" number="3" sentence="0">a</token>
  <token id="5" number="4" sentence="0">10</token>
  <token id="6" number="5" sentence="0">%</token>
  <token id="7" number="6" sentence="0">stock</token>
  <token id="8" number="7" sentence="0">dividend</token>
  <token id="9" number="8" sentence="0">,</token>
  <token id="10" number="9" sentence="0">payable</token>
  <token id="11" number="10" sentence="0">Dec</token>
  <token id="12" number="11" sentence="0">.</token>
  <token id="13" number="12" sentence="0">15</token>
  <token id="14" number="13" sentence="0">to</token>
  <token id="15" number="14" sentence="0">stock</token>
  <token id="16" number="15" sentence="0">of</token>
  <token id="17" number="16" sentence="0">record</token>
  <token id="18" number="17" sentence="0">Nov</token>
  <token id="19" number="18" sentence="0">.</token>
  <token id="20" number="19" sentence="0">17</token>
  <token id="21" number="20" sentence="0">.</token>
  <token id="22" number="21" sentence="1">The</token>
  <token id="23" number="22" sentence="1">Oneida</token>
  <token id="24" number="23" sentence="1">,</token>
  <token id="25" number="24" sentence="1">N.Y.,</token>
  <token id="26" number="25" sentence="1">maker</token>
  <token id="27" number="26" sentence="1">of</token>
  <token id="28" number="27" sentence="1">consumer</token>
  <token id="29" number="28" sentence="1">,</token>
  <token id="30" number="29" sentence="1">food-service</token>
  <token id="31" number="30" sentence="1">and</token>
  <token id="32" number="31" sentence="1">industrial</token>
  <token id="33" number="32" sentence="1">products</token>
  <token id="34" number="33" sentence="1">also</token>
  <token id="35" number="34" sentence="1">declared</token>
  <token id="36" number="35" sentence="1">a</token>
  <token id="37" number="36" sentence="1">quarterly</token>
  <token id="38" number="37" sentence="1">cash</token>
  <token id="39" number="38" sentence="1">dividend</token>
  <token id="40" number="39" sentence="1">of</token>
  <token id="41" number="40" sentence="1">12</token>
  <token id="42" number="41" sentence="1">cents</token>
  <token id="43" number="42" sentence="1">a</token>
  <token id="44" number="43" sentence="1">share</token>
  <token id="45" number="44" sentence="1">,</token>
  <token id="46" number="45" sentence="1">with</token>
  <token id="47" number="46" sentence="1">the</token>
  <token id="48" number="47" sentence="1">same</token>
  <token id="49" number="48" sentence="1">payable</token>
  <token id="50" number="49" sentence="1">and</token>
  <token id="51" number="50" sentence="1">record</token>
  <token id="52" number="51" sentence="1">dates</token>
  <token id="53" number="52" sentence="1">.</token>
  <token id="54" number="53" sentence="2">The</token>
  <token id="55" number="54" sentence="2">cash</token>
  <token id="56" number="55" sentence="2">dividend</token>
  <token id="57" number="56" sentence="2">paid</token>
  <token id="58" number="57" sentence="2">on</token>
  <token id="59" number="58" sentence="2">the</token>
  <token id="60" number="59" sentence="2">common</token>
  <token id="61" number="60" sentence="2">stock</token>
  <token id="62" number="61" sentence="2">also</token>
  <token id="63" number="62" sentence="2">will</token>
  <token id="64" number="63" sentence="2">apply</token>
  <token id="65" number="64" sentence="2">to</token>
  <token id="66" number="65" sentence="2">the</token>
  <token id="67" number="66" sentence="2">new</token>
  <token id="68" number="67" sentence="2">shares</token>
  <token id="69" number="68" sentence="2">,</token>
  <token id="70" number="69" sentence="2">the</token>
  <token id="71" number="70" sentence="2">company</token>
  <token id="72" number="71" sentence="2">said</token>
  <token id="73" number="72" sentence="2">.</token>
  <token id="74" number="73" sentence="3">The</token>
  <token id="75" number="74" sentence="3">move</token>
  <token id="76" number="75" sentence="3">rewards</token>
  <token id="77" number="76" sentence="3">shareholders</token>
  <token id="78" number="77" sentence="3">and</token>
  <token id="79" number="78" sentence="3">should</token>
  <token id="80" number="79" sentence="3">improve</token>
  <token id="81" number="80" sentence="3">the</token>
  <token id="82" number="81" sentence="3">stock</token>
  <token id="83" number="82" sentence="3">'s</token>
  <token id="84" number="83" sentence="3">liquidity</token>
  <token id="85" number="84" sentence="3">,</token>
  <token id="86" number="85" sentence="3">Oneida</token>
  <token id="87" number="86" sentence="3">said</token>
  <token id="88" number="87" sentence="3">.</token>
  <token id="89" number="88" sentence="4">The</token>
  <token id="90" number="89" sentence="4">company</token>
  <token id="91" number="90" sentence="4">has</token>
  <token id="92" number="91" sentence="4">about</token>
  <token id="93" number="92" sentence="4">8.8</token>
  <token id="94" number="93" sentence="4">million</token>
  <token id="95" number="94" sentence="4">shares</token>
  <token id="96" number="95" sentence="4">outstanding</token>
  <token id="97" number="96" sentence="4">.</token>
  <token id="98" number="97" sentence="5">In</token>
  <token id="99" number="98" sentence="5">New</token>
  <token id="100" number="99" sentence="5">York</token>
  <token id="101" number="100" sentence="5">Stock</token>
  <token id="102" number="101" sentence="5">Exchange</token>
  <token id="103" number="102" sentence="5">composite</token>
  <token id="104" number="103" sentence="5">trading</token>
  <token id="105" number="104" sentence="5">yesterday</token>
  <token id="106" number="105" sentence="5">,</token>
  <token id="107" number="106" sentence="5">Oneida</token>
  <token id="108" number="107" sentence="5">'s</token>
  <token id="109" number="108" sentence="5">shares</token>
  <token id="110" number="109" sentence="5">closed</token>
  <token id="111" number="110" sentence="5">at</token>
  <token id="112" number="111" sentence="5">$</token>
  <token id="113" number="112" sentence="5">18.375</token>
  <token id="114" number="113" sentence="5">a</token>
  <token id="115" number="114" sentence="5">share</token>
  <token id="116" number="115" sentence="5">,</token>
  <token id="117" number="116" sentence="5">unchanged</token>
  <token id="118" number="117" sentence="5">.</token>
</Document>
