<Document doc_name="wsj_0570">
  <Markables>
    <TIMEX3 RELATED_TO="" TAG_DESCRIPTOR="Empty_Mark" beginPoint="" comment="" endPoint="" freq="" functionInDocument="CREATION_TIME" id="0" quant="" type="DATE" value="1989-10-30" />
    <EVENT aspect="NONE" certainty="" class="REPORTING" comment="" factuality="" id="1" modality="NONE" polarity="POS" pos="VERB" tense="PAST">
      <token_anchor id="3" />
    </EVENT>
    <EVENT aspect="NONE" certainty="" class="STATE" comment="" factuality="" id="2" modality="NONE" polarity="POS" pos="VERB" tense="PRESENT">
      <token_anchor id="5" />
    </EVENT>
    <EVENT aspect="NONE" certainty="" class="I_STATE" comment="" factuality="" id="3" modality="may" polarity="POS" pos="VERB" tense="NONE">
      <token_anchor id="20" />
    </EVENT>
    <EVENT aspect="NONE" certainty="" class="OCCURRENCE" comment="" factuality="" id="4" modality="NONE" polarity="POS" pos="VERB" tense="PAST">
      <token_anchor id="43" />
    </EVENT>
    <EVENT aspect="NONE" certainty="" class="REPORTING" comment="" factuality="" id="5" modality="NONE" polarity="POS" pos="NOUN" tense="NONE">
      <token_anchor id="45" />
    </EVENT>
    <EVENT aspect="NONE" certainty="" class="OCCURRENCE" comment="" factuality="" id="6" modality="NONE" polarity="POS" pos="NOUN" tense="NONE">
      <token_anchor id="52" />
    </EVENT>
    <EVENT aspect="NONE" certainty="" class="OCCURRENCE" comment="" factuality="" id="7" modality="NONE" polarity="POS" pos="NOUN" tense="NONE">
      <token_anchor id="56" />
    </EVENT>
    <EVENT aspect="NONE" certainty="" class="REPORTING" comment="" factuality="" id="8" modality="NONE" polarity="POS" pos="VERB" tense="PAST">
      <token_anchor id="59" />
    </EVENT>
    <TIMEX3 anchorTimeID="0" beginPoint="" comment="" endPoint="" freq="" functionInDocument="NONE" id="9" quant="" type="DATE" value="PAST_REF">
      <token_anchor id="62" />
      <token_anchor id="63" />
    </TIMEX3>
    <EVENT aspect="NONE" certainty="" class="I_STATE" comment="" factuality="" id="10" modality="NONE" polarity="POS" pos="VERB" tense="PAST">
      <token_anchor id="65" />
    </EVENT>
    <EVENT aspect="NONE" certainty="" class="I_ACTION" comment="" factuality="" id="11" modality="NONE" polarity="POS" pos="VERB" tense="PRESPART">
      <token_anchor id="66" />
    </EVENT>
    <EVENT aspect="NONE" certainty="" class="OCCURRENCE" comment="" factuality="" id="12" modality="NONE" polarity="POS" pos="NOUN" tense="NONE">
      <token_anchor id="81" />
    </EVENT>
    <EVENT aspect="NONE" certainty="" class="OCCURRENCE" comment="" factuality="" id="13" modality="NONE" polarity="POS" pos="NOUN" tense="NONE">
      <token_anchor id="84" />
    </EVENT>
    <EVENT aspect="NONE" certainty="" class="I_STATE" comment="" factuality="" id="14" modality="NONE" polarity="POS" pos="VERB" tense="PRESENT">
      <token_anchor id="88" />
    </EVENT>
    <EVENT aspect="NONE" certainty="" class="ASPECTUAL" comment="" factuality="" id="15" modality="NONE" polarity="POS" pos="VERB" tense="INFINITIVE">
      <token_anchor id="90" />
    </EVENT>
    <EVENT aspect="NONE" certainty="" class="I_ACTION" comment="" factuality="" id="16" modality="NONE" polarity="POS" pos="VERB" tense="INFINITIVE">
      <token_anchor id="92" />
    </EVENT>
    <EVENT aspect="NONE" certainty="" class="OCCURRENCE" comment="" factuality="" id="17" modality="NONE" polarity="POS" pos="NOUN" tense="NONE">
      <token_anchor id="94" />
    </EVENT>
    <TIMEX3 anchorTimeID="0" beginPoint="" comment="" endPoint="" freq="" functionInDocument="NONE" id="18" quant="" type="DATE" value="FUTURE_REF">
      <token_anchor id="95" />
      <token_anchor id="96" />
      <token_anchor id="97" />
      <token_anchor id="98" />
    </TIMEX3>
    <EVENT aspect="NONE" certainty="" class="OCCURRENCE" comment="" factuality="" id="19" modality="NONE" polarity="NEG" pos="VERB" tense="PAST">
      <token_anchor id="104" />
    </EVENT>
    <EVENT aspect="NONE" certainty="" class="OCCURRENCE" comment="" factuality="" id="20" modality="NONE" polarity="POS" pos="NOUN" tense="NONE">
      <token_anchor id="106" />
    </EVENT>
    <EVENT aspect="NONE" certainty="" class="OCCURRENCE" comment="" factuality="" id="21" modality="NONE" polarity="POS" pos="VERB" tense="PAST">
      <token_anchor id="119" />
    </EVENT>
    <TIMEX3 anchorTimeID="0" beginPoint="" comment="" endPoint="" freq="" functionInDocument="NONE" id="22" quant="" type="DATE" value="1989-09-14">
      <token_anchor id="121" />
      <token_anchor id="122" />
      <token_anchor id="123" />
    </TIMEX3>
    <TIMEX3 anchorTimeID="0" beginPoint="" comment="" endPoint="" freq="" functionInDocument="NONE" id="23" quant="" type="DATE" value="1989-10-26">
      <token_anchor id="125" />
    </TIMEX3>
    <TIMEX3 anchorTimeID="0" beginPoint="" comment="" endPoint="" freq="" functionInDocument="NONE" id="24" quant="" type="DATE" value="1989-10-27">
      <token_anchor id="141" />
    </TIMEX3>
    <EVENT aspect="NONE" certainty="" class="OCCURRENCE" comment="" factuality="" id="25" modality="NONE" polarity="POS" pos="VERB" tense="PAST">
      <token_anchor id="146" />
    </EVENT>
    <EVENT aspect="NONE" certainty="" class="OCCURRENCE" comment="" factuality="" id="26" modality="NONE" polarity="POS" pos="VERB" tense="PAST">
      <token_anchor id="157" />
    </EVENT>
    <EVENT aspect="NONE" certainty="" class="REPORTING" comment="" factuality="" id="27" modality="NONE" polarity="POS" pos="VERB" tense="PAST">
      <token_anchor id="178" />
    </EVENT>
    <EVENT aspect="NONE" certainty="" class="STATE" comment="" factuality="" id="28" modality="NONE" polarity="POS" pos="VERB" tense="PRESENT">
      <token_anchor id="181" />
    </EVENT>
    <EVENT aspect="NONE" certainty="" class="I_STATE" comment="" factuality="" id="29" modality="NONE" polarity="NEG" pos="NOUN" tense="NONE">
      <token_anchor id="183" />
    </EVENT>
    <EVENT aspect="NONE" certainty="" class="OCCURRENCE" comment="" factuality="" id="30" modality="NONE" polarity="POS" pos="NOUN" tense="NONE">
      <token_anchor id="187" />
    </EVENT>
    <TIMEX3 anchorTimeID="0" beginPoint="" comment="" endPoint="" freq="" functionInDocument="NONE" id="31" quant="" type="DATE" value="PAST_REF">
      <token_anchor id="191" />
    </TIMEX3>
    <EVENT aspect="NONE" certainty="" class="OCCURRENCE" comment="" factuality="" id="32" modality="NONE" polarity="POS" pos="VERB" tense="PAST">
      <token_anchor id="192" />
    </EVENT>
    <EVENT aspect="NONE" certainty="" class="REPORTING" comment="" factuality="" id="33" modality="NONE" polarity="POS" pos="VERB" tense="PAST">
      <token_anchor id="213" />
    </EVENT>
    <TIMEX3 anchorTimeID="0" beginPoint="" comment="" endPoint="" freq="" functionInDocument="NONE" id="34" quant="" type="DATE" value="1989-05">
      <token_anchor id="215" />
    </TIMEX3>
    <EVENT aspect="NONE" certainty="" class="I_ACTION" comment="" factuality="" id="35" modality="NONE" polarity="POS" pos="VERB" tense="PAST">
      <token_anchor id="219" />
    </EVENT>
    <EVENT aspect="NONE" certainty="" class="OCCURRENCE" comment="" factuality="" id="36" modality="NONE" polarity="POS" pos="NOUN" tense="NONE">
      <token_anchor id="223" />
    </EVENT>
    <EVENT aspect="NONE" certainty="" class="I_ACTION" comment="" factuality="" id="37" modality="NONE" polarity="POS" pos="VERB" tense="PAST">
      <token_anchor id="229" />
    </EVENT>
    <EVENT aspect="NONE" certainty="" class="OCCURRENCE" comment="" factuality="" id="38" modality="NONE" polarity="POS" pos="VERB" tense="INFINITIVE">
      <token_anchor id="231" />
    </EVENT>
    <TIMEX3 anchorTimeID="0" beginPoint="" comment="" endPoint="" freq="" functionInDocument="NONE" id="39" quant="" type="DATE" value="1990-02">
      <token_anchor id="242" />
    </TIMEX3>
    <EVENT aspect="NONE" certainty="" class="OCCURRENCE" comment="" factuality="" id="40" modality="NONE" polarity="POS" pos="VERB" tense="PAST">
      <token_anchor id="246" />
    </EVENT>
    <EVENT aspect="NONE" certainty="" class="OCCURRENCE" comment="" factuality="" id="41" modality="NONE" polarity="POS" pos="VERB" tense="PRESPART">
      <token_anchor id="257" />
    </EVENT>
    <EVENT aspect="NONE" certainty="" class="OCCURRENCE" comment="" factuality="" id="42" modality="NONE" polarity="POS" pos="VERB" tense="PRESPART">
      <token_anchor id="262" />
    </EVENT>
    <TIMEX3 anchorTimeID="0" beginPoint="" comment="" endPoint="" freq="" functionInDocument="NONE" id="43" quant="" type="DATE" value="1989-09">
      <token_anchor id="266" />
      <token_anchor id="267" />
    </TIMEX3>
    <EVENT aspect="NONE" certainty="" class="ASPECTUAL" comment="" factuality="" id="44" modality="NONE" polarity="POS" pos="VERB" tense="PAST">
      <token_anchor id="271" />
    </EVENT>
    <EVENT aspect="NONE" certainty="" class="OCCURRENCE" comment="" factuality="" id="45" modality="NONE" polarity="POS" pos="VERB" tense="PRESPART">
      <token_anchor id="272" />
    </EVENT>
    <TIMEX3 anchorTimeID="0" beginPoint="" comment="" endPoint="" freq="" functionInDocument="NONE" id="46" quant="" type="DATE" value="1989-07">
      <token_anchor id="278" />
    </TIMEX3>
    <EVENT aspect="NONE" certainty="" class="STATE" comment="" factuality="" id="47" modality="NONE" polarity="POS" pos="VERB" tense="PRESENT">
      <token_anchor id="281" />
    </EVENT>
    <EVENT aspect="NONE" certainty="" class="REPORTING" comment="" factuality="" id="48" modality="NONE" polarity="POS" pos="VERB" tense="PRESPART">
      <token_anchor id="285" />
    </EVENT>
    <TIMEX3 anchorTimeID="0" beginPoint="" comment="" endPoint="" freq="" functionInDocument="NONE" id="49" quant="" type="DATE" value="PAST_REF">
      <token_anchor id="288" />
    </TIMEX3>
    <EVENT aspect="PERFECTIVE" certainty="" class="OCCURRENCE" comment="" factuality="" id="50" modality="NONE" polarity="NEG" pos="VERB" tense="PRESENT">
      <token_anchor id="295" />
    </EVENT>
    <EVENT aspect="NONE" certainty="" class="I_ACTION" comment="" factuality="" id="51" modality="NONE" polarity="POS" pos="NOUN" tense="NONE">
      <token_anchor id="297" />
    </EVENT>
    <TIMEX3 anchorTimeID="0" beginPoint="" comment="" endPoint="" freq="" functionInDocument="NONE" id="52" quant="" type="DATE" value="1989-10">
      <token_anchor id="302" />
      <token_anchor id="303" />
      <token_anchor id="304" />
    </TIMEX3>
    <EVENT aspect="NONE" certainty="" class="OCCURRENCE" comment="" factuality="" id="53" modality="NONE" polarity="POS" pos="VERB" tense="PAST">
      <token_anchor id="308" />
    </EVENT>
    <EVENT aspect="NONE" certainty="" class="OCCURRENCE" comment="" factuality="" id="54" modality="NONE" polarity="POS" pos="VERB" tense="INFINITIVE">
      <token_anchor id="314" />
    </EVENT>
    <EVENT aspect="NONE" certainty="" class="OCCURRENCE" comment="" factuality="" id="55" modality="NONE" polarity="POS" pos="VERB" tense="FUTURE">
      <token_anchor id="350" />
    </EVENT>
    <EVENT aspect="NONE" certainty="" class="OCCURRENCE" comment="" factuality="" id="56" modality="NONE" polarity="POS" pos="NOUN" tense="NONE">
      <token_anchor id="358" />
    </EVENT>
    <EVENT aspect="NONE" certainty="" class="OCCURRENCE" comment="" factuality="" id="57" modality="NONE" polarity="POS" pos="NOUN" tense="NONE">
      <token_anchor id="361" />
    </EVENT>
    <TIMEX3 beginPoint="" comment="" endPoint="" freq="" functionInDocument="NONE" id="58" quant="" type="DURATION" value="P4Y">
      <token_anchor id="363" />
      <token_anchor id="364" />
      <token_anchor id="365" />
      <token_anchor id="366" />
    </TIMEX3>
    <TIMEX3 beginPoint="" comment="" endPoint="" freq="" functionInDocument="NONE" id="59" quant="" type="DURATION" value="P9M">
      <token_anchor id="377" />
      <token_anchor id="378" />
      <token_anchor id="379" />
    </TIMEX3>
    <EVENT aspect="NONE" certainty="" class="OCCURRENCE" comment="" factuality="" id="60" modality="NONE" polarity="POS" pos="VERB" tense="PAST">
      <token_anchor id="383" />
    </EVENT>
    <EVENT aspect="NONE" certainty="" class="OCCURRENCE" comment="" factuality="" id="61" modality="NONE" polarity="POS" pos="NOUN" tense="NONE">
      <token_anchor id="395" />
    </EVENT>
  </Markables>
  <Relations>
    <TLINK comment="" id="1" relType="BEFORE">
      <source id="1" />
      <target id="0" />
    </TLINK>
    <TLINK comment="" id="2" relType="IDENTITY">
      <source id="4" />
      <target id="5" />
    </TLINK>
    <TLINK comment="" id="3" relType="IDENTITY">
      <source id="5" />
      <target id="1" />
    </TLINK>
    <TLINK comment="" id="4" relType="IS_INCLUDED">
      <source id="5" />
      <target id="6" />
    </TLINK>
    <TLINK comment="" id="5" relType="IDENTITY">
      <source id="7" />
      <target id="6" />
    </TLINK>
    <TLINK comment="" id="6" relType="IDENTITY">
      <source id="8" />
      <target id="5" />
    </TLINK>
    <TLINK comment="" id="7" relType="IS_INCLUDED">
      <source id="8" />
      <target id="7" />
    </TLINK>
    <TLINK comment="" id="8" relType="IS_INCLUDED">
      <source id="10" />
      <target id="9" />
    </TLINK>
    <TLINK comment="" id="9" relType="BEGUN_BY">
      <source id="11" />
      <target id="12" />
    </TLINK>
    <TLINK comment="" id="10" relType="BEGUN_BY">
      <source id="11" />
      <target id="13" />
    </TLINK>
    <TLINK comment="" id="11" relType="IS_INCLUDED">
      <source id="16" />
      <target id="18" />
    </TLINK>
    <TLINK comment="" id="12" relType="AFTER">
      <source id="18" />
      <target id="8" />
    </TLINK>
    <TLINK comment="" id="13" relType="BEFORE">
      <source id="20" />
      <target id="19" />
    </TLINK>
    <TLINK comment="" id="14" relType="BEGUN_BY">
      <source id="21" />
      <target id="22" />
    </TLINK>
    <TLINK comment="" id="15" relType="ENDED_BY">
      <source id="21" />
      <target id="23" />
    </TLINK>
    <TLINK comment="" id="16" relType="IS_INCLUDED">
      <source id="25" />
      <target id="24" />
    </TLINK>
    <TLINK comment="" id="17" relType="SIMULTANEOUS">
      <source id="25" />
      <target id="26" />
    </TLINK>
    <TLINK comment="" id="18" relType="BEFORE">
      <source id="27" />
      <target id="0" />
    </TLINK>
    <TLINK comment="" id="19" relType="IDENTITY">
      <source id="28" />
      <target id="29" />
    </TLINK>
    <TLINK comment="" id="20" relType="IS_INCLUDED">
      <source id="32" />
      <target id="31" />
    </TLINK>
    <TLINK comment="" id="21" relType="IS_INCLUDED">
      <source id="33" />
      <target id="34" />
    </TLINK>
    <TLINK comment="" id="22" relType="SIMULTANEOUS">
      <source id="37" />
      <target id="35" />
    </TLINK>
    <TLINK comment="" id="23" relType="IS_INCLUDED">
      <source id="38" />
      <target id="39" />
    </TLINK>
    <TLINK comment="" id="24" relType="BEFORE">
      <source id="40" />
      <target id="41" />
    </TLINK>
    <TLINK comment="" id="25" relType="BEFORE">
      <source id="40" />
      <target id="42" />
    </TLINK>
    <TLINK comment="" id="26" relType="SIMULTANEOUS">
      <source id="41" />
      <target id="42" />
    </TLINK>
    <TLINK comment="" id="27" relType="IS_INCLUDED">
      <source id="42" />
      <target id="43" />
    </TLINK>
    <TLINK comment="" id="28" relType="IS_INCLUDED">
      <source id="44" />
      <target id="46" />
    </TLINK>
    <TLINK comment="" id="29" relType="BEGUN_BY">
      <source id="45" />
      <target id="46" />
    </TLINK>
    <TLINK comment="" id="30" relType="INCLUDES">
      <source id="47" />
      <target id="0" />
    </TLINK>
    <TLINK comment="" id="31" relType="IS_INCLUDED">
      <source id="48" />
      <target id="49" />
    </TLINK>
    <TLINK comment="" id="32" relType="BEFORE">
      <source id="50" />
      <target id="0" />
    </TLINK>
    <TLINK comment="" id="33" relType="IDENTITY">
      <source id="50" />
      <target id="51" />
    </TLINK>
    <TLINK comment="" id="34" relType="IS_INCLUDED">
      <source id="53" />
      <target id="52" />
    </TLINK>
    <TLINK comment="" id="35" relType="AFTER">
      <source id="55" />
      <target id="0" />
    </TLINK>
    <TLINK comment="" id="36" relType="BEFORE">
      <source id="55" />
      <target id="56" />
    </TLINK>
    <TLINK comment="" id="37" relType="AFTER">
      <source id="57" />
      <target id="55" />
    </TLINK>
    <TLINK comment="" id="38" relType="DURING">
      <source id="57" />
      <target id="58" />
    </TLINK>
    <TLINK comment="" id="39" relType="DURING">
      <source id="60" />
      <target id="59" />
    </TLINK>
    <TLINK comment="" id="40" relType="AFTER">
      <source id="60" />
      <target id="61" />
    </TLINK>
  </Relations>
  <token id="1" number="0" sentence="0">Crane</token>
  <token id="2" number="1" sentence="0">Co.</token>
  <token id="3" number="2" sentence="0">said</token>
  <token id="4" number="3" sentence="0">it</token>
  <token id="5" number="4" sentence="0">holds</token>
  <token id="6" number="5" sentence="0">an</token>
  <token id="7" number="6" sentence="0">8.9</token>
  <token id="8" number="7" sentence="0">%</token>
  <token id="9" number="8" sentence="0">stake</token>
  <token id="10" number="9" sentence="0">in</token>
  <token id="11" number="10" sentence="0">Milton</token>
  <token id="12" number="11" sentence="0">Roy</token>
  <token id="13" number="12" sentence="0">Corp.,</token>
  <token id="14" number="13" sentence="0">an</token>
  <token id="15" number="14" sentence="0">analytical-instruments</token>
  <token id="16" number="15" sentence="0">maker</token>
  <token id="17" number="16" sentence="0">,</token>
  <token id="18" number="17" sentence="0">and</token>
  <token id="19" number="18" sentence="0">may</token>
  <token id="20" number="19" sentence="0">seek</token>
  <token id="21" number="20" sentence="0">control</token>
  <token id="22" number="21" sentence="0">of</token>
  <token id="23" number="22" sentence="0">the</token>
  <token id="24" number="23" sentence="0">company</token>
  <token id="25" number="24" sentence="0">.</token>
  <token id="26" number="25" sentence="1">Crane</token>
  <token id="27" number="26" sentence="1">,</token>
  <token id="28" number="27" sentence="1">a</token>
  <token id="29" number="28" sentence="1">maker</token>
  <token id="30" number="29" sentence="1">of</token>
  <token id="31" number="30" sentence="1">engineered</token>
  <token id="32" number="31" sentence="1">products</token>
  <token id="33" number="32" sentence="1">for</token>
  <token id="34" number="33" sentence="1">aerospace</token>
  <token id="35" number="34" sentence="1">,</token>
  <token id="36" number="35" sentence="1">construction</token>
  <token id="37" number="36" sentence="1">,</token>
  <token id="38" number="37" sentence="1">defense</token>
  <token id="39" number="38" sentence="1">and</token>
  <token id="40" number="39" sentence="1">other</token>
  <token id="41" number="40" sentence="1">uses</token>
  <token id="42" number="41" sentence="1">,</token>
  <token id="43" number="42" sentence="1">made</token>
  <token id="44" number="43" sentence="1">the</token>
  <token id="45" number="44" sentence="1">disclosure</token>
  <token id="46" number="45" sentence="1">in</token>
  <token id="47" number="46" sentence="1">a</token>
  <token id="48" number="47" sentence="1">Securities</token>
  <token id="49" number="48" sentence="1">and</token>
  <token id="50" number="49" sentence="1">Exchange</token>
  <token id="51" number="50" sentence="1">Commission</token>
  <token id="52" number="51" sentence="1">filing</token>
  <token id="53" number="52" sentence="1">.</token>
  <token id="54" number="53" sentence="2">In</token>
  <token id="55" number="54" sentence="2">the</token>
  <token id="56" number="55" sentence="2">filing</token>
  <token id="57" number="56" sentence="2">,</token>
  <token id="58" number="57" sentence="2">Crane</token>
  <token id="59" number="58" sentence="2">said</token>
  <token id="60" number="59" sentence="2">that</token>
  <token id="61" number="60" sentence="2">in</token>
  <token id="62" number="61" sentence="2">the</token>
  <token id="63" number="62" sentence="2">past</token>
  <token id="64" number="63" sentence="2">it</token>
  <token id="65" number="64" sentence="2">considered</token>
  <token id="66" number="65" sentence="2">seeking</token>
  <token id="67" number="66" sentence="2">control</token>
  <token id="68" number="67" sentence="2">of</token>
  <token id="69" number="68" sentence="2">Milton</token>
  <token id="70" number="69" sentence="2">Roy</token>
  <token id="71" number="70" sentence="2">,</token>
  <token id="72" number="71" sentence="2">of</token>
  <token id="73" number="72" sentence="2">St.</token>
  <token id="74" number="73" sentence="2">Petersburg</token>
  <token id="75" number="74" sentence="2">,</token>
  <token id="76" number="75" sentence="2">Fla</token>
  <token id="77" number="76" sentence="2">.</token>
  <token id="78" number="77" sentence="2">,</token>
  <token id="79" number="78" sentence="2">through</token>
  <token id="80" number="79" sentence="2">a</token>
  <token id="81" number="80" sentence="2">merger</token>
  <token id="82" number="81" sentence="2">or</token>
  <token id="83" number="82" sentence="2">tender</token>
  <token id="84" number="83" sentence="2">offer</token>
  <token id="85" number="84" sentence="2">and</token>
  <token id="86" number="85" sentence="2">that</token>
  <token id="87" number="86" sentence="2">it</token>
  <token id="88" number="87" sentence="2">expects</token>
  <token id="89" number="88" sentence="2">to</token>
  <token id="90" number="89" sentence="2">continue</token>
  <token id="91" number="90" sentence="2">to</token>
  <token id="92" number="91" sentence="2">evaluate</token>
  <token id="93" number="92" sentence="2">an</token>
  <token id="94" number="93" sentence="2">acquisition</token>
  <token id="95" number="94" sentence="2">from</token>
  <token id="96" number="95" sentence="2">time</token>
  <token id="97" number="96" sentence="2">to</token>
  <token id="98" number="97" sentence="2">time</token>
  <token id="99" number="98" sentence="2">.</token>
  <token id="100" number="99" sentence="3">Crane</token>
  <token id="101" number="100" sentence="3">officials</token>
  <token id="102" number="101" sentence="3">did</token>
  <token id="103" number="102" sentence="3">n't</token>
  <token id="104" number="103" sentence="3">return</token>
  <token id="105" number="104" sentence="3">phone</token>
  <token id="106" number="105" sentence="3">calls</token>
  <token id="107" number="106" sentence="3">seeking</token>
  <token id="108" number="107" sentence="3">comment</token>
  <token id="109" number="108" sentence="3">.</token>
  <token id="110" number="109" sentence="4">Crane</token>
  <token id="111" number="110" sentence="4">holds</token>
  <token id="112" number="111" sentence="4">504,200</token>
  <token id="113" number="112" sentence="4">Milton</token>
  <token id="114" number="113" sentence="4">Roy</token>
  <token id="115" number="114" sentence="4">shares</token>
  <token id="116" number="115" sentence="4">,</token>
  <token id="117" number="116" sentence="4">including</token>
  <token id="118" number="117" sentence="4">254,200</token>
  <token id="119" number="118" sentence="4">bought</token>
  <token id="120" number="119" sentence="4">from</token>
  <token id="121" number="120" sentence="4">Sept</token>
  <token id="122" number="121" sentence="4">.</token>
  <token id="123" number="122" sentence="4">14</token>
  <token id="124" number="123" sentence="4">to</token>
  <token id="125" number="124" sentence="4">Thursday</token>
  <token id="126" number="125" sentence="4">for</token>
  <token id="127" number="126" sentence="4">$</token>
  <token id="128" number="127" sentence="4">15.50</token>
  <token id="129" number="128" sentence="4">to</token>
  <token id="130" number="129" sentence="4">$</token>
  <token id="131" number="130" sentence="4">16.75</token>
  <token id="132" number="131" sentence="4">each</token>
  <token id="133" number="132" sentence="4">.</token>
  <token id="134" number="133" sentence="5">In</token>
  <token id="135" number="134" sentence="5">New</token>
  <token id="136" number="135" sentence="5">York</token>
  <token id="137" number="136" sentence="5">Stock</token>
  <token id="138" number="137" sentence="5">Exchange</token>
  <token id="139" number="138" sentence="5">composite</token>
  <token id="140" number="139" sentence="5">trading</token>
  <token id="141" number="140" sentence="5">Friday</token>
  <token id="142" number="141" sentence="5">,</token>
  <token id="143" number="142" sentence="5">Milton</token>
  <token id="144" number="143" sentence="5">Roy</token>
  <token id="145" number="144" sentence="5">shares</token>
  <token id="146" number="145" sentence="5">leaped</token>
  <token id="147" number="146" sentence="5">$</token>
  <token id="148" number="147" sentence="5">2</token>
  <token id="149" number="148" sentence="5">,</token>
  <token id="150" number="149" sentence="5">to</token>
  <token id="151" number="150" sentence="5">$</token>
  <token id="152" number="151" sentence="5">18.375</token>
  <token id="153" number="152" sentence="5">each</token>
  <token id="154" number="153" sentence="5">,</token>
  <token id="155" number="154" sentence="5">while</token>
  <token id="156" number="155" sentence="5">Crane</token>
  <token id="157" number="156" sentence="5">sank</token>
  <token id="158" number="157" sentence="5">$</token>
  <token id="159" number="158" sentence="5">1.125</token>
  <token id="160" number="159" sentence="5">,</token>
  <token id="161" number="160" sentence="5">to</token>
  <token id="162" number="161" sentence="5">$</token>
  <token id="163" number="162" sentence="5">21.125</token>
  <token id="164" number="163" sentence="5">a</token>
  <token id="165" number="164" sentence="5">share</token>
  <token id="166" number="165" sentence="5">.</token>
  <token id="167" number="166" sentence="6">John</token>
  <token id="168" number="167" sentence="6">M.</token>
  <token id="169" number="168" sentence="6">McNamara</token>
  <token id="170" number="169" sentence="6">,</token>
  <token id="171" number="170" sentence="6">chief</token>
  <token id="172" number="171" sentence="6">financial</token>
  <token id="173" number="172" sentence="6">officer</token>
  <token id="174" number="173" sentence="6">of</token>
  <token id="175" number="174" sentence="6">Milton</token>
  <token id="176" number="175" sentence="6">Roy</token>
  <token id="177" number="176" sentence="6">,</token>
  <token id="178" number="177" sentence="6">said</token>
  <token id="179" number="178" sentence="6">the</token>
  <token id="180" number="179" sentence="6">company</token>
  <token id="181" number="180" sentence="6">has</token>
  <token id="182" number="181" sentence="6">no</token>
  <token id="183" number="182" sentence="6">comment</token>
  <token id="184" number="183" sentence="6">on</token>
  <token id="185" number="184" sentence="6">Crane</token>
  <token id="186" number="185" sentence="6">'s</token>
  <token id="187" number="186" sentence="6">filing</token>
  <token id="188" number="187" sentence="6">.</token>
  <token id="189" number="188" sentence="7">Milton</token>
  <token id="190" number="189" sentence="7">Roy</token>
  <token id="191" number="190" sentence="7">recently</token>
  <token id="192" number="191" sentence="7">fended</token>
  <token id="193" number="192" sentence="7">off</token>
  <token id="194" number="193" sentence="7">unsolicited</token>
  <token id="195" number="194" sentence="7">overtures</token>
  <token id="196" number="195" sentence="7">from</token>
  <token id="197" number="196" sentence="7">Thermo</token>
  <token id="198" number="197" sentence="7">Electron</token>
  <token id="199" number="198" sentence="7">Corp.,</token>
  <token id="200" number="199" sentence="7">a</token>
  <token id="201" number="200" sentence="7">Waltham</token>
  <token id="202" number="201" sentence="7">,</token>
  <token id="203" number="202" sentence="7">Mass</token>
  <token id="204" number="203" sentence="7">.</token>
  <token id="205" number="204" sentence="7">,</token>
  <token id="206" number="205" sentence="7">maker</token>
  <token id="207" number="206" sentence="7">of</token>
  <token id="208" number="207" sentence="7">biomedical</token>
  <token id="209" number="208" sentence="7">products</token>
  <token id="210" number="209" sentence="7">.</token>
  <token id="211" number="210" sentence="8">Milton</token>
  <token id="212" number="211" sentence="8">Roy</token>
  <token id="213" number="212" sentence="8">disclosed</token>
  <token id="214" number="213" sentence="8">in</token>
  <token id="215" number="214" sentence="8">May</token>
  <token id="216" number="215" sentence="8">that</token>
  <token id="217" number="216" sentence="8">it</token>
  <token id="218" number="217" sentence="8">was</token>
  <token id="219" number="218" sentence="8">approached</token>
  <token id="220" number="219" sentence="8">for</token>
  <token id="221" number="220" sentence="8">a</token>
  <token id="222" number="221" sentence="8">possible</token>
  <token id="223" number="222" sentence="8">acquisition</token>
  <token id="224" number="223" sentence="8">by</token>
  <token id="225" number="224" sentence="8">Thermo</token>
  <token id="226" number="225" sentence="8">Electron</token>
  <token id="227" number="226" sentence="8">,</token>
  <token id="228" number="227" sentence="8">which</token>
  <token id="229" number="228" sentence="8">agreed</token>
  <token id="230" number="229" sentence="8">to</token>
  <token id="231" number="230" sentence="8">purchase</token>
  <token id="232" number="231" sentence="8">Milton</token>
  <token id="233" number="232" sentence="8">Roy</token>
  <token id="234" number="233" sentence="8">'s</token>
  <token id="235" number="234" sentence="8">liquid-chromatography</token>
  <token id="236" number="235" sentence="8">line</token>
  <token id="237" number="236" sentence="8">for</token>
  <token id="238" number="237" sentence="8">$</token>
  <token id="239" number="238" sentence="8">22</token>
  <token id="240" number="239" sentence="8">million</token>
  <token id="241" number="240" sentence="8">in</token>
  <token id="242" number="241" sentence="8">February</token>
  <token id="243" number="242" sentence="8">.</token>
  <token id="244" number="243" sentence="9">Thermo</token>
  <token id="245" number="244" sentence="9">Electron</token>
  <token id="246" number="245" sentence="9">acquired</token>
  <token id="247" number="246" sentence="9">some</token>
  <token id="248" number="247" sentence="9">6</token>
  <token id="249" number="248" sentence="9">%</token>
  <token id="250" number="249" sentence="9">of</token>
  <token id="251" number="250" sentence="9">Milton</token>
  <token id="252" number="251" sentence="9">Roy</token>
  <token id="253" number="252" sentence="9">'s</token>
  <token id="254" number="253" sentence="9">common</token>
  <token id="255" number="254" sentence="9">stock</token>
  <token id="256" number="255" sentence="9">before</token>
  <token id="257" number="256" sentence="9">throwing</token>
  <token id="258" number="257" sentence="9">in</token>
  <token id="259" number="258" sentence="9">the</token>
  <token id="260" number="259" sentence="9">towel</token>
  <token id="261" number="260" sentence="9">and</token>
  <token id="262" number="261" sentence="9">reducing</token>
  <token id="263" number="262" sentence="9">its</token>
  <token id="264" number="263" sentence="9">stake</token>
  <token id="265" number="264" sentence="9">in</token>
  <token id="266" number="265" sentence="9">early</token>
  <token id="267" number="266" sentence="9">September</token>
  <token id="268" number="267" sentence="9">.</token>
  <token id="269" number="268" sentence="10">Gabelli</token>
  <token id="270" number="269" sentence="10">Group</token>
  <token id="271" number="270" sentence="10">began</token>
  <token id="272" number="271" sentence="10">raising</token>
  <token id="273" number="272" sentence="10">its</token>
  <token id="274" number="273" sentence="10">Milton</token>
  <token id="275" number="274" sentence="10">Roy</token>
  <token id="276" number="275" sentence="10">stake</token>
  <token id="277" number="276" sentence="10">in</token>
  <token id="278" number="277" sentence="10">July</token>
  <token id="279" number="278" sentence="10">,</token>
  <token id="280" number="279" sentence="10">and</token>
  <token id="281" number="280" sentence="10">holds</token>
  <token id="282" number="281" sentence="10">14.6</token>
  <token id="283" number="282" sentence="10">%</token>
  <token id="284" number="283" sentence="10">,</token>
  <token id="285" number="284" sentence="10">according</token>
  <token id="286" number="285" sentence="10">to</token>
  <token id="287" number="286" sentence="10">a</token>
  <token id="288" number="287" sentence="10">recent</token>
  <token id="289" number="288" sentence="10">SEC</token>
  <token id="290" number="289" sentence="10">filing</token>
  <token id="291" number="290" sentence="10">.</token>
  <token id="292" number="291" sentence="11">It</token>
  <token id="293" number="292" sentence="11">has</token>
  <token id="294" number="293" sentence="11">n't</token>
  <token id="295" number="294" sentence="11">made</token>
  <token id="296" number="295" sentence="11">merger</token>
  <token id="297" number="296" sentence="11">overtures</token>
  <token id="298" number="297" sentence="11">to</token>
  <token id="299" number="298" sentence="11">the</token>
  <token id="300" number="299" sentence="11">board</token>
  <token id="301" number="300" sentence="11">.</token>
  <token id="302" number="301" sentence="12">Earlier</token>
  <token id="303" number="302" sentence="12">this</token>
  <token id="304" number="303" sentence="12">month</token>
  <token id="305" number="304" sentence="12">,</token>
  <token id="306" number="305" sentence="12">Milton</token>
  <token id="307" number="306" sentence="12">Roy</token>
  <token id="308" number="307" sentence="12">signed</token>
  <token id="309" number="308" sentence="12">a</token>
  <token id="310" number="309" sentence="12">letter</token>
  <token id="311" number="310" sentence="12">of</token>
  <token id="312" number="311" sentence="12">intent</token>
  <token id="313" number="312" sentence="12">to</token>
  <token id="314" number="313" sentence="12">acquire</token>
  <token id="315" number="314" sentence="12">Automated</token>
  <token id="316" number="315" sentence="12">Custom</token>
  <token id="317" number="316" sentence="12">Systems</token>
  <token id="318" number="317" sentence="12">Inc.,</token>
  <token id="319" number="318" sentence="12">Orange</token>
  <token id="320" number="319" sentence="12">,</token>
  <token id="321" number="320" sentence="12">Calif</token>
  <token id="322" number="321" sentence="12">.</token>
  <token id="323" number="322" sentence="12">,</token>
  <token id="324" number="323" sentence="12">and</token>
  <token id="325" number="324" sentence="12">its</token>
  <token id="326" number="325" sentence="12">sister</token>
  <token id="327" number="326" sentence="12">operation</token>
  <token id="328" number="327" sentence="12">,</token>
  <token id="329" number="328" sentence="12">Environmental</token>
  <token id="330" number="329" sentence="12">Testing</token>
  <token id="331" number="330" sentence="12">Co.,</token>
  <token id="332" number="331" sentence="12">in</token>
  <token id="333" number="332" sentence="12">Aurora</token>
  <token id="334" number="333" sentence="12">,</token>
  <token id="335" number="334" sentence="12">Colo</token>
  <token id="336" number="335" sentence="12">.</token>
  <token id="337" number="336" sentence="13">The</token>
  <token id="338" number="337" sentence="13">companies</token>
  <token id="339" number="338" sentence="13">are</token>
  <token id="340" number="339" sentence="13">automotive-emissions-testing</token>
  <token id="341" number="340" sentence="13">concerns</token>
  <token id="342" number="341" sentence="13">.</token>
  <token id="343" number="342" sentence="14">Under</token>
  <token id="344" number="343" sentence="14">the</token>
  <token id="345" number="344" sentence="14">terms</token>
  <token id="346" number="345" sentence="14">,</token>
  <token id="347" number="346" sentence="14">Milton</token>
  <token id="348" number="347" sentence="14">Roy</token>
  <token id="349" number="348" sentence="14">will</token>
  <token id="350" number="349" sentence="14">pay</token>
  <token id="351" number="350" sentence="14">an</token>
  <token id="352" number="351" sentence="14">initial</token>
  <token id="353" number="352" sentence="14">$</token>
  <token id="354" number="353" sentence="14">4</token>
  <token id="355" number="354" sentence="14">million</token>
  <token id="356" number="355" sentence="14">for</token>
  <token id="357" number="356" sentence="14">the</token>
  <token id="358" number="357" sentence="14">operations</token>
  <token id="359" number="358" sentence="14">and</token>
  <token id="360" number="359" sentence="14">additional</token>
  <token id="361" number="360" sentence="14">payments</token>
  <token id="362" number="361" sentence="14">during</token>
  <token id="363" number="362" sentence="14">the</token>
  <token id="364" number="363" sentence="14">next</token>
  <token id="365" number="364" sentence="14">four</token>
  <token id="366" number="365" sentence="14">years</token>
  <token id="367" number="366" sentence="14">based</token>
  <token id="368" number="367" sentence="14">on</token>
  <token id="369" number="368" sentence="14">the</token>
  <token id="370" number="369" sentence="14">earnings</token>
  <token id="371" number="370" sentence="14">performance</token>
  <token id="372" number="371" sentence="14">of</token>
  <token id="373" number="372" sentence="14">the</token>
  <token id="374" number="373" sentence="14">businesses</token>
  <token id="375" number="374" sentence="14">.</token>
  <token id="376" number="375" sentence="15">In</token>
  <token id="377" number="376" sentence="15">the</token>
  <token id="378" number="377" sentence="15">nine</token>
  <token id="379" number="378" sentence="15">months</token>
  <token id="380" number="379" sentence="15">,</token>
  <token id="381" number="380" sentence="15">Milton</token>
  <token id="382" number="381" sentence="15">Roy</token>
  <token id="383" number="382" sentence="15">earned</token>
  <token id="384" number="383" sentence="15">$</token>
  <token id="385" number="384" sentence="15">6.6</token>
  <token id="386" number="385" sentence="15">million</token>
  <token id="387" number="386" sentence="15">,</token>
  <token id="388" number="387" sentence="15">or</token>
  <token id="389" number="388" sentence="15">$</token>
  <token id="390" number="389" sentence="15">1.18</token>
  <token id="391" number="390" sentence="15">a</token>
  <token id="392" number="391" sentence="15">share</token>
  <token id="393" number="392" sentence="15">,</token>
  <token id="394" number="393" sentence="15">on</token>
  <token id="395" number="394" sentence="15">sales</token>
  <token id="396" number="395" sentence="15">of</token>
  <token id="397" number="396" sentence="15">$</token>
  <token id="398" number="397" sentence="15">94.3</token>
  <token id="399" number="398" sentence="15">million</token>
  <token id="400" number="399" sentence="15">.</token>
</Document>
