<Document doc_name="wsj_0376">
  <Markables>
    <TIMEX3 RELATED_TO="" TAG_DESCRIPTOR="Empty_Mark" beginPoint="" comment="" endPoint="" freq="" functionInDocument="CREATION_TIME" id="0" quant="" type="DATE" value="1989-10-31" />
    <EVENT aspect="NONE" certainty="" class="I_ACTION" comment="" factuality="" id="1" modality="NONE" polarity="POS" pos="VERB" tense="PAST">
      <token_anchor id="3" />
    </EVENT>
    <EVENT aspect="NONE" certainty="" class="I_STATE" comment="" factuality="" id="2" modality="NONE" polarity="POS" pos="NOUN" tense="NONE">
      <token_anchor id="4" />
    </EVENT>
    <EVENT aspect="NONE" certainty="" class="OCCURRENCE" comment="" factuality="" id="3" modality="NONE" polarity="POS" pos="VERB" tense="INFINITIVE">
      <token_anchor id="6" />
    </EVENT>
    <EVENT aspect="NONE" certainty="" class="OCCURRENCE" comment="" factuality="" id="4" modality="NONE" polarity="POS" pos="NOUN" tense="NONE">
      <token_anchor id="16" />
    </EVENT>
    <EVENT aspect="NONE" certainty="" class="OCCURRENCE" comment="" factuality="" id="5" modality="NONE" polarity="POS" pos="VERB" tense="INFINITIVE">
      <token_anchor id="18" />
    </EVENT>
    <EVENT aspect="NONE" certainty="" class="OCCURRENCE" comment="" factuality="" id="6" modality="would" polarity="POS" pos="VERB" tense="NONE">
      <token_anchor id="37" />
    </EVENT>
    <EVENT aspect="NONE" certainty="" class="REPORTING" comment="" factuality="" id="7" modality="NONE" polarity="POS" pos="VERB" tense="PAST">
      <token_anchor id="64" />
    </EVENT>
    <EVENT aspect="NONE" certainty="" class="OCCURRENCE" comment="" factuality="" id="8" modality="none" polarity="POS" pos="NOUN" tense="NONE">
      <token_anchor id="67" />
    </EVENT>
    <TIMEX3 anchorTimeID="0" beginPoint="" comment="" endPoint="" freq="" functionInDocument="NONE" id="9" quant="" type="DATE" value="1990-Q1">
      <token_anchor id="85" />
      <token_anchor id="86" />
      <token_anchor id="87" />
      <token_anchor id="88" />
      <token_anchor id="89" />
    </TIMEX3>
    <EVENT aspect="NONE" certainty="" class="OCCURRENCE" comment="" factuality="" id="10" modality="NONE" polarity="POS" pos="VERB" tense="PAST">
      <token_anchor id="92" />
    </EVENT>
    <EVENT aspect="NONE" certainty="" class="OCCURRENCE" comment="" factuality="" id="11" modality="NONE" polarity="POS" pos="NOUN" tense="NONE">
      <token_anchor id="94" />
    </EVENT>
    <EVENT aspect="NONE" certainty="" class="OCCURRENCE" comment="" factuality="" id="12" modality="NONE" polarity="POS" pos="VERB" tense="PAST">
      <token_anchor id="99" />
    </EVENT>
    <EVENT aspect="NONE" certainty="" class="OCCURRENCE" comment="" factuality="" id="13" modality="NONE" polarity="POS" pos="NOUN" tense="NONE">
      <token_anchor id="118" />
    </EVENT>
    <EVENT aspect="NONE" certainty="" class="OCCURRENCE" comment="" factuality="" id="14" modality="NONE" polarity="POS" pos="NOUN" tense="NONE">
      <token_anchor id="120" />
    </EVENT>
    <EVENT aspect="NONE" certainty="" class="OCCURRENCE" comment="" factuality="" id="15" modality="NONE" polarity="POS" pos="NOUN" tense="NONE">
      <token_anchor id="137" />
    </EVENT>
    <EVENT aspect="NONE" certainty="" class="I_STATE" comment="" factuality="" id="16" modality="NONE" polarity="POS" pos="NOUN" tense="NONE">
      <token_anchor id="156" />
    </EVENT>
    <EVENT aspect="NONE" certainty="" class="OCCURRENCE" comment="" factuality="" id="17" modality="NONE" polarity="POS" pos="VERB" tense="INFINITIVE">
      <token_anchor id="158" />
    </EVENT>
    <EVENT aspect="NONE" certainty="" class="I_ACTION" comment="" factuality="" id="18" modality="NONE" polarity="POS" pos="VERB" tense="INFINITIVE">
      <token_anchor id="167" />
    </EVENT>
    <EVENT aspect="NONE" certainty="" class="OCCURRENCE" comment="" factuality="" id="19" modality="NONE" polarity="POS" pos="VERB" tense="INFINITIVE">
      <token_anchor id="168" />
    </EVENT>
    <EVENT aspect="NONE" certainty="" class="STATE" comment="" factuality="" id="20" modality="NONE" polarity="POS" pos="VERB" tense="PAST">
      <token_anchor id="187" />
    </EVENT>
    <EVENT aspect="NONE" certainty="" class="STATE" comment="" factuality="" id="21" modality="NONE" polarity="POS" pos="NOUN" tense="NONE">
      <token_anchor id="189" />
    </EVENT>
    <TIMEX3 beginPoint="" comment="" endPoint="" freq="" functionInDocument="NONE" id="22" quant="" type="DURATION" value="P1Y">
      <token_anchor id="201" />
      <token_anchor id="202" />
    </TIMEX3>
    <TIMEX3 anchorTimeID="0" beginPoint="" comment="" endPoint="" freq="" functionInDocument="NONE" id="23" quant="" type="DATE" value="1989-03-31">
      <token_anchor id="204" />
      <token_anchor id="205" />
    </TIMEX3>
    <EVENT aspect="PERFECTIVE" certainty="" class="REPORTING" comment="" factuality="" id="24" modality="NONE" polarity="POS" pos="VERB" tense="PRESENT">
      <token_anchor id="210" />
    </EVENT>
    <EVENT aspect="NONE" certainty="" class="OCCURRENCE" comment="" factuality="" id="25" modality="NONE" polarity="POS" pos="NOUN" tense="NONE">
      <token_anchor id="213" />
    </EVENT>
    <EVENT aspect="NONE" certainty="" class="OCCURRENCE" comment="" factuality="" id="26" modality="could" polarity="POS" pos="VERB" tense="NONE">
      <token_anchor id="215" />
    </EVENT>
    <C-SIGNAL id="27">
      <token_anchor id="227" />
    </C-SIGNAL>
    <EVENT aspect="NONE" certainty="" class="OCCURRENCE" comment="" factuality="" id="28" modality="NONE" polarity="POS" pos="VERB" tense="FUTURE">
      <token_anchor id="233" />
    </EVENT>
    <EVENT aspect="NONE" certainty="" class="STATE" comment="" factuality="" id="29" modality="NONE" polarity="POS" pos="VERB" tense="PASTPART">
      <token_anchor id="242" />
    </EVENT>
    <EVENT aspect="NONE" certainty="" class="REPORTING" comment="" factuality="" id="30" modality="NONE" polarity="POS" pos="VERB" tense="PAST">
      <token_anchor id="248" />
    </EVENT>
    <EVENT aspect="NONE" certainty="" class="OCCURRENCE" comment="" factuality="" id="31" modality="NONE" polarity="POS" pos="NOUN" tense="NONE">
      <token_anchor id="250" />
    </EVENT>
    <EVENT aspect="NONE" certainty="" class="STATE" comment="" factuality="" id="32" modality="NONE" polarity="POS" pos="ADJECTIVE" tense="NONE">
      <token_anchor id="252" />
    </EVENT>
    <C-SIGNAL id="33">
      <token_anchor id="253" />
    </C-SIGNAL>
    <EVENT aspect="NONE" certainty="" class="I_STATE" comment="" factuality="" id="34" modality="NONE" polarity="POS" pos="VERB" tense="FUTURE">
      <token_anchor id="256" />
    </EVENT>
    <EVENT aspect="NONE" certainty="" class="OCCURRENCE" comment="" factuality="" id="35" modality="NONE" polarity="POS" pos="VERB" tense="INFINITIVE">
      <token_anchor id="264" />
    </EVENT>
    <EVENT aspect="PERFECTIVE" certainty="" class="STATE" comment="" factuality="" id="36" modality="NONE" polarity="POS" pos="PREPOSITION" tense="PRESENT">
      <token_anchor id="274" />
    </EVENT>
    <EVENT aspect="NONE" certainty="" class="OCCURRENCE" comment="" factuality="" id="37" modality="NONE" polarity="POS" pos="VERB" tense="INFINITIVE">
      <token_anchor id="277" />
    </EVENT>
    <C-SIGNAL id="38">
      <token_anchor id="280" />
    </C-SIGNAL>
    <EVENT aspect="NONE" certainty="" class="OCCURRENCE" comment="" factuality="" id="39" modality="NONE" polarity="POS" pos="VERB" tense="PAST">
      <token_anchor id="290" />
    </EVENT>
    <TIMEX3 anchorTimeID="0" beginPoint="" comment="" endPoint="" freq="" functionInDocument="NONE" id="40" quant="" type="DATE" value="1988">
      <token_anchor id="294" />
      <token_anchor id="295" />
    </TIMEX3>
    <EVENT aspect="PERFECTIVE" certainty="" class="OCCURRENCE" comment="" factuality="" id="41" modality="NONE" polarity="POS" pos="VERB" tense="PRESENT">
      <token_anchor id="302" />
    </EVENT>
    <EVENT aspect="PROGRESSIVE" certainty="" class="OCCURRENCE" comment="" factuality="" id="42" modality="NONE" polarity="POS" pos="VERB" tense="PRESENT">
      <token_anchor id="308" />
    </EVENT>
    <EVENT aspect="NONE" certainty="" class="ASPECTUAL" comment="" factuality="" id="43" modality="NONE" polarity="POS" pos="VERB" tense="INFINITIVE">
      <token_anchor id="310" />
    </EVENT>
    <EVENT aspect="PROGRESSIVE" certainty="" class="OCCURRENCE" comment="" factuality="" id="44" modality="NONE" polarity="POS" pos="VERB" tense="PRESENT">
      <token_anchor id="325" />
    </EVENT>
    <EVENT aspect="NONE" certainty="" class="REPORTING" comment="" factuality="" id="45" modality="NONE" polarity="POS" pos="VERB" tense="PAST">
      <token_anchor id="333" />
    </EVENT>
    <EVENT aspect="NONE" certainty="" class="STATE" comment="" factuality="" id="46" modality="NONE" polarity="POS" pos="VERB" tense="FUTURE">
      <token_anchor id="407" />
    </EVENT>
  </Markables>
  <Relations>
    <TLINK comment="" id="1" relType="BEFORE">
      <source id="1" />
      <target id="0" />
    </TLINK>
    <TLINK comment="" id="2" relType="IS_INCLUDED">
      <source id="3" />
      <target id="4" />
    </TLINK>
    <TLINK comment="" id="3" relType="AFTER">
      <source id="7" />
      <target id="1" />
    </TLINK>
    <TLINK comment="" id="4" relType="IS_INCLUDED">
      <source id="8" />
      <target id="9" />
    </TLINK>
    <TLINK comment="" id="5" relType="BEFORE">
      <source id="10" />
      <target id="0" />
    </TLINK>
    <TLINK comment="" id="6" relType="AFTER">
      <source id="12" />
      <target id="1" />
    </TLINK>
    <TLINK comment="" id="7" relType="IDENTITY">
      <source id="13" />
      <target id="3" />
    </TLINK>
    <CLINK comment="" id="8">
      <source id="13" />
      <target id="14" />
    </CLINK>
    <TLINK comment="" id="9" relType="IDENTITY">
      <source id="15" />
      <target id="4" />
    </TLINK>
    <TLINK comment="" id="10" relType="SIMULTANEOUS">
      <source id="16" />
      <target id="2" />
    </TLINK>
    <CLINK comment="" id="11">
      <source id="17" />
      <target id="19" />
    </CLINK>
    <TLINK comment="" id="12" relType="BEFORE">
      <source id="20" />
      <target id="0" />
    </TLINK>
    <TLINK comment="" id="13" relType="IDENTITY">
      <source id="20" />
      <target id="21" />
    </TLINK>
    <TLINK comment="" id="14" relType="DURING">
      <source id="20" />
      <target id="22" />
    </TLINK>
    <TLINK comment="" id="15" relType="ENDED_BY">
      <source id="20" />
      <target id="23" />
    </TLINK>
    <TLINK comment="" id="16" relType="BEFORE">
      <source id="24" />
      <target id="0" />
    </TLINK>
    <TLINK comment="" id="17" relType="BEFORE">
      <source id="25" />
      <target id="26" />
    </TLINK>
    <TLINK comment="" id="18" relType="AFTER">
      <source id="28" />
      <target id="25" />
    </TLINK>
    <TLINK comment="" id="19" relType="BEFORE">
      <source id="28" />
      <target id="26" />
    </TLINK>
    <CLINK c-signalID="27" comment="" id="20">
      <source id="28" />
      <target id="26" />
    </CLINK>
    <TLINK comment="" id="21" relType="BEFORE">
      <source id="30" />
      <target id="0" />
    </TLINK>
    <TLINK comment="" id="22" relType="SIMULTANEOUS">
      <source id="31" />
      <target id="25" />
    </TLINK>
    <TLINK comment="" id="23" relType="IDENTITY">
      <source id="31" />
      <target id="34" />
    </TLINK>
    <TLINK comment="" id="24" relType="BEFORE">
      <source id="34" />
      <target id="35" />
    </TLINK>
    <CLINK c-signalID="33" comment="" id="25">
      <source id="34" />
      <target id="32" />
    </CLINK>
    <TLINK comment="" id="26" relType="BEFORE">
      <source id="36" />
      <target id="0" />
    </TLINK>
    <TLINK comment="" id="27" relType="IS_INCLUDED">
      <source id="39" />
      <target id="40" />
    </TLINK>
    <CLINK comment="" id="28">
      <source id="39" />
      <target id="37" />
    </CLINK>
    <TLINK comment="" id="29" relType="BEGUN_BY">
      <source id="41" />
      <target id="39" />
    </TLINK>
    <TLINK comment="" id="30" relType="SIMULTANEOUS">
      <source id="42" />
      <target id="41" />
    </TLINK>
    <TLINK comment="" id="31" relType="BEFORE">
      <source id="45" />
      <target id="0" />
    </TLINK>
    <TLINK comment="" id="32" relType="INCLUDES">
      <source id="46" />
      <target id="0" />
    </TLINK>
  </Relations>
  <token id="1" number="0" sentence="0">Courtaulds</token>
  <token id="2" number="1" sentence="0">PLC</token>
  <token id="3" number="2" sentence="0">announced</token>
  <token id="4" number="3" sentence="0">plans</token>
  <token id="5" number="4" sentence="0">to</token>
  <token id="6" number="5" sentence="0">spin</token>
  <token id="7" number="6" sentence="0">off</token>
  <token id="8" number="7" sentence="0">its</token>
  <token id="9" number="8" sentence="0">textiles</token>
  <token id="10" number="9" sentence="0">operations</token>
  <token id="11" number="10" sentence="0">to</token>
  <token id="12" number="11" sentence="0">existing</token>
  <token id="13" number="12" sentence="0">shareholders</token>
  <token id="14" number="13" sentence="0">in</token>
  <token id="15" number="14" sentence="0">a</token>
  <token id="16" number="15" sentence="0">restructuring</token>
  <token id="17" number="16" sentence="0">to</token>
  <token id="18" number="17" sentence="0">boost</token>
  <token id="19" number="18" sentence="0">shareholder</token>
  <token id="20" number="19" sentence="0">value</token>
  <token id="21" number="20" sentence="0">.</token>
  <token id="22" number="21" sentence="1">The</token>
  <token id="23" number="22" sentence="1">British</token>
  <token id="24" number="23" sentence="1">chemical</token>
  <token id="25" number="24" sentence="1">and</token>
  <token id="26" number="25" sentence="1">textile</token>
  <token id="27" number="26" sentence="1">company</token>
  <token id="28" number="27" sentence="1">'s</token>
  <token id="29" number="28" sentence="1">plan</token>
  <token id="30" number="29" sentence="1">,</token>
  <token id="31" number="30" sentence="1">which</token>
  <token id="32" number="31" sentence="1">requires</token>
  <token id="33" number="32" sentence="1">shareholder</token>
  <token id="34" number="33" sentence="1">approval</token>
  <token id="35" number="34" sentence="1">,</token>
  <token id="36" number="35" sentence="1">would</token>
  <token id="37" number="36" sentence="1">create</token>
  <token id="38" number="37" sentence="1">a</token>
  <token id="39" number="38" sentence="1">new</token>
  <token id="40" number="39" sentence="1">,</token>
  <token id="41" number="40" sentence="1">listed</token>
  <token id="42" number="41" sentence="1">U.K.</token>
  <token id="43" number="42" sentence="1">stock</token>
  <token id="44" number="43" sentence="1">with</token>
  <token id="45" number="44" sentence="1">a</token>
  <token id="46" number="45" sentence="1">probable</token>
  <token id="47" number="46" sentence="1">market</token>
  <token id="48" number="47" sentence="1">capitalization</token>
  <token id="49" number="48" sentence="1">between</token>
  <token id="50" number="49" sentence="1">#</token>
  <token id="51" number="50" sentence="1">300</token>
  <token id="52" number="51" sentence="1">million</token>
  <token id="53" number="52" sentence="1">(</token>
  <token id="54" number="53" sentence="1">$</token>
  <token id="55" number="54" sentence="1">473</token>
  <token id="56" number="55" sentence="1">million</token>
  <token id="57" number="56" sentence="1">)</token>
  <token id="58" number="57" sentence="1">and</token>
  <token id="59" number="58" sentence="1">#</token>
  <token id="60" number="59" sentence="1">400</token>
  <token id="61" number="60" sentence="1">million</token>
  <token id="62" number="61" sentence="1">,</token>
  <token id="63" number="62" sentence="1">analysts</token>
  <token id="64" number="63" sentence="1">said</token>
  <token id="65" number="64" sentence="1">.</token>
  <token id="66" number="65" sentence="2">The</token>
  <token id="67" number="66" sentence="2">establishment</token>
  <token id="68" number="67" sentence="2">of</token>
  <token id="69" number="68" sentence="2">the</token>
  <token id="70" number="69" sentence="2">separate</token>
  <token id="71" number="70" sentence="2">company</token>
  <token id="72" number="71" sentence="2">,</token>
  <token id="73" number="72" sentence="2">to</token>
  <token id="74" number="73" sentence="2">be</token>
  <token id="75" number="74" sentence="2">called</token>
  <token id="76" number="75" sentence="2">Courtaulds</token>
  <token id="77" number="76" sentence="2">Textiles</token>
  <token id="78" number="77" sentence="2">,</token>
  <token id="79" number="78" sentence="2">could</token>
  <token id="80" number="79" sentence="2">be</token>
  <token id="81" number="80" sentence="2">effective</token>
  <token id="82" number="81" sentence="2">as</token>
  <token id="83" number="82" sentence="2">early</token>
  <token id="84" number="83" sentence="2">as</token>
  <token id="85" number="84" sentence="2">next</token>
  <token id="86" number="85" sentence="2">year</token>
  <token id="87" number="86" sentence="2">'s</token>
  <token id="88" number="87" sentence="2">first</token>
  <token id="89" number="88" sentence="2">quarter</token>
  <token id="90" number="89" sentence="2">.</token>
  <token id="91" number="90" sentence="3">Investors</token>
  <token id="92" number="91" sentence="3">welcomed</token>
  <token id="93" number="92" sentence="3">the</token>
  <token id="94" number="93" sentence="3">move</token>
  <token id="95" number="94" sentence="3">.</token>
  <token id="96" number="95" sentence="4">Courtaulds</token>
  <token id="97" number="96" sentence="4">'</token>
  <token id="98" number="97" sentence="4">shares</token>
  <token id="99" number="98" sentence="4">rose</token>
  <token id="100" number="99" sentence="4">15</token>
  <token id="101" number="100" sentence="4">pence</token>
  <token id="102" number="101" sentence="4">to</token>
  <token id="103" number="102" sentence="4">362</token>
  <token id="104" number="103" sentence="4">pence</token>
  <token id="105" number="104" sentence="4">,</token>
  <token id="106" number="105" sentence="4">valuing</token>
  <token id="107" number="106" sentence="4">the</token>
  <token id="108" number="107" sentence="4">entire</token>
  <token id="109" number="108" sentence="4">company</token>
  <token id="110" number="109" sentence="4">at</token>
  <token id="111" number="110" sentence="4">about</token>
  <token id="112" number="111" sentence="4">#</token>
  <token id="113" number="112" sentence="4">1.44</token>
  <token id="114" number="113" sentence="4">billion</token>
  <token id="115" number="114" sentence="4">.</token>
  <token id="116" number="115" sentence="5">Courtaulds</token>
  <token id="117" number="116" sentence="5">'</token>
  <token id="118" number="117" sentence="5">spinoff</token>
  <token id="119" number="118" sentence="5">reflects</token>
  <token id="120" number="119" sentence="5">pressure</token>
  <token id="121" number="120" sentence="5">on</token>
  <token id="122" number="121" sentence="5">British</token>
  <token id="123" number="122" sentence="5">industry</token>
  <token id="124" number="123" sentence="5">to</token>
  <token id="125" number="124" sentence="5">boost</token>
  <token id="126" number="125" sentence="5">share</token>
  <token id="127" number="126" sentence="5">prices</token>
  <token id="128" number="127" sentence="5">beyond</token>
  <token id="129" number="128" sentence="5">the</token>
  <token id="130" number="129" sentence="5">reach</token>
  <token id="131" number="130" sentence="5">of</token>
  <token id="132" number="131" sentence="5">corporate</token>
  <token id="133" number="132" sentence="5">raiders</token>
  <token id="134" number="133" sentence="5">.</token>
  <token id="135" number="134" sentence="6">Courtaulds</token>
  <token id="136" number="135" sentence="6">'</token>
  <token id="137" number="136" sentence="6">restructuring</token>
  <token id="138" number="137" sentence="6">is</token>
  <token id="139" number="138" sentence="6">among</token>
  <token id="140" number="139" sentence="6">the</token>
  <token id="141" number="140" sentence="6">largest</token>
  <token id="142" number="141" sentence="6">thus</token>
  <token id="143" number="142" sentence="6">far</token>
  <token id="144" number="143" sentence="6">in</token>
  <token id="145" number="144" sentence="6">Britain</token>
  <token id="146" number="145" sentence="6">,</token>
  <token id="147" number="146" sentence="6">though</token>
  <token id="148" number="147" sentence="6">it</token>
  <token id="149" number="148" sentence="6">is</token>
  <token id="150" number="149" sentence="6">dwarfed</token>
  <token id="151" number="150" sentence="6">by</token>
  <token id="152" number="151" sentence="6">B.A.T</token>
  <token id="153" number="152" sentence="6">Industries</token>
  <token id="154" number="153" sentence="6">PLC</token>
  <token id="155" number="154" sentence="6">'s</token>
  <token id="156" number="155" sentence="6">plans</token>
  <token id="157" number="156" sentence="6">to</token>
  <token id="158" number="157" sentence="6">spin</token>
  <token id="159" number="158" sentence="6">roughly</token>
  <token id="160" number="159" sentence="6">off</token>
  <token id="161" number="160" sentence="6">#</token>
  <token id="162" number="161" sentence="6">4</token>
  <token id="163" number="162" sentence="6">billion</token>
  <token id="164" number="163" sentence="6">in</token>
  <token id="165" number="164" sentence="6">assets</token>
  <token id="166" number="165" sentence="6">to</token>
  <token id="167" number="166" sentence="6">help</token>
  <token id="168" number="167" sentence="6">fend</token>
  <token id="169" number="168" sentence="6">off</token>
  <token id="170" number="169" sentence="6">a</token>
  <token id="171" number="170" sentence="6">takeover</token>
  <token id="172" number="171" sentence="6">bid</token>
  <token id="173" number="172" sentence="6">from</token>
  <token id="174" number="173" sentence="6">Anglo</token>
  <token id="175" number="174" sentence="6">-</token>
  <token id="176" number="175" sentence="6">French</token>
  <token id="177" number="176" sentence="6">financier</token>
  <token id="178" number="177" sentence="6">Sir</token>
  <token id="179" number="178" sentence="6">James</token>
  <token id="180" number="179" sentence="6">Goldsmith</token>
  <token id="181" number="180" sentence="6">.</token>
  <token id="182" number="181" sentence="7">The</token>
  <token id="183" number="182" sentence="7">divested</token>
  <token id="184" number="183" sentence="7">Courtaulds</token>
  <token id="185" number="184" sentence="7">textile</token>
  <token id="186" number="185" sentence="7">operations</token>
  <token id="187" number="186" sentence="7">had</token>
  <token id="188" number="187" sentence="7">operating</token>
  <token id="189" number="188" sentence="7">profit</token>
  <token id="190" number="189" sentence="7">of</token>
  <token id="191" number="190" sentence="7">#</token>
  <token id="192" number="191" sentence="7">50</token>
  <token id="193" number="192" sentence="7">million</token>
  <token id="194" number="193" sentence="7">on</token>
  <token id="195" number="194" sentence="7">#</token>
  <token id="196" number="195" sentence="7">980</token>
  <token id="197" number="196" sentence="7">million</token>
  <token id="198" number="197" sentence="7">in</token>
  <token id="199" number="198" sentence="7">revenue</token>
  <token id="200" number="199" sentence="7">in</token>
  <token id="201" number="200" sentence="7">the</token>
  <token id="202" number="201" sentence="7">year</token>
  <token id="203" number="202" sentence="7">ended</token>
  <token id="204" number="203" sentence="7">March</token>
  <token id="205" number="204" sentence="7">31</token>
  <token id="206" number="205" sentence="7">.</token>
  <token id="207" number="206" sentence="8">Some</token>
  <token id="208" number="207" sentence="8">analysts</token>
  <token id="209" number="208" sentence="8">have</token>
  <token id="210" number="209" sentence="8">said</token>
  <token id="211" number="210" sentence="8">Courtaulds</token>
  <token id="212" number="211" sentence="8">'</token>
  <token id="213" number="212" sentence="8">moves</token>
  <token id="214" number="213" sentence="8">could</token>
  <token id="215" number="214" sentence="8">boost</token>
  <token id="216" number="215" sentence="8">the</token>
  <token id="217" number="216" sentence="8">company</token>
  <token id="218" number="217" sentence="8">'s</token>
  <token id="219" number="218" sentence="8">value</token>
  <token id="220" number="219" sentence="8">by</token>
  <token id="221" number="220" sentence="8">5</token>
  <token id="222" number="221" sentence="8">%</token>
  <token id="223" number="222" sentence="8">to</token>
  <token id="224" number="223" sentence="8">10</token>
  <token id="225" number="224" sentence="8">%</token>
  <token id="226" number="225" sentence="8">,</token>
  <token id="227" number="226" sentence="8">because</token>
  <token id="228" number="227" sentence="8">the</token>
  <token id="229" number="228" sentence="8">two</token>
  <token id="230" number="229" sentence="8">entities</token>
  <token id="231" number="230" sentence="8">separately</token>
  <token id="232" number="231" sentence="8">will</token>
  <token id="233" number="232" sentence="8">carry</token>
  <token id="234" number="233" sentence="8">a</token>
  <token id="235" number="234" sentence="8">higher</token>
  <token id="236" number="235" sentence="8">price</token>
  <token id="237" number="236" sentence="8">earnings</token>
  <token id="238" number="237" sentence="8">multiple</token>
  <token id="239" number="238" sentence="8">than</token>
  <token id="240" number="239" sentence="8">they</token>
  <token id="241" number="240" sentence="8">did</token>
  <token id="242" number="241" sentence="8">combined</token>
  <token id="243" number="242" sentence="8">.</token>
  <token id="244" number="243" sentence="9">In</token>
  <token id="245" number="244" sentence="9">addition</token>
  <token id="246" number="245" sentence="9">,</token>
  <token id="247" number="246" sentence="9">Courtaulds</token>
  <token id="248" number="247" sentence="9">said</token>
  <token id="249" number="248" sentence="9">the</token>
  <token id="250" number="249" sentence="9">moves</token>
  <token id="251" number="250" sentence="9">are</token>
  <token id="252" number="251" sentence="9">logical</token>
  <token id="253" number="252" sentence="9">because</token>
  <token id="254" number="253" sentence="9">they</token>
  <token id="255" number="254" sentence="9">will</token>
  <token id="256" number="255" sentence="9">allow</token>
  <token id="257" number="256" sentence="9">both</token>
  <token id="258" number="257" sentence="9">the</token>
  <token id="259" number="258" sentence="9">chemicals</token>
  <token id="260" number="259" sentence="9">and</token>
  <token id="261" number="260" sentence="9">textile</token>
  <token id="262" number="261" sentence="9">businesses</token>
  <token id="263" number="262" sentence="9">to</token>
  <token id="264" number="263" sentence="9">focus</token>
  <token id="265" number="264" sentence="9">more</token>
  <token id="266" number="265" sentence="9">closely</token>
  <token id="267" number="266" sentence="9">on</token>
  <token id="268" number="267" sentence="9">core</token>
  <token id="269" number="268" sentence="9">activities</token>
  <token id="270" number="269" sentence="9">.</token>
  <token id="271" number="270" sentence="10">Courtaulds</token>
  <token id="272" number="271" sentence="10">has</token>
  <token id="273" number="272" sentence="10">been</token>
  <token id="274" number="273" sentence="10">under</token>
  <token id="275" number="274" sentence="10">pressure</token>
  <token id="276" number="275" sentence="10">to</token>
  <token id="277" number="276" sentence="10">enhance</token>
  <token id="278" number="277" sentence="10">shareholder</token>
  <token id="279" number="278" sentence="10">value</token>
  <token id="280" number="279" sentence="10">since</token>
  <token id="281" number="280" sentence="10">takeover</token>
  <token id="282" number="281" sentence="10">speculators</token>
  <token id="283" number="282" sentence="10">--</token>
  <token id="284" number="283" sentence="10">including</token>
  <token id="285" number="284" sentence="10">Australian</token>
  <token id="286" number="285" sentence="10">financier</token>
  <token id="287" number="286" sentence="10">Kerry</token>
  <token id="288" number="287" sentence="10">Packer</token>
  <token id="289" number="288" sentence="10">--</token>
  <token id="290" number="289" sentence="10">surfaced</token>
  <token id="291" number="290" sentence="10">holding</token>
  <token id="292" number="291" sentence="10">small</token>
  <token id="293" number="292" sentence="10">stakes</token>
  <token id="294" number="293" sentence="10">last</token>
  <token id="295" number="294" sentence="10">year</token>
  <token id="296" number="295" sentence="10">.</token>
  <token id="297" number="296" sentence="11">Though</token>
  <token id="298" number="297" sentence="11">Mr.</token>
  <token id="299" number="298" sentence="11">Packer</token>
  <token id="300" number="299" sentence="11">has</token>
  <token id="301" number="300" sentence="11">since</token>
  <token id="302" number="301" sentence="11">sold</token>
  <token id="303" number="302" sentence="11">his</token>
  <token id="304" number="303" sentence="11">stake</token>
  <token id="305" number="304" sentence="11">,</token>
  <token id="306" number="305" sentence="11">Courtaulds</token>
  <token id="307" number="306" sentence="11">is</token>
  <token id="308" number="307" sentence="11">moving</token>
  <token id="309" number="308" sentence="11">to</token>
  <token id="310" number="309" sentence="11">keep</token>
  <token id="311" number="310" sentence="11">its</token>
  <token id="312" number="311" sentence="11">institutional</token>
  <token id="313" number="312" sentence="11">shareholders</token>
  <token id="314" number="313" sentence="11">happy</token>
  <token id="315" number="314" sentence="11">.</token>
  <token id="316" number="315" sentence="12">Even</token>
  <token id="317" number="316" sentence="12">without</token>
  <token id="318" number="317" sentence="12">a</token>
  <token id="319" number="318" sentence="12">specific</token>
  <token id="320" number="319" sentence="12">takeover</token>
  <token id="321" number="320" sentence="12">threat</token>
  <token id="322" number="321" sentence="12">,</token>
  <token id="323" number="322" sentence="12">Courtaulds</token>
  <token id="324" number="323" sentence="12">is</token>
  <token id="325" number="324" sentence="12">giving</token>
  <token id="326" number="325" sentence="12">shareholders</token>
  <token id="327" number="326" sentence="12">"</token>
  <token id="328" number="327" sentence="12">choice</token>
  <token id="329" number="328" sentence="12">and</token>
  <token id="330" number="329" sentence="12">value</token>
  <token id="331" number="330" sentence="12">,</token>
  <token id="332" number="331" sentence="12">"</token>
  <token id="333" number="332" sentence="12">said</token>
  <token id="334" number="333" sentence="12">Julia</token>
  <token id="335" number="334" sentence="12">Blake</token>
  <token id="336" number="335" sentence="12">,</token>
  <token id="337" number="336" sentence="12">an</token>
  <token id="338" number="337" sentence="12">analyst</token>
  <token id="339" number="338" sentence="12">at</token>
  <token id="340" number="339" sentence="12">London</token>
  <token id="341" number="340" sentence="12">stockbrokers</token>
  <token id="342" number="341" sentence="12">Barclays</token>
  <token id="343" number="342" sentence="12">de</token>
  <token id="344" number="343" sentence="12">Zoete</token>
  <token id="345" number="344" sentence="12">Wedd</token>
  <token id="346" number="345" sentence="12">.</token>
  <token id="347" number="346" sentence="13">In</token>
  <token id="348" number="347" sentence="13">a</token>
  <token id="349" number="348" sentence="13">statement</token>
  <token id="350" number="349" sentence="13">,</token>
  <token id="351" number="350" sentence="13">the</token>
  <token id="352" number="351" sentence="13">company</token>
  <token id="353" number="352" sentence="13">said</token>
  <token id="354" number="353" sentence="13">:</token>
  <token id="355" number="354" sentence="13">"</token>
  <token id="356" number="355" sentence="13">Both</token>
  <token id="357" number="356" sentence="13">parts</token>
  <token id="358" number="357" sentence="13">can</token>
  <token id="359" number="358" sentence="13">only</token>
  <token id="360" number="359" sentence="13">realize</token>
  <token id="361" number="360" sentence="13">their</token>
  <token id="362" number="361" sentence="13">full</token>
  <token id="363" number="362" sentence="13">potential</token>
  <token id="364" number="363" sentence="13">and</token>
  <token id="365" number="364" sentence="13">be</token>
  <token id="366" number="365" sentence="13">appropriately</token>
  <token id="367" number="366" sentence="13">valued</token>
  <token id="368" number="367" sentence="13">by</token>
  <token id="369" number="368" sentence="13">the</token>
  <token id="370" number="369" sentence="13">market</token>
  <token id="371" number="370" sentence="13">if</token>
  <token id="372" number="371" sentence="13">they</token>
  <token id="373" number="372" sentence="13">are</token>
  <token id="374" number="373" sentence="13">separately</token>
  <token id="375" number="374" sentence="13">quoted</token>
  <token id="376" number="375" sentence="13">companies</token>
  <token id="377" number="376" sentence="13">.</token>
  <token id="378" number="377" sentence="14">The</token>
  <token id="379" number="378" sentence="14">sharper</token>
  <token id="380" number="379" sentence="14">definition</token>
  <token id="381" number="380" sentence="14">and</token>
  <token id="382" number="381" sentence="14">the</token>
  <token id="383" number="382" sentence="14">autonomy</token>
  <token id="384" number="383" sentence="14">which</token>
  <token id="385" number="384" sentence="14">each</token>
  <token id="386" number="385" sentence="14">will</token>
  <token id="387" number="386" sentence="14">thereby</token>
  <token id="388" number="387" sentence="14">gain</token>
  <token id="389" number="388" sentence="14">will</token>
  <token id="390" number="389" sentence="14">benefit</token>
  <token id="391" number="390" sentence="14">shareholders</token>
  <token id="392" number="391" sentence="14">,</token>
  <token id="393" number="392" sentence="14">customers</token>
  <token id="394" number="393" sentence="14">and</token>
  <token id="395" number="394" sentence="14">employees</token>
  <token id="396" number="395" sentence="14">.</token>
  <token id="397" number="396" sentence="14">"</token>
  <token id="398" number="397" sentence="15">Courtaulds</token>
  <token id="399" number="398" sentence="15">Chairman</token>
  <token id="400" number="399" sentence="15">and</token>
  <token id="401" number="400" sentence="15">Chief</token>
  <token id="402" number="401" sentence="15">Executive</token>
  <token id="403" number="402" sentence="15">Sir</token>
  <token id="404" number="403" sentence="15">Christopher</token>
  <token id="405" number="404" sentence="15">Hogg</token>
  <token id="406" number="405" sentence="15">will</token>
  <token id="407" number="406" sentence="15">remain</token>
  <token id="408" number="407" sentence="15">in</token>
  <token id="409" number="408" sentence="15">both</token>
  <token id="410" number="409" sentence="15">posts</token>
  <token id="411" number="410" sentence="15">at</token>
  <token id="412" number="411" sentence="15">the</token>
  <token id="413" number="412" sentence="15">surviving</token>
  <token id="414" number="413" sentence="15">chemical</token>
  <token id="415" number="414" sentence="15">company</token>
  <token id="416" number="415" sentence="15">after</token>
  <token id="417" number="416" sentence="15">the</token>
  <token id="418" number="417" sentence="15">spinoff</token>
  <token id="419" number="418" sentence="15">.</token>
</Document>
