<Document doc_name="wsj_1003">
  <Markables>
    <TIMEX3 RELATED_TO="" TAG_DESCRIPTOR="Empty_Mark" beginPoint="" comment="" endPoint="" freq="" functionInDocument="CREATION_TIME" id="0" quant="" type="DATE" value="1989-10-26" />
    <EVENT aspect="NONE" certainty="" class="OCCURRENCE" comment="" factuality="" id="1" modality="NONE" polarity="POS" pos="VERB" tense="PASTPART">
      <token_anchor id="4" />
    </EVENT>
    <EVENT aspect="NONE" certainty="" class="REPORTING" comment="" factuality="" id="2" modality="NONE" polarity="POS" pos="VERB" tense="PAST">
      <token_anchor id="18" />
    </EVENT>
    <TIMEX3 anchorTimeID="0" beginPoint="" comment="" endPoint="" freq="" functionInDocument="NONE" id="3" quant="" type="DATE" value="1989-Q3">
      <token_anchor id="24" />
    </TIMEX3>
    <EVENT aspect="NONE" certainty="" class="REPORTING" comment="" factuality="" id="4" modality="NONE" polarity="POS" pos="VERB" tense="PAST">
      <token_anchor id="45" />
    </EVENT>
    <EVENT aspect="NONE" certainty="" class="OCCURRENCE" comment="" factuality="" id="5" modality="NONE" polarity="POS" pos="VERB" tense="PRESPART">
      <token_anchor id="54" />
    </EVENT>
    <EVENT aspect="PERFECTIVE" certainty="" class="OCCURRENCE" comment="" factuality="" id="6" modality="NONE" polarity="POS" pos="VERB" tense="PRESENT">
      <token_anchor id="58" />
    </EVENT>
    <TIMEX3 beginPoint="" comment="" endPoint="" freq="" functionInDocument="NONE" id="7" quant="" type="DURATION" value="P2Y">
      <token_anchor id="65" />
    </TIMEX3>
    <EVENT aspect="NONE" certainty="" class="OCCURRENCE" comment="" factuality="" id="8" modality="NONE" polarity="POS" pos="NOUN" tense="NONE">
      <token_anchor id="66" />
    </EVENT>
    <EVENT aspect="NONE" certainty="" class="I_STATE" comment="" factuality="" id="9" modality="NONE" polarity="POS" pos="VERB" tense="PRESENT">
      <token_anchor id="74" />
    </EVENT>
    <EVENT aspect="NONE" certainty="" class="STATE" comment="" factuality="" id="10" modality="NONE" polarity="POS" pos="NOUN" tense="NONE">
      <token_anchor id="77" />
    </EVENT>
    <EVENT aspect="NONE" certainty="" class="ASPECTUAL" comment="" factuality="" id="11" modality="NONE" polarity="POS" pos="VERB" tense="INFINITIVE">
      <token_anchor id="79" />
    </EVENT>
    <TIMEX3 anchorTimeID="0" beginPoint="" comment="" endPoint="" freq="" functionInDocument="NONE" id="12" quant="" type="DATE" value="1989-Q4">
      <token_anchor id="81" />
      <token_anchor id="82" />
      <token_anchor id="83" />
    </TIMEX3>
    <TIMEX3 beginPoint="" comment="" endPoint="" freq="" functionInDocument="NONE" id="13" quant="" type="DATE" value="1990-H1">
      <token_anchor id="89" />
      <token_anchor id="90" />
      <token_anchor id="91" />
      <token_anchor id="92" />
      <token_anchor id="93" />
    </TIMEX3>
    <EVENT aspect="NONE" certainty="" class="PERCEPTION" comment="" factuality="" id="14" modality="NONE" polarity="POS" pos="VERB" tense="FUTURE">
      <token_anchor id="100" />
    </EVENT>
    <EVENT aspect="NONE" certainty="" class="OCCURRENCE" comment="" factuality="" id="15" modality="NONE" polarity="POS" pos="NOUN" tense="NONE">
      <token_anchor id="105" />
    </EVENT>
    <EVENT aspect="NONE" certainty="" class="OCCURRENCE" comment="" factuality="" id="16" modality="NONE" polarity="NEG" pos="VERB" tense="PRESENT">
      <token_anchor id="127" />
    </EVENT>
    <TIMEX3 anchorTimeID="0" beginPoint="" comment="" endPoint="" freq="" functionInDocument="NONE" id="17" quant="" type="DATE" value="FUTURE_REF">
      <token_anchor id="130" />
      <token_anchor id="131" />
    </TIMEX3>
    <EVENT aspect="NONE" certainty="" class="REPORTING" comment="" factuality="" id="18" modality="NONE" polarity="POS" pos="VERB" tense="PAST">
      <token_anchor id="134" />
    </EVENT>
    <EVENT aspect="NONE" certainty="" class="I_STATE" comment="" factuality="" id="19" modality="NONE" polarity="POS" pos="VERB" tense="PRESENT">
      <token_anchor id="151" />
    </EVENT>
    <EVENT aspect="NONE" certainty="" class="REPORTING" comment="" factuality="" id="20" modality="NONE" polarity="POS" pos="VERB" tense="FUTURE">
      <token_anchor id="155" />
    </EVENT>
    <EVENT aspect="NONE" certainty="" class="OCCURRENCE" comment="" factuality="" id="21" modality="NONE" polarity="POS" pos="NOUN" tense="NONE">
      <token_anchor id="157" />
    </EVENT>
    <TIMEX3 beginPoint="" comment="" endPoint="" freq="" functionInDocument="NONE" id="22" quant="" type="DATE" value="1990-Q3">
      <token_anchor id="159" />
      <token_anchor id="160" />
      <token_anchor id="161" />
      <token_anchor id="162" />
      <token_anchor id="163" />
    </TIMEX3>
    <EVENT aspect="NONE" certainty="" class="OCCURRENCE" comment="" factuality="" id="23" modality="NONE" polarity="POS" pos="VERB" tense="PAST">
      <token_anchor id="174" />
    </EVENT>
    <EVENT aspect="NONE" certainty="" class="STATE" comment="" factuality="" id="24" modality="NONE" polarity="POS" pos="VERB" tense="PRESENT">
      <token_anchor id="187" />
    </EVENT>
    <EVENT aspect="NONE" certainty="" class="OCCURRENCE" comment="" factuality="" id="25" modality="NONE" polarity="POS" pos="NOUN" tense="NONE">
      <token_anchor id="198" />
    </EVENT>
    <EVENT aspect="NONE" certainty="" class="OCCURRENCE" comment="" factuality="" id="26" modality="NONE" polarity="POS" pos="NOUN" tense="NONE">
      <token_anchor id="208" />
    </EVENT>
    <TIMEX3 anchorTimeID="3" beginPoint="" comment="" endPoint="" freq="" functionInDocument="NONE" id="27" quant="" type="DATE" value="1988-Q3">
      <token_anchor id="218" />
      <token_anchor id="219" />
    </TIMEX3>
    <EVENT aspect="NONE" certainty="" class="OCCURRENCE" comment="" factuality="" id="28" modality="NONE" polarity="POS" pos="VERB" tense="PAST">
      <token_anchor id="222" />
    </EVENT>
    <EVENT aspect="NONE" certainty="" class="OCCURRENCE" comment="" factuality="" id="29" modality="NONE" polarity="POS" pos="NOUN" tense="NONE">
      <token_anchor id="238" />
    </EVENT>
    <TIMEX3 anchorTimeID="0" beginPoint="" comment="" endPoint="" freq="" functionInDocument="NONE" id="30" quant="" type="DATE" value="1989-Q3">
      <token_anchor id="245" />
    </TIMEX3>
    <EVENT aspect="NONE" certainty="" class="OCCURRENCE" comment="" factuality="" id="31" modality="NONE" polarity="POS" pos="VERB" tense="PAST">
      <token_anchor id="247" />
    </EVENT>
    <TIMEX3 anchorTimeID="30" beginPoint="" comment="" endPoint="" freq="" functionInDocument="NONE" id="32" quant="" type="DATE" value="1988-Q3">
      <token_anchor id="258" />
      <token_anchor id="259" />
      <token_anchor id="260" />
    </TIMEX3>
    <EVENT aspect="NONE" certainty="" class="OCCURRENCE" comment="" factuality="" id="33" modality="NONE" polarity="POS" pos="VERB" tense="PAST">
      <token_anchor id="274" />
    </EVENT>
    <EVENT aspect="NONE" certainty="" class="PERCEPTION" comment="" factuality="" id="34" modality="would" polarity="POS" pos="VERB" tense="NONE">
      <token_anchor id="289" />
    </EVENT>
    <EVENT aspect="NONE" certainty="" class="I_STATE" comment="" factuality="" id="35" modality="NONE" polarity="POS" pos="ADJECTIVE" tense="PRESENT">
      <token_anchor id="294" />
    </EVENT>
    <EVENT aspect="NONE" certainty="" class="OCCURRENCE" comment="" factuality="" id="36" modality="NONE" polarity="POS" pos="NOUN" tense="NONE">
      <token_anchor id="297" />
    </EVENT>
    <EVENT aspect="PERFECTIVE" certainty="" class="OCCURRENCE" comment="" factuality="" id="37" modality="NONE" polarity="NEG" pos="VERB" tense="PAST">
      <token_anchor id="302" />
    </EVENT>
    <EVENT aspect="NONE" certainty="" class="OCCURRENCE" comment="" factuality="" id="38" modality="NONE" polarity="NEG" pos="VERB" tense="PAST">
      <token_anchor id="309" />
    </EVENT>
    <EVENT aspect="NONE" certainty="" class="OCCURRENCE" comment="" factuality="" id="39" modality="NONE" polarity="POS" pos="VERB" tense="INFINITIVE">
      <token_anchor id="317" />
    </EVENT>
    <EVENT aspect="NONE" certainty="" class="OCCURRENCE" comment="" factuality="" id="40" modality="NONE" polarity="POS" pos="VERB" tense="PAST">
      <token_anchor id="340" />
    </EVENT>
    <EVENT aspect="NONE" certainty="" class="REPORTING" comment="" factuality="" id="41" modality="NONE" polarity="POS" pos="VERB" tense="PAST">
      <token_anchor id="347" />
    </EVENT>
    <EVENT aspect="PERFECTIVE" certainty="" class="OCCURRENCE" comment="" factuality="" id="42" modality="NONE" polarity="POS" pos="VERB" tense="PAST">
      <token_anchor id="361" />
    </EVENT>
    <TIMEX3 anchorTimeID="0" beginPoint="" comment="" endPoint="" freq="" functionInDocument="NONE" id="43" quant="" type="DATE" value="1989-Q3">
      <token_anchor id="362" />
    </TIMEX3>
    <EVENT aspect="NONE" certainty="" class="REPORTING" comment="" factuality="" id="44" modality="NONE" polarity="POS" pos="VERB" tense="PAST">
      <token_anchor id="382" />
    </EVENT>
    <EVENT aspect="NONE" certainty="" class="STATE" comment="" factuality="" id="45" modality="NONE" polarity="POS" pos="ADJECTIVE" tense="PAST">
      <token_anchor id="390" />
    </EVENT>
    <EVENT aspect="NONE" certainty="" class="I_STATE" comment="" factuality="" id="46" modality="NONE" polarity="POS" pos="VERB" tense="PASTPART">
      <token_anchor id="392" />
    </EVENT>
    <EVENT aspect="NONE" certainty="" class="OCCURRENCE" comment="" factuality="" id="47" modality="NONE" polarity="POS" pos="VERB" tense="PAST">
      <token_anchor id="402" />
    </EVENT>
    <EVENT aspect="NONE" certainty="" class="OCCURRENCE" comment="" factuality="" id="48" modality="NONE" polarity="POS" pos="NOUN" tense="NONE">
      <token_anchor id="405" />
    </EVENT>
    <TIMEX3 anchorTimeID="0" beginPoint="" comment="" endPoint="" freq="" functionInDocument="NONE" id="49" quant="" type="DATE" value="1988-10-26">
      <token_anchor id="417" />
      <token_anchor id="418" />
      <token_anchor id="419" />
    </TIMEX3>
    <EVENT aspect="NONE" certainty="" class="OCCURRENCE" comment="" factuality="" id="50" modality="NONE" polarity="POS" pos="VERB" tense="PAST">
      <token_anchor id="424" />
    </EVENT>
    <EVENT aspect="NONE" certainty="" class="REPORTING" comment="" factuality="" id="51" modality="NONE" polarity="POS" pos="VERB" tense="PAST">
      <token_anchor id="432" />
    </EVENT>
    <EVENT aspect="NONE" certainty="" class="OCCURRENCE" comment="" factuality="" id="52" modality="NONE" polarity="POS" pos="VERB" tense="PAST">
      <token_anchor id="435" />
    </EVENT>
    <C-SIGNAL id="53">
      <token_anchor id="436" />
      <token_anchor id="437" />
      <token_anchor id="438" />
      <token_anchor id="439" />
    </C-SIGNAL>
    <EVENT aspect="NONE" certainty="" class="OCCURRENCE" comment="" factuality="" id="54" modality="NONE" polarity="POS" pos="NOUN" tense="NONE">
      <token_anchor id="441" />
    </EVENT>
    <EVENT aspect="NONE" certainty="" class="OCCURRENCE" comment="" factuality="" id="55" modality="NONE" polarity="POS" pos="ADJECTIVE" tense="NONE">
      <token_anchor id="453" />
    </EVENT>
    <TIMEX3 anchorTimeID="0" beginPoint="" comment="" endPoint="" freq="" functionInDocument="NONE" id="56" quant="" type="DATE" value="1988-10-26">
      <token_anchor id="471" />
      <token_anchor id="472" />
      <token_anchor id="473" />
    </TIMEX3>
    <EVENT aspect="NONE" certainty="" class="OCCURRENCE" comment="" factuality="" id="57" modality="NONE" polarity="POS" pos="VERB" tense="PAST">
      <token_anchor id="476" />
    </EVENT>
    <EVENT aspect="NONE" certainty="" class="OCCURRENCE" comment="" factuality="" id="58" modality="NONE" polarity="POS" pos="VERB" tense="PAST">
      <token_anchor id="486" />
    </EVENT>
    <EVENT aspect="NONE" certainty="" class="OCCURRENCE" comment="" factuality="" id="59" modality="NONE" polarity="POS" pos="NOUN" tense="NONE">
      <token_anchor id="493" />
    </EVENT>
    <TIMEX3 anchorTimeID="0" beginPoint="" comment="" endPoint="" freq="" functionInDocument="NONE" id="60" quant="" type="DATE" value="1990-06-01">
      <token_anchor id="495" />
      <token_anchor id="496" />
    </TIMEX3>
    <EVENT aspect="NONE" certainty="" class="I_STATE" comment="" factuality="" id="61" modality="NONE" polarity="POS" pos="VERB" tense="PRESENT">
      <token_anchor id="500" />
    </EVENT>
    <EVENT aspect="NONE" certainty="" class="OCCURRENCE" comment="" factuality="" id="62" modality="NONE" polarity="POS" pos="VERB" tense="FUTURE">
      <token_anchor id="506" />
    </EVENT>
    <EVENT aspect="NONE" certainty="" class="OCCURRENCE" comment="" factuality="" id="63" modality="NONE" polarity="POS" pos="NOUN" tense="NONE">
      <token_anchor id="510" />
    </EVENT>
    <TIMEX3 anchorTimeID="0" beginPoint="" comment="" endPoint="" freq="" functionInDocument="NONE" id="64" quant="" type="DATE" value="1989-Q4">
      <token_anchor id="512" />
      <token_anchor id="513" />
      <token_anchor id="514" />
    </TIMEX3>
    <C-SIGNAL id="65">
      <token_anchor id="515" />
    </C-SIGNAL>
    <EVENT aspect="NONE" certainty="" class="STATE" comment="" factuality="" id="66" modality="NONE" polarity="POS" pos="VERB" tense="PRESENT">
      <token_anchor id="519" />
    </EVENT>
    <EVENT aspect="NONE" certainty="" class="ASPECTUAL" comment="" factuality="" id="67" modality="NONE" polarity="POS" pos="VERB" tense="PRESENT">
      <token_anchor id="523" />
    </EVENT>
    <EVENT aspect="NONE" certainty="" class="OCCURRENCE" comment="" factuality="" id="68" modality="NONE" polarity="POS" pos="VERB" tense="INFINITIVE">
      <token_anchor id="525" />
    </EVENT>
    <EVENT aspect="NONE" certainty="" class="REPORTING" comment="" factuality="" id="69" modality="NONE" polarity="POS" pos="VERB" tense="PAST">
      <token_anchor id="529" />
    </EVENT>
    <EVENT aspect="NONE" certainty="" class="REPORTING" comment="" factuality="" id="70" modality="NONE" polarity="POS" pos="VERB" tense="PAST">
      <token_anchor id="537" />
    </EVENT>
    <EVENT aspect="PERFECTIVE" certainty="" class="OCCURRENCE" comment="" factuality="" id="71" modality="NONE" polarity="POS" pos="VERB" tense="PRESENT">
      <token_anchor id="548" />
    </EVENT>
    <TIMEX3 anchorTimeID="0" beginPoint="" comment="" endPoint="" freq="" functionInDocument="NONE" id="72" quant="" type="DATE" value="1989-SU">
      <token_anchor id="554" />
      <token_anchor id="555" />
      <token_anchor id="556" />
    </TIMEX3>
    <EVENT aspect="NONE" certainty="" class="OCCURRENCE" comment="" factuality="" id="73" modality="NONE" polarity="POS" pos="VERB" tense="PRESPART">
      <token_anchor id="558" />
    </EVENT>
    <EVENT aspect="NONE" certainty="" class="OCCURRENCE" comment="" factuality="" id="74" modality="NONE" polarity="POS" pos="NOUN" tense="NONE">
      <token_anchor id="563" />
    </EVENT>
    <EVENT aspect="NONE" certainty="" class="REPORTING" comment="" factuality="" id="75" modality="NONE" polarity="POS" pos="VERB" tense="PAST">
      <token_anchor id="568" />
    </EVENT>
    <TIMEX3 anchorTimeID="0" beginPoint="" comment="" endPoint="" freq="" functionInDocument="NONE" id="76" quant="" type="DATE" value="1989-Q3">
      <token_anchor id="569" />
    </TIMEX3>
    <EVENT aspect="NONE" certainty="" class="OCCURRENCE" comment="" factuality="" id="77" modality="NONE" polarity="POS" pos="VERB" tense="PAST">
      <token_anchor id="572" />
    </EVENT>
    <TIMEX3 anchorTimeID="76" beginPoint="" comment="" endPoint="" freq="" functionInDocument="NONE" id="78" quant="" type="DATE" value="1988-Q3">
      <token_anchor id="597" />
      <token_anchor id="598" />
      <token_anchor id="599" />
    </TIMEX3>
    <EVENT aspect="NONE" certainty="" class="OCCURRENCE" comment="" factuality="" id="79" modality="NONE" polarity="POS" pos="VERB" tense="PAST">
      <token_anchor id="602" />
    </EVENT>
    <C-SIGNAL id="80">
      <token_anchor id="612" />
    </C-SIGNAL>
    <EVENT aspect="NONE" certainty="" class="OCCURRENCE" comment="" factuality="" id="81" modality="NONE" polarity="NEG" pos="VERB" tense="PRESENT">
      <token_anchor id="617" />
    </EVENT>
    <TIMEX3 anchorTimeID="0" beginPoint="" comment="" endPoint="" freq="" functionInDocument="NONE" id="82" quant="" type="DATE" value="PRESENT_REF">
      <token_anchor id="625" />
    </TIMEX3>
    <EVENT aspect="NONE" certainty="" class="OCCURRENCE" comment="" factuality="" id="83" modality="NONE" polarity="POS" pos="VERB" tense="PRESENT">
      <token_anchor id="628" />
    </EVENT>
    <EVENT aspect="NONE" certainty="" class="REPORTING" comment="" factuality="" id="84" modality="NONE" polarity="POS" pos="VERB" tense="PAST">
      <token_anchor id="639" />
    </EVENT>
    <EVENT aspect="NONE" certainty="" class="OCCURRENCE" comment="" factuality="" id="85" modality="NONE" polarity="POS" pos="VERB" tense="PAST">
      <token_anchor id="647" />
    </EVENT>
    <C-SIGNAL id="86">
      <token_anchor id="648" />
    </C-SIGNAL>
    <EVENT aspect="NONE" certainty="" class="OCCURRENCE" comment="" factuality="" id="87" modality="NONE" polarity="POS" pos="VERB" tense="PRESPART">
      <token_anchor id="649" />
    </EVENT>
    <EVENT aspect="NONE" certainty="" class="OCCURRENCE" comment="" factuality="" id="88" modality="NONE" polarity="POS" pos="VERB" tense="PAST">
      <token_anchor id="662" />
    </EVENT>
    <EVENT aspect="NONE" certainty="" class="OCCURRENCE" comment="" factuality="" id="89" modality="NONE" polarity="POS" pos="VERB" tense="PAST">
      <token_anchor id="666" />
    </EVENT>
    <EVENT aspect="NONE" certainty="" class="REPORTING" comment="" factuality="" id="90" modality="NONE" polarity="POS" pos="VERB" tense="PAST">
      <token_anchor id="680" />
    </EVENT>
    <EVENT aspect="NONE" certainty="" class="I_ACTION" comment="" factuality="" id="91" modality="NONE" polarity="POS" pos="VERB" tense="PAST">
      <token_anchor id="695" />
    </EVENT>
    <EVENT aspect="NONE" certainty="" class="OCCURRENCE" comment="" factuality="" id="92" modality="NONE" polarity="POS" pos="VERB" tense="INFINITIVE">
      <token_anchor id="697" />
    </EVENT>
    <EVENT aspect="NONE" certainty="" class="OCCURRENCE" comment="" factuality="" id="93" modality="NONE" polarity="POS" pos="VERB" tense="PAST">
      <token_anchor id="715" />
    </EVENT>
    <EVENT aspect="NONE" certainty="" class="STATE" comment="" factuality="" id="94" modality="NONE" polarity="POS" pos="VERB" tense="PRESENT">
      <token_anchor id="734" />
    </EVENT>
    <EVENT aspect="NONE" certainty="" class="OCCURRENCE" comment="" factuality="" id="95" modality="NONE" polarity="POS" pos="VERB" tense="PAST">
      <token_anchor id="749" />
    </EVENT>
    <TIMEX3 anchorTimeID="0" beginPoint="" comment="" endPoint="" freq="" functionInDocument="NONE" id="96" quant="" type="DATE" value="1989-Q2">
      <token_anchor id="754" />
      <token_anchor id="755" />
    </TIMEX3>
    <EVENT aspect="NONE" certainty="" class="OCCURRENCE" comment="" factuality="" id="97" modality="NONE" polarity="POS" pos="VERB" tense="PAST">
      <token_anchor id="778" />
    </EVENT>
    <TIMEX3 anchorTimeID="100" beginPoint="" comment="" endPoint="" freq="" functionInDocument="NONE" id="98" quant="" type="DATE" value="1989-QX">
      <token_anchor id="781" />
    </TIMEX3>
    <EVENT aspect="NONE" certainty="" class="ASPECTUAL" comment="" factuality="" id="99" modality="NONE" polarity="POS" pos="VERB" tense="PAST">
      <token_anchor id="782" />
    </EVENT>
    <TIMEX3 anchorTimeID="0" beginPoint="" comment="" endPoint="" freq="" functionInDocument="NONE" id="100" quant="" type="DATE" value="1989-09-30">
      <token_anchor id="783" />
      <token_anchor id="784" />
      <token_anchor id="785" />
    </TIMEX3>
    <TIMEX3 anchorTimeID="98" beginPoint="" comment="" endPoint="" freq="" functionInDocument="NONE" id="101" quant="" type="DATE" value="1988-QX">
      <token_anchor id="794" />
      <token_anchor id="795" />
      <token_anchor id="796" />
    </TIMEX3>
    <TIMEX3 anchorTimeID="96" beginPoint="" comment="" endPoint="" freq="" functionInDocument="NONE" id="102" quant="" type="DATE" value="1989-Q2">
      <token_anchor id="798" />
      <token_anchor id="799" />
      <token_anchor id="800" />
    </TIMEX3>
    <EVENT aspect="NONE" certainty="" class="OCCURRENCE" comment="" factuality="" id="103" modality="NONE" polarity="POS" pos="VERB" tense="PRESENT">
      <token_anchor id="801" />
    </EVENT>
    <TIMEX3 anchorTimeID="102" beginPoint="" comment="" endPoint="" freq="" functionInDocument="NONE" id="104" quant="" type="DATE" value="1988-Q2">
      <token_anchor id="817" />
      <token_anchor id="818" />
    </TIMEX3>
    <EVENT aspect="NONE" certainty="" class="OCCURRENCE" comment="" factuality="" id="105" modality="NONE" polarity="POS" pos="VERB" tense="PAST">
      <token_anchor id="822" />
    </EVENT>
    <EVENT aspect="NONE" certainty="" class="OCCURRENCE" comment="" factuality="" id="106" modality="NONE" polarity="POS" pos="VERB" tense="PAST">
      <token_anchor id="834" />
    </EVENT>
    <EVENT aspect="NONE" certainty="" class="REPORTING" comment="" factuality="" id="107" modality="NONE" polarity="POS" pos="VERB" tense="PAST">
      <token_anchor id="852" />
    </EVENT>
    <EVENT aspect="NONE" certainty="" class="I_ACTION" comment="" factuality="" id="108" modality="NONE" polarity="POS" pos="VERB" tense="PAST">
      <token_anchor id="868" />
    </EVENT>
    <EVENT aspect="NONE" certainty="" class="OCCURRENCE" comment="" factuality="" id="109" modality="NONE" polarity="POS" pos="NOUN" tense="NONE">
      <token_anchor id="869" />
    </EVENT>
    <C-SIGNAL id="110">
      <token_anchor id="870" />
      <token_anchor id="871" />
      <token_anchor id="872" />
      <token_anchor id="873" />
    </C-SIGNAL>
    <EVENT aspect="NONE" certainty="" class="OCCURRENCE" comment="" factuality="" id="111" modality="NONE" polarity="POS" pos="NOUN" tense="NONE">
      <token_anchor id="875" />
    </EVENT>
    <EVENT aspect="NONE" certainty="" class="OCCURRENCE" comment="" factuality="" id="112" modality="NONE" polarity="POS" pos="VERB" tense="PAST">
      <token_anchor id="888" />
    </EVENT>
    <C-SIGNAL id="113">
      <token_anchor id="897" />
      <token_anchor id="898" />
      <token_anchor id="899" />
      <token_anchor id="900" />
    </C-SIGNAL>
    <EVENT aspect="NONE" certainty="" class="OCCURRENCE" comment="" factuality="" id="114" modality="NONE" polarity="POS" pos="NOUN" tense="NONE">
      <token_anchor id="902" />
    </EVENT>
    <EVENT aspect="NONE" certainty="" class="OCCURRENCE" comment="" factuality="" id="115" modality="NONE" polarity="POS" pos="NOUN" tense="NONE">
      <token_anchor id="905" />
    </EVENT>
    <EVENT aspect="NONE" certainty="" class="OCCURRENCE" comment="" factuality="" id="116" modality="NONE" polarity="POS" pos="NOUN" tense="NONE">
      <token_anchor id="909" />
    </EVENT>
    <EVENT aspect="NONE" certainty="" class="I_ACTION" comment="" factuality="" id="117" modality="NONE" polarity="POS" pos="ADJECTIVE" tense="NONE">
      <token_anchor id="912" />
    </EVENT>
    <EVENT aspect="NONE" certainty="" class="OCCURRENCE" comment="" factuality="" id="118" modality="NONE" polarity="POS" pos="NOUN" tense="NONE">
      <token_anchor id="913" />
    </EVENT>
    <EVENT aspect="PROGRESSIVE" certainty="" class="OCCURRENCE" comment="" factuality="" id="119" modality="NONE" polarity="POS" pos="VERB" tense="PRESENT">
      <token_anchor id="918" />
    </EVENT>
    <EVENT aspect="NONE" certainty="" class="OCCURRENCE" comment="" factuality="" id="120" modality="NONE" polarity="POS" pos="VERB" tense="FUTURE">
      <token_anchor id="921" />
    </EVENT>
    <EVENT aspect="NONE" certainty="" class="OCCURRENCE" comment="" factuality="" id="121" modality="NONE" polarity="POS" pos="VERB" tense="INFINITIVE">
      <token_anchor id="931" />
    </EVENT>
  </Markables>
  <Relations>
    <TLINK comment="" id="1" relType="DURING">
      <source id="1" />
      <target id="0" />
    </TLINK>
    <TLINK comment="" id="2" relType="BEFORE">
      <source id="2" />
      <target id="0" />
    </TLINK>
    <TLINK comment="" id="3" relType="BEFORE">
      <source id="4" />
      <target id="0" />
    </TLINK>
    <TLINK comment="" id="4" relType="SIMULTANEOUS">
      <source id="4" />
      <target id="5" />
    </TLINK>
    <TLINK comment="" id="5" relType="DURING">
      <source id="6" />
      <target id="0" />
    </TLINK>
    <TLINK comment="" id="6" relType="DURING">
      <source id="8" />
      <target id="7" />
    </TLINK>
    <TLINK comment="" id="7" relType="IS_INCLUDED">
      <source id="9" />
      <target id="0" />
    </TLINK>
    <TLINK comment="" id="8" relType="INCLUDES">
      <source id="10" />
      <target id="12" />
    </TLINK>
    <TLINK comment="" id="9" relType="INCLUDES">
      <source id="10" />
      <target id="13" />
    </TLINK>
    <TLINK comment="" id="10" relType="IS_INCLUDED">
      <source id="14" />
      <target id="13" />
    </TLINK>
    <TLINK comment="" id="11" relType="AFTER">
      <source id="17" />
      <target id="0" />
    </TLINK>
    <TLINK comment="" id="12" relType="BEFORE">
      <source id="18" />
      <target id="0" />
    </TLINK>
    <TLINK comment="" id="13" relType="IS_INCLUDED">
      <source id="19" />
      <target id="0" />
    </TLINK>
    <TLINK comment="" id="14" relType="AFTER">
      <source id="20" />
      <target id="0" />
    </TLINK>
    <TLINK comment="" id="15" relType="INCLUDES">
      <source id="20" />
      <target id="22" />
    </TLINK>
    <TLINK comment="" id="16" relType="BEFORE">
      <source id="21" />
      <target id="20" />
    </TLINK>
    <TLINK comment="" id="17" relType="BEFORE">
      <source id="23" />
      <target id="0" />
    </TLINK>
    <TLINK comment="" id="18" relType="AFTER">
      <source id="23" />
      <target id="25" />
    </TLINK>
    <TLINK comment="" id="19" relType="SIMULTANEOUS">
      <source id="24" />
      <target id="23" />
    </TLINK>
    <TLINK comment="" id="20" relType="INCLUDES">
      <source id="27" />
      <target id="28" />
    </TLINK>
    <TLINK comment="" id="21" relType="BEFORE">
      <source id="29" />
      <target id="28" />
    </TLINK>
    <TLINK comment="" id="22" relType="ENDED_BY">
      <source id="30" />
      <target id="31" />
    </TLINK>
    <TLINK comment="" id="23" relType="BEFORE">
      <source id="33" />
      <target id="0" />
    </TLINK>
    <TLINK comment="" id="24" relType="IS_INCLUDED">
      <source id="34" />
      <target id="0" />
    </TLINK>
    <TLINK comment="" id="25" relType="BEFORE">
      <source id="37" />
      <target id="0" />
    </TLINK>
    <TLINK comment="" id="26" relType="BEFORE">
      <source id="38" />
      <target id="0" />
    </TLINK>
    <TLINK comment="" id="27" relType="BEFORE">
      <source id="41" />
      <target id="0" />
    </TLINK>
    <TLINK comment="" id="28" relType="AFTER">
      <source id="41" />
      <target id="40" />
    </TLINK>
    <TLINK comment="" id="29" relType="BEFORE">
      <source id="42" />
      <target id="43" />
    </TLINK>
    <TLINK comment="" id="30" relType="SIMULTANEOUS">
      <source id="44" />
      <target id="41" />
    </TLINK>
    <TLINK comment="" id="31" relType="BEFORE">
      <source id="46" />
      <target id="44" />
    </TLINK>
    <TLINK comment="" id="32" relType="SIMULTANEOUS">
      <source id="47" />
      <target id="48" />
    </TLINK>
    <TLINK comment="" id="33" relType="IS_INCLUDED">
      <source id="50" />
      <target id="49" />
    </TLINK>
    <TLINK comment="" id="34" relType="BEFORE">
      <source id="51" />
      <target id="0" />
    </TLINK>
    <TLINK comment="" id="35" relType="AFTER">
      <source id="52" />
      <target id="54" />
    </TLINK>
    <TLINK comment="" id="36" relType="AFTER">
      <source id="52" />
      <target id="55" />
    </TLINK>
    <CLINK c-signalID="53" comment="" id="37">
      <source id="54" />
      <target id="52" />
    </CLINK>
    <CLINK c-signalID="53" comment="" id="38">
      <source id="55" />
      <target id="52" />
    </CLINK>
    <TLINK comment="" id="39" relType="SIMULTANEOUS">
      <source id="57" />
      <target id="52" />
    </TLINK>
    <TLINK comment="" id="40" relType="AFTER">
      <source id="57" />
      <target id="56" />
    </TLINK>
    <TLINK comment="" id="41" relType="SIMULTANEOUS">
      <source id="58" />
      <target id="57" />
    </TLINK>
    <TLINK comment="" id="42" relType="AFTER">
      <source id="58" />
      <target id="59" />
    </TLINK>
    <CLINK comment="" id="43">
      <source id="59" />
      <target id="57" />
    </CLINK>
    <TLINK comment="" id="44" relType="AFTER">
      <source id="62" />
      <target id="0" />
    </TLINK>
    <TLINK comment="" id="45" relType="INCLUDES">
      <source id="64" />
      <target id="63" />
    </TLINK>
    <TLINK comment="" id="46" relType="DURING">
      <source id="66" />
      <target id="64" />
    </TLINK>
    <CLINK c-signalID="65" comment="" id="47">
      <source id="66" />
      <target id="62" />
    </CLINK>
    <TLINK comment="" id="48" relType="DURING">
      <source id="67" />
      <target id="64" />
    </TLINK>
    <CLINK c-signalID="65" comment="" id="49">
      <source id="67" />
      <target id="62" />
    </CLINK>
    <TLINK comment="" id="50" relType="DURING">
      <source id="68" />
      <target id="64" />
    </TLINK>
    <TLINK comment="" id="51" relType="BEFORE">
      <source id="69" />
      <target id="0" />
    </TLINK>
    <TLINK comment="" id="52" relType="IDENTITY">
      <source id="70" />
      <target id="69" />
    </TLINK>
    <TLINK comment="" id="53" relType="AFTER">
      <source id="72" />
      <target id="71" />
    </TLINK>
    <TLINK comment="" id="54" relType="SIMULTANEOUS">
      <source id="73" />
      <target id="71" />
    </TLINK>
    <TLINK comment="" id="55" relType="AFTER">
      <source id="74" />
      <target id="71" />
    </TLINK>
    <TLINK comment="" id="56" relType="BEFORE">
      <source id="75" />
      <target id="0" />
    </TLINK>
    <TLINK comment="" id="57" relType="ENDED_BY">
      <source id="76" />
      <target id="77" />
    </TLINK>
    <TLINK comment="" id="58" relType="BEFORE">
      <source id="79" />
      <target id="0" />
    </TLINK>
    <TLINK comment="" id="59" relType="IS_INCLUDED">
      <source id="81" />
      <target id="0" />
    </TLINK>
    <CLINK c-signalID="80" comment="" id="60">
      <source id="81" />
      <target id="79" />
    </CLINK>
    <TLINK comment="" id="61" relType="DURING">
      <source id="83" />
      <target id="82" />
    </TLINK>
    <TLINK comment="" id="62" relType="BEFORE">
      <source id="84" />
      <target id="0" />
    </TLINK>
    <TLINK comment="" id="63" relType="BEFORE">
      <source id="87" />
      <target id="85" />
    </TLINK>
    <TLINK comment="" id="64" relType="DURING">
      <source id="87" />
      <target id="88" />
    </TLINK>
    <CLINK c-signalID="86" comment="" id="65">
      <source id="87" />
      <target id="85" />
    </CLINK>
    <TLINK comment="" id="66" relType="BEFORE">
      <source id="89" />
      <target id="0" />
    </TLINK>
    <TLINK comment="" id="67" relType="BEFORE">
      <source id="90" />
      <target id="0" />
    </TLINK>
    <TLINK comment="" id="68" relType="BEFORE">
      <source id="93" />
      <target id="0" />
    </TLINK>
    <TLINK comment="" id="69" relType="DURING">
      <source id="94" />
      <target id="0" />
    </TLINK>
    <TLINK comment="" id="70" relType="AFTER">
      <source id="95" />
      <target id="96" />
    </TLINK>
    <TLINK comment="" id="71" relType="IS_INCLUDED">
      <source id="97" />
      <target id="98" />
    </TLINK>
    <TLINK comment="" id="72" relType="ENDED_BY">
      <source id="98" />
      <target id="99" />
    </TLINK>
    <TLINK comment="" id="73" relType="SIMULTANEOUS">
      <source id="99" />
      <target id="100" />
    </TLINK>
    <TLINK comment="" id="74" relType="SIMULTANEOUS">
      <source id="102" />
      <target id="103" />
    </TLINK>
    <TLINK comment="" id="75" relType="INCLUDES">
      <source id="104" />
      <target id="105" />
    </TLINK>
    <TLINK comment="" id="76" relType="BEFORE">
      <source id="107" />
      <target id="0" />
    </TLINK>
    <CLINK c-signalID="110" comment="" id="77">
      <source id="111" />
      <target id="108" />
    </CLINK>
    <CLINK c-signalID="113" comment="" id="78">
      <source id="114" />
      <target id="112" />
    </CLINK>
    <CLINK c-signalID="113" comment="" id="79">
      <source id="115" />
      <target id="112" />
    </CLINK>
    <TLINK comment="" id="80" relType="DURING">
      <source id="119" />
      <target id="0" />
    </TLINK>
    <TLINK comment="" id="81" relType="AFTER">
      <source id="120" />
      <target id="119" />
    </TLINK>
  </Relations>
  <token id="1" number="0" sentence="0">Bethlehem</token>
  <token id="2" number="1" sentence="0">Steel</token>
  <token id="3" number="2" sentence="0">Corp.,</token>
  <token id="4" number="3" sentence="0">hammered</token>
  <token id="5" number="4" sentence="0">by</token>
  <token id="6" number="5" sentence="0">higher</token>
  <token id="7" number="6" sentence="0">costs</token>
  <token id="8" number="7" sentence="0">and</token>
  <token id="9" number="8" sentence="0">lower</token>
  <token id="10" number="9" sentence="0">shipments</token>
  <token id="11" number="10" sentence="0">to</token>
  <token id="12" number="11" sentence="0">key</token>
  <token id="13" number="12" sentence="0">automotive</token>
  <token id="14" number="13" sentence="0">and</token>
  <token id="15" number="14" sentence="0">service-center</token>
  <token id="16" number="15" sentence="0">customers</token>
  <token id="17" number="16" sentence="0">,</token>
  <token id="18" number="17" sentence="0">posted</token>
  <token id="19" number="18" sentence="0">a</token>
  <token id="20" number="19" sentence="0">54</token>
  <token id="21" number="20" sentence="0">%</token>
  <token id="22" number="21" sentence="0">drop</token>
  <token id="23" number="22" sentence="0">in</token>
  <token id="24" number="23" sentence="0">third-quarter</token>
  <token id="25" number="24" sentence="0">profit</token>
  <token id="26" number="25" sentence="0">.</token>
  <token id="27" number="26" sentence="1">Separately</token>
  <token id="28" number="27" sentence="1">,</token>
  <token id="29" number="28" sentence="1">two</token>
  <token id="30" number="29" sentence="1">more</token>
  <token id="31" number="30" sentence="1">of</token>
  <token id="32" number="31" sentence="1">the</token>
  <token id="33" number="32" sentence="1">nation</token>
  <token id="34" number="33" sentence="1">'s</token>
  <token id="35" number="34" sentence="1">top</token>
  <token id="36" number="35" sentence="1">steelmakers</token>
  <token id="37" number="36" sentence="1">--</token>
  <token id="38" number="37" sentence="1">Armco</token>
  <token id="39" number="38" sentence="1">Inc.</token>
  <token id="40" number="39" sentence="1">and</token>
  <token id="41" number="40" sentence="1">National</token>
  <token id="42" number="41" sentence="1">Intergroup</token>
  <token id="43" number="42" sentence="1">Inc.</token>
  <token id="44" number="43" sentence="1">--</token>
  <token id="45" number="44" sentence="1">reported</token>
  <token id="46" number="45" sentence="1">lower</token>
  <token id="47" number="46" sentence="1">operating</token>
  <token id="48" number="47" sentence="1">earnings</token>
  <token id="49" number="48" sentence="1">in</token>
  <token id="50" number="49" sentence="1">their</token>
  <token id="51" number="50" sentence="1">steel</token>
  <token id="52" number="51" sentence="1">businesses</token>
  <token id="53" number="52" sentence="1">,</token>
  <token id="54" number="53" sentence="1">marking</token>
  <token id="55" number="54" sentence="1">what</token>
  <token id="56" number="55" sentence="1">is</token>
  <token id="57" number="56" sentence="1">generally</token>
  <token id="58" number="57" sentence="1">believed</token>
  <token id="59" number="58" sentence="1">to</token>
  <token id="60" number="59" sentence="1">be</token>
  <token id="61" number="60" sentence="1">the</token>
  <token id="62" number="61" sentence="1">end</token>
  <token id="63" number="62" sentence="1">of</token>
  <token id="64" number="63" sentence="1">a</token>
  <token id="65" number="64" sentence="1">two-year</token>
  <token id="66" number="65" sentence="1">boom</token>
  <token id="67" number="66" sentence="1">in</token>
  <token id="68" number="67" sentence="1">the</token>
  <token id="69" number="68" sentence="1">industry</token>
  <token id="70" number="69" sentence="1">.</token>
  <token id="71" number="70" sentence="2">Wall</token>
  <token id="72" number="71" sentence="2">Street</token>
  <token id="73" number="72" sentence="2">analysts</token>
  <token id="74" number="73" sentence="2">expect</token>
  <token id="75" number="74" sentence="2">the</token>
  <token id="76" number="75" sentence="2">disappointing</token>
  <token id="77" number="76" sentence="2">trend</token>
  <token id="78" number="77" sentence="2">to</token>
  <token id="79" number="78" sentence="2">continue</token>
  <token id="80" number="79" sentence="2">into</token>
  <token id="81" number="80" sentence="2">the</token>
  <token id="82" number="81" sentence="2">fourth</token>
  <token id="83" number="82" sentence="2">quarter</token>
  <token id="84" number="83" sentence="2">and</token>
  <token id="85" number="84" sentence="2">through</token>
  <token id="86" number="85" sentence="2">at</token>
  <token id="87" number="86" sentence="2">least</token>
  <token id="88" number="87" sentence="2">the</token>
  <token id="89" number="88" sentence="2">first</token>
  <token id="90" number="89" sentence="2">two</token>
  <token id="91" number="90" sentence="2">quarters</token>
  <token id="92" number="91" sentence="2">of</token>
  <token id="93" number="92" sentence="2">1990</token>
  <token id="94" number="93" sentence="2">,</token>
  <token id="95" number="94" sentence="2">when</token>
  <token id="96" number="95" sentence="2">the</token>
  <token id="97" number="96" sentence="2">industry</token>
  <token id="98" number="97" sentence="2">will</token>
  <token id="99" number="98" sentence="2">increasingly</token>
  <token id="100" number="99" sentence="2">see</token>
  <token id="101" number="100" sentence="2">the</token>
  <token id="102" number="101" sentence="2">effect</token>
  <token id="103" number="102" sentence="2">of</token>
  <token id="104" number="103" sentence="2">price</token>
  <token id="105" number="104" sentence="2">erosion</token>
  <token id="106" number="105" sentence="2">in</token>
  <token id="107" number="106" sentence="2">major</token>
  <token id="108" number="107" sentence="2">product</token>
  <token id="109" number="108" sentence="2">lines</token>
  <token id="110" number="109" sentence="2">,</token>
  <token id="111" number="110" sentence="2">such</token>
  <token id="112" number="111" sentence="2">as</token>
  <token id="113" number="112" sentence="2">rolled</token>
  <token id="114" number="113" sentence="2">sheet</token>
  <token id="115" number="114" sentence="2">used</token>
  <token id="116" number="115" sentence="2">for</token>
  <token id="117" number="116" sentence="2">cars</token>
  <token id="118" number="117" sentence="2">,</token>
  <token id="119" number="118" sentence="2">appliances</token>
  <token id="120" number="119" sentence="2">and</token>
  <token id="121" number="120" sentence="2">construction</token>
  <token id="122" number="121" sentence="2">.</token>
  <token id="123" number="122" sentence="3">"</token>
  <token id="124" number="123" sentence="3">It</token>
  <token id="125" number="124" sentence="3">does</token>
  <token id="126" number="125" sentence="3">n't</token>
  <token id="127" number="126" sentence="3">bode</token>
  <token id="128" number="127" sentence="3">well</token>
  <token id="129" number="128" sentence="3">for</token>
  <token id="130" number="129" sentence="3">coming</token>
  <token id="131" number="130" sentence="3">quarters</token>
  <token id="132" number="131" sentence="3">,</token>
  <token id="133" number="132" sentence="3">"</token>
  <token id="134" number="133" sentence="3">said</token>
  <token id="135" number="134" sentence="3">John</token>
  <token id="136" number="135" sentence="3">Jacobson</token>
  <token id="137" number="136" sentence="3">,</token>
  <token id="138" number="137" sentence="3">who</token>
  <token id="139" number="138" sentence="3">follows</token>
  <token id="140" number="139" sentence="3">the</token>
  <token id="141" number="140" sentence="3">steel</token>
  <token id="142" number="141" sentence="3">industry</token>
  <token id="143" number="142" sentence="3">for</token>
  <token id="144" number="143" sentence="3">AUS</token>
  <token id="145" number="144" sentence="3">Consultants</token>
  <token id="146" number="145" sentence="3">.</token>
  <token id="147" number="146" sentence="4">In</token>
  <token id="148" number="147" sentence="4">fact</token>
  <token id="149" number="148" sentence="4">,</token>
  <token id="150" number="149" sentence="4">he</token>
  <token id="151" number="150" sentence="4">thinks</token>
  <token id="152" number="151" sentence="4">several</token>
  <token id="153" number="152" sentence="4">steelmakers</token>
  <token id="154" number="153" sentence="4">will</token>
  <token id="155" number="154" sentence="4">report</token>
  <token id="156" number="155" sentence="4">actual</token>
  <token id="157" number="156" sentence="4">losses</token>
  <token id="158" number="157" sentence="4">through</token>
  <token id="159" number="158" sentence="4">the</token>
  <token id="160" number="159" sentence="4">third</token>
  <token id="161" number="160" sentence="4">quarter</token>
  <token id="162" number="161" sentence="4">of</token>
  <token id="163" number="162" sentence="4">1990</token>
  <token id="164" number="163" sentence="4">.</token>
  <token id="165" number="164" sentence="5">Bethlehem</token>
  <token id="166" number="165" sentence="5">,</token>
  <token id="167" number="166" sentence="5">the</token>
  <token id="168" number="167" sentence="5">nation</token>
  <token id="169" number="168" sentence="5">'s</token>
  <token id="170" number="169" sentence="5">second</token>
  <token id="171" number="170" sentence="5">largest</token>
  <token id="172" number="171" sentence="5">steelmaker</token>
  <token id="173" number="172" sentence="5">,</token>
  <token id="174" number="173" sentence="5">earned</token>
  <token id="175" number="174" sentence="5">$</token>
  <token id="176" number="175" sentence="5">46.9</token>
  <token id="177" number="176" sentence="5">million</token>
  <token id="178" number="177" sentence="5">,</token>
  <token id="179" number="178" sentence="5">or</token>
  <token id="180" number="179" sentence="5">54</token>
  <token id="181" number="180" sentence="5">cents</token>
  <token id="182" number="181" sentence="5">a</token>
  <token id="183" number="182" sentence="5">share</token>
  <token id="184" number="183" sentence="5">.</token>
  <token id="185" number="184" sentence="6">The</token>
  <token id="186" number="185" sentence="6">figures</token>
  <token id="187" number="186" sentence="6">include</token>
  <token id="188" number="187" sentence="6">$</token>
  <token id="189" number="188" sentence="6">15</token>
  <token id="190" number="189" sentence="6">million</token>
  <token id="191" number="190" sentence="6">in</token>
  <token id="192" number="191" sentence="6">costs</token>
  <token id="193" number="192" sentence="6">related</token>
  <token id="194" number="193" sentence="6">to</token>
  <token id="195" number="194" sentence="6">a</token>
  <token id="196" number="195" sentence="6">blast</token>
  <token id="197" number="196" sentence="6">furnace</token>
  <token id="198" number="197" sentence="6">outage</token>
  <token id="199" number="198" sentence="6">and</token>
  <token id="200" number="199" sentence="6">$</token>
  <token id="201" number="200" sentence="6">8</token>
  <token id="202" number="201" sentence="6">million</token>
  <token id="203" number="202" sentence="6">in</token>
  <token id="204" number="203" sentence="6">losses</token>
  <token id="205" number="204" sentence="6">from</token>
  <token id="206" number="205" sentence="6">unauthorized</token>
  <token id="207" number="206" sentence="6">work</token>
  <token id="208" number="207" sentence="6">outages</token>
  <token id="209" number="208" sentence="6">at</token>
  <token id="210" number="209" sentence="6">the</token>
  <token id="211" number="210" sentence="6">company</token>
  <token id="212" number="211" sentence="6">'s</token>
  <token id="213" number="212" sentence="6">coal</token>
  <token id="214" number="213" sentence="6">operations</token>
  <token id="215" number="214" sentence="6">.</token>
  <token id="216" number="215" sentence="7">In</token>
  <token id="217" number="216" sentence="7">the</token>
  <token id="218" number="217" sentence="7">year-ago</token>
  <token id="219" number="218" sentence="7">period</token>
  <token id="220" number="219" sentence="7">,</token>
  <token id="221" number="220" sentence="7">Bethlehem</token>
  <token id="222" number="221" sentence="7">earned</token>
  <token id="223" number="222" sentence="7">$</token>
  <token id="224" number="223" sentence="7">101.4</token>
  <token id="225" number="224" sentence="7">million</token>
  <token id="226" number="225" sentence="7">,</token>
  <token id="227" number="226" sentence="7">or</token>
  <token id="228" number="227" sentence="7">$</token>
  <token id="229" number="228" sentence="7">1.27</token>
  <token id="230" number="229" sentence="7">a</token>
  <token id="231" number="230" sentence="7">share</token>
  <token id="232" number="231" sentence="7">,</token>
  <token id="233" number="232" sentence="7">including</token>
  <token id="234" number="233" sentence="7">a</token>
  <token id="235" number="234" sentence="7">$</token>
  <token id="236" number="235" sentence="7">3.8</token>
  <token id="237" number="236" sentence="7">million</token>
  <token id="238" number="237" sentence="7">gain</token>
  <token id="239" number="238" sentence="7">from</token>
  <token id="240" number="239" sentence="7">early</token>
  <token id="241" number="240" sentence="7">retirement</token>
  <token id="242" number="241" sentence="7">of</token>
  <token id="243" number="242" sentence="7">debt</token>
  <token id="244" number="243" sentence="7">.</token>
  <token id="245" number="244" sentence="8">Third-quarter</token>
  <token id="246" number="245" sentence="8">sales</token>
  <token id="247" number="246" sentence="8">dropped</token>
  <token id="248" number="247" sentence="8">11</token>
  <token id="249" number="248" sentence="8">%</token>
  <token id="250" number="249" sentence="8">to</token>
  <token id="251" number="250" sentence="8">$</token>
  <token id="252" number="251" sentence="8">1.27</token>
  <token id="253" number="252" sentence="8">billion</token>
  <token id="254" number="253" sentence="8">from</token>
  <token id="255" number="254" sentence="8">$</token>
  <token id="256" number="255" sentence="8">1.43</token>
  <token id="257" number="256" sentence="8">billion</token>
  <token id="258" number="257" sentence="8">a</token>
  <token id="259" number="258" sentence="8">year</token>
  <token id="260" number="259" sentence="8">ago</token>
  <token id="261" number="260" sentence="8">.</token>
  <token id="262" number="261" sentence="9">In</token>
  <token id="263" number="262" sentence="9">composite</token>
  <token id="264" number="263" sentence="9">trading</token>
  <token id="265" number="264" sentence="9">on</token>
  <token id="266" number="265" sentence="9">the</token>
  <token id="267" number="266" sentence="9">New</token>
  <token id="268" number="267" sentence="9">York</token>
  <token id="269" number="268" sentence="9">Stock</token>
  <token id="270" number="269" sentence="9">Exchange</token>
  <token id="271" number="270" sentence="9">,</token>
  <token id="272" number="271" sentence="9">Bethlehem</token>
  <token id="273" number="272" sentence="9">shares</token>
  <token id="274" number="273" sentence="9">rose</token>
  <token id="275" number="274" sentence="9">50</token>
  <token id="276" number="275" sentence="9">cents</token>
  <token id="277" number="276" sentence="9">to</token>
  <token id="278" number="277" sentence="9">$</token>
  <token id="279" number="278" sentence="9">17.375</token>
  <token id="280" number="279" sentence="9">.</token>
  <token id="281" number="280" sentence="10">Of</token>
  <token id="282" number="281" sentence="10">all</token>
  <token id="283" number="282" sentence="10">the</token>
  <token id="284" number="283" sentence="10">major</token>
  <token id="285" number="284" sentence="10">steelmakers</token>
  <token id="286" number="285" sentence="10">,</token>
  <token id="287" number="286" sentence="10">Bethlehem</token>
  <token id="288" number="287" sentence="10">would</token>
  <token id="289" number="288" sentence="10">seem</token>
  <token id="290" number="289" sentence="10">to</token>
  <token id="291" number="290" sentence="10">be</token>
  <token id="292" number="291" sentence="10">the</token>
  <token id="293" number="292" sentence="10">most</token>
  <token id="294" number="293" sentence="10">vulnerable</token>
  <token id="295" number="294" sentence="10">to</token>
  <token id="296" number="295" sentence="10">a</token>
  <token id="297" number="296" sentence="10">slowdown</token>
  <token id="298" number="297" sentence="10">.</token>
  <token id="299" number="298" sentence="11">It</token>
  <token id="300" number="299" sentence="11">has</token>
  <token id="301" number="300" sentence="11">n't</token>
  <token id="302" number="301" sentence="11">diversified</token>
  <token id="303" number="302" sentence="11">beyond</token>
  <token id="304" number="303" sentence="11">steel</token>
  <token id="305" number="304" sentence="11">,</token>
  <token id="306" number="305" sentence="11">nor</token>
  <token id="307" number="306" sentence="11">has</token>
  <token id="308" number="307" sentence="11">it</token>
  <token id="309" number="308" sentence="11">linked</token>
  <token id="310" number="309" sentence="11">up</token>
  <token id="311" number="310" sentence="11">with</token>
  <token id="312" number="311" sentence="11">a</token>
  <token id="313" number="312" sentence="11">joint</token>
  <token id="314" number="313" sentence="11">venture</token>
  <token id="315" number="314" sentence="11">partner</token>
  <token id="316" number="315" sentence="11">to</token>
  <token id="317" number="316" sentence="11">share</token>
  <token id="318" number="317" sentence="11">costs</token>
  <token id="319" number="318" sentence="11">and</token>
  <token id="320" number="319" sentence="11">risks</token>
  <token id="321" number="320" sentence="11">.</token>
  <token id="322" number="321" sentence="12">However</token>
  <token id="323" number="322" sentence="12">,</token>
  <token id="324" number="323" sentence="12">in</token>
  <token id="325" number="324" sentence="12">spite</token>
  <token id="326" number="325" sentence="12">of</token>
  <token id="327" number="326" sentence="12">the</token>
  <token id="328" number="327" sentence="12">difficult</token>
  <token id="329" number="328" sentence="12">industrywide</token>
  <token id="330" number="329" sentence="12">environment</token>
  <token id="331" number="330" sentence="12">of</token>
  <token id="332" number="331" sentence="12">high</token>
  <token id="333" number="332" sentence="12">cost</token>
  <token id="334" number="333" sentence="12">and</token>
  <token id="335" number="334" sentence="12">low</token>
  <token id="336" number="335" sentence="12">volume</token>
  <token id="337" number="336" sentence="12">,</token>
  <token id="338" number="337" sentence="12">Bethlehem</token>
  <token id="339" number="338" sentence="12">"</token>
  <token id="340" number="339" sentence="12">had</token>
  <token id="341" number="340" sentence="12">pretty</token>
  <token id="342" number="341" sentence="12">good</token>
  <token id="343" number="342" sentence="12">earnings</token>
  <token id="344" number="343" sentence="12">numbers</token>
  <token id="345" number="344" sentence="12">,</token>
  <token id="346" number="345" sentence="12">"</token>
  <token id="347" number="346" sentence="12">said</token>
  <token id="348" number="347" sentence="12">Michelle</token>
  <token id="349" number="348" sentence="12">Galanter</token>
  <token id="350" number="349" sentence="12">Applebaum</token>
  <token id="351" number="350" sentence="12">,</token>
  <token id="352" number="351" sentence="12">an</token>
  <token id="353" number="352" sentence="12">analyst</token>
  <token id="354" number="353" sentence="12">with</token>
  <token id="355" number="354" sentence="12">Salomon</token>
  <token id="356" number="355" sentence="12">Brothers</token>
  <token id="357" number="356" sentence="12">Inc.</token>
  <token id="358" number="357" sentence="13">Ms.</token>
  <token id="359" number="358" sentence="13">Applebaum</token>
  <token id="360" number="359" sentence="13">had</token>
  <token id="361" number="360" sentence="13">estimated</token>
  <token id="362" number="361" sentence="13">third-quarter</token>
  <token id="363" number="362" sentence="13">earnings</token>
  <token id="364" number="363" sentence="13">of</token>
  <token id="365" number="364" sentence="13">55</token>
  <token id="366" number="365" sentence="13">cents</token>
  <token id="367" number="366" sentence="13">a</token>
  <token id="368" number="367" sentence="13">shhha55</token>
  <token id="369" number="368" sentence="13">cents</token>
  <token id="370" number="369" sentence="13">a</token>
  <token id="371" number="370" sentence="13">share</token>
  <token id="372" number="371" sentence="13">,</token>
  <token id="373" number="372" sentence="13">ents</token>
  <token id="374" number="373" sentence="13">a</token>
  <token id="375" number="374" sentence="13">share</token>
  <token id="376" number="375" sentence="13">,</token>
  <token id="377" number="376" sentence="13">but</token>
  <token id="378" number="377" sentence="13">ssa</token>
  <token id="379" number="378" sentence="13">share</token>
  <token id="380" number="379" sentence="13">,</token>
  <token id="381" number="380" sentence="13">but</token>
  <token id="382" number="381" sentence="13">said</token>
  <token id="383" number="382" sentence="13">the</token>
  <token id="384" number="383" sentence="13">losses</token>
  <token id="385" number="384" sentence="13">for</token>
  <token id="386" number="385" sentence="13">the</token>
  <token id="387" number="386" sentence="13">unusual</token>
  <token id="388" number="387" sentence="13">items</token>
  <token id="389" number="388" sentence="13">were</token>
  <token id="390" number="389" sentence="13">larger</token>
  <token id="391" number="390" sentence="13">than</token>
  <token id="392" number="391" sentence="13">expected</token>
  <token id="393" number="392" sentence="13">.</token>
  <token id="394" number="393" sentence="14">Still</token>
  <token id="395" number="394" sentence="14">,</token>
  <token id="396" number="395" sentence="14">Bethlehem</token>
  <token id="397" number="396" sentence="14">'s</token>
  <token id="398" number="397" sentence="14">core</token>
  <token id="399" number="398" sentence="14">basic</token>
  <token id="400" number="399" sentence="14">steel</token>
  <token id="401" number="400" sentence="14">operations</token>
  <token id="402" number="401" sentence="14">experienced</token>
  <token id="403" number="402" sentence="14">a</token>
  <token id="404" number="403" sentence="14">steep</token>
  <token id="405" number="404" sentence="14">drop</token>
  <token id="406" number="405" sentence="14">in</token>
  <token id="407" number="406" sentence="14">operating</token>
  <token id="408" number="407" sentence="14">profit</token>
  <token id="409" number="408" sentence="14">to</token>
  <token id="410" number="409" sentence="14">$</token>
  <token id="411" number="410" sentence="14">58.6</token>
  <token id="412" number="411" sentence="14">million</token>
  <token id="413" number="412" sentence="14">from</token>
  <token id="414" number="413" sentence="14">$</token>
  <token id="415" number="414" sentence="14">186.4</token>
  <token id="416" number="415" sentence="14">million</token>
  <token id="417" number="416" sentence="14">a</token>
  <token id="418" number="417" sentence="14">year</token>
  <token id="419" number="418" sentence="14">ago</token>
  <token id="420" number="419" sentence="14">,</token>
  <token id="421" number="420" sentence="14">when</token>
  <token id="422" number="421" sentence="14">the</token>
  <token id="423" number="422" sentence="14">industry</token>
  <token id="424" number="423" sentence="14">enjoyed</token>
  <token id="425" number="424" sentence="14">strong</token>
  <token id="426" number="425" sentence="14">demand</token>
  <token id="427" number="426" sentence="14">and</token>
  <token id="428" number="427" sentence="14">pricing</token>
  <token id="429" number="428" sentence="14">.</token>
  <token id="430" number="429" sentence="15">The</token>
  <token id="431" number="430" sentence="15">company</token>
  <token id="432" number="431" sentence="15">said</token>
  <token id="433" number="432" sentence="15">its</token>
  <token id="434" number="433" sentence="15">shipments</token>
  <token id="435" number="434" sentence="15">declined</token>
  <token id="436" number="435" sentence="15">as</token>
  <token id="437" number="436" sentence="15">a</token>
  <token id="438" number="437" sentence="15">result</token>
  <token id="439" number="438" sentence="15">of</token>
  <token id="440" number="439" sentence="15">a</token>
  <token id="441" number="440" sentence="15">reduction</token>
  <token id="442" number="441" sentence="15">in</token>
  <token id="443" number="442" sentence="15">inventories</token>
  <token id="444" number="443" sentence="15">by</token>
  <token id="445" number="444" sentence="15">service</token>
  <token id="446" number="445" sentence="15">centers</token>
  <token id="447" number="446" sentence="15">,</token>
  <token id="448" number="447" sentence="15">a</token>
  <token id="449" number="448" sentence="15">lackluster</token>
  <token id="450" number="449" sentence="15">automotive</token>
  <token id="451" number="450" sentence="15">market</token>
  <token id="452" number="451" sentence="15">and</token>
  <token id="453" number="452" sentence="15">increasing</token>
  <token id="454" number="453" sentence="15">competitive</token>
  <token id="455" number="454" sentence="15">pressures</token>
  <token id="456" number="455" sentence="15">in</token>
  <token id="457" number="456" sentence="15">the</token>
  <token id="458" number="457" sentence="15">construction</token>
  <token id="459" number="458" sentence="15">market</token>
  <token id="460" number="459" sentence="15">.</token>
  <token id="461" number="460" sentence="16">At</token>
  <token id="462" number="461" sentence="16">the</token>
  <token id="463" number="462" sentence="16">same</token>
  <token id="464" number="463" sentence="16">time</token>
  <token id="465" number="464" sentence="16">,</token>
  <token id="466" number="465" sentence="16">production</token>
  <token id="467" number="466" sentence="16">costs</token>
  <token id="468" number="467" sentence="16">,</token>
  <token id="469" number="468" sentence="16">compared</token>
  <token id="470" number="469" sentence="16">with</token>
  <token id="471" number="470" sentence="16">a</token>
  <token id="472" number="471" sentence="16">year</token>
  <token id="473" number="472" sentence="16">ago</token>
  <token id="474" number="473" sentence="16">,</token>
  <token id="475" number="474" sentence="16">were</token>
  <token id="476" number="475" sentence="16">boosted</token>
  <token id="477" number="476" sentence="16">by</token>
  <token id="478" number="477" sentence="16">higher</token>
  <token id="479" number="478" sentence="16">raw</token>
  <token id="480" number="479" sentence="16">material</token>
  <token id="481" number="480" sentence="16">and</token>
  <token id="482" number="481" sentence="16">employment</token>
  <token id="483" number="482" sentence="16">costs</token>
  <token id="484" number="483" sentence="16">,</token>
  <token id="485" number="484" sentence="16">which</token>
  <token id="486" number="485" sentence="16">resulted</token>
  <token id="487" number="486" sentence="16">from</token>
  <token id="488" number="487" sentence="16">the</token>
  <token id="489" number="488" sentence="16">company</token>
  <token id="490" number="489" sentence="16">'s</token>
  <token id="491" number="490" sentence="16">new</token>
  <token id="492" number="491" sentence="16">labor</token>
  <token id="493" number="492" sentence="16">pact</token>
  <token id="494" number="493" sentence="16">effective</token>
  <token id="495" number="494" sentence="16">June</token>
  <token id="496" number="495" sentence="16">1</token>
  <token id="497" number="496" sentence="16">.</token>
  <token id="498" number="497" sentence="17">"</token>
  <token id="499" number="498" sentence="17">We</token>
  <token id="500" number="499" sentence="17">anticipate</token>
  <token id="501" number="500" sentence="17">that</token>
  <token id="502" number="501" sentence="17">steel</token>
  <token id="503" number="502" sentence="17">market</token>
  <token id="504" number="503" sentence="17">conditions</token>
  <token id="505" number="504" sentence="17">will</token>
  <token id="506" number="505" sentence="17">exhibit</token>
  <token id="507" number="506" sentence="17">a</token>
  <token id="508" number="507" sentence="17">further</token>
  <token id="509" number="508" sentence="17">moderate</token>
  <token id="510" number="509" sentence="17">decline</token>
  <token id="511" number="510" sentence="17">in</token>
  <token id="512" number="511" sentence="17">the</token>
  <token id="513" number="512" sentence="17">fourth</token>
  <token id="514" number="513" sentence="17">quarter</token>
  <token id="515" number="514" sentence="17">as</token>
  <token id="516" number="515" sentence="17">the</token>
  <token id="517" number="516" sentence="17">automotive</token>
  <token id="518" number="517" sentence="17">sector</token>
  <token id="519" number="518" sentence="17">remains</token>
  <token id="520" number="519" sentence="17">weak</token>
  <token id="521" number="520" sentence="17">and</token>
  <token id="522" number="521" sentence="17">customers</token>
  <token id="523" number="522" sentence="17">continue</token>
  <token id="524" number="523" sentence="17">to</token>
  <token id="525" number="524" sentence="17">adjust</token>
  <token id="526" number="525" sentence="17">inventories</token>
  <token id="527" number="526" sentence="17">,</token>
  <token id="528" number="527" sentence="17">"</token>
  <token id="529" number="528" sentence="17">said</token>
  <token id="530" number="529" sentence="17">Bethlehem</token>
  <token id="531" number="530" sentence="17">Chairman</token>
  <token id="532" number="531" sentence="17">Walter</token>
  <token id="533" number="532" sentence="17">F.</token>
  <token id="534" number="533" sentence="17">Williams</token>
  <token id="535" number="534" sentence="17">.</token>
  <token id="536" number="535" sentence="18">He</token>
  <token id="537" number="536" sentence="18">noted</token>
  <token id="538" number="537" sentence="18">,</token>
  <token id="539" number="538" sentence="18">however</token>
  <token id="540" number="539" sentence="18">,</token>
  <token id="541" number="540" sentence="18">that</token>
  <token id="542" number="541" sentence="18">the</token>
  <token id="543" number="542" sentence="18">company</token>
  <token id="544" number="543" sentence="18">'s</token>
  <token id="545" number="544" sentence="18">order</token>
  <token id="546" number="545" sentence="18">entry</token>
  <token id="547" number="546" sentence="18">has</token>
  <token id="548" number="547" sentence="18">increased</token>
  <token id="549" number="548" sentence="18">from</token>
  <token id="550" number="549" sentence="18">the</token>
  <token id="551" number="550" sentence="18">low</token>
  <token id="552" number="551" sentence="18">levels</token>
  <token id="553" number="552" sentence="18">of</token>
  <token id="554" number="553" sentence="18">the</token>
  <token id="555" number="554" sentence="18">early</token>
  <token id="556" number="555" sentence="18">summer</token>
  <token id="557" number="556" sentence="18">,</token>
  <token id="558" number="557" sentence="18">following</token>
  <token id="559" number="558" sentence="18">the</token>
  <token id="560" number="559" sentence="18">end</token>
  <token id="561" number="560" sentence="18">of</token>
  <token id="562" number="561" sentence="18">labor</token>
  <token id="563" number="562" sentence="18">negotiations</token>
  <token id="564" number="563" sentence="18">.</token>
  <token id="565" number="564" sentence="19">Steel</token>
  <token id="566" number="565" sentence="19">business</token>
  <token id="567" number="566" sentence="19">,</token>
  <token id="568" number="567" sentence="19">said</token>
  <token id="569" number="568" sentence="19">third-quarter</token>
  <token id="570" number="569" sentence="19">net</token>
  <token id="571" number="570" sentence="19">income</token>
  <token id="572" number="571" sentence="19">dropped</token>
  <token id="573" number="572" sentence="19">8</token>
  <token id="574" number="573" sentence="19">%</token>
  <token id="575" number="574" sentence="19">to</token>
  <token id="576" number="575" sentence="19">$</token>
  <token id="577" number="576" sentence="19">33</token>
  <token id="578" number="577" sentence="19">million</token>
  <token id="579" number="578" sentence="19">,</token>
  <token id="580" number="579" sentence="19">or</token>
  <token id="581" number="580" sentence="19">35</token>
  <token id="582" number="581" sentence="19">cents</token>
  <token id="583" number="582" sentence="19">a</token>
  <token id="584" number="583" sentence="19">share</token>
  <token id="585" number="584" sentence="19">,</token>
  <token id="586" number="585" sentence="19">from</token>
  <token id="587" number="586" sentence="19">$</token>
  <token id="588" number="587" sentence="19">36</token>
  <token id="589" number="588" sentence="19">million</token>
  <token id="590" number="589" sentence="19">,</token>
  <token id="591" number="590" sentence="19">or</token>
  <token id="592" number="591" sentence="19">39</token>
  <token id="593" number="592" sentence="19">cents</token>
  <token id="594" number="593" sentence="19">a</token>
  <token id="595" number="594" sentence="19">share</token>
  <token id="596" number="595" sentence="19">in</token>
  <token id="597" number="596" sentence="19">the</token>
  <token id="598" number="597" sentence="19">year-ago</token>
  <token id="599" number="598" sentence="19">quarter</token>
  <token id="600" number="599" sentence="19">.</token>
  <token id="601" number="600" sentence="20">Sales</token>
  <token id="602" number="601" sentence="20">dropped</token>
  <token id="603" number="602" sentence="20">to</token>
  <token id="604" number="603" sentence="20">$</token>
  <token id="605" number="604" sentence="20">441.1</token>
  <token id="606" number="605" sentence="20">million</token>
  <token id="607" number="606" sentence="20">from</token>
  <token id="608" number="607" sentence="20">$</token>
  <token id="609" number="608" sentence="20">820.4</token>
  <token id="610" number="609" sentence="20">million</token>
  <token id="611" number="610" sentence="20">,</token>
  <token id="612" number="611" sentence="20">because</token>
  <token id="613" number="612" sentence="20">the</token>
  <token id="614" number="613" sentence="20">company</token>
  <token id="615" number="614" sentence="20">no</token>
  <token id="616" number="615" sentence="20">longer</token>
  <token id="617" number="616" sentence="20">consolidates</token>
  <token id="618" number="617" sentence="20">its</token>
  <token id="619" number="618" sentence="20">Eastern</token>
  <token id="620" number="619" sentence="20">Steel</token>
  <token id="621" number="620" sentence="20">division</token>
  <token id="622" number="621" sentence="20">,</token>
  <token id="623" number="622" sentence="20">which</token>
  <token id="624" number="623" sentence="20">is</token>
  <token id="625" number="624" sentence="20">now</token>
  <token id="626" number="625" sentence="20">a</token>
  <token id="627" number="626" sentence="20">joint</token>
  <token id="628" number="627" sentence="20">venture</token>
  <token id="629" number="628" sentence="20">with</token>
  <token id="630" number="629" sentence="20">Kawasaki</token>
  <token id="631" number="630" sentence="20">Steel</token>
  <token id="632" number="631" sentence="20">Corp.</token>
  <token id="633" number="632" sentence="21">Along</token>
  <token id="634" number="633" sentence="21">with</token>
  <token id="635" number="634" sentence="21">reduced</token>
  <token id="636" number="635" sentence="21">volume</token>
  <token id="637" number="636" sentence="21">,</token>
  <token id="638" number="637" sentence="21">analysts</token>
  <token id="639" number="638" sentence="21">said</token>
  <token id="640" number="639" sentence="21">the</token>
  <token id="641" number="640" sentence="21">nation</token>
  <token id="642" number="641" sentence="21">'s</token>
  <token id="643" number="642" sentence="21">fifth</token>
  <token id="644" number="643" sentence="21">largest</token>
  <token id="645" number="644" sentence="21">steelmaker</token>
  <token id="646" number="645" sentence="21">was</token>
  <token id="647" number="646" sentence="21">hurt</token>
  <token id="648" number="647" sentence="21">by</token>
  <token id="649" number="648" sentence="21">holding</token>
  <token id="650" number="649" sentence="21">higher-cost</token>
  <token id="651" number="650" sentence="21">inventory</token>
  <token id="652" number="651" sentence="21">when</token>
  <token id="653" number="652" sentence="21">raw</token>
  <token id="654" number="653" sentence="21">material</token>
  <token id="655" number="654" sentence="21">costs</token>
  <token id="656" number="655" sentence="21">of</token>
  <token id="657" number="656" sentence="21">such</token>
  <token id="658" number="657" sentence="21">key</token>
  <token id="659" number="658" sentence="21">products</token>
  <token id="660" number="659" sentence="21">as</token>
  <token id="661" number="660" sentence="21">nickel</token>
  <token id="662" number="661" sentence="21">dropped</token>
  <token id="663" number="662" sentence="21">.</token>
  <token id="664" number="663" sentence="22">Operating</token>
  <token id="665" number="664" sentence="22">profit</token>
  <token id="666" number="665" sentence="22">dropped</token>
  <token id="667" number="666" sentence="22">46</token>
  <token id="668" number="667" sentence="22">%</token>
  <token id="669" number="668" sentence="22">in</token>
  <token id="670" number="669" sentence="22">its</token>
  <token id="671" number="670" sentence="22">specialty</token>
  <token id="672" number="671" sentence="22">flat-rolled</token>
  <token id="673" number="672" sentence="22">steel</token>
  <token id="674" number="673" sentence="22">segment</token>
  <token id="675" number="674" sentence="22">.</token>
  <token id="676" number="675" sentence="23">Moreover</token>
  <token id="677" number="676" sentence="23">,</token>
  <token id="678" number="677" sentence="23">the</token>
  <token id="679" number="678" sentence="23">company</token>
  <token id="680" number="679" sentence="23">said</token>
  <token id="681" number="680" sentence="23">higher</token>
  <token id="682" number="681" sentence="23">sales</token>
  <token id="683" number="682" sentence="23">and</token>
  <token id="684" number="683" sentence="23">shipments</token>
  <token id="685" number="684" sentence="23">to</token>
  <token id="686" number="685" sentence="23">service</token>
  <token id="687" number="686" sentence="23">centers</token>
  <token id="688" number="687" sentence="23">from</token>
  <token id="689" number="688" sentence="23">its</token>
  <token id="690" number="689" sentence="23">Armco</token>
  <token id="691" number="690" sentence="23">Steel</token>
  <token id="692" number="691" sentence="23">Co.</token>
  <token id="693" number="692" sentence="23">joint</token>
  <token id="694" number="693" sentence="23">venture</token>
  <token id="695" number="694" sentence="23">failed</token>
  <token id="696" number="695" sentence="23">to</token>
  <token id="697" number="696" sentence="23">offset</token>
  <token id="698" number="697" sentence="23">weakness</token>
  <token id="699" number="698" sentence="23">in</token>
  <token id="700" number="699" sentence="23">the</token>
  <token id="701" number="700" sentence="23">automotive</token>
  <token id="702" number="701" sentence="23">market</token>
  <token id="703" number="702" sentence="23">,</token>
  <token id="704" number="703" sentence="23">higher</token>
  <token id="705" number="704" sentence="23">production</token>
  <token id="706" number="705" sentence="23">costs</token>
  <token id="707" number="706" sentence="23">and</token>
  <token id="708" number="707" sentence="23">a</token>
  <token id="709" number="708" sentence="23">poorer</token>
  <token id="710" number="709" sentence="23">product</token>
  <token id="711" number="710" sentence="23">mix</token>
  <token id="712" number="711" sentence="23">.</token>
  <token id="713" number="712" sentence="24">Armco</token>
  <token id="714" number="713" sentence="24">shares</token>
  <token id="715" number="714" sentence="24">closed</token>
  <token id="716" number="715" sentence="24">unchanged</token>
  <token id="717" number="716" sentence="24">at</token>
  <token id="718" number="717" sentence="24">$</token>
  <token id="719" number="718" sentence="24">10.625</token>
  <token id="720" number="719" sentence="24">in</token>
  <token id="721" number="720" sentence="24">composite</token>
  <token id="722" number="721" sentence="24">trading</token>
  <token id="723" number="722" sentence="24">on</token>
  <token id="724" number="723" sentence="24">the</token>
  <token id="725" number="724" sentence="24">New</token>
  <token id="726" number="725" sentence="24">York</token>
  <token id="727" number="726" sentence="24">Stock</token>
  <token id="728" number="727" sentence="24">Exchange</token>
  <token id="729" number="728" sentence="24">.</token>
  <token id="730" number="729" sentence="25">National</token>
  <token id="731" number="730" sentence="25">Intergroup</token>
  <token id="732" number="731" sentence="25">,</token>
  <token id="733" number="732" sentence="25">which</token>
  <token id="734" number="733" sentence="25">owns</token>
  <token id="735" number="734" sentence="25">50</token>
  <token id="736" number="735" sentence="25">%</token>
  <token id="737" number="736" sentence="25">of</token>
  <token id="738" number="737" sentence="25">the</token>
  <token id="739" number="738" sentence="25">nation</token>
  <token id="740" number="739" sentence="25">'s</token>
  <token id="741" number="740" sentence="25">sixth</token>
  <token id="742" number="741" sentence="25">largest</token>
  <token id="743" number="742" sentence="25">steelmaker</token>
  <token id="744" number="743" sentence="25">--</token>
  <token id="745" number="744" sentence="25">National</token>
  <token id="746" number="745" sentence="25">Steel</token>
  <token id="747" number="746" sentence="25">Corp.</token>
  <token id="748" number="747" sentence="25">--</token>
  <token id="749" number="748" sentence="25">posted</token>
  <token id="750" number="749" sentence="25">net</token>
  <token id="751" number="750" sentence="25">income</token>
  <token id="752" number="751" sentence="25">for</token>
  <token id="753" number="752" sentence="25">the</token>
  <token id="754" number="753" sentence="25">fiscal</token>
  <token id="755" number="754" sentence="25">second-quarter</token>
  <token id="756" number="755" sentence="25">of</token>
  <token id="757" number="756" sentence="25">$</token>
  <token id="758" number="757" sentence="25">8.6</token>
  <token id="759" number="758" sentence="25">million</token>
  <token id="760" number="759" sentence="25">,</token>
  <token id="761" number="760" sentence="25">or</token>
  <token id="762" number="761" sentence="25">33</token>
  <token id="763" number="762" sentence="25">cents</token>
  <token id="764" number="763" sentence="25">a</token>
  <token id="765" number="764" sentence="25">share</token>
  <token id="766" number="765" sentence="25">,</token>
  <token id="767" number="766" sentence="25">compared</token>
  <token id="768" number="767" sentence="25">with</token>
  <token id="769" number="768" sentence="25">a</token>
  <token id="770" number="769" sentence="25">net</token>
  <token id="771" number="770" sentence="25">loss</token>
  <token id="772" number="771" sentence="25">of</token>
  <token id="773" number="772" sentence="25">$</token>
  <token id="774" number="773" sentence="25">50.3</token>
  <token id="775" number="774" sentence="25">million</token>
  <token id="776" number="775" sentence="25">.</token>
  <token id="777" number="776" sentence="26">Sales</token>
  <token id="778" number="777" sentence="26">increased</token>
  <token id="779" number="778" sentence="26">in</token>
  <token id="780" number="779" sentence="26">the</token>
  <token id="781" number="780" sentence="26">quarter</token>
  <token id="782" number="781" sentence="26">ended</token>
  <token id="783" number="782" sentence="26">Sept</token>
  <token id="784" number="783" sentence="26">.</token>
  <token id="785" number="784" sentence="26">30</token>
  <token id="786" number="785" sentence="26">to</token>
  <token id="787" number="786" sentence="26">$</token>
  <token id="788" number="787" sentence="26">747.8</token>
  <token id="789" number="788" sentence="26">million</token>
  <token id="790" number="789" sentence="26">from</token>
  <token id="791" number="790" sentence="26">$</token>
  <token id="792" number="791" sentence="26">623.5</token>
  <token id="793" number="792" sentence="26">million</token>
  <token id="794" number="793" sentence="26">a</token>
  <token id="795" number="794" sentence="26">year</token>
  <token id="796" number="795" sentence="26">ago</token>
  <token id="797" number="796" sentence="26">.</token>
  <token id="798" number="797" sentence="27">The</token>
  <token id="799" number="798" sentence="27">latest</token>
  <token id="800" number="799" sentence="27">period</token>
  <token id="801" number="800" sentence="27">includes</token>
  <token id="802" number="801" sentence="27">gains</token>
  <token id="803" number="802" sentence="27">of</token>
  <token id="804" number="803" sentence="27">$</token>
  <token id="805" number="804" sentence="27">9.1</token>
  <token id="806" number="805" sentence="27">million</token>
  <token id="807" number="806" sentence="27">from</token>
  <token id="808" number="807" sentence="27">early</token>
  <token id="809" number="808" sentence="27">retirement</token>
  <token id="810" number="809" sentence="27">of</token>
  <token id="811" number="810" sentence="27">debt</token>
  <token id="812" number="811" sentence="27">and</token>
  <token id="813" number="812" sentence="27">tax</token>
  <token id="814" number="813" sentence="27">loss</token>
  <token id="815" number="814" sentence="27">carry-forward</token>
  <token id="816" number="815" sentence="27">.</token>
  <token id="817" number="816" sentence="28">Last</token>
  <token id="818" number="817" sentence="28">year</token>
  <token id="819" number="818" sentence="28">'s</token>
  <token id="820" number="819" sentence="28">results</token>
  <token id="821" number="820" sentence="28">were</token>
  <token id="822" number="821" sentence="28">hurt</token>
  <token id="823" number="822" sentence="28">by</token>
  <token id="824" number="823" sentence="28">$</token>
  <token id="825" number="824" sentence="28">41.3</token>
  <token id="826" number="825" sentence="28">million</token>
  <token id="827" number="826" sentence="28">in</token>
  <token id="828" number="827" sentence="28">restructuring</token>
  <token id="829" number="828" sentence="28">charges</token>
  <token id="830" number="829" sentence="28">.</token>
  <token id="831" number="830" sentence="29">National</token>
  <token id="832" number="831" sentence="29">Intergroup</token>
  <token id="833" number="832" sentence="29">stock</token>
  <token id="834" number="833" sentence="29">closed</token>
  <token id="835" number="834" sentence="29">at</token>
  <token id="836" number="835" sentence="29">$</token>
  <token id="837" number="836" sentence="29">15</token>
  <token id="838" number="837" sentence="29">,</token>
  <token id="839" number="838" sentence="29">unchanged</token>
  <token id="840" number="839" sentence="29">in</token>
  <token id="841" number="840" sentence="29">composite</token>
  <token id="842" number="841" sentence="29">trading</token>
  <token id="843" number="842" sentence="29">on</token>
  <token id="844" number="843" sentence="29">the</token>
  <token id="845" number="844" sentence="29">New</token>
  <token id="846" number="845" sentence="29">York</token>
  <token id="847" number="846" sentence="29">Stock</token>
  <token id="848" number="847" sentence="29">Exchange</token>
  <token id="849" number="848" sentence="29">.</token>
  <token id="850" number="849" sentence="30">The</token>
  <token id="851" number="850" sentence="30">company</token>
  <token id="852" number="851" sentence="30">noted</token>
  <token id="853" number="852" sentence="30">that</token>
  <token id="854" number="853" sentence="30">its</token>
  <token id="855" number="854" sentence="30">Fox</token>
  <token id="856" number="855" sentence="30">-</token>
  <token id="857" number="856" sentence="30">Meyer</token>
  <token id="858" number="857" sentence="30">Drug</token>
  <token id="859" number="858" sentence="30">Co.,</token>
  <token id="860" number="859" sentence="30">Ben</token>
  <token id="861" number="860" sentence="30">Franklin</token>
  <token id="862" number="861" sentence="30">Stores</token>
  <token id="863" number="862" sentence="30">Inc.</token>
  <token id="864" number="863" sentence="30">and</token>
  <token id="865" number="864" sentence="30">Permian</token>
  <token id="866" number="865" sentence="30">Corp.</token>
  <token id="867" number="866" sentence="30">operations</token>
  <token id="868" number="867" sentence="30">showed</token>
  <token id="869" number="868" sentence="30">improvements</token>
  <token id="870" number="869" sentence="30">as</token>
  <token id="871" number="870" sentence="30">a</token>
  <token id="872" number="871" sentence="30">result</token>
  <token id="873" number="872" sentence="30">of</token>
  <token id="874" number="873" sentence="30">restructuring</token>
  <token id="875" number="874" sentence="30">moves</token>
  <token id="876" number="875" sentence="30">.</token>
  <token id="877" number="876" sentence="31">However</token>
  <token id="878" number="877" sentence="31">,</token>
  <token id="879" number="878" sentence="31">its</token>
  <token id="880" number="879" sentence="31">equity</token>
  <token id="881" number="880" sentence="31">in</token>
  <token id="882" number="881" sentence="31">the</token>
  <token id="883" number="882" sentence="31">net</token>
  <token id="884" number="883" sentence="31">income</token>
  <token id="885" number="884" sentence="31">of</token>
  <token id="886" number="885" sentence="31">National</token>
  <token id="887" number="886" sentence="31">Steel</token>
  <token id="888" number="887" sentence="31">declined</token>
  <token id="889" number="888" sentence="31">to</token>
  <token id="890" number="889" sentence="31">$</token>
  <token id="891" number="890" sentence="31">6.3</token>
  <token id="892" number="891" sentence="31">million</token>
  <token id="893" number="892" sentence="31">from</token>
  <token id="894" number="893" sentence="31">$</token>
  <token id="895" number="894" sentence="31">10.9</token>
  <token id="896" number="895" sentence="31">million</token>
  <token id="897" number="896" sentence="31">as</token>
  <token id="898" number="897" sentence="31">a</token>
  <token id="899" number="898" sentence="31">result</token>
  <token id="900" number="899" sentence="31">of</token>
  <token id="901" number="900" sentence="31">softer</token>
  <token id="902" number="901" sentence="31">demand</token>
  <token id="903" number="902" sentence="31">and</token>
  <token id="904" number="903" sentence="31">lost</token>
  <token id="905" number="904" sentence="31">orders</token>
  <token id="906" number="905" sentence="31">following</token>
  <token id="907" number="906" sentence="31">prolonged</token>
  <token id="908" number="907" sentence="31">labor</token>
  <token id="909" number="908" sentence="31">talks</token>
  <token id="910" number="909" sentence="31">and</token>
  <token id="911" number="910" sentence="31">a</token>
  <token id="912" number="911" sentence="31">threatened</token>
  <token id="913" number="912" sentence="31">strike</token>
  <token id="914" number="913" sentence="31">.</token>
  <token id="915" number="914" sentence="32">National</token>
  <token id="916" number="915" sentence="32">Intergroup</token>
  <token id="917" number="916" sentence="32">is</token>
  <token id="918" number="917" sentence="32">negotiating</token>
  <token id="919" number="918" sentence="32">for</token>
  <token id="920" number="919" sentence="32">the</token>
  <token id="921" number="920" sentence="32">sale</token>
  <token id="922" number="921" sentence="32">of</token>
  <token id="923" number="922" sentence="32">its</token>
  <token id="924" number="923" sentence="32">50</token>
  <token id="925" number="924" sentence="32">%</token>
  <token id="926" number="925" sentence="32">interest</token>
  <token id="927" number="926" sentence="32">in</token>
  <token id="928" number="927" sentence="32">National</token>
  <token id="929" number="928" sentence="32">Steel</token>
  <token id="930" number="929" sentence="32">to</token>
  <token id="931" number="930" sentence="32">concentrate</token>
  <token id="932" number="931" sentence="32">more</token>
  <token id="933" number="932" sentence="32">fully</token>
  <token id="934" number="933" sentence="32">on</token>
  <token id="935" number="934" sentence="32">drug</token>
  <token id="936" number="935" sentence="32">distribution</token>
  <token id="937" number="936" sentence="32">operations</token>
  <token id="938" number="937" sentence="32">.</token>
</Document>
