<Document doc_name="wsj_0136">
  <Markables>
    <TIMEX3 RELATED_TO="" TAG_DESCRIPTOR="Empty_Mark" beginPoint="" comment="" endPoint="" freq="" functionInDocument="CREATION_TIME" id="0" quant="" type="DATE" value="1989-11-02" />
    <EVENT aspect="NONE" certainty="" class="REPORTING" comment="" factuality="" id="1" modality="NONE" polarity="POS" pos="VERB" tense="PAST">
      <token_anchor id="9" />
    </EVENT>
    <TIMEX3 anchorTimeID="0" beginPoint="" comment="" endPoint="" freq="" functionInDocument="NONE" id="2" quant="" type="DATE" value="1998-Q4">
      <token_anchor id="13" />
      <token_anchor id="14" />
    </TIMEX3>
    <TIMEX3 anchorTimeID="0" beginPoint="" comment="" endPoint="" freq="" functionInDocument="NONE" id="3" quant="" type="DATE" value="1989-09">
      <token_anchor id="16" />
      <token_anchor id="17" />
      <token_anchor id="18" />
    </TIMEX3>
    <EVENT aspect="NONE" certainty="" class="OCCURRENCE" comment="" factuality="" id="4" modality="NONE" polarity="POS" pos="VERB" tense="PAST">
      <token_anchor id="19" />
    </EVENT>
    <EVENT aspect="NONE" certainty="" class="REPORTING" comment="" factuality="" id="5" modality="NONE" polarity="POS" pos="VERB" tense="PAST">
      <token_anchor id="41" />
    </EVENT>
    <EVENT aspect="NONE" certainty="" class="OCCURRENCE" comment="" factuality="" id="6" modality="NONE" polarity="POS" pos="NOUN" tense="NONE">
      <token_anchor id="44" />
    </EVENT>
    <EVENT aspect="NONE" certainty="" class="I_ACTION" comment="" factuality="" id="7" modality="NONE" polarity="POS" pos="VERB" tense="FUTURE">
      <token_anchor id="49" />
    </EVENT>
    <EVENT aspect="NONE" certainty="" class="OCCURRENCE" comment="" factuality="" id="8" modality="NONE" polarity="POS" pos="NOUN" tense="NONE">
      <token_anchor id="52" />
    </EVENT>
    <TIMEX3 anchorTimeID="0" beginPoint="" comment="" endPoint="" freq="" functionInDocument="NONE" id="9" quant="" type="DATE" value="1989">
      <token_anchor id="54" />
      <token_anchor id="55" />
      <token_anchor id="56" />
    </TIMEX3>
    <TIMEX3 beginPoint="" comment="" endPoint="" freq="" functionInDocument="NONE" id="10" quant="" type="DATE" value="1989">
      <token_anchor id="59" />
      <token_anchor id="60" />
    </TIMEX3>
    <EVENT aspect="NONE" certainty="" class="OCCURRENCE" comment="" factuality="" id="11" modality="NONE" polarity="POS" pos="VERB" tense="PAST">
      <token_anchor id="64" />
    </EVENT>
    <EVENT aspect="NONE" certainty="" class="REPORTING" comment="" factuality="" id="12" modality="NONE" polarity="POS" pos="VERB" tense="PAST">
      <token_anchor id="84" />
    </EVENT>
    <EVENT aspect="NONE" certainty="" class="OCCURRENCE" comment="" factuality="" id="13" modality="NONE" polarity="POS" pos="NOUN" tense="NONE">
      <token_anchor id="86" />
    </EVENT>
    <EVENT aspect="NONE" certainty="" class="REPORTING" comment="" factuality="" id="14" modality="NONE" polarity="POS" pos="VERB" tense="PAST">
      <token_anchor id="117" />
    </EVENT>
    <EVENT aspect="NONE" certainty="" class="OCCURRENCE" comment="" factuality="" id="15" modality="NONE" polarity="POS" pos="VERB" tense="PRESPART">
      <token_anchor id="124" />
    </EVENT>
    <EVENT aspect="NONE" certainty="" class="REPORTING" comment="" factuality="" id="16" modality="NONE" polarity="POS" pos="VERB" tense="PAST">
      <token_anchor id="152" />
    </EVENT>
    <EVENT aspect="PERFECTIVE" certainty="" class="OCCURRENCE" comment="" factuality="" id="17" modality="NONE" polarity="POS" pos="VERB" tense="PRESENT">
      <token_anchor id="159" />
    </EVENT>
    <EVENT aspect="NONE" certainty="" class="I_ACTION" comment="" factuality="" id="18" modality="NONE" polarity="POS" pos="VERB" tense="INFINITIVE">
      <token_anchor id="161" />
    </EVENT>
  </Markables>
  <Relations>
    <TLINK comment="" id="1" relType="BEFORE">
      <source id="1" />
      <target id="0" />
    </TLINK>
    <TLINK comment="" id="2" relType="ENDED_BY">
      <source id="2" />
      <target id="3" />
    </TLINK>
    <TLINK comment="" id="3" relType="SIMULTANEOUS">
      <source id="5" />
      <target id="1" />
    </TLINK>
    <TLINK comment="" id="4" relType="BEFORE">
      <source id="6" />
      <target id="7" />
    </TLINK>
    <CLINK comment="" id="5">
      <source id="6" />
      <target id="8" />
    </CLINK>
    <TLINK comment="" id="6" relType="IS_INCLUDED">
      <source id="7" />
      <target id="9" />
    </TLINK>
    <TLINK comment="" id="7" relType="SIMULTANEOUS">
      <source id="10" />
      <target id="11" />
    </TLINK>
    <TLINK comment="" id="8" relType="BEFORE">
      <source id="12" />
      <target id="0" />
    </TLINK>
    <TLINK comment="" id="9" relType="SIMULTANEOUS">
      <source id="14" />
      <target id="1" />
    </TLINK>
    <TLINK comment="" id="10" relType="INCLUDES">
      <source id="15" />
      <target id="0" />
    </TLINK>
    <TLINK comment="" id="11" relType="SIMULTANEOUS">
      <source id="16" />
      <target id="14" />
    </TLINK>
    <TLINK comment="" id="12" relType="BEFORE">
      <source id="17" />
      <target id="16" />
    </TLINK>
  </Relations>
  <token id="1" number="0" sentence="0">Oshkosh</token>
  <token id="2" number="1" sentence="0">Truck</token>
  <token id="3" number="2" sentence="0">Corp.,</token>
  <token id="4" number="3" sentence="0">Oshkosh</token>
  <token id="5" number="4" sentence="0">,</token>
  <token id="6" number="5" sentence="0">Wis</token>
  <token id="7" number="6" sentence="0">.</token>
  <token id="8" number="7" sentence="0">,</token>
  <token id="9" number="8" sentence="0">estimated</token>
  <token id="10" number="9" sentence="0">earnings</token>
  <token id="11" number="10" sentence="0">for</token>
  <token id="12" number="11" sentence="0">its</token>
  <token id="13" number="12" sentence="0">fourth</token>
  <token id="14" number="13" sentence="0">quarter</token>
  <token id="15" number="14" sentence="0">ended</token>
  <token id="16" number="15" sentence="0">Sept</token>
  <token id="17" number="16" sentence="0">.</token>
  <token id="18" number="17" sentence="0">30</token>
  <token id="19" number="18" sentence="0">fell</token>
  <token id="20" number="19" sentence="0">50</token>
  <token id="21" number="20" sentence="0">%</token>
  <token id="22" number="21" sentence="0">to</token>
  <token id="23" number="22" sentence="0">75</token>
  <token id="24" number="23" sentence="0">%</token>
  <token id="25" number="24" sentence="0">below</token>
  <token id="26" number="25" sentence="0">the</token>
  <token id="27" number="26" sentence="0">year-earlier</token>
  <token id="28" number="27" sentence="0">$</token>
  <token id="29" number="28" sentence="0">4.5</token>
  <token id="30" number="29" sentence="0">million</token>
  <token id="31" number="30" sentence="0">,</token>
  <token id="32" number="31" sentence="0">or</token>
  <token id="33" number="32" sentence="0">51</token>
  <token id="34" number="33" sentence="0">cents</token>
  <token id="35" number="34" sentence="0">a</token>
  <token id="36" number="35" sentence="0">share</token>
  <token id="37" number="36" sentence="0">.</token>
  <token id="38" number="37" sentence="1">The</token>
  <token id="39" number="38" sentence="1">truck</token>
  <token id="40" number="39" sentence="1">maker</token>
  <token id="41" number="40" sentence="1">said</token>
  <token id="42" number="41" sentence="1">the</token>
  <token id="43" number="42" sentence="1">significant</token>
  <token id="44" number="43" sentence="1">drop</token>
  <token id="45" number="44" sentence="1">in</token>
  <token id="46" number="45" sentence="1">net</token>
  <token id="47" number="46" sentence="1">income</token>
  <token id="48" number="47" sentence="1">will</token>
  <token id="49" number="48" sentence="1">result</token>
  <token id="50" number="49" sentence="1">in</token>
  <token id="51" number="50" sentence="1">lower</token>
  <token id="52" number="51" sentence="1">earnings</token>
  <token id="53" number="52" sentence="1">for</token>
  <token id="54" number="53" sentence="1">the</token>
  <token id="55" number="54" sentence="1">fiscal</token>
  <token id="56" number="55" sentence="1">year</token>
  <token id="57" number="56" sentence="1">.</token>
  <token id="58" number="57" sentence="2">In</token>
  <token id="59" number="58" sentence="2">fiscal</token>
  <token id="60" number="59" sentence="2">1988</token>
  <token id="61" number="60" sentence="2">,</token>
  <token id="62" number="61" sentence="2">the</token>
  <token id="63" number="62" sentence="2">company</token>
  <token id="64" number="63" sentence="2">earned</token>
  <token id="65" number="64" sentence="2">$</token>
  <token id="66" number="65" sentence="2">17.3</token>
  <token id="67" number="66" sentence="2">million</token>
  <token id="68" number="67" sentence="2">,</token>
  <token id="69" number="68" sentence="2">or</token>
  <token id="70" number="69" sentence="2">$</token>
  <token id="71" number="70" sentence="2">1.92</token>
  <token id="72" number="71" sentence="2">a</token>
  <token id="73" number="72" sentence="2">share</token>
  <token id="74" number="73" sentence="2">,</token>
  <token id="75" number="74" sentence="2">on</token>
  <token id="76" number="75" sentence="2">revenue</token>
  <token id="77" number="76" sentence="2">of</token>
  <token id="78" number="77" sentence="2">$</token>
  <token id="79" number="78" sentence="2">352.9</token>
  <token id="80" number="79" sentence="2">million</token>
  <token id="81" number="80" sentence="2">.</token>
  <token id="82" number="81" sentence="3">Oshkosh</token>
  <token id="83" number="82" sentence="3">Truck</token>
  <token id="84" number="83" sentence="3">attributed</token>
  <token id="85" number="84" sentence="3">the</token>
  <token id="86" number="85" sentence="3">downturn</token>
  <token id="87" number="86" sentence="3">in</token>
  <token id="88" number="87" sentence="3">its</token>
  <token id="89" number="88" sentence="3">earnings</token>
  <token id="90" number="89" sentence="3">to</token>
  <token id="91" number="90" sentence="3">higher</token>
  <token id="92" number="91" sentence="3">start-up</token>
  <token id="93" number="92" sentence="3">costs</token>
  <token id="94" number="93" sentence="3">of</token>
  <token id="95" number="94" sentence="3">its</token>
  <token id="96" number="95" sentence="3">new</token>
  <token id="97" number="96" sentence="3">chassis</token>
  <token id="98" number="97" sentence="3">division</token>
  <token id="99" number="98" sentence="3">,</token>
  <token id="100" number="99" sentence="3">a</token>
  <token id="101" number="100" sentence="3">softer</token>
  <token id="102" number="101" sentence="3">motor-home</token>
  <token id="103" number="102" sentence="3">market</token>
  <token id="104" number="103" sentence="3">and</token>
  <token id="105" number="104" sentence="3">higher</token>
  <token id="106" number="105" sentence="3">administrative</token>
  <token id="107" number="106" sentence="3">costs</token>
  <token id="108" number="107" sentence="3">of</token>
  <token id="109" number="108" sentence="3">compliance</token>
  <token id="110" number="109" sentence="3">with</token>
  <token id="111" number="110" sentence="3">government</token>
  <token id="112" number="111" sentence="3">contractor</token>
  <token id="113" number="112" sentence="3">regulations</token>
  <token id="114" number="113" sentence="3">.</token>
  <token id="115" number="114" sentence="4">The</token>
  <token id="116" number="115" sentence="4">company</token>
  <token id="117" number="116" sentence="4">said</token>
  <token id="118" number="117" sentence="4">it</token>
  <token id="119" number="118" sentence="4">is</token>
  <token id="120" number="119" sentence="4">in</token>
  <token id="121" number="120" sentence="4">the</token>
  <token id="122" number="121" sentence="4">process</token>
  <token id="123" number="122" sentence="4">of</token>
  <token id="124" number="123" sentence="4">phasing</token>
  <token id="125" number="124" sentence="4">out</token>
  <token id="126" number="125" sentence="4">John</token>
  <token id="127" number="126" sentence="4">Deere</token>
  <token id="128" number="127" sentence="4">,</token>
  <token id="129" number="128" sentence="4">its</token>
  <token id="130" number="129" sentence="4">current</token>
  <token id="131" number="130" sentence="4">source</token>
  <token id="132" number="131" sentence="4">of</token>
  <token id="133" number="132" sentence="4">production</token>
  <token id="134" number="133" sentence="4">for</token>
  <token id="135" number="134" sentence="4">midsized</token>
  <token id="136" number="135" sentence="4">motor</token>
  <token id="137" number="136" sentence="4">home</token>
  <token id="138" number="137" sentence="4">chassis</token>
  <token id="139" number="138" sentence="4">.</token>
  <token id="140" number="139" sentence="5">In</token>
  <token id="141" number="140" sentence="5">anticipation</token>
  <token id="142" number="141" sentence="5">of</token>
  <token id="143" number="142" sentence="5">the</token>
  <token id="144" number="143" sentence="5">start-up</token>
  <token id="145" number="144" sentence="5">of</token>
  <token id="146" number="145" sentence="5">its</token>
  <token id="147" number="146" sentence="5">new</token>
  <token id="148" number="147" sentence="5">factory</token>
  <token id="149" number="148" sentence="5">,</token>
  <token id="150" number="149" sentence="5">the</token>
  <token id="151" number="150" sentence="5">company</token>
  <token id="152" number="151" sentence="5">said</token>
  <token id="153" number="152" sentence="5">a</token>
  <token id="154" number="153" sentence="5">larger-than-normal</token>
  <token id="155" number="154" sentence="5">chassis</token>
  <token id="156" number="155" sentence="5">supply</token>
  <token id="157" number="156" sentence="5">has</token>
  <token id="158" number="157" sentence="5">been</token>
  <token id="159" number="158" sentence="5">built</token>
  <token id="160" number="159" sentence="5">to</token>
  <token id="161" number="160" sentence="5">carry</token>
  <token id="162" number="161" sentence="5">it</token>
  <token id="163" number="162" sentence="5">through</token>
  <token id="164" number="163" sentence="5">the</token>
  <token id="165" number="164" sentence="5">transition</token>
  <token id="166" number="165" sentence="5">period</token>
  <token id="167" number="166" sentence="5">.</token>
</Document>
