<Document doc_name="wsj_1035">
  <Markables>
    <TIMEX3 RELATED_TO="" TAG_DESCRIPTOR="Empty_Mark" beginPoint="" comment="" endPoint="" freq="" functionInDocument="CREATION_TIME" id="0" quant="" type="DATE" value="1989-10-26" />
    <EVENT aspect="NONE" certainty="" class="REPORTING" comment="" factuality="" id="1" modality="NONE" polarity="POS" pos="VERB" tense="PAST">
      <token_anchor id="4" />
    </EVENT>
    <EVENT aspect="NONE" certainty="" class="OCCURRENCE" comment="" factuality="" id="2" modality="NONE" polarity="POS" pos="NOUN" tense="NONE">
      <token_anchor id="8" />
    </EVENT>
    <TIMEX3 anchorTimeID="0" beginPoint="" comment="" endPoint="" freq="" functionInDocument="NONE" id="3" quant="" type="DATE" value="1989-Q3">
      <token_anchor id="10" />
    </TIMEX3>
    <EVENT aspect="NONE" certainty="" class="REPORTING" comment="" factuality="" id="4" modality="NONE" polarity="POS" pos="VERB" tense="PRESPART">
      <token_anchor id="14" />
    </EVENT>
    <EVENT aspect="NONE" certainty="" class="OCCURRENCE" comment="" factuality="" id="5" modality="NONE" polarity="POS" pos="NOUN" tense="NONE">
      <token_anchor id="16" />
    </EVENT>
    <EVENT aspect="NONE" certainty="" class="REPORTING" comment="" factuality="" id="6" modality="NONE" polarity="POS" pos="VERB" tense="PAST">
      <token_anchor id="32" />
    </EVENT>
    <TIMEX3 anchorTimeID="3" beginPoint="" comment="" endPoint="" freq="" functionInDocument="NONE" id="7" quant="" type="DATE" value="1988-Q3">
      <token_anchor id="57" />
      <token_anchor id="58" />
      <token_anchor id="59" />
    </TIMEX3>
    <EVENT aspect="NONE" certainty="" class="STATE" comment="" factuality="" id="8" modality="NONE" polarity="POS" pos="VERB" tense="PAST">
      <token_anchor id="62" />
    </EVENT>
    <EVENT aspect="NONE" certainty="" class="OCCURRENCE" comment="" factuality="" id="9" modality="NONE" polarity="POS" pos="NOUN" tense="NONE">
      <token_anchor id="70" />
    </EVENT>
    <EVENT aspect="NONE" certainty="" class="OCCURRENCE" comment="" factuality="" id="10" modality="NONE" polarity="POS" pos="VERB" tense="PRESPART">
      <token_anchor id="76" />
    </EVENT>
    <EVENT aspect="NONE" certainty="" class="OCCURRENCE" comment="" factuality="" id="11" modality="NONE" polarity="POS" pos="NOUN" tense="NONE">
      <token_anchor id="80" />
    </EVENT>
    <TIMEX3 anchorTimeID="0" beginPoint="" comment="" endPoint="" freq="" functionInDocument="NONE" id="12" quant="" type="DATE" value="1989">
      <token_anchor id="83" />
      <token_anchor id="84" />
      <token_anchor id="85" />
    </TIMEX3>
    <EVENT aspect="NONE" certainty="" class="OCCURRENCE" comment="" factuality="" id="13" modality="NONE" polarity="POS" pos="VERB" tense="PAST">
      <token_anchor id="89" />
    </EVENT>
    <C-SIGNAL id="14">
      <token_anchor id="90" />
      <token_anchor id="91" />
    </C-SIGNAL>
    <EVENT aspect="NONE" certainty="" class="OCCURRENCE" comment="" factuality="" id="15" modality="NONE" polarity="POS" pos="NOUN" tense="NONE">
      <token_anchor id="95" />
    </EVENT>
    <EVENT aspect="NONE" certainty="" class="REPORTING" comment="" factuality="" id="16" modality="NONE" polarity="POS" pos="VERB" tense="PAST">
      <token_anchor id="104" />
    </EVENT>
    <EVENT aspect="PERFECTIVE" certainty="" class="I_STATE" comment="" factuality="" id="17" modality="NONE" polarity="POS" pos="VERB" tense="PAST">
      <token_anchor id="108" />
    </EVENT>
    <EVENT aspect="NONE" certainty="" class="OCCURRENCE" comment="" factuality="" id="18" modality="NONE" polarity="POS" pos="VERB" tense="INFINITIVE">
      <token_anchor id="111" />
    </EVENT>
    <EVENT aspect="NONE" certainty="" class="STATE" comment="" factuality="" id="19" modality="NONE" polarity="POS" pos="ADJECTIVE" tense="PAST">
      <token_anchor id="122" />
    </EVENT>
    <TIMEX3 anchorTimeID="0" beginPoint="" comment="" endPoint="" freq="" functionInDocument="NONE" id="20" quant="" type="DATE" value="1989-10-25">
      <token_anchor id="136" />
    </TIMEX3>
    <EVENT aspect="NONE" certainty="" class="ASPECTUAL" comment="" factuality="" id="21" modality="have to" polarity="POS" pos="VERB" tense="NONE">
      <token_anchor id="142" />
    </EVENT>
    <EVENT aspect="NONE" certainty="" class="OCCURRENCE" comment="" factuality="" id="22" modality="NONE" polarity="POS" pos="VERB" tense="INFINITIVE">
      <token_anchor id="144" />
    </EVENT>
    <EVENT aspect="NONE" certainty="" class="REPORTING" comment="" factuality="" id="23" modality="NONE" polarity="POS" pos="VERB" tense="PAST">
      <token_anchor id="149" />
    </EVENT>
  </Markables>
  <Relations>
    <TLINK comment="" id="1" relType="BEFORE">
      <source id="1" />
      <target id="0" />
    </TLINK>
    <TLINK comment="" id="2" relType="INCLUDES">
      <source id="3" />
      <target id="2" />
    </TLINK>
    <TLINK comment="" id="3" relType="SIMULTANEOUS">
      <source id="4" />
      <target id="1" />
    </TLINK>
    <TLINK comment="" id="4" relType="IDENTITY">
      <source id="6" />
      <target id="1" />
    </TLINK>
    <TLINK comment="" id="5" relType="SIMULTANEOUS">
      <source id="9" />
      <target id="8" />
    </TLINK>
    <CLINK comment="" id="6">
      <source id="9" />
      <target id="11" />
    </CLINK>
    <TLINK comment="" id="7" relType="AFTER">
      <source id="10" />
      <target id="9" />
    </TLINK>
    <TLINK comment="" id="8" relType="AFTER">
      <source id="11" />
      <target id="10" />
    </TLINK>
    <TLINK comment="" id="9" relType="INCLUDES">
      <source id="12" />
      <target id="11" />
    </TLINK>
    <TLINK comment="" id="10" relType="BEFORE">
      <source id="15" />
      <target id="13" />
    </TLINK>
    <CLINK c-signalID="14" comment="" id="11">
      <source id="15" />
      <target id="13" />
    </CLINK>
    <TLINK comment="" id="12" relType="IDENTITY">
      <source id="16" />
      <target id="6" />
    </TLINK>
    <TLINK comment="" id="13" relType="BEFORE">
      <source id="17" />
      <target id="3" />
    </TLINK>
    <TLINK comment="" id="14" relType="INCLUDES">
      <source id="20" />
      <target id="19" />
    </TLINK>
    <TLINK comment="" id="15" relType="DURING">
      <source id="22" />
      <target id="21" />
    </TLINK>
    <TLINK comment="" id="16" relType="IS_INCLUDED">
      <source id="23" />
      <target id="20" />
    </TLINK>
  </Relations>
  <token id="1" number="0" sentence="0">Consolidated</token>
  <token id="2" number="1" sentence="0">Freightways</token>
  <token id="3" number="2" sentence="0">Inc.</token>
  <token id="4" number="3" sentence="0">reported</token>
  <token id="5" number="4" sentence="0">a</token>
  <token id="6" number="5" sentence="0">77</token>
  <token id="7" number="6" sentence="0">%</token>
  <token id="8" number="7" sentence="0">drop</token>
  <token id="9" number="8" sentence="0">in</token>
  <token id="10" number="9" sentence="0">third-quarter</token>
  <token id="11" number="10" sentence="0">net</token>
  <token id="12" number="11" sentence="0">income</token>
  <token id="13" number="12" sentence="0">,</token>
  <token id="14" number="13" sentence="0">citing</token>
  <token id="15" number="14" sentence="0">expected</token>
  <token id="16" number="15" sentence="0">losses</token>
  <token id="17" number="16" sentence="0">in</token>
  <token id="18" number="17" sentence="0">its</token>
  <token id="19" number="18" sentence="0">Emery</token>
  <token id="20" number="19" sentence="0">Worldwide</token>
  <token id="21" number="20" sentence="0">shipping</token>
  <token id="22" number="21" sentence="0">business</token>
  <token id="23" number="22" sentence="0">.</token>
  <token id="24" number="23" sentence="1">The</token>
  <token id="25" number="24" sentence="1">Menlo</token>
  <token id="26" number="25" sentence="1">Park</token>
  <token id="27" number="26" sentence="1">,</token>
  <token id="28" number="27" sentence="1">Calif</token>
  <token id="29" number="28" sentence="1">.</token>
  <token id="30" number="29" sentence="1">,</token>
  <token id="31" number="30" sentence="1">company</token>
  <token id="32" number="31" sentence="1">said</token>
  <token id="33" number="32" sentence="1">net</token>
  <token id="34" number="33" sentence="1">was</token>
  <token id="35" number="34" sentence="1">$</token>
  <token id="36" number="35" sentence="1">7.4</token>
  <token id="37" number="36" sentence="1">million</token>
  <token id="38" number="37" sentence="1">,</token>
  <token id="39" number="38" sentence="1">or</token>
  <token id="40" number="39" sentence="1">22</token>
  <token id="41" number="40" sentence="1">cents</token>
  <token id="42" number="41" sentence="1">a</token>
  <token id="43" number="42" sentence="1">share</token>
  <token id="44" number="43" sentence="1">,</token>
  <token id="45" number="44" sentence="1">down</token>
  <token id="46" number="45" sentence="1">from</token>
  <token id="47" number="46" sentence="1">$</token>
  <token id="48" number="47" sentence="1">32.3</token>
  <token id="49" number="48" sentence="1">million</token>
  <token id="50" number="49" sentence="1">,</token>
  <token id="51" number="50" sentence="1">or</token>
  <token id="52" number="51" sentence="1">86</token>
  <token id="53" number="52" sentence="1">cents</token>
  <token id="54" number="53" sentence="1">a</token>
  <token id="55" number="54" sentence="1">share</token>
  <token id="56" number="55" sentence="1">,</token>
  <token id="57" number="56" sentence="1">a</token>
  <token id="58" number="57" sentence="1">year</token>
  <token id="59" number="58" sentence="1">ago</token>
  <token id="60" number="59" sentence="1">.</token>
  <token id="61" number="60" sentence="2">Revenue</token>
  <token id="62" number="61" sentence="2">totaled</token>
  <token id="63" number="62" sentence="2">$</token>
  <token id="64" number="63" sentence="2">1.01</token>
  <token id="65" number="64" sentence="2">billion</token>
  <token id="66" number="65" sentence="2">,</token>
  <token id="67" number="66" sentence="2">a</token>
  <token id="68" number="67" sentence="2">43</token>
  <token id="69" number="68" sentence="2">%</token>
  <token id="70" number="69" sentence="2">increase</token>
  <token id="71" number="70" sentence="2">from</token>
  <token id="72" number="71" sentence="2">$</token>
  <token id="73" number="72" sentence="2">704.4</token>
  <token id="74" number="73" sentence="2">million</token>
  <token id="75" number="74" sentence="2">,</token>
  <token id="76" number="75" sentence="2">reflecting</token>
  <token id="77" number="76" sentence="2">the</token>
  <token id="78" number="77" sentence="2">company</token>
  <token id="79" number="78" sentence="2">'s</token>
  <token id="80" number="79" sentence="2">acquisition</token>
  <token id="81" number="80" sentence="2">of</token>
  <token id="82" number="81" sentence="2">Emery</token>
  <token id="83" number="82" sentence="2">earlier</token>
  <token id="84" number="83" sentence="2">this</token>
  <token id="85" number="84" sentence="2">year</token>
  <token id="86" number="85" sentence="2">.</token>
  <token id="87" number="86" sentence="3">Profit</token>
  <token id="88" number="87" sentence="3">also</token>
  <token id="89" number="88" sentence="3">suffered</token>
  <token id="90" number="89" sentence="3">because</token>
  <token id="91" number="90" sentence="3">of</token>
  <token id="92" number="91" sentence="3">"</token>
  <token id="93" number="92" sentence="3">intense</token>
  <token id="94" number="93" sentence="3">"</token>
  <token id="95" number="94" sentence="3">discounting</token>
  <token id="96" number="95" sentence="3">in</token>
  <token id="97" number="96" sentence="3">its</token>
  <token id="98" number="97" sentence="3">long-haul</token>
  <token id="99" number="98" sentence="3">trucking</token>
  <token id="100" number="99" sentence="3">business</token>
  <token id="101" number="100" sentence="3">,</token>
  <token id="102" number="101" sentence="3">the</token>
  <token id="103" number="102" sentence="3">company</token>
  <token id="104" number="103" sentence="3">said</token>
  <token id="105" number="104" sentence="3">.</token>
  <token id="106" number="105" sentence="4">Analysts</token>
  <token id="107" number="106" sentence="4">had</token>
  <token id="108" number="107" sentence="4">expected</token>
  <token id="109" number="108" sentence="4">Consolidated</token>
  <token id="110" number="109" sentence="4">to</token>
  <token id="111" number="110" sentence="4">post</token>
  <token id="112" number="111" sentence="4">a</token>
  <token id="113" number="112" sentence="4">slim</token>
  <token id="114" number="113" sentence="4">profit</token>
  <token id="115" number="114" sentence="4">,</token>
  <token id="116" number="115" sentence="4">and</token>
  <token id="117" number="116" sentence="4">the</token>
  <token id="118" number="117" sentence="4">company</token>
  <token id="119" number="118" sentence="4">'s</token>
  <token id="120" number="119" sentence="4">stock</token>
  <token id="121" number="120" sentence="4">was</token>
  <token id="122" number="121" sentence="4">down</token>
  <token id="123" number="122" sentence="4">only</token>
  <token id="124" number="123" sentence="4">25</token>
  <token id="125" number="124" sentence="4">cents</token>
  <token id="126" number="125" sentence="4">to</token>
  <token id="127" number="126" sentence="4">$</token>
  <token id="128" number="127" sentence="4">30.25</token>
  <token id="129" number="128" sentence="4">in</token>
  <token id="130" number="129" sentence="4">New</token>
  <token id="131" number="130" sentence="4">York</token>
  <token id="132" number="131" sentence="4">Stock</token>
  <token id="133" number="132" sentence="4">Exchange</token>
  <token id="134" number="133" sentence="4">composite</token>
  <token id="135" number="134" sentence="4">trading</token>
  <token id="136" number="135" sentence="4">yesterday</token>
  <token id="137" number="136" sentence="4">.</token>
  <token id="138" number="137" sentence="5">"</token>
  <token id="139" number="138" sentence="5">They</token>
  <token id="140" number="139" sentence="5">have</token>
  <token id="141" number="140" sentence="5">to</token>
  <token id="142" number="141" sentence="5">continue</token>
  <token id="143" number="142" sentence="5">to</token>
  <token id="144" number="143" sentence="5">tighten</token>
  <token id="145" number="144" sentence="5">their</token>
  <token id="146" number="145" sentence="5">belts</token>
  <token id="147" number="146" sentence="5">,</token>
  <token id="148" number="147" sentence="5">"</token>
  <token id="149" number="148" sentence="5">said</token>
  <token id="150" number="149" sentence="5">Craig</token>
  <token id="151" number="150" sentence="5">Kloner</token>
  <token id="152" number="151" sentence="5">,</token>
  <token id="153" number="152" sentence="5">an</token>
  <token id="154" number="153" sentence="5">analyst</token>
  <token id="155" number="154" sentence="5">at</token>
  <token id="156" number="155" sentence="5">Goldman</token>
  <token id="157" number="156" sentence="5">,</token>
  <token id="158" number="157" sentence="5">Sachs</token>
  <token id="159" number="158" sentence="5">amp</token>
  <token id="160" number="159" sentence="5">Co.</token>
</Document>
