<Document doc_name="wsj_0927">
  <Markables>
    <TIMEX3 RELATED_TO="" TAG_DESCRIPTOR="Empty_Mark" beginPoint="" comment="" endPoint="" freq="" functionInDocument="CREATION_TIME" id="0" quant="" type="DATE" value="1989-10-26" />
    <EVENT aspect="NONE" certainty="" class="OCCURRENCE" comment="" factuality="" id="1" modality="NONE" polarity="POS" pos="VERB" tense="PAST">
      <token_anchor id="5" />
    </EVENT>
    <EVENT aspect="NONE" certainty="" class="OCCURRENCE" comment="" factuality="" id="2" modality="NONE" polarity="POS" pos="VERB" tense="FUTURE">
      <token_anchor id="36" />
    </EVENT>
    <TIMEX3 anchorTimeID="0" beginPoint="" comment="" endPoint="" freq="" functionInDocument="NONE" id="3" quant="" type="DATE" value="1990-02-01">
      <token_anchor id="40" />
      <token_anchor id="41" />
      <token_anchor id="42" />
    </TIMEX3>
    <EVENT aspect="NONE" certainty="" class="I_STATE" comment="" factuality="" id="4" modality="NONE" polarity="POS" pos="VERB" tense="PRESENT">
      <token_anchor id="48" />
    </EVENT>
    <EVENT aspect="NONE" certainty="" class="OCCURRENCE" comment="" factuality="" id="5" modality="NONE" polarity="POS" pos="VERB" tense="FUTURE">
      <token_anchor id="70" />
    </EVENT>
    <EVENT aspect="PERFECTIVE" certainty="" class="I_ACTION" comment="" factuality="" id="6" modality="NONE" polarity="POS" pos="VERB" tense="PRESENT">
      <token_anchor id="114" />
    </EVENT>
    <EVENT aspect="PERFECTIVE" certainty="" class="OCCURRENCE" comment="" factuality="" id="7" modality="NONE" polarity="POS" pos="VERB" tense="PRESENT">
      <token_anchor id="122" />
    </EVENT>
    <EVENT aspect="PERFECTIVE" certainty="" class="OCCURRENCE" comment="" factuality="" id="8" modality="NONE" polarity="POS" pos="VERB" tense="PRESENT">
      <token_anchor id="126" />
    </EVENT>
    <C-SIGNAL id="9">
      <token_anchor id="134" />
      <token_anchor id="135" />
      <token_anchor id="136" />
    </C-SIGNAL>
    <EVENT aspect="PERFECTIVE" certainty="" class="OCCURRENCE" comment="" factuality="" id="10" modality="NONE" polarity="POS" pos="VERB" tense="PRESENT">
      <token_anchor id="144" />
    </EVENT>
    <EVENT aspect="NONE" certainty="" class="I_ACTION" comment="" factuality="" id="11" modality="NONE" polarity="POS" pos="VERB" tense="PRESENT">
      <token_anchor id="149" />
    </EVENT>
    <EVENT aspect="NONE" certainty="" class="I_ACTION" comment="" factuality="" id="12" modality="NONE" polarity="POS" pos="VERB" tense="PRESPART">
      <token_anchor id="159" />
    </EVENT>
    <EVENT aspect="NONE" certainty="" class="REPORTING" comment="" factuality="" id="13" modality="NONE" polarity="POS" pos="VERB" tense="PRESENT">
      <token_anchor id="167" />
    </EVENT>
    <EVENT aspect="NONE" certainty="" class="OCCURRENCE" comment="" factuality="" id="14" modality="NONE" polarity="POS" pos="VERB" tense="PRESENT">
      <token_anchor id="171" />
    </EVENT>
    <EVENT aspect="PROGRESSIVE" certainty="" class="OCCURRENCE" comment="" factuality="" id="15" modality="NONE" polarity="POS" pos="VERB" tense="PRESENT">
      <token_anchor id="184" />
    </EVENT>
    <EVENT aspect="NONE" certainty="" class="I_STATE" comment="" factuality="" id="16" modality="NONE" polarity="NEG" pos="VERB" tense="PRESENT">
      <token_anchor id="192" />
    </EVENT>
    <EVENT aspect="NONE" certainty="" class="I_STATE" comment="" factuality="" id="17" modality="NONE" polarity="POS" pos="VERB" tense="PRESENT">
      <token_anchor id="194" />
    </EVENT>
    <EVENT aspect="NONE" certainty="" class="OCCURRENCE" comment="" factuality="" id="18" modality="NONE" polarity="POS" pos="NOUN" tense="NONE">
      <token_anchor id="200" />
    </EVENT>
    <EVENT aspect="NONE" certainty="" class="REPORTING" comment="" factuality="" id="19" modality="NONE" polarity="POS" pos="VERB" tense="PRESENT">
      <token_anchor id="205" />
    </EVENT>
    <TIMEX3 anchorTimeID="0" beginPoint="" comment="" endPoint="" freq="" functionInDocument="NONE" id="20" quant="" type="DATE" value="PAST_REF">
      <token_anchor id="209" />
    </TIMEX3>
    <EVENT aspect="NONE" certainty="" class="OCCURRENCE" comment="" factuality="" id="21" modality="NONE" polarity="POS" pos="VERB" tense="PAST">
      <token_anchor id="210" />
    </EVENT>
    <EVENT aspect="NONE" certainty="" class="I_ACTION" comment="" factuality="" id="22" modality="NONE" polarity="POS" pos="VERB" tense="INFINITIVE">
      <token_anchor id="219" />
    </EVENT>
    <EVENT aspect="NONE" certainty="" class="OCCURRENCE" comment="" factuality="" id="23" modality="NONE" polarity="POS" pos="VERB" tense="PAST">
      <token_anchor id="232" />
    </EVENT>
    <EVENT aspect="PERFECTIVE" certainty="" class="OCCURRENCE" comment="" factuality="" id="24" modality="NONE" polarity="POS" pos="VERB" tense="PRESENT">
      <token_anchor id="244" />
    </EVENT>
    <TIMEX3 anchorTimeID="0" beginPoint="" comment="" endPoint="" freq="" functionInDocument="NONE" id="25" quant="" type="DATE" value="PRESENT_REF">
      <token_anchor id="249" />
    </TIMEX3>
    <EVENT aspect="PROGRESSIVE" certainty="" class="OCCURRENCE" comment="" factuality="" id="26" modality="NONE" polarity="POS" pos="VERB" tense="PRESENT">
      <token_anchor id="252" />
    </EVENT>
    <EVENT aspect="NONE" certainty="" class="REPORTING" comment="" factuality="" id="27" modality="NONE" polarity="POS" pos="VERB" tense="PRESENT">
      <token_anchor id="263" />
    </EVENT>
    <EVENT aspect="NONE" certainty="" class="REPORTING" comment="" factuality="" id="28" modality="NONE" polarity="POS" pos="VERB" tense="PRESENT">
      <token_anchor id="284" />
    </EVENT>
    <EVENT aspect="NONE" certainty="" class="I_STATE" comment="" factuality="" id="29" modality="NONE" polarity="POS" pos="VERB" tense="PRESENT">
      <token_anchor id="289" />
    </EVENT>
    <EVENT aspect="NONE" certainty="" class="OCCURRENCE" comment="" factuality="" id="30" modality="NONE" polarity="POS" pos="VERB" tense="INFINITIVE">
      <token_anchor id="293" />
    </EVENT>
    <EVENT aspect="NONE" certainty="" class="REPORTING" comment="" factuality="" id="31" modality="NONE" polarity="POS" pos="VERB" tense="PRESENT">
      <token_anchor id="303" />
    </EVENT>
    <TIMEX3 beginPoint="" comment="" endPoint="" freq="" functionInDocument="NONE" id="32" quant="" type="DURATION" value="P3M">
      <token_anchor id="305" />
    </TIMEX3>
    <TIMEX3 anchorTimeID="0" beginPoint="" comment="" endPoint="" freq="" functionInDocument="NONE" id="33" quant="" type="DATE" value="1989">
      <token_anchor id="308" />
      <token_anchor id="309" />
    </TIMEX3>
    <EVENT aspect="PERFECTIVE" certainty="" class="OCCURRENCE" comment="" factuality="" id="34" modality="NONE" polarity="POS" pos="VERB" tense="PRESENT">
      <token_anchor id="311" />
    </EVENT>
    <TIMEX3 beginPoint="" comment="" endPoint="" freq="" functionInDocument="NONE" id="35" quant="" type="DATE" value="1988">
      <token_anchor id="317" />
    </TIMEX3>
    <EVENT aspect="NONE" certainty="" class="STATE" comment="" factuality="" id="36" modality="NONE" polarity="POS" pos="ADJECTIVE" tense="PAST">
      <token_anchor id="323" />
    </EVENT>
    <TIMEX3 beginPoint="" comment="" endPoint="" freq="" functionInDocument="NONE" id="37" quant="" type="DATE" value="1987">
      <token_anchor id="325" />
    </TIMEX3>
    <TIMEX3 anchorTimeID="0" beginPoint="" comment="" endPoint="" freq="" functionInDocument="NONE" id="38" quant="" type="DATE" value="1989-Q3">
      <token_anchor id="329" />
      <token_anchor id="330" />
      <token_anchor id="331" />
      <token_anchor id="332" />
      <token_anchor id="333" />
    </TIMEX3>
    <TIMEX3 anchorTimeID="38" beginPoint="" comment="" endPoint="" freq="" functionInDocument="NONE" id="39" quant="" type="DATE" value="1988-Q3">
      <token_anchor id="362" />
      <token_anchor id="363" />
      <token_anchor id="364" />
    </TIMEX3>
    <TIMEX3 anchorTimeID="0" beginPoint="" comment="" endPoint="" freq="" functionInDocument="NONE" id="40" quant="" type="DATE" value="1989-09-30">
      <token_anchor id="369" />
      <token_anchor id="370" />
      <token_anchor id="371" />
    </TIMEX3>
    <EVENT aspect="NONE" certainty="" class="OCCURRENCE" comment="" factuality="" id="41" modality="NONE" polarity="POS" pos="VERB" tense="PAST">
      <token_anchor id="372" />
    </EVENT>
    <EVENT aspect="NONE" certainty="" class="STATE" comment="" factuality="" id="42" modality="NONE" polarity="POS" pos="VERB" tense="FUTURE">
      <token_anchor id="386" />
    </EVENT>
    <TIMEX3 anchorTimeID="0" beginPoint="" comment="" endPoint="" freq="" functionInDocument="NONE" id="43" quant="" type="DATE" value="1989">
      <token_anchor id="391" />
      <token_anchor id="392" />
    </TIMEX3>
    <EVENT aspect="NONE" certainty="" class="REPORTING" comment="" factuality="" id="44" modality="NONE" polarity="POS" pos="VERB" tense="PRESENT">
      <token_anchor id="397" />
    </EVENT>
    <EVENT aspect="NONE" certainty="" class="REPORTING" comment="" factuality="" id="45" modality="NONE" polarity="POS" pos="VERB" tense="PAST">
      <token_anchor id="402" />
    </EVENT>
    <EVENT aspect="NONE" certainty="" class="ASPECTUAL" comment="" factuality="" id="46" modality="NONE" polarity="POS" pos="VERB" tense="FUTURE">
      <token_anchor id="418" />
    </EVENT>
    <EVENT aspect="NONE" certainty="" class="OCCURRENCE" comment="" factuality="" id="47" modality="NONE" polarity="POS" pos="OTHER" tense="NONE">
      <token_anchor id="422" />
    </EVENT>
    <TIMEX3 beginPoint="" comment="" endPoint="" freq="" functionInDocument="NONE" id="48" quant="" type="DATE" value="1990">
      <token_anchor id="426" />
    </TIMEX3>
    <EVENT aspect="NONE" certainty="" class="OCCURRENCE" comment="" factuality="" id="49" modality="NONE" polarity="POS" pos="VERB" tense="PAST">
      <token_anchor id="432" />
    </EVENT>
    <EVENT aspect="NONE" certainty="" class="STATE" comment="" factuality="" id="50" modality="NONE" polarity="NEG" pos="VERB" tense="PRESENT">
      <token_anchor id="446" />
    </EVENT>
    <EVENT aspect="NONE" certainty="" class="STATE" comment="" factuality="" id="51" modality="NONE" polarity="POS" pos="OTHER" tense="NONE">
      <token_anchor id="460" />
    </EVENT>
    <TIMEX3 beginPoint="" comment="" endPoint="" freq="" functionInDocument="NONE" id="52" quant="" type="DATE" value="1974">
      <token_anchor id="462" />
    </TIMEX3>
    <EVENT aspect="NONE" certainty="" class="I_ACTION" comment="" factuality="" id="53" modality="NONE" polarity="POS" pos="VERB" tense="PAST">
      <token_anchor id="467" />
    </EVENT>
    <TIMEX3 anchorTimeID="0" beginPoint="" comment="" endPoint="" freq="" functionInDocument="NONE" id="54" quant="" type="DATE" value="1990-02-01">
      <token_anchor id="476" />
      <token_anchor id="477" />
      <token_anchor id="478" />
    </TIMEX3>
    <EVENT aspect="NONE" certainty="" class="I_ACTION" comment="" factuality="" id="55" modality="NONE" polarity="POS" pos="VERB" tense="PAST">
      <token_anchor id="513" />
    </EVENT>
    <EVENT aspect="NONE" certainty="" class="OCCURRENCE" comment="" factuality="" id="56" modality="NONE" polarity="POS" pos="VERB" tense="FUTURE">
      <token_anchor id="518" />
    </EVENT>
    <EVENT aspect="NONE" certainty="" class="ASPECTUAL" comment="" factuality="" id="57" modality="NONE" polarity="POS" pos="VERB" tense="PRESENT">
      <token_anchor id="528" />
    </EVENT>
    <EVENT aspect="NONE" certainty="" class="STATE" comment="" factuality="" id="58" modality="NONE" polarity="POS" pos="NOUN" tense="NONE">
      <token_anchor id="530" />
    </EVENT>
    <EVENT aspect="NONE" certainty="" class="ASPECTUAL" comment="" factuality="" id="59" modality="NONE" polarity="POS" pos="VERB" tense="PRESENT">
      <token_anchor id="535" />
    </EVENT>
    <EVENT aspect="NONE" certainty="" class="STATE" comment="" factuality="" id="60" modality="NONE" polarity="POS" pos="ADJECTIVE" tense="NONE">
      <token_anchor id="536" />
    </EVENT>
    <EVENT aspect="NONE" certainty="" class="I_ACTION" comment="" factuality="" id="61" modality="NONE" polarity="POS" pos="VERB" tense="PAST">
      <token_anchor id="558" />
    </EVENT>
    <EVENT aspect="NONE" certainty="" class="STATE" comment="" factuality="" id="62" modality="NONE" polarity="POS" pos="NOUN" tense="NONE">
      <token_anchor id="565" />
    </EVENT>
    <EVENT aspect="NONE" certainty="" class="STATE" comment="" factuality="" id="63" modality="NONE" polarity="POS" pos="VERB" tense="PAST">
      <token_anchor id="573" />
    </EVENT>
    <EVENT aspect="NONE" certainty="" class="I_ACTION" comment="" factuality="" id="64" modality="NONE" polarity="POS" pos="VERB" tense="PAST">
      <token_anchor id="581" />
    </EVENT>
    <EVENT aspect="NONE" certainty="" class="STATE" comment="" factuality="" id="65" modality="NONE" polarity="POS" pos="NOUN" tense="NONE">
      <token_anchor id="583" />
    </EVENT>
    <EVENT aspect="NONE" certainty="" class="OCCURRENCE" comment="" factuality="" id="66" modality="NONE" polarity="POS" pos="ADJECTIVE" tense="NONE">
      <token_anchor id="585" />
    </EVENT>
    <EVENT aspect="PERFECTIVE" certainty="" class="OCCURRENCE" comment="" factuality="" id="67" modality="NONE" polarity="POS" pos="VERB" tense="PRESENT">
      <token_anchor id="615" />
    </EVENT>
    <EVENT aspect="NONE" certainty="" class="OCCURRENCE" comment="" factuality="" id="68" modality="NONE" polarity="POS" pos="VERB" tense="FUTURE">
      <token_anchor id="621" />
    </EVENT>
  </Markables>
  <Relations>
    <TLINK comment="" id="1" relType="BEFORE">
      <source id="1" />
      <target id="0" />
    </TLINK>
    <TLINK comment="" id="2" relType="AFTER">
      <source id="2" />
      <target id="0" />
    </TLINK>
    <TLINK comment="" id="3" relType="IS_INCLUDED">
      <source id="2" />
      <target id="3" />
    </TLINK>
    <TLINK comment="" id="4" relType="IAFTER">
      <source id="2" />
      <target id="4" />
    </TLINK>
    <TLINK comment="" id="5" relType="AFTER">
      <source id="4" />
      <target id="0" />
    </TLINK>
    <TLINK comment="" id="6" relType="SIMULTANEOUS">
      <source id="5" />
      <target id="2" />
    </TLINK>
    <TLINK comment="" id="7" relType="BEFORE">
      <source id="6" />
      <target id="0" />
    </TLINK>
    <CLINK c-signalID="9" comment="" id="8">
      <source id="6" />
      <target id="10" />
    </CLINK>
    <TLINK comment="" id="9" relType="SIMULTANEOUS">
      <source id="7" />
      <target id="8" />
    </TLINK>
    <TLINK comment="" id="10" relType="BEFORE">
      <source id="7" />
      <target id="10" />
    </TLINK>
    <TLINK comment="" id="11" relType="BEFORE">
      <source id="8" />
      <target id="10" />
    </TLINK>
    <TLINK comment="" id="12" relType="INCLUDES">
      <source id="11" />
      <target id="0" />
    </TLINK>
    <TLINK comment="" id="13" relType="IS_INCLUDED">
      <source id="12" />
      <target id="11" />
    </TLINK>
    <TLINK comment="" id="14" relType="BEFORE">
      <source id="13" />
      <target id="0" />
    </TLINK>
    <TLINK comment="" id="15" relType="INCLUDES">
      <source id="15" />
      <target id="0" />
    </TLINK>
    <TLINK comment="" id="16" relType="SIMULTANEOUS">
      <source id="18" />
      <target id="15" />
    </TLINK>
    <TLINK comment="" id="17" relType="IS_INCLUDED">
      <source id="19" />
      <target id="13" />
    </TLINK>
    <TLINK comment="" id="18" relType="IS_INCLUDED">
      <source id="21" />
      <target id="20" />
    </TLINK>
    <CLINK comment="" id="19">
      <source id="21" />
      <target id="22" />
    </CLINK>
    <TLINK comment="" id="20" relType="BEFORE">
      <source id="23" />
      <target id="21" />
    </TLINK>
    <TLINK comment="" id="21" relType="BEFORE">
      <source id="24" />
      <target id="0" />
    </TLINK>
    <TLINK comment="" id="22" relType="BEFORE">
      <source id="24" />
      <target id="26" />
    </TLINK>
    <TLINK comment="" id="23" relType="BEFORE">
      <source id="24" />
      <target id="27" />
    </TLINK>
    <TLINK comment="" id="24" relType="INCLUDES">
      <source id="25" />
      <target id="26" />
    </TLINK>
    <TLINK comment="" id="25" relType="INCLUDES">
      <source id="26" />
      <target id="27" />
    </TLINK>
    <TLINK comment="" id="26" relType="IDENTITY">
      <source id="27" />
      <target id="13" />
    </TLINK>
    <TLINK comment="" id="27" relType="IDENTITY">
      <source id="28" />
      <target id="13" />
    </TLINK>
    <TLINK comment="" id="28" relType="IDENTITY">
      <source id="28" />
      <target id="31" />
    </TLINK>
    <TLINK comment="" id="29" relType="IS_INCLUDED">
      <source id="32" />
      <target id="33" />
    </TLINK>
    <TLINK comment="" id="30" relType="DURING">
      <source id="32" />
      <target id="34" />
    </TLINK>
    <TLINK comment="" id="31" relType="IS_INCLUDED">
      <source id="36" />
      <target id="37" />
    </TLINK>
    <TLINK comment="" id="32" relType="ENDED_BY">
      <source id="41" />
      <target id="40" />
    </TLINK>
    <TLINK comment="" id="33" relType="IS_INCLUDED">
      <source id="42" />
      <target id="43" />
    </TLINK>
    <TLINK comment="" id="34" relType="IDENTITY">
      <source id="44" />
      <target id="27" />
    </TLINK>
    <TLINK comment="" id="35" relType="IDENTITY">
      <source id="45" />
      <target id="44" />
    </TLINK>
    <TLINK comment="" id="36" relType="DURING">
      <source id="46" />
      <target id="48" />
    </TLINK>
    <TLINK comment="" id="37" relType="INCLUDES">
      <source id="47" />
      <target id="46" />
    </TLINK>
    <TLINK comment="" id="38" relType="BEFORE">
      <source id="49" />
      <target id="0" />
    </TLINK>
    <TLINK comment="" id="39" relType="BEFORE">
      <source id="49" />
      <target id="24" />
    </TLINK>
    <TLINK comment="" id="40" relType="BEFORE">
      <source id="49" />
      <target id="27" />
    </TLINK>
    <TLINK comment="" id="41" relType="BEFORE">
      <source id="49" />
      <target id="50" />
    </TLINK>
    <TLINK comment="" id="42" relType="INCLUDES">
      <source id="50" />
      <target id="0" />
    </TLINK>
    <TLINK comment="" id="43" relType="BEFORE">
      <source id="51" />
      <target id="52" />
    </TLINK>
    <TLINK comment="" id="44" relType="AFTER">
      <source id="53" />
      <target id="49" />
    </TLINK>
    <TLINK comment="" id="45" relType="BEFORE">
      <source id="55" />
      <target id="0" />
    </TLINK>
    <TLINK comment="" id="46" relType="AFTER">
      <source id="56" />
      <target id="0" />
    </TLINK>
    <TLINK comment="" id="47" relType="SIMULTANEOUS">
      <source id="57" />
      <target id="59" />
    </TLINK>
    <TLINK comment="" id="48" relType="INCLUDES">
      <source id="58" />
      <target id="57" />
    </TLINK>
    <TLINK comment="" id="49" relType="SIMULTANEOUS">
      <source id="60" />
      <target id="57" />
    </TLINK>
    <TLINK comment="" id="50" relType="BEGINS">
      <source id="61" />
      <target id="62" />
    </TLINK>
    <TLINK comment="" id="51" relType="BEFORE">
      <source id="63" />
      <target id="61" />
    </TLINK>
    <TLINK comment="" id="52" relType="SIMULTANEOUS">
      <source id="64" />
      <target id="55" />
    </TLINK>
    <TLINK comment="" id="53" relType="SIMULTANEOUS">
      <source id="64" />
      <target id="61" />
    </TLINK>
    <TLINK comment="" id="54" relType="BEGINS">
      <source id="64" />
      <target id="65" />
    </TLINK>
    <TLINK comment="" id="55" relType="BEFORE">
      <source id="64" />
      <target id="66" />
    </TLINK>
    <TLINK comment="" id="56" relType="BEFORE">
      <source id="67" />
      <target id="0" />
    </TLINK>
    <TLINK comment="" id="57" relType="BEFORE">
      <source id="67" />
      <target id="61" />
    </TLINK>
    <TLINK comment="" id="58" relType="AFTER">
      <source id="68" />
      <target id="61" />
    </TLINK>
  </Relations>
  <token id="1" number="0" sentence="0">H.</token>
  <token id="2" number="1" sentence="0">Marshall</token>
  <token id="3" number="2" sentence="0">Schwarz</token>
  <token id="4" number="3" sentence="0">was</token>
  <token id="5" number="4" sentence="0">named</token>
  <token id="6" number="5" sentence="0">chairman</token>
  <token id="7" number="6" sentence="0">and</token>
  <token id="8" number="7" sentence="0">chief</token>
  <token id="9" number="8" sentence="0">executive</token>
  <token id="10" number="9" sentence="0">officer</token>
  <token id="11" number="10" sentence="0">of</token>
  <token id="12" number="11" sentence="0">U.S.</token>
  <token id="13" number="12" sentence="0">Trust</token>
  <token id="14" number="13" sentence="0">Corp.,</token>
  <token id="15" number="14" sentence="0">a</token>
  <token id="16" number="15" sentence="0">private-banking</token>
  <token id="17" number="16" sentence="0">firm</token>
  <token id="18" number="17" sentence="0">with</token>
  <token id="19" number="18" sentence="0">assets</token>
  <token id="20" number="19" sentence="0">under</token>
  <token id="21" number="20" sentence="0">management</token>
  <token id="22" number="21" sentence="0">of</token>
  <token id="23" number="22" sentence="0">about</token>
  <token id="24" number="23" sentence="0">$</token>
  <token id="25" number="24" sentence="0">17</token>
  <token id="26" number="25" sentence="0">billion</token>
  <token id="27" number="26" sentence="0">.</token>
  <token id="28" number="27" sentence="1">Mr.</token>
  <token id="29" number="28" sentence="1">Schwarz</token>
  <token id="30" number="29" sentence="1">,</token>
  <token id="31" number="30" sentence="1">52</token>
  <token id="32" number="31" sentence="1">years</token>
  <token id="33" number="32" sentence="1">old</token>
  <token id="34" number="33" sentence="1">,</token>
  <token id="35" number="34" sentence="1">will</token>
  <token id="36" number="35" sentence="1">succeed</token>
  <token id="37" number="36" sentence="1">Daniel</token>
  <token id="38" number="37" sentence="1">P.</token>
  <token id="39" number="38" sentence="1">Davison</token>
  <token id="40" number="39" sentence="1">Feb</token>
  <token id="41" number="40" sentence="1">.</token>
  <token id="42" number="41" sentence="1">1</token>
  <token id="43" number="42" sentence="1">,</token>
  <token id="44" number="43" sentence="1">soon</token>
  <token id="45" number="44" sentence="1">after</token>
  <token id="46" number="45" sentence="1">Mr.</token>
  <token id="47" number="46" sentence="1">Davison</token>
  <token id="48" number="47" sentence="1">reaches</token>
  <token id="49" number="48" sentence="1">the</token>
  <token id="50" number="49" sentence="1">company</token>
  <token id="51" number="50" sentence="1">'s</token>
  <token id="52" number="51" sentence="1">mandatory</token>
  <token id="53" number="52" sentence="1">retirement</token>
  <token id="54" number="53" sentence="1">age</token>
  <token id="55" number="54" sentence="1">of</token>
  <token id="56" number="55" sentence="1">65</token>
  <token id="57" number="56" sentence="1">.</token>
  <token id="58" number="57" sentence="2">Mr.</token>
  <token id="59" number="58" sentence="2">Schwarz</token>
  <token id="60" number="59" sentence="2">,</token>
  <token id="61" number="60" sentence="2">who</token>
  <token id="62" number="61" sentence="2">is</token>
  <token id="63" number="62" sentence="2">president</token>
  <token id="64" number="63" sentence="2">of</token>
  <token id="65" number="64" sentence="2">U.S.</token>
  <token id="66" number="65" sentence="2">Trust</token>
  <token id="67" number="66" sentence="2">,</token>
  <token id="68" number="67" sentence="2">will</token>
  <token id="69" number="68" sentence="2">be</token>
  <token id="70" number="69" sentence="2">succeeded</token>
  <token id="71" number="70" sentence="2">in</token>
  <token id="72" number="71" sentence="2">that</token>
  <token id="73" number="72" sentence="2">post</token>
  <token id="74" number="73" sentence="2">by</token>
  <token id="75" number="74" sentence="2">Jeffrey</token>
  <token id="76" number="75" sentence="2">S.</token>
  <token id="77" number="76" sentence="2">Maurer</token>
  <token id="78" number="77" sentence="2">,</token>
  <token id="79" number="78" sentence="2">42</token>
  <token id="80" number="79" sentence="2">,</token>
  <token id="81" number="80" sentence="2">who</token>
  <token id="82" number="81" sentence="2">is</token>
  <token id="83" number="82" sentence="2">executive</token>
  <token id="84" number="83" sentence="2">vice</token>
  <token id="85" number="84" sentence="2">president</token>
  <token id="86" number="85" sentence="2">in</token>
  <token id="87" number="86" sentence="2">charge</token>
  <token id="88" number="87" sentence="2">of</token>
  <token id="89" number="88" sentence="2">the</token>
  <token id="90" number="89" sentence="2">company</token>
  <token id="91" number="90" sentence="2">'s</token>
  <token id="92" number="91" sentence="2">asset-management</token>
  <token id="93" number="92" sentence="2">group</token>
  <token id="94" number="93" sentence="2">.</token>
  <token id="95" number="94" sentence="3">U.S.</token>
  <token id="96" number="95" sentence="3">Trust</token>
  <token id="97" number="96" sentence="3">,</token>
  <token id="98" number="97" sentence="3">a</token>
  <token id="99" number="98" sentence="3">136-year-old</token>
  <token id="100" number="99" sentence="3">institution</token>
  <token id="101" number="100" sentence="3">that</token>
  <token id="102" number="101" sentence="3">is</token>
  <token id="103" number="102" sentence="3">one</token>
  <token id="104" number="103" sentence="3">of</token>
  <token id="105" number="104" sentence="3">the</token>
  <token id="106" number="105" sentence="3">earliest</token>
  <token id="107" number="106" sentence="3">high-net</token>
  <token id="108" number="107" sentence="3">worth</token>
  <token id="109" number="108" sentence="3">banks</token>
  <token id="110" number="109" sentence="3">in</token>
  <token id="111" number="110" sentence="3">the</token>
  <token id="112" number="111" sentence="3">U.S.,</token>
  <token id="113" number="112" sentence="3">has</token>
  <token id="114" number="113" sentence="3">faced</token>
  <token id="115" number="114" sentence="3">intensifying</token>
  <token id="116" number="115" sentence="3">competition</token>
  <token id="117" number="116" sentence="3">from</token>
  <token id="118" number="117" sentence="3">other</token>
  <token id="119" number="118" sentence="3">firms</token>
  <token id="120" number="119" sentence="3">that</token>
  <token id="121" number="120" sentence="3">have</token>
  <token id="122" number="121" sentence="3">established</token>
  <token id="123" number="122" sentence="3">,</token>
  <token id="124" number="123" sentence="3">and</token>
  <token id="125" number="124" sentence="3">heavily</token>
  <token id="126" number="125" sentence="3">promoted</token>
  <token id="127" number="126" sentence="3">,</token>
  <token id="128" number="127" sentence="3">private-banking</token>
  <token id="129" number="128" sentence="3">businesses</token>
  <token id="130" number="129" sentence="3">of</token>
  <token id="131" number="130" sentence="3">their</token>
  <token id="132" number="131" sentence="3">own</token>
  <token id="133" number="132" sentence="3">.</token>
  <token id="134" number="133" sentence="4">As</token>
  <token id="135" number="134" sentence="4">a</token>
  <token id="136" number="135" sentence="4">result</token>
  <token id="137" number="136" sentence="4">,</token>
  <token id="138" number="137" sentence="4">U.S.</token>
  <token id="139" number="138" sentence="4">Trust</token>
  <token id="140" number="139" sentence="4">'s</token>
  <token id="141" number="140" sentence="4">earnings</token>
  <token id="142" number="141" sentence="4">have</token>
  <token id="143" number="142" sentence="4">been</token>
  <token id="144" number="143" sentence="4">hurt</token>
  <token id="145" number="144" sentence="4">.</token>
  <token id="146" number="145" sentence="5">But</token>
  <token id="147" number="146" sentence="5">Mr.</token>
  <token id="148" number="147" sentence="5">Schwarz</token>
  <token id="149" number="148" sentence="5">welcomes</token>
  <token id="150" number="149" sentence="5">the</token>
  <token id="151" number="150" sentence="5">competition</token>
  <token id="152" number="151" sentence="5">in</token>
  <token id="153" number="152" sentence="5">U.S.</token>
  <token id="154" number="153" sentence="5">Trust</token>
  <token id="155" number="154" sentence="5">'s</token>
  <token id="156" number="155" sentence="5">flagship</token>
  <token id="157" number="156" sentence="5">businesses</token>
  <token id="158" number="157" sentence="5">,</token>
  <token id="159" number="158" sentence="5">calling</token>
  <token id="160" number="159" sentence="5">it</token>
  <token id="161" number="160" sentence="5">"</token>
  <token id="162" number="161" sentence="5">flattery</token>
  <token id="163" number="162" sentence="5">.</token>
  <token id="164" number="163" sentence="5">"</token>
  <token id="165" number="164" sentence="6">Mr.</token>
  <token id="166" number="165" sentence="6">Schwarz</token>
  <token id="167" number="166" sentence="6">says</token>
  <token id="168" number="167" sentence="6">the</token>
  <token id="169" number="168" sentence="6">competition</token>
  <token id="170" number="169" sentence="6">"</token>
  <token id="171" number="170" sentence="6">broadens</token>
  <token id="172" number="171" sentence="6">the</token>
  <token id="173" number="172" sentence="6">base</token>
  <token id="174" number="173" sentence="6">of</token>
  <token id="175" number="174" sentence="6">opportunity</token>
  <token id="176" number="175" sentence="6">for</token>
  <token id="177" number="176" sentence="6">us</token>
  <token id="178" number="177" sentence="6">.</token>
  <token id="179" number="178" sentence="6">"</token>
  <token id="180" number="179" sentence="7">Other</token>
  <token id="181" number="180" sentence="7">firms</token>
  <token id="182" number="181" sentence="7">"</token>
  <token id="183" number="182" sentence="7">are</token>
  <token id="184" number="183" sentence="7">dealing</token>
  <token id="185" number="184" sentence="7">with</token>
  <token id="186" number="185" sentence="7">the</token>
  <token id="187" number="186" sentence="7">masses</token>
  <token id="188" number="187" sentence="7">.</token>
  <token id="189" number="188" sentence="8">I</token>
  <token id="190" number="189" sentence="8">do</token>
  <token id="191" number="190" sentence="8">n't</token>
  <token id="192" number="191" sentence="8">believe</token>
  <token id="193" number="192" sentence="8">they</token>
  <token id="194" number="193" sentence="8">have</token>
  <token id="195" number="194" sentence="8">the</token>
  <token id="196" number="195" sentence="8">culture</token>
  <token id="197" number="196" sentence="8">"</token>
  <token id="198" number="197" sentence="8">to</token>
  <token id="199" number="198" sentence="8">adequately</token>
  <token id="200" number="199" sentence="8">service</token>
  <token id="201" number="200" sentence="8">high-net-worth</token>
  <token id="202" number="201" sentence="8">individuals</token>
  <token id="203" number="202" sentence="8">,</token>
  <token id="204" number="203" sentence="8">he</token>
  <token id="205" number="204" sentence="8">adds</token>
  <token id="206" number="205" sentence="8">.</token>
  <token id="207" number="206" sentence="9">U.S.</token>
  <token id="208" number="207" sentence="9">Trust</token>
  <token id="209" number="208" sentence="9">recently</token>
  <token id="210" number="209" sentence="9">introduced</token>
  <token id="211" number="210" sentence="9">certain</token>
  <token id="212" number="211" sentence="9">mutual-fund</token>
  <token id="213" number="212" sentence="9">products</token>
  <token id="214" number="213" sentence="9">,</token>
  <token id="215" number="214" sentence="9">which</token>
  <token id="216" number="215" sentence="9">allow</token>
  <token id="217" number="216" sentence="9">it</token>
  <token id="218" number="217" sentence="9">to</token>
  <token id="219" number="218" sentence="9">serve</token>
  <token id="220" number="219" sentence="9">customers</token>
  <token id="221" number="220" sentence="9">with</token>
  <token id="222" number="221" sentence="9">minimum</token>
  <token id="223" number="222" sentence="9">deposits</token>
  <token id="224" number="223" sentence="9">of</token>
  <token id="225" number="224" sentence="9">$</token>
  <token id="226" number="225" sentence="9">250,000</token>
  <token id="227" number="226" sentence="9">.</token>
  <token id="228" number="227" sentence="10">Previously</token>
  <token id="229" number="228" sentence="10">,</token>
  <token id="230" number="229" sentence="10">the</token>
  <token id="231" number="230" sentence="10">company</token>
  <token id="232" number="231" sentence="10">advertised</token>
  <token id="233" number="232" sentence="10">at</token>
  <token id="234" number="233" sentence="10">the</token>
  <token id="235" number="234" sentence="10">$</token>
  <token id="236" number="235" sentence="10">2</token>
  <token id="237" number="236" sentence="10">million</token>
  <token id="238" number="237" sentence="10">level</token>
  <token id="239" number="238" sentence="10">.</token>
  <token id="240" number="239" sentence="11">"</token>
  <token id="241" number="240" sentence="11">We</token>
  <token id="242" number="241" sentence="11">have</token>
  <token id="243" number="242" sentence="11">always</token>
  <token id="244" number="243" sentence="11">taken</token>
  <token id="245" number="244" sentence="11">smaller</token>
  <token id="246" number="245" sentence="11">accounts</token>
  <token id="247" number="246" sentence="11">,</token>
  <token id="248" number="247" sentence="11">but</token>
  <token id="249" number="248" sentence="11">now</token>
  <token id="250" number="249" sentence="11">we</token>
  <token id="251" number="250" sentence="11">are</token>
  <token id="252" number="251" sentence="11">looking</token>
  <token id="253" number="252" sentence="11">for</token>
  <token id="254" number="253" sentence="11">smaller</token>
  <token id="255" number="254" sentence="11">accounts</token>
  <token id="256" number="255" sentence="11">that</token>
  <token id="257" number="256" sentence="11">will</token>
  <token id="258" number="257" sentence="11">grow</token>
  <token id="259" number="258" sentence="11">,</token>
  <token id="260" number="259" sentence="11">"</token>
  <token id="261" number="260" sentence="11">Mr.</token>
  <token id="262" number="261" sentence="11">Schwarz</token>
  <token id="263" number="262" sentence="11">says</token>
  <token id="264" number="263" sentence="11">.</token>
  <token id="265" number="264" sentence="12">"</token>
  <token id="266" number="265" sentence="12">Our</token>
  <token id="267" number="266" sentence="12">bread</token>
  <token id="268" number="267" sentence="12">and</token>
  <token id="269" number="268" sentence="12">butter</token>
  <token id="270" number="269" sentence="12">is</token>
  <token id="271" number="270" sentence="12">still</token>
  <token id="272" number="271" sentence="12">the</token>
  <token id="273" number="272" sentence="12">$</token>
  <token id="274" number="273" sentence="12">2</token>
  <token id="275" number="274" sentence="12">million</token>
  <token id="276" number="275" sentence="12">to</token>
  <token id="277" number="276" sentence="12">$</token>
  <token id="278" number="277" sentence="12">20</token>
  <token id="279" number="278" sentence="12">million</token>
  <token id="280" number="279" sentence="12">account</token>
  <token id="281" number="280" sentence="12">,</token>
  <token id="282" number="281" sentence="12">"</token>
  <token id="283" number="282" sentence="12">he</token>
  <token id="284" number="283" sentence="12">says</token>
  <token id="285" number="284" sentence="12">.</token>
  <token id="286" number="285" sentence="13">The</token>
  <token id="287" number="286" sentence="13">new</token>
  <token id="288" number="287" sentence="13">services</token>
  <token id="289" number="288" sentence="13">allow</token>
  <token id="290" number="289" sentence="13">U.S.</token>
  <token id="291" number="290" sentence="13">Trust</token>
  <token id="292" number="291" sentence="13">to</token>
  <token id="293" number="292" sentence="13">cater</token>
  <token id="294" number="293" sentence="13">to</token>
  <token id="295" number="294" sentence="13">the</token>
  <token id="296" number="295" sentence="13">"</token>
  <token id="297" number="296" sentence="13">new</token>
  <token id="298" number="297" sentence="13">wealth</token>
  <token id="299" number="298" sentence="13">,</token>
  <token id="300" number="299" sentence="13">"</token>
  <token id="301" number="300" sentence="13">Mr.</token>
  <token id="302" number="301" sentence="13">Schwarz</token>
  <token id="303" number="302" sentence="13">says</token>
  <token id="304" number="303" sentence="13">.</token>
  <token id="305" number="304" sentence="14">Quarterly</token>
  <token id="306" number="305" sentence="14">net</token>
  <token id="307" number="306" sentence="14">income</token>
  <token id="308" number="307" sentence="14">this</token>
  <token id="309" number="308" sentence="14">year</token>
  <token id="310" number="309" sentence="14">has</token>
  <token id="311" number="310" sentence="14">risen</token>
  <token id="312" number="311" sentence="14">just</token>
  <token id="313" number="312" sentence="14">over</token>
  <token id="314" number="313" sentence="14">comparable</token>
  <token id="315" number="314" sentence="14">periods</token>
  <token id="316" number="315" sentence="14">in</token>
  <token id="317" number="316" sentence="14">1988</token>
  <token id="318" number="317" sentence="14">,</token>
  <token id="319" number="318" sentence="14">when</token>
  <token id="320" number="319" sentence="14">year-end</token>
  <token id="321" number="320" sentence="14">net</token>
  <token id="322" number="321" sentence="14">was</token>
  <token id="323" number="322" sentence="14">below</token>
  <token id="324" number="323" sentence="14">the</token>
  <token id="325" number="324" sentence="14">1987</token>
  <token id="326" number="325" sentence="14">level</token>
  <token id="327" number="326" sentence="14">.</token>
  <token id="328" number="327" sentence="15">In</token>
  <token id="329" number="328" sentence="15">this</token>
  <token id="330" number="329" sentence="15">year</token>
  <token id="331" number="330" sentence="15">'s</token>
  <token id="332" number="331" sentence="15">third</token>
  <token id="333" number="332" sentence="15">quarter</token>
  <token id="334" number="333" sentence="15">,</token>
  <token id="335" number="334" sentence="15">for</token>
  <token id="336" number="335" sentence="15">example</token>
  <token id="337" number="336" sentence="15">,</token>
  <token id="338" number="337" sentence="15">net</token>
  <token id="339" number="338" sentence="15">was</token>
  <token id="340" number="339" sentence="15">$</token>
  <token id="341" number="340" sentence="15">10.5</token>
  <token id="342" number="341" sentence="15">million</token>
  <token id="343" number="342" sentence="15">,</token>
  <token id="344" number="343" sentence="15">or</token>
  <token id="345" number="344" sentence="15">$</token>
  <token id="346" number="345" sentence="15">1.05</token>
  <token id="347" number="346" sentence="15">a</token>
  <token id="348" number="347" sentence="15">share</token>
  <token id="349" number="348" sentence="15">,</token>
  <token id="350" number="349" sentence="15">compared</token>
  <token id="351" number="350" sentence="15">with</token>
  <token id="352" number="351" sentence="15">$</token>
  <token id="353" number="352" sentence="15">10.3</token>
  <token id="354" number="353" sentence="15">million</token>
  <token id="355" number="354" sentence="15">,</token>
  <token id="356" number="355" sentence="15">or</token>
  <token id="357" number="356" sentence="15">$</token>
  <token id="358" number="357" sentence="15">1.02</token>
  <token id="359" number="358" sentence="15">a</token>
  <token id="360" number="359" sentence="15">share</token>
  <token id="361" number="360" sentence="15">,</token>
  <token id="362" number="361" sentence="15">a</token>
  <token id="363" number="362" sentence="15">year</token>
  <token id="364" number="363" sentence="15">earlier</token>
  <token id="365" number="364" sentence="15">.</token>
  <token id="366" number="365" sentence="16">Assets</token>
  <token id="367" number="366" sentence="16">as</token>
  <token id="368" number="367" sentence="16">of</token>
  <token id="369" number="368" sentence="16">Sept</token>
  <token id="370" number="369" sentence="16">.</token>
  <token id="371" number="370" sentence="16">30</token>
  <token id="372" number="371" sentence="16">fell</token>
  <token id="373" number="372" sentence="16">to</token>
  <token id="374" number="373" sentence="16">$</token>
  <token id="375" number="374" sentence="16">2.46</token>
  <token id="376" number="375" sentence="16">billion</token>
  <token id="377" number="376" sentence="16">from</token>
  <token id="378" number="377" sentence="16">about</token>
  <token id="379" number="378" sentence="16">$</token>
  <token id="380" number="379" sentence="16">2.77</token>
  <token id="381" number="380" sentence="16">billion</token>
  <token id="382" number="381" sentence="16">.</token>
  <token id="383" number="382" sentence="17">"</token>
  <token id="384" number="383" sentence="17">We</token>
  <token id="385" number="384" sentence="17">will</token>
  <token id="386" number="385" sentence="17">have</token>
  <token id="387" number="386" sentence="17">a</token>
  <token id="388" number="387" sentence="17">reasonably</token>
  <token id="389" number="388" sentence="17">flat</token>
  <token id="390" number="389" sentence="17">year</token>
  <token id="391" number="390" sentence="17">this</token>
  <token id="392" number="391" sentence="17">year</token>
  <token id="393" number="392" sentence="17">,</token>
  <token id="394" number="393" sentence="17">"</token>
  <token id="395" number="394" sentence="17">Mr.</token>
  <token id="396" number="395" sentence="17">Schwarz</token>
  <token id="397" number="396" sentence="17">says</token>
  <token id="398" number="397" sentence="17">.</token>
  <token id="399" number="398" sentence="18">Mr.</token>
  <token id="400" number="399" sentence="18">Schwarz</token>
  <token id="401" number="400" sentence="18">also</token>
  <token id="402" number="401" sentence="18">said</token>
  <token id="403" number="402" sentence="18">costs</token>
  <token id="404" number="403" sentence="18">associated</token>
  <token id="405" number="404" sentence="18">with</token>
  <token id="406" number="405" sentence="18">U.S.</token>
  <token id="407" number="406" sentence="18">Trust</token>
  <token id="408" number="407" sentence="18">'s</token>
  <token id="409" number="408" sentence="18">planned</token>
  <token id="410" number="409" sentence="18">move</token>
  <token id="411" number="410" sentence="18">to</token>
  <token id="412" number="411" sentence="18">midtown</token>
  <token id="413" number="412" sentence="18">Manhattan</token>
  <token id="414" number="413" sentence="18">from</token>
  <token id="415" number="414" sentence="18">Wall</token>
  <token id="416" number="415" sentence="18">Street</token>
  <token id="417" number="416" sentence="18">will</token>
  <token id="418" number="417" sentence="18">continue</token>
  <token id="419" number="418" sentence="18">to</token>
  <token id="420" number="419" sentence="18">be</token>
  <token id="421" number="420" sentence="18">a</token>
  <token id="422" number="421" sentence="18">drag</token>
  <token id="423" number="422" sentence="18">on</token>
  <token id="424" number="423" sentence="18">earnings</token>
  <token id="425" number="424" sentence="18">through</token>
  <token id="426" number="425" sentence="18">1990</token>
  <token id="427" number="426" sentence="18">.</token>
  <token id="428" number="427" sentence="19">Mr.</token>
  <token id="429" number="428" sentence="19">Schwarz</token>
  <token id="430" number="429" sentence="19">'s</token>
  <token id="431" number="430" sentence="19">great-grandfather</token>
  <token id="432" number="431" sentence="19">founded</token>
  <token id="433" number="432" sentence="19">the</token>
  <token id="434" number="433" sentence="19">New</token>
  <token id="435" number="434" sentence="19">York</token>
  <token id="436" number="435" sentence="19">toy</token>
  <token id="437" number="436" sentence="19">store</token>
  <token id="438" number="437" sentence="19">F.A.O.</token>
  <token id="439" number="438" sentence="19">Schwarz</token>
  <token id="440" number="439" sentence="19">,</token>
  <token id="441" number="440" sentence="19">but</token>
  <token id="442" number="441" sentence="19">his</token>
  <token id="443" number="442" sentence="19">family</token>
  <token id="444" number="443" sentence="19">no</token>
  <token id="445" number="444" sentence="19">longer</token>
  <token id="446" number="445" sentence="19">has</token>
  <token id="447" number="446" sentence="19">ties</token>
  <token id="448" number="447" sentence="19">to</token>
  <token id="449" number="448" sentence="19">the</token>
  <token id="450" number="449" sentence="19">company</token>
  <token id="451" number="450" sentence="19">.</token>
  <token id="452" number="451" sentence="20">Mr.</token>
  <token id="453" number="452" sentence="20">Schwarz</token>
  <token id="454" number="453" sentence="20">'s</token>
  <token id="455" number="454" sentence="20">father</token>
  <token id="456" number="455" sentence="20">was</token>
  <token id="457" number="456" sentence="20">a</token>
  <token id="458" number="457" sentence="20">U.S.</token>
  <token id="459" number="458" sentence="20">Trust</token>
  <token id="460" number="459" sentence="20">trustee</token>
  <token id="461" number="460" sentence="20">until</token>
  <token id="462" number="461" sentence="20">1974</token>
  <token id="463" number="462" sentence="20">.</token>
  <token id="464" number="463" sentence="21">U.S.</token>
  <token id="465" number="464" sentence="21">Trust</token>
  <token id="466" number="465" sentence="21">also</token>
  <token id="467" number="466" sentence="21">created</token>
  <token id="468" number="467" sentence="21">a</token>
  <token id="469" number="468" sentence="21">four-member</token>
  <token id="470" number="469" sentence="21">office</token>
  <token id="471" number="470" sentence="21">of</token>
  <token id="472" number="471" sentence="21">the</token>
  <token id="473" number="472" sentence="21">chairman</token>
  <token id="474" number="473" sentence="21">,</token>
  <token id="475" number="474" sentence="21">effective</token>
  <token id="476" number="475" sentence="21">Feb</token>
  <token id="477" number="476" sentence="21">.</token>
  <token id="478" number="477" sentence="21">1</token>
  <token id="479" number="478" sentence="21">.</token>
  <token id="480" number="479" sentence="22">It</token>
  <token id="481" number="480" sentence="22">will</token>
  <token id="482" number="481" sentence="22">include</token>
  <token id="483" number="482" sentence="22">Messrs</token>
  <token id="484" number="483" sentence="22">.</token>
  <token id="485" number="484" sentence="23">Schwarz</token>
  <token id="486" number="485" sentence="23">and</token>
  <token id="487" number="486" sentence="23">Maurer</token>
  <token id="488" number="487" sentence="23">.</token>
  <token id="489" number="488" sentence="24">Donald</token>
  <token id="490" number="489" sentence="24">M.</token>
  <token id="491" number="490" sentence="24">Roberts</token>
  <token id="492" number="491" sentence="24">,</token>
  <token id="493" number="492" sentence="24">54</token>
  <token id="494" number="493" sentence="24">,</token>
  <token id="495" number="494" sentence="24">treasurer</token>
  <token id="496" number="495" sentence="24">,</token>
  <token id="497" number="496" sentence="24">and</token>
  <token id="498" number="497" sentence="24">Frederick</token>
  <token id="499" number="498" sentence="24">S.</token>
  <token id="500" number="499" sentence="24">Wonham</token>
  <token id="501" number="500" sentence="24">,</token>
  <token id="502" number="501" sentence="24">58</token>
  <token id="503" number="502" sentence="24">,</token>
  <token id="504" number="503" sentence="24">who</token>
  <token id="505" number="504" sentence="24">takes</token>
  <token id="506" number="505" sentence="24">responsibility</token>
  <token id="507" number="506" sentence="24">for</token>
  <token id="508" number="507" sentence="24">the</token>
  <token id="509" number="508" sentence="24">funds-service</token>
  <token id="510" number="509" sentence="24">group</token>
  <token id="511" number="510" sentence="24">,</token>
  <token id="512" number="511" sentence="24">were</token>
  <token id="513" number="512" sentence="24">named</token>
  <token id="514" number="513" sentence="24">vice</token>
  <token id="515" number="514" sentence="24">chairmen</token>
  <token id="516" number="515" sentence="24">and</token>
  <token id="517" number="516" sentence="24">will</token>
  <token id="518" number="517" sentence="24">serve</token>
  <token id="519" number="518" sentence="24">in</token>
  <token id="520" number="519" sentence="24">the</token>
  <token id="521" number="520" sentence="24">office</token>
  <token id="522" number="521" sentence="24">of</token>
  <token id="523" number="522" sentence="24">the</token>
  <token id="524" number="523" sentence="24">chairman</token>
  <token id="525" number="524" sentence="24">.</token>
  <token id="526" number="525" sentence="25">Mr.</token>
  <token id="527" number="526" sentence="25">Roberts</token>
  <token id="528" number="527" sentence="25">continues</token>
  <token id="529" number="528" sentence="25">as</token>
  <token id="530" number="529" sentence="25">treasurer</token>
  <token id="531" number="530" sentence="25">,</token>
  <token id="532" number="531" sentence="25">and</token>
  <token id="533" number="532" sentence="25">Mr.</token>
  <token id="534" number="533" sentence="25">Wonham</token>
  <token id="535" number="534" sentence="25">remains</token>
  <token id="536" number="535" sentence="25">responsible</token>
  <token id="537" number="536" sentence="25">for</token>
  <token id="538" number="537" sentence="25">the</token>
  <token id="539" number="538" sentence="25">offices</token>
  <token id="540" number="539" sentence="25">of</token>
  <token id="541" number="540" sentence="25">comptroller</token>
  <token id="542" number="541" sentence="25">,</token>
  <token id="543" number="542" sentence="25">planning</token>
  <token id="544" number="543" sentence="25">,</token>
  <token id="545" number="544" sentence="25">marketing</token>
  <token id="546" number="545" sentence="25">and</token>
  <token id="547" number="546" sentence="25">general</token>
  <token id="548" number="547" sentence="25">services</token>
  <token id="549" number="548" sentence="25">.</token>
  <token id="550" number="549" sentence="26">Frederick</token>
  <token id="551" number="550" sentence="26">B.</token>
  <token id="552" number="551" sentence="26">Taylor</token>
  <token id="553" number="552" sentence="26">,</token>
  <token id="554" number="553" sentence="26">48</token>
  <token id="555" number="554" sentence="26">,</token>
  <token id="556" number="555" sentence="26">also</token>
  <token id="557" number="556" sentence="26">was</token>
  <token id="558" number="557" sentence="26">named</token>
  <token id="559" number="558" sentence="26">a</token>
  <token id="560" number="559" sentence="26">vice</token>
  <token id="561" number="560" sentence="26">chairman</token>
  <token id="562" number="561" sentence="26">and</token>
  <token id="563" number="562" sentence="26">chief</token>
  <token id="564" number="563" sentence="26">investment</token>
  <token id="565" number="564" sentence="26">officer</token>
  <token id="566" number="565" sentence="26">,</token>
  <token id="567" number="566" sentence="26">a</token>
  <token id="568" number="567" sentence="26">new</token>
  <token id="569" number="568" sentence="26">post</token>
  <token id="570" number="569" sentence="26">.</token>
  <token id="571" number="570" sentence="27">He</token>
  <token id="572" number="571" sentence="27">previously</token>
  <token id="573" number="572" sentence="27">held</token>
  <token id="574" number="573" sentence="27">similar</token>
  <token id="575" number="574" sentence="27">responsibilities</token>
  <token id="576" number="575" sentence="27">.</token>
  <token id="577" number="576" sentence="28">Mr.</token>
  <token id="578" number="577" sentence="28">Taylor</token>
  <token id="579" number="578" sentence="28">also</token>
  <token id="580" number="579" sentence="28">was</token>
  <token id="581" number="580" sentence="28">named</token>
  <token id="582" number="581" sentence="28">a</token>
  <token id="583" number="582" sentence="28">director</token>
  <token id="584" number="583" sentence="28">,</token>
  <token id="585" number="584" sentence="28">increasing</token>
  <token id="586" number="585" sentence="28">the</token>
  <token id="587" number="586" sentence="28">board</token>
  <token id="588" number="587" sentence="28">to</token>
  <token id="589" number="588" sentence="28">22</token>
  <token id="590" number="589" sentence="28">,</token>
  <token id="591" number="590" sentence="28">but</token>
  <token id="592" number="591" sentence="28">is</token>
  <token id="593" number="592" sentence="28">not</token>
  <token id="594" number="593" sentence="28">part</token>
  <token id="595" number="594" sentence="28">of</token>
  <token id="596" number="595" sentence="28">the</token>
  <token id="597" number="596" sentence="28">new</token>
  <token id="598" number="597" sentence="28">office</token>
  <token id="599" number="598" sentence="28">of</token>
  <token id="600" number="599" sentence="28">the</token>
  <token id="601" number="600" sentence="28">chairman</token>
  <token id="602" number="601" sentence="28">.</token>
  <token id="603" number="602" sentence="29">James</token>
  <token id="604" number="603" sentence="29">E.</token>
  <token id="605" number="604" sentence="29">Bacon</token>
  <token id="606" number="605" sentence="29">,</token>
  <token id="607" number="606" sentence="29">58</token>
  <token id="608" number="607" sentence="29">,</token>
  <token id="609" number="608" sentence="29">executive</token>
  <token id="610" number="609" sentence="29">vice</token>
  <token id="611" number="610" sentence="29">president</token>
  <token id="612" number="611" sentence="29">,</token>
  <token id="613" number="612" sentence="29">who</token>
  <token id="614" number="613" sentence="29">has</token>
  <token id="615" number="614" sentence="29">directed</token>
  <token id="616" number="615" sentence="29">the</token>
  <token id="617" number="616" sentence="29">funds-service</token>
  <token id="618" number="617" sentence="29">group</token>
  <token id="619" number="618" sentence="29">,</token>
  <token id="620" number="619" sentence="29">will</token>
  <token id="621" number="620" sentence="29">retire</token>
  <token id="622" number="621" sentence="29">.</token>
</Document>
