<Document doc_name="wsj_0006">
  <Markables>
    <TIMEX3 RELATED_TO="" TAG_DESCRIPTOR="Empty_Mark" beginPoint="" comment="" endPoint="" freq="" functionInDocument="CREATION_TIME" id="0" quant="" type="DATE" value="1989-11-02" />
    <EVENT aspect="NONE" certainty="" class="REPORTING" comment="" factuality="" id="1" modality="NONE" polarity="POS" pos="VERB" tense="PAST">
      <token_anchor id="5" />
    </EVENT>
    <EVENT aspect="NONE" certainty="" class="OCCURRENCE" comment="" factuality="" id="2" modality="NONE" polarity="POS" pos="VERB" tense="PAST">
      <token_anchor id="7" />
    </EVENT>
    <EVENT aspect="NONE" certainty="" class="OCCURRENCE" comment="" factuality="" id="3" modality="NONE" polarity="POS" pos="NOUN" tense="NONE">
      <token_anchor id="9" />
    </EVENT>
    <EVENT aspect="NONE" certainty="" class="REPORTING" comment="" factuality="" id="4" modality="NONE" polarity="POS" pos="VERB" tense="PAST">
      <token_anchor id="31" />
    </EVENT>
    <EVENT aspect="NONE" certainty="" class="I_STATE" comment="" factuality="" id="5" modality="NONE" polarity="POS" pos="VERB" tense="PRESENT">
      <token_anchor id="33" />
    </EVENT>
    <EVENT aspect="NONE" certainty="" class="OCCURRENCE" comment="" factuality="" id="6" modality="NONE" polarity="POS" pos="VERB" tense="INFINITIVE">
      <token_anchor id="35" />
    </EVENT>
    <EVENT aspect="NONE" certainty="" class="OCCURRENCE" comment="" factuality="" id="7" modality="NONE" polarity="POS" pos="NOUN" tense="NONE">
      <token_anchor id="37" />
    </EVENT>
    <EVENT aspect="NONE" certainty="" class="ASPECTUAL" comment="" factuality="" id="8" modality="NONE" polarity="POS" pos="VERB" tense="PRESENT">
      <token_anchor id="39" />
    </EVENT>
    <EVENT aspect="NONE" certainty="" class="OCCURRENCE" comment="" factuality="" id="9" modality="NONE" polarity="POS" pos="NOUN" tense="NONE">
      <token_anchor id="41" />
    </EVENT>
    <TIMEX3 anchorTimeID="0" beginPoint="" comment="" endPoint="" freq="" functionInDocument="NONE" id="10" quant="" type="DATE" value="1989-12-31">
      <token_anchor id="43" />
    </TIMEX3>
  </Markables>
  <Relations>
    <TLINK comment="" id="1" relType="BEFORE">
      <source id="1" />
      <target id="0" />
    </TLINK>
    <TLINK comment="" id="2" relType="BEFORE">
      <source id="2" />
      <target id="1" />
    </TLINK>
    <TLINK comment="" id="3" relType="AFTER">
      <source id="2" />
      <target id="3" />
    </TLINK>
    <TLINK comment="" id="4" relType="SIMULTANEOUS">
      <source id="4" />
      <target id="1" />
    </TLINK>
    <TLINK comment="" id="5" relType="ENDS">
      <source id="8" />
      <target id="9" />
    </TLINK>
    <TLINK comment="" id="6" relType="BEFORE">
      <source id="8" />
      <target id="10" />
    </TLINK>
  </Relations>
  <token id="1" number="0" sentence="0">Pacific</token>
  <token id="2" number="1" sentence="0">First</token>
  <token id="3" number="2" sentence="0">Financial</token>
  <token id="4" number="3" sentence="0">Corp.</token>
  <token id="5" number="4" sentence="0">said</token>
  <token id="6" number="5" sentence="0">shareholders</token>
  <token id="7" number="6" sentence="0">approved</token>
  <token id="8" number="7" sentence="0">its</token>
  <token id="9" number="8" sentence="0">acquisition</token>
  <token id="10" number="9" sentence="0">by</token>
  <token id="11" number="10" sentence="0">Royal</token>
  <token id="12" number="11" sentence="0">Trustco</token>
  <token id="13" number="12" sentence="0">Ltd.</token>
  <token id="14" number="13" sentence="0">of</token>
  <token id="15" number="14" sentence="0">Toronto</token>
  <token id="16" number="15" sentence="0">for</token>
  <token id="17" number="16" sentence="0">$</token>
  <token id="18" number="17" sentence="0">27</token>
  <token id="19" number="18" sentence="0">a</token>
  <token id="20" number="19" sentence="0">share</token>
  <token id="21" number="20" sentence="0">,</token>
  <token id="22" number="21" sentence="0">or</token>
  <token id="23" number="22" sentence="0">$</token>
  <token id="24" number="23" sentence="0">212</token>
  <token id="25" number="24" sentence="0">million</token>
  <token id="26" number="25" sentence="0">.</token>
  <token id="27" number="26" sentence="1">The</token>
  <token id="28" number="27" sentence="1">thrift</token>
  <token id="29" number="28" sentence="1">holding</token>
  <token id="30" number="29" sentence="1">company</token>
  <token id="31" number="30" sentence="1">said</token>
  <token id="32" number="31" sentence="1">it</token>
  <token id="33" number="32" sentence="1">expects</token>
  <token id="34" number="33" sentence="1">to</token>
  <token id="35" number="34" sentence="1">obtain</token>
  <token id="36" number="35" sentence="1">regulatory</token>
  <token id="37" number="36" sentence="1">approval</token>
  <token id="38" number="37" sentence="1">and</token>
  <token id="39" number="38" sentence="1">complete</token>
  <token id="40" number="39" sentence="1">the</token>
  <token id="41" number="40" sentence="1">transaction</token>
  <token id="42" number="41" sentence="1">by</token>
  <token id="43" number="42" sentence="1">year-end</token>
  <token id="44" number="43" sentence="1">.</token>
</Document>
