<Document doc_name="wsj_0736">
  <Markables>
    <TIMEX3 RELATED_TO="" TAG_DESCRIPTOR="Empty_Mark" beginPoint="" comment="" endPoint="" freq="" functionInDocument="CREATION_TIME" id="0" quant="" type="DATE" value="1989-10-27" />
    <EVENT aspect="NONE" certainty="" class="REPORTING" comment="" factuality="" id="1" modality="NONE" polarity="POS" pos="VERB" tense="PAST">
      <token_anchor id="4" />
    </EVENT>
    <EVENT aspect="NONE" certainty="" class="I_STATE" comment="" factuality="" id="2" modality="NONE" polarity="POS" pos="NOUN" tense="NONE">
      <token_anchor id="6" />
    </EVENT>
    <EVENT aspect="NONE" certainty="" class="OCCURRENCE" comment="" factuality="" id="3" modality="NONE" polarity="POS" pos="VERB" tense="INFINITIVE">
      <token_anchor id="8" />
    </EVENT>
    <EVENT aspect="NONE" certainty="" class="OCCURRENCE" comment="" factuality="" id="4" modality="NONE" polarity="POS" pos="VERB" tense="PAST">
      <token_anchor id="23" />
    </EVENT>
    <EVENT aspect="NONE" certainty="" class="I_STATE" comment="" factuality="" id="5" modality="NONE" polarity="POS" pos="VERB" tense="PRESENT">
      <token_anchor id="28" />
    </EVENT>
    <EVENT aspect="NONE" certainty="" class="OCCURRENCE" comment="" factuality="" id="6" modality="NONE" polarity="POS" pos="VERB" tense="INFINITIVE">
      <token_anchor id="30" />
    </EVENT>
    <EVENT aspect="NONE" certainty="" class="OCCURRENCE" comment="" factuality="" id="7" modality="NONE" polarity="POS" pos="VERB" tense="PRESPART">
      <token_anchor id="39" />
    </EVENT>
    <EVENT aspect="NONE" certainty="" class="OCCURRENCE" comment="" factuality="" id="8" modality="NONE" polarity="POS" pos="NOUN" tense="NONE">
      <token_anchor id="43" />
    </EVENT>
    <TIMEX3 anchorTimeID="0" beginPoint="" comment="" endPoint="" freq="" functionInDocument="NONE" id="9" quant="" type="DATE" value="1989-Q3">
      <token_anchor id="45" />
      <token_anchor id="46" />
      <token_anchor id="47" />
    </TIMEX3>
    <EVENT aspect="PROGRESSIVE" certainty="" class="I_ACTION" comment="" factuality="" id="10" modality="NONE" polarity="POS" pos="VERB" tense="PRESENT">
      <token_anchor id="67" />
    </EVENT>
    <EVENT aspect="NONE" certainty="" class="OCCURRENCE" comment="" factuality="" id="11" modality="NONE" polarity="POS" pos="VERB" tense="INFINITIVE">
      <token_anchor id="69" />
    </EVENT>
    <EVENT aspect="NONE" certainty="" class="REPORTING" comment="" factuality="" id="12" modality="NONE" polarity="POS" pos="VERB" tense="PAST">
      <token_anchor id="80" />
    </EVENT>
    <TIMEX3 anchorTimeID="0" beginPoint="" comment="" endPoint="" freq="" functionInDocument="NONE" id="13" quant="" type="DATE" value="1989-08-21">
      <token_anchor id="83" />
      <token_anchor id="84" />
      <token_anchor id="85" />
    </TIMEX3>
    <EVENT aspect="NONE" certainty="" class="OCCURRENCE" comment="" factuality="" id="14" modality="NONE" polarity="POS" pos="VERB" tense="PAST">
      <token_anchor id="106" />
    </EVENT>
    <EVENT aspect="NONE" certainty="" class="OCCURRENCE" comment="" factuality="" id="15" modality="NONE" polarity="POS" pos="NOUN" tense="NONE">
      <token_anchor id="111" />
    </EVENT>
    <EVENT aspect="NONE" certainty="" class="REPORTING" comment="" factuality="" id="16" modality="NONE" polarity="POS" pos="VERB" tense="PAST">
      <token_anchor id="118" />
    </EVENT>
    <EVENT aspect="PROGRESSIVE" certainty="" class="OCCURRENCE" comment="" factuality="" id="17" modality="NONE" polarity="POS" pos="VERB" tense="PRESENT">
      <token_anchor id="125" />
    </EVENT>
    <TIMEX3 anchorTimeID="0" beginPoint="" comment="" endPoint="" freq="" functionInDocument="NONE" id="18" quant="" type="DATE" value="1989-Q3">
      <token_anchor id="130" />
      <token_anchor id="131" />
      <token_anchor id="132" />
    </TIMEX3>
    <TIMEX3 anchorTimeID="0" beginPoint="" comment="" endPoint="" freq="" functionInDocument="NONE" id="19" quant="" type="DATE" value="1988-Q3">
      <token_anchor id="141" />
      <token_anchor id="142" />
      <token_anchor id="143" />
      <token_anchor id="144" />
    </TIMEX3>
    <EVENT aspect="NONE" certainty="" class="STATE" comment="" factuality="" id="20" modality="NONE" polarity="POS" pos="VERB" tense="PAST">
      <token_anchor id="148" />
    </EVENT>
    <EVENT aspect="NONE" certainty="" class="REPORTING" comment="" factuality="" id="21" modality="NONE" polarity="POS" pos="VERB" tense="PAST">
      <token_anchor id="163" />
    </EVENT>
    <EVENT aspect="PROGRESSIVE" certainty="" class="ASPECTUAL" comment="" factuality="" id="22" modality="NONE" polarity="POS" pos="VERB" tense="PRESENT">
      <token_anchor id="166" />
    </EVENT>
    <EVENT aspect="NONE" certainty="" class="I_ACTION" comment="" factuality="" id="23" modality="NONE" polarity="POS" pos="VERB" tense="INFINITIVE">
      <token_anchor id="168" />
    </EVENT>
    <EVENT aspect="NONE" certainty="" class="OCCURRENCE" comment="" factuality="" id="24" modality="NONE" polarity="POS" pos="VERB" tense="INFINITIVE">
      <token_anchor id="170" />
    </EVENT>
    <TIMEX3 anchorTimeID="0" beginPoint="" comment="" endPoint="" freq="" functionInDocument="NONE" id="25" quant="" type="DATE" value="1989-06">
      <token_anchor id="175" />
    </TIMEX3>
    <EVENT aspect="NONE" certainty="" class="I_STATE" comment="" factuality="" id="26" modality="NONE" polarity="POS" pos="NOUN" tense="NONE">
      <token_anchor id="176" />
    </EVENT>
    <EVENT aspect="NONE" certainty="" class="REPORTING" comment="" factuality="" id="27" modality="NONE" polarity="POS" pos="VERB" tense="PAST">
      <token_anchor id="185" />
    </EVENT>
    <EVENT aspect="NONE" certainty="" class="OCCURRENCE" comment="" factuality="" id="28" modality="NONE" polarity="POS" pos="NOUN" tense="NONE">
      <token_anchor id="187" />
    </EVENT>
    <EVENT aspect="NONE" certainty="" class="ASPECTUAL" comment="" factuality="" id="29" modality="would" polarity="POS" pos="VERB" tense="NONE">
      <token_anchor id="189" />
    </EVENT>
    <TIMEX3 anchorTimeID="0" beginPoint="" comment="" endPoint="" freq="" functionInDocument="NONE" id="30" quant="" type="DATE" value="1989-11-01">
      <token_anchor id="192" />
      <token_anchor id="193" />
      <token_anchor id="194" />
    </TIMEX3>
    <EVENT aspect="NONE" certainty="" class="OCCURRENCE" comment="" factuality="" id="31" modality="NONE" polarity="POS" pos="VERB" tense="PASTPART">
      <token_anchor id="196" />
    </EVENT>
    <EVENT aspect="NONE" certainty="" class="I_STATE" comment="" factuality="" id="32" modality="NONE" polarity="POS" pos="NOUN" tense="NONE">
      <token_anchor id="199" />
    </EVENT>
    <EVENT aspect="NONE" certainty="" class="OCCURRENCE" comment="" factuality="" id="33" modality="NONE" polarity="POS" pos="NOUN" tense="NONE">
      <token_anchor id="203" />
    </EVENT>
    <EVENT aspect="NONE" certainty="" class="ASPECTUAL" comment="" factuality="" id="34" modality="might" polarity="POS" pos="VERB" tense="NONE">
      <token_anchor id="209" />
    </EVENT>
    <C-SIGNAL id="35">
      <token_anchor id="210" />
      <token_anchor id="211" />
      <token_anchor id="212" />
    </C-SIGNAL>
    <EVENT aspect="PERFECTIVE" certainty="" class="ASPECTUAL" comment="" factuality="" id="36" modality="NONE" polarity="POS" pos="VERB" tense="PAST">
      <token_anchor id="220" />
    </EVENT>
    <EVENT aspect="NONE" certainty="" class="OCCURRENCE" comment="" factuality="" id="37" modality="NONE" polarity="POS" pos="NOUN" tense="NONE">
      <token_anchor id="222" />
    </EVENT>
    <EVENT aspect="NONE" certainty="" class="I_STATE" comment="" factuality="" id="38" modality="NONE" polarity="POS" pos="NOUN" tense="NONE">
      <token_anchor id="227" />
    </EVENT>
  </Markables>
  <Relations>
    <TLINK comment="" id="1" relType="BEFORE">
      <source id="1" />
      <target id="0" />
    </TLINK>
    <TLINK comment="" id="2" relType="ENDED_BY">
      <source id="2" />
      <target id="4" />
    </TLINK>
    <TLINK comment="" id="3" relType="IDENTITY">
      <source id="3" />
      <target id="11" />
    </TLINK>
    <TLINK comment="" id="4" relType="BEFORE">
      <source id="4" />
      <target id="1" />
    </TLINK>
    <TLINK comment="" id="5" relType="INCLUDES">
      <source id="5" />
      <target id="0" />
    </TLINK>
    <TLINK comment="" id="6" relType="BEFORE">
      <source id="6" />
      <target id="7" />
    </TLINK>
    <CLINK comment="" id="7">
      <source id="6" />
      <target id="8" />
    </CLINK>
    <TLINK comment="" id="8" relType="IDENTITY">
      <source id="7" />
      <target id="8" />
    </TLINK>
    <TLINK comment="" id="9" relType="DURING">
      <source id="8" />
      <target id="9" />
    </TLINK>
    <TLINK comment="" id="10" relType="INCLUDES">
      <source id="10" />
      <target id="0" />
    </TLINK>
    <TLINK comment="" id="11" relType="INCLUDES">
      <source id="10" />
      <target id="2" />
    </TLINK>
    <TLINK comment="" id="12" relType="BEFORE">
      <source id="12" />
      <target id="0" />
    </TLINK>
    <TLINK comment="" id="13" relType="IS_INCLUDED">
      <source id="12" />
      <target id="13" />
    </TLINK>
    <TLINK comment="" id="14" relType="INCLUDES">
      <source id="14" />
      <target id="4" />
    </TLINK>
    <TLINK comment="" id="15" relType="INCLUDES">
      <source id="15" />
      <target id="3" />
    </TLINK>
    <TLINK comment="" id="16" relType="IDENTITY">
      <source id="16" />
      <target id="1" />
    </TLINK>
    <TLINK comment="" id="17" relType="IDENTITY">
      <source id="21" />
      <target id="16" />
    </TLINK>
    <TLINK comment="" id="18" relType="INCLUDES">
      <source id="23" />
      <target id="22" />
    </TLINK>
    <TLINK comment="" id="19" relType="IS_INCLUDED">
      <source id="26" />
      <target id="25" />
    </TLINK>
    <TLINK comment="" id="20" relType="IDENTITY">
      <source id="27" />
      <target id="21" />
    </TLINK>
    <TLINK comment="" id="21" relType="BEFORE">
      <source id="28" />
      <target id="34" />
    </TLINK>
    <TLINK comment="" id="22" relType="AFTER">
      <source id="29" />
      <target id="30" />
    </TLINK>
    <CLINK c-signalID="35" comment="" id="23">
      <source id="29" />
      <target id="34" />
    </CLINK>
    <TLINK comment="" id="24" relType="IS_INCLUDED">
      <source id="31" />
      <target id="32" />
    </TLINK>
    <TLINK comment="" id="25" relType="IDENTITY">
      <source id="32" />
      <target id="26" />
    </TLINK>
    <TLINK comment="" id="26" relType="INCLUDES">
      <source id="33" />
      <target id="34" />
    </TLINK>
    <TLINK comment="" id="27" relType="BEFORE">
      <source id="36" />
      <target id="0" />
    </TLINK>
    <TLINK comment="" id="28" relType="IDENTITY">
      <source id="38" />
      <target id="32" />
    </TLINK>
    <TLINK comment="" id="29" relType="INCLUDES">
      <source id="38" />
      <target id="36" />
    </TLINK>
  </Relations>
  <token id="1" number="0" sentence="0">Poughkeepsie</token>
  <token id="2" number="1" sentence="0">Savings</token>
  <token id="3" number="2" sentence="0">Bank</token>
  <token id="4" number="3" sentence="0">said</token>
  <token id="5" number="4" sentence="0">a</token>
  <token id="6" number="5" sentence="0">plan</token>
  <token id="7" number="6" sentence="0">to</token>
  <token id="8" number="7" sentence="0">sell</token>
  <token id="9" number="8" sentence="0">its</token>
  <token id="10" number="9" sentence="0">South</token>
  <token id="11" number="10" sentence="0">Carolina</token>
  <token id="12" number="11" sentence="0">branch</token>
  <token id="13" number="12" sentence="0">offices</token>
  <token id="14" number="13" sentence="0">to</token>
  <token id="15" number="14" sentence="0">First</token>
  <token id="16" number="15" sentence="0">Citizens</token>
  <token id="17" number="16" sentence="0">Bank</token>
  <token id="18" number="17" sentence="0">,</token>
  <token id="19" number="18" sentence="0">of</token>
  <token id="20" number="19" sentence="0">Columbia</token>
  <token id="21" number="20" sentence="0">,</token>
  <token id="22" number="21" sentence="0">S.C.,</token>
  <token id="23" number="22" sentence="0">fell</token>
  <token id="24" number="23" sentence="0">through</token>
  <token id="25" number="24" sentence="0">.</token>
  <token id="26" number="25" sentence="1">Poughkeepsie</token>
  <token id="27" number="26" sentence="1">also</token>
  <token id="28" number="27" sentence="1">expects</token>
  <token id="29" number="28" sentence="1">to</token>
  <token id="30" number="29" sentence="1">post</token>
  <token id="31" number="30" sentence="1">a</token>
  <token id="32" number="31" sentence="1">one-time</token>
  <token id="33" number="32" sentence="1">charge</token>
  <token id="34" number="33" sentence="1">of</token>
  <token id="35" number="34" sentence="1">$</token>
  <token id="36" number="35" sentence="1">8.3</token>
  <token id="37" number="36" sentence="1">million</token>
  <token id="38" number="37" sentence="1">,</token>
  <token id="39" number="38" sentence="1">resulting</token>
  <token id="40" number="39" sentence="1">in</token>
  <token id="41" number="40" sentence="1">a</token>
  <token id="42" number="41" sentence="1">net</token>
  <token id="43" number="42" sentence="1">loss</token>
  <token id="44" number="43" sentence="1">for</token>
  <token id="45" number="44" sentence="1">the</token>
  <token id="46" number="45" sentence="1">third</token>
  <token id="47" number="46" sentence="1">quarter</token>
  <token id="48" number="47" sentence="1">.</token>
  <token id="49" number="48" sentence="2">The</token>
  <token id="50" number="49" sentence="2">charge</token>
  <token id="51" number="50" sentence="2">represents</token>
  <token id="52" number="51" sentence="2">a</token>
  <token id="53" number="52" sentence="2">write-down</token>
  <token id="54" number="53" sentence="2">of</token>
  <token id="55" number="54" sentence="2">the</token>
  <token id="56" number="55" sentence="2">goodwill</token>
  <token id="57" number="56" sentence="2">associated</token>
  <token id="58" number="57" sentence="2">with</token>
  <token id="59" number="58" sentence="2">Poughkeepsie</token>
  <token id="60" number="59" sentence="2">'s</token>
  <token id="61" number="60" sentence="2">investment</token>
  <token id="62" number="61" sentence="2">in</token>
  <token id="63" number="62" sentence="2">the</token>
  <token id="64" number="63" sentence="2">banks</token>
  <token id="65" number="64" sentence="2">it</token>
  <token id="66" number="65" sentence="2">is</token>
  <token id="67" number="66" sentence="2">trying</token>
  <token id="68" number="67" sentence="2">to</token>
  <token id="69" number="68" sentence="2">sell</token>
  <token id="70" number="69" sentence="2">and</token>
  <token id="71" number="70" sentence="2">its</token>
  <token id="72" number="71" sentence="2">North</token>
  <token id="73" number="72" sentence="2">Carolina</token>
  <token id="74" number="73" sentence="2">branches</token>
  <token id="75" number="74" sentence="2">as</token>
  <token id="76" number="75" sentence="2">well</token>
  <token id="77" number="76" sentence="2">.</token>
  <token id="78" number="77" sentence="3">The</token>
  <token id="79" number="78" sentence="3">thrift</token>
  <token id="80" number="79" sentence="3">announced</token>
  <token id="81" number="80" sentence="3">the</token>
  <token id="82" number="81" sentence="3">plan</token>
  <token id="83" number="82" sentence="3">Aug</token>
  <token id="84" number="83" sentence="3">.</token>
  <token id="85" number="84" sentence="3">21</token>
  <token id="86" number="85" sentence="3">.</token>
  <token id="87" number="86" sentence="4">Among</token>
  <token id="88" number="87" sentence="4">other</token>
  <token id="89" number="88" sentence="4">reasons</token>
  <token id="90" number="89" sentence="4">,</token>
  <token id="91" number="90" sentence="4">high</token>
  <token id="92" number="91" sentence="4">fees</token>
  <token id="93" number="92" sentence="4">regulators</token>
  <token id="94" number="93" sentence="4">imposed</token>
  <token id="95" number="94" sentence="4">on</token>
  <token id="96" number="95" sentence="4">certain</token>
  <token id="97" number="96" sentence="4">transfers</token>
  <token id="98" number="97" sentence="4">of</token>
  <token id="99" number="98" sentence="4">thrift</token>
  <token id="100" number="99" sentence="4">deposits</token>
  <token id="101" number="100" sentence="4">to</token>
  <token id="102" number="101" sentence="4">commercial</token>
  <token id="103" number="102" sentence="4">banks</token>
  <token id="104" number="103" sentence="4">"</token>
  <token id="105" number="104" sentence="4">substantially</token>
  <token id="106" number="105" sentence="4">altered</token>
  <token id="107" number="106" sentence="4">the</token>
  <token id="108" number="107" sentence="4">economics</token>
  <token id="109" number="108" sentence="4">of</token>
  <token id="110" number="109" sentence="4">the</token>
  <token id="111" number="110" sentence="4">transaction</token>
  <token id="112" number="111" sentence="4">for</token>
  <token id="113" number="112" sentence="4">both</token>
  <token id="114" number="113" sentence="4">parties</token>
  <token id="115" number="114" sentence="4">,</token>
  <token id="116" number="115" sentence="4">"</token>
  <token id="117" number="116" sentence="4">Poughkeepsie</token>
  <token id="118" number="117" sentence="4">said</token>
  <token id="119" number="118" sentence="4">.</token>
  <token id="120" number="119" sentence="5">Additionally</token>
  <token id="121" number="120" sentence="5">,</token>
  <token id="122" number="121" sentence="5">the</token>
  <token id="123" number="122" sentence="5">bank</token>
  <token id="124" number="123" sentence="5">is</token>
  <token id="125" number="124" sentence="5">increasing</token>
  <token id="126" number="125" sentence="5">its</token>
  <token id="127" number="126" sentence="5">loan-loss</token>
  <token id="128" number="127" sentence="5">reserves</token>
  <token id="129" number="128" sentence="5">for</token>
  <token id="130" number="129" sentence="5">the</token>
  <token id="131" number="130" sentence="5">third</token>
  <token id="132" number="131" sentence="5">quarter</token>
  <token id="133" number="132" sentence="5">by</token>
  <token id="134" number="133" sentence="5">$</token>
  <token id="135" number="134" sentence="5">8.5</token>
  <token id="136" number="135" sentence="5">million</token>
  <token id="137" number="136" sentence="5">before</token>
  <token id="138" number="137" sentence="5">taxes</token>
  <token id="139" number="138" sentence="5">.</token>
  <token id="140" number="139" sentence="6">In</token>
  <token id="141" number="140" sentence="6">the</token>
  <token id="142" number="141" sentence="6">year-earlier</token>
  <token id="143" number="142" sentence="6">third</token>
  <token id="144" number="143" sentence="6">quarter</token>
  <token id="145" number="144" sentence="6">,</token>
  <token id="146" number="145" sentence="6">Poughkeepsie</token>
  <token id="147" number="146" sentence="6">Savings</token>
  <token id="148" number="147" sentence="6">had</token>
  <token id="149" number="148" sentence="6">net</token>
  <token id="150" number="149" sentence="6">income</token>
  <token id="151" number="150" sentence="6">of</token>
  <token id="152" number="151" sentence="6">$</token>
  <token id="153" number="152" sentence="6">2.8</token>
  <token id="154" number="153" sentence="6">million</token>
  <token id="155" number="154" sentence="6">,</token>
  <token id="156" number="155" sentence="6">or</token>
  <token id="157" number="156" sentence="6">77</token>
  <token id="158" number="157" sentence="6">cents</token>
  <token id="159" number="158" sentence="6">a</token>
  <token id="160" number="159" sentence="6">share</token>
  <token id="161" number="160" sentence="6">.</token>
  <token id="162" number="161" sentence="7">Poughkeepsie</token>
  <token id="163" number="162" sentence="7">said</token>
  <token id="164" number="163" sentence="7">it</token>
  <token id="165" number="164" sentence="7">is</token>
  <token id="166" number="165" sentence="7">continuing</token>
  <token id="167" number="166" sentence="7">to</token>
  <token id="168" number="167" sentence="7">try</token>
  <token id="169" number="168" sentence="7">to</token>
  <token id="170" number="169" sentence="7">sell</token>
  <token id="171" number="170" sentence="7">itself</token>
  <token id="172" number="171" sentence="7">,</token>
  <token id="173" number="172" sentence="7">under</token>
  <token id="174" number="173" sentence="7">a</token>
  <token id="175" number="174" sentence="7">June</token>
  <token id="176" number="175" sentence="7">agreement</token>
  <token id="177" number="176" sentence="7">with</token>
  <token id="178" number="177" sentence="7">a</token>
  <token id="179" number="178" sentence="7">dissident-shareholder</token>
  <token id="180" number="179" sentence="7">group</token>
  <token id="181" number="180" sentence="7">.</token>
  <token id="182" number="181" sentence="8">The</token>
  <token id="183" number="182" sentence="8">bank</token>
  <token id="184" number="183" sentence="8">also</token>
  <token id="185" number="184" sentence="8">said</token>
  <token id="186" number="185" sentence="8">its</token>
  <token id="187" number="186" sentence="8">effort</token>
  <token id="188" number="187" sentence="8">would</token>
  <token id="189" number="188" sentence="8">continue</token>
  <token id="190" number="189" sentence="8">past</token>
  <token id="191" number="190" sentence="8">the</token>
  <token id="192" number="191" sentence="8">Nov</token>
  <token id="193" number="192" sentence="8">.</token>
  <token id="194" number="193" sentence="8">1</token>
  <token id="195" number="194" sentence="8">deadline</token>
  <token id="196" number="195" sentence="8">set</token>
  <token id="197" number="196" sentence="8">in</token>
  <token id="198" number="197" sentence="8">that</token>
  <token id="199" number="198" sentence="8">agreement</token>
  <token id="200" number="199" sentence="8">and</token>
  <token id="201" number="200" sentence="8">that</token>
  <token id="202" number="201" sentence="8">the</token>
  <token id="203" number="202" sentence="8">litigation</token>
  <token id="204" number="203" sentence="8">between</token>
  <token id="205" number="204" sentence="8">the</token>
  <token id="206" number="205" sentence="8">two</token>
  <token id="207" number="206" sentence="8">sides</token>
  <token id="208" number="207" sentence="8">might</token>
  <token id="209" number="208" sentence="8">resume</token>
  <token id="210" number="209" sentence="8">as</token>
  <token id="211" number="210" sentence="8">a</token>
  <token id="212" number="211" sentence="8">result</token>
  <token id="213" number="212" sentence="8">.</token>
  <token id="214" number="213" sentence="9">The</token>
  <token id="215" number="214" sentence="9">thrift</token>
  <token id="216" number="215" sentence="9">and</token>
  <token id="217" number="216" sentence="9">the</token>
  <token id="218" number="217" sentence="9">holders</token>
  <token id="219" number="218" sentence="9">had</token>
  <token id="220" number="219" sentence="9">suspended</token>
  <token id="221" number="220" sentence="9">their</token>
  <token id="222" number="221" sentence="9">lawsuits</token>
  <token id="223" number="222" sentence="9">as</token>
  <token id="224" number="223" sentence="9">part</token>
  <token id="225" number="224" sentence="9">of</token>
  <token id="226" number="225" sentence="9">the</token>
  <token id="227" number="226" sentence="9">agreement</token>
  <token id="228" number="227" sentence="9">.</token>
</Document>
