<Document doc_name="wsj_0745">
  <Markables>
    <TIMEX3 RELATED_TO="" TAG_DESCRIPTOR="Empty_Mark" beginPoint="" comment="" endPoint="" freq="" functionInDocument="CREATION_TIME" id="0" quant="" type="DATE" value="1989-10-27" />
    <EVENT aspect="NONE" certainty="" class="I_STATE" comment="" factuality="" id="1" modality="NONE" polarity="POS" pos="VERB" tense="PRESENT">
      <token_anchor id="4" />
    </EVENT>
    <EVENT aspect="NONE" certainty="" class="OCCURRENCE" comment="" factuality="" id="2" modality="NONE" polarity="POS" pos="VERB" tense="INFINITIVE">
      <token_anchor id="6" />
    </EVENT>
    <EVENT aspect="NONE" certainty="" class="OCCURRENCE" comment="" factuality="" id="3" modality="NONE" polarity="POS" pos="VERB" tense="PRESPART">
      <token_anchor id="16" />
    </EVENT>
    <EVENT aspect="NONE" certainty="" class="OCCURRENCE" comment="" factuality="" id="4" modality="NONE" polarity="POS" pos="NOUN" tense="NONE">
      <token_anchor id="24" />
    </EVENT>
    <EVENT aspect="NONE" certainty="" class="STATE" comment="" factuality="" id="5" modality="NONE" polarity="POS" pos="NOUN" tense="NONE">
      <token_anchor id="30" />
    </EVENT>
    <EVENT aspect="NONE" certainty="" class="I_ACTION" comment="" factuality="" id="6" modality="NONE" polarity="POS" pos="VERB" tense="PAST">
      <token_anchor id="38" />
    </EVENT>
    <EVENT aspect="NONE" certainty="" class="I_STATE" comment="" factuality="" id="7" modality="NONE" polarity="POS" pos="NOUN" tense="NONE">
      <token_anchor id="41" />
    </EVENT>
    <TIMEX3 anchorTimeID="0" beginPoint="" comment="" endPoint="" freq="" functionInDocument="NONE" id="8" quant="" type="DATE" value="1989-W42">
      <token_anchor id="42" />
      <token_anchor id="43" />
    </TIMEX3>
    <EVENT aspect="NONE" certainty="" class="OCCURRENCE" comment="" factuality="" id="9" modality="NONE" polarity="POS" pos="VERB" tense="INFINITIVE">
      <token_anchor id="45" />
    </EVENT>
    <EVENT aspect="NONE" certainty="" class="STATE" comment="" factuality="" id="10" modality="NONE" polarity="NEG" pos="VERB" tense="PRESENT">
      <token_anchor id="58" />
    </EVENT>
    <TIMEX3 anchorTimeID="0" beginPoint="" comment="" endPoint="" freq="" functionInDocument="NONE" id="11" quant="" type="DATE" value="PRESENT_REF">
      <token_anchor id="60" />
    </TIMEX3>
    <EVENT aspect="NONE" certainty="" class="REPORTING" comment="" factuality="" id="12" modality="NONE" polarity="POS" pos="VERB" tense="PRESPART">
      <token_anchor id="62" />
    </EVENT>
    <EVENT aspect="NONE" certainty="" class="REPORTING" comment="" factuality="" id="13" modality="NONE" polarity="POS" pos="VERB" tense="PAST">
      <token_anchor id="82" />
    </EVENT>
    <EVENT aspect="NONE" certainty="" class="I_STATE" comment="" factuality="" id="14" modality="NONE" polarity="POS" pos="VERB" tense="PRESENT">
      <token_anchor id="86" />
    </EVENT>
    <EVENT aspect="NONE" certainty="" class="OCCURRENCE" comment="" factuality="" id="15" modality="NONE" polarity="POS" pos="ADJECTIVE" tense="PRESENT">
      <token_anchor id="89" />
    </EVENT>
    <EVENT aspect="NONE" certainty="" class="OCCURRENCE" comment="" factuality="" id="16" modality="NONE" polarity="POS" pos="VERB" tense="PRESENT">
      <token_anchor id="98" />
    </EVENT>
    <EVENT aspect="NONE" certainty="" class="I_STATE" comment="" factuality="" id="17" modality="NONE" polarity="POS" pos="NOUN" tense="NONE">
      <token_anchor id="101" />
    </EVENT>
    <EVENT aspect="NONE" certainty="" class="OCCURRENCE" comment="" factuality="" id="18" modality="NONE" polarity="POS" pos="VERB" tense="INFINITIVE">
      <token_anchor id="103" />
    </EVENT>
    <EVENT aspect="NONE" certainty="" class="REPORTING" comment="" factuality="" id="19" modality="NONE" polarity="POS" pos="VERB" tense="PAST">
      <token_anchor id="112" />
    </EVENT>
    <TIMEX3 anchorTimeID="0" beginPoint="" comment="" endPoint="" freq="" functionInDocument="NONE" id="20" quant="" type="DATE" value="1989-10-26">
      <token_anchor id="113" />
    </TIMEX3>
    <EVENT aspect="NONE" certainty="" class="OCCURRENCE" comment="" factuality="" id="21" modality="NONE" polarity="POS" pos="NOUN" tense="NONE">
      <token_anchor id="117" />
    </EVENT>
    <TIMEX3 anchorTimeID="0" beginPoint="" comment="" endPoint="" freq="" functionInDocument="NONE" id="22" quant="" type="DATE" value="1989-10-24">
      <token_anchor id="119" />
    </TIMEX3>
    <EVENT aspect="NONE" certainty="" class="REPORTING" comment="" factuality="" id="23" modality="NONE" polarity="POS" pos="NOUN" tense="NONE">
      <token_anchor id="121" />
    </EVENT>
    <EVENT aspect="NONE" certainty="" class="I_STATE" comment="" factuality="" id="24" modality="NONE" polarity="POS" pos="VERB" tense="PRESENT">
      <token_anchor id="138" />
    </EVENT>
    <EVENT aspect="NONE" certainty="" class="OCCURRENCE" comment="" factuality="" id="25" modality="NONE" polarity="POS" pos="VERB" tense="INFINITIVE">
      <token_anchor id="140" />
    </EVENT>
    <EVENT aspect="NONE" certainty="" class="ASPECTUAL" comment="" factuality="" id="26" modality="close" polarity="POS" pos="VERB" tense="NONE">
      <token_anchor id="150" />
    </EVENT>
    <EVENT aspect="NONE" certainty="" class="OCCURRENCE" comment="" factuality="" id="27" modality="NONE" polarity="POS" pos="NOUN" tense="NONE">
      <token_anchor id="153" />
    </EVENT>
    <EVENT aspect="NONE" certainty="" class="I_STATE" comment="" factuality="" id="28" modality="none" polarity="POS" pos="VERB" tense="INFINITIVE">
      <token_anchor id="160" />
    </EVENT>
    <EVENT aspect="NONE" certainty="" class="OCCURRENCE" comment="" factuality="" id="29" modality="NONE" polarity="POS" pos="VERB" tense="PRESPART">
      <token_anchor id="174" />
    </EVENT>
    <EVENT aspect="NONE" certainty="" class="OCCURRENCE" comment="" factuality="" id="30" modality="NONE" polarity="POS" pos="NOUN" tense="NONE">
      <token_anchor id="178" />
    </EVENT>
    <EVENT aspect="NONE" certainty="" class="OCCURRENCE" comment="" factuality="" id="31" modality="NONE" polarity="POS" pos="VERB" tense="PAST">
      <token_anchor id="184" />
    </EVENT>
    <EVENT aspect="NONE" certainty="" class="OCCURRENCE" comment="" factuality="" id="32" modality="NONE" polarity="POS" pos="NOUN" tense="NONE">
      <token_anchor id="208" />
    </EVENT>
    <TIMEX3 anchorTimeID="0" beginPoint="" comment="" endPoint="" freq="" functionInDocument="NONE" id="33" quant="" type="DATE" value="1989-10-26">
      <token_anchor id="214" />
    </TIMEX3>
    <TIMEX3 anchorTimeID="0" beginPoint="" comment="" endPoint="" freq="" functionInDocument="NONE" id="34" quant="" type="DATE" value="1989-10-24">
      <token_anchor id="217" />
    </TIMEX3>
    <EVENT aspect="PERFECTIVE" certainty="" class="OCCURRENCE" comment="" factuality="" id="35" modality="NONE" polarity="POS" pos="VERB" tense="PRESENT">
      <token_anchor id="222" />
    </EVENT>
    <EVENT aspect="NONE" certainty="" class="OCCURRENCE" comment="" factuality="" id="36" modality="unlikely" polarity="NEG" pos="NOUN" tense="NONE">
      <token_anchor id="231" />
    </EVENT>
    <EVENT aspect="NONE" certainty="" class="OCCURRENCE" comment="" factuality="" id="37" modality="NONE" polarity="NEG" pos="VERB" tense="FUTURE">
      <token_anchor id="252" />
    </EVENT>
    <EVENT aspect="NONE" certainty="" class="REPORTING" comment="" factuality="" id="38" modality="NONE" polarity="POS" pos="VERB" tense="PAST">
      <token_anchor id="259" />
    </EVENT>
    <EVENT aspect="NONE" certainty="" class="OCCURRENCE" comment="" factuality="" id="39" modality="NONE" polarity="POS" pos="NOUN" tense="NONE">
      <token_anchor id="274" />
    </EVENT>
    <TIMEX3 anchorTimeID="0" beginPoint="" comment="" endPoint="" freq="" functionInDocument="NONE" id="40" quant="" type="DATE" value="1989-10-26">
      <token_anchor id="275" />
    </TIMEX3>
    <EVENT aspect="NONE" certainty="" class="ASPECTUAL" comment="" factuality="" id="41" modality="'d" polarity="POS" pos="VERB" tense="NONE">
      <token_anchor id="290" />
    </EVENT>
    <EVENT aspect="NONE" certainty="" class="OCCURRENCE" comment="" factuality="" id="42" modality="NONE" polarity="POS" pos="NOUN" tense="NONE">
      <token_anchor id="291" />
    </EVENT>
    <EVENT aspect="NONE" certainty="" class="OCCURRENCE" comment="" factuality="" id="43" modality="would" polarity="NEG" pos="VERB" tense="NONE">
      <token_anchor id="297" />
    </EVENT>
    <EVENT aspect="NONE" certainty="" class="STATE" comment="" factuality="" id="44" modality="NONE" polarity="POS" pos="NOUN" tense="NONE">
      <token_anchor id="305" />
    </EVENT>
    <EVENT aspect="NONE" certainty="" class="I_ACTION" comment="" factuality="" id="45" modality="may" polarity="POS" pos="VERB" tense="NONE">
      <token_anchor id="307" />
    </EVENT>
    <EVENT aspect="NONE" certainty="" class="OCCURRENCE" comment="" factuality="" id="46" modality="NONE" polarity="POS" pos="VERB" tense="INFINITIVE">
      <token_anchor id="312" />
    </EVENT>
    <EVENT aspect="NONE" certainty="" class="ASPECTUAL" comment="" factuality="" id="47" modality="NONE" polarity="POS" pos="VERB" tense="PRESENT">
      <token_anchor id="330" />
    </EVENT>
    <TIMEX3 beginPoint="" comment="" endPoint="" freq="" functionInDocument="NONE" id="48" quant="" type="DATE" value="1990-12-31">
      <token_anchor id="332" />
      <token_anchor id="333" />
      <token_anchor id="334" />
      <token_anchor id="335" />
      <token_anchor id="336" />
    </TIMEX3>
    <EVENT aspect="NONE" certainty="" class="I_STATE" comment="" factuality="" id="49" modality="NONE" polarity="NEG" pos="VERB" tense="PRESENT">
      <token_anchor id="343" />
    </EVENT>
    <EVENT aspect="NONE" certainty="" class="OCCURRENCE" comment="" factuality="" id="50" modality="NONE" polarity="POS" pos="NOUN" tense="NONE">
      <token_anchor id="346" />
    </EVENT>
    <EVENT aspect="NONE" certainty="" class="I_STATE" comment="" factuality="" id="51" modality="NONE" polarity="NEG" pos="VERB" tense="PRESENT">
      <token_anchor id="352" />
    </EVENT>
    <TIMEX3 beginPoint="" comment="" endPoint="" freq="" functionInDocument="NONE" id="52" quant="" type="DURATION" value="P14M">
      <token_anchor id="354" />
      <token_anchor id="355" />
      <token_anchor id="356" />
      <token_anchor id="357" />
    </TIMEX3>
    <EVENT aspect="NONE" certainty="" class="REPORTING" comment="" factuality="" id="53" modality="NONE" polarity="POS" pos="VERB" tense="PAST">
      <token_anchor id="360" />
    </EVENT>
    <EVENT aspect="NONE" certainty="" class="OCCURRENCE" comment="" factuality="" id="54" modality="NONE" polarity="POS" pos="VERB" tense="PAST">
      <token_anchor id="405" />
    </EVENT>
    <EVENT aspect="NONE" certainty="" class="OCCURRENCE" comment="" factuality="" id="55" modality="NONE" polarity="POS" pos="VERB" tense="PRESPART">
      <token_anchor id="410" />
    </EVENT>
    <TIMEX3 beginPoint="" comment="" endPoint="" freq="" functionInDocument="NONE" id="56" quant="" type="DATE" value="1984">
      <token_anchor id="416" />
    </TIMEX3>
    <EVENT aspect="NONE" certainty="" class="I_STATE" comment="" factuality="" id="57" modality="NONE" polarity="POS" pos="ADJECTIVE" tense="PRESENT">
      <token_anchor id="449" />
    </EVENT>
    <EVENT aspect="NONE" certainty="" class="OCCURRENCE" comment="" factuality="" id="58" modality="NONE" polarity="POS" pos="VERB" tense="INFINITIVE">
      <token_anchor id="451" />
    </EVENT>
    <EVENT aspect="NONE" certainty="" class="I_ACTION" comment="" factuality="" id="59" modality="NONE" polarity="POS" pos="VERB" tense="PRESENT">
      <token_anchor id="466" />
    </EVENT>
    <EVENT aspect="NONE" certainty="" class="OCCURRENCE" comment="" factuality="" id="60" modality="NONE" polarity="POS" pos="VERB" tense="INFINITIVE">
      <token_anchor id="468" />
    </EVENT>
    <EVENT aspect="NONE" certainty="" class="OCCURRENCE" comment="" factuality="" id="61" modality="could" polarity="POS" pos="VERB" tense="NONE">
      <token_anchor id="488" />
    </EVENT>
    <EVENT aspect="NONE" certainty="" class="I_ACTION" comment="" factuality="" id="62" modality="NONE" polarity="POS" pos="NOUN" tense="NONE">
      <token_anchor id="493" />
    </EVENT>
    <EVENT aspect="NONE" certainty="" class="OCCURRENCE" comment="" factuality="" id="63" modality="NONE" polarity="POS" pos="NOUN" tense="NONE">
      <token_anchor id="498" />
    </EVENT>
    <EVENT aspect="NONE" certainty="" class="I_ACTION" comment="" factuality="" id="64" modality="NONE" polarity="POS" pos="NOUN" tense="NONE">
      <token_anchor id="500" />
    </EVENT>
    <EVENT aspect="NONE" certainty="" class="OCCURRENCE" comment="" factuality="" id="65" modality="NONE" polarity="POS" pos="VERB" tense="INFINITIVE">
      <token_anchor id="503" />
    </EVENT>
    <EVENT aspect="NONE" certainty="" class="OCCURRENCE" comment="" factuality="" id="66" modality="might" polarity="POS" pos="VERB" tense="NONE">
      <token_anchor id="510" />
    </EVENT>
    <C-SIGNAL id="67">
      <token_anchor id="511" />
    </C-SIGNAL>
    <EVENT aspect="NONE" certainty="" class="STATE" comment="" factuality="" id="68" modality="NONE" polarity="POS" pos="VERB" tense="PRESENT">
      <token_anchor id="514" />
    </EVENT>
    <EVENT aspect="NONE" certainty="" class="I_STATE" comment="" factuality="" id="69" modality="NONE" polarity="POS" pos="ADJECTIVE" tense="PRESENT">
      <token_anchor id="516" />
    </EVENT>
    <EVENT aspect="NONE" certainty="" class="OCCURRENCE" comment="" factuality="" id="70" modality="NONE" polarity="POS" pos="NOUN" tense="NONE">
      <token_anchor id="520" />
    </EVENT>
    <EVENT aspect="NONE" certainty="" class="I_STATE" comment="" factuality="" id="71" modality="NONE" polarity="POS" pos="ADJECTIVE" tense="PRESENT">
      <token_anchor id="524" />
    </EVENT>
    <EVENT aspect="NONE" certainty="" class="I_ACTION" comment="" factuality="" id="72" modality="NONE" polarity="POS" pos="NOUN" tense="NONE">
      <token_anchor id="529" />
    </EVENT>
    <TIMEX3 anchorTimeID="0" beginPoint="" comment="" endPoint="" freq="" functionInDocument="NONE" id="73" quant="" type="DATE" value="PRESENT_REF">
      <token_anchor id="532" />
    </TIMEX3>
    <EVENT aspect="NONE" certainty="" class="STATE" comment="" factuality="" id="74" modality="NONE" polarity="POS" pos="NOUN" tense="NONE">
      <token_anchor id="534" />
    </EVENT>
    <EVENT aspect="NONE" certainty="" class="OCCURRENCE" comment="" factuality="" id="75" modality="would" polarity="NEG" pos="VERB" tense="NONE">
      <token_anchor id="541" />
    </EVENT>
    <EVENT aspect="PERFECTIVE" certainty="" class="OCCURRENCE" comment="" factuality="" id="76" modality="NONE" polarity="POS" pos="VERB" tense="PRESENT">
      <token_anchor id="555" />
    </EVENT>
    <EVENT aspect="NONE" certainty="" class="OCCURRENCE" comment="" factuality="" id="77" modality="NONE" polarity="POS" pos="NOUN" tense="NONE">
      <token_anchor id="575" />
    </EVENT>
    <TIMEX3 beginPoint="" comment="" endPoint="" freq="" functionInDocument="NONE" id="78" quant="" type="DATE" value="1988">
      <token_anchor id="580" />
    </TIMEX3>
    <EVENT aspect="NONE" certainty="" class="OCCURRENCE" comment="" factuality="" id="79" modality="NONE" polarity="POS" pos="NOUN" tense="NONE">
      <token_anchor id="583" />
    </EVENT>
    <EVENT aspect="PERFECTIVE" certainty="" class="I_ACTION" comment="" factuality="" id="80" modality="NONE" polarity="POS" pos="VERB" tense="PRESENT">
      <token_anchor id="589" />
    </EVENT>
    <EVENT aspect="NONE" certainty="" class="STATE" comment="" factuality="" id="81" modality="NONE" polarity="POS" pos="NOUN" tense="NONE">
      <token_anchor id="593" />
    </EVENT>
    <EVENT aspect="NONE" certainty="" class="OCCURRENCE" comment="" factuality="" id="82" modality="NONE" polarity="POS" pos="VERB" tense="INFINITIVE">
      <token_anchor id="595" />
    </EVENT>
    <EVENT aspect="NONE" certainty="" class="ASPECTUAL" comment="" factuality="" id="83" modality="would" polarity="POS" pos="VERB" tense="NONE">
      <token_anchor id="601" />
    </EVENT>
    <EVENT aspect="NONE" certainty="" class="STATE" comment="" factuality="" id="84" modality="NONE" polarity="POS" pos="ADJECTIVE" tense="NONE">
      <token_anchor id="603" />
    </EVENT>
    <EVENT aspect="NONE" certainty="" class="STATE" comment="" factuality="" id="85" modality="NONE" polarity="POS" pos="ADJECTIVE" tense="NONE">
      <token_anchor id="605" />
    </EVENT>
    <TIMEX3 anchorTimeID="0" beginPoint="" comment="" endPoint="" freq="" functionInDocument="NONE" id="86" quant="" type="DATE" value="1989-WXX">
      <token_anchor id="607" />
      <token_anchor id="608" />
    </TIMEX3>
    <EVENT aspect="NONE" certainty="" class="OCCURRENCE" comment="" factuality="" id="87" modality="NONE" polarity="POS" pos="VERB" tense="PAST">
      <token_anchor id="614" />
    </EVENT>
    <EVENT aspect="NONE" certainty="" class="OCCURRENCE" comment="" factuality="" id="88" modality="NONE" polarity="POS" pos="VERB" tense="INFINITIVE">
      <token_anchor id="628" />
    </EVENT>
    <EVENT aspect="NONE" certainty="" class="OCCURRENCE" comment="" factuality="" id="89" modality="NONE" polarity="POS" pos="NOUN" tense="NONE">
      <token_anchor id="632" />
    </EVENT>
    <EVENT aspect="NONE" certainty="" class="OCCURRENCE" comment="" factuality="" id="90" modality="NONE" polarity="POS" pos="NOUN" tense="NONE">
      <token_anchor id="639" />
    </EVENT>
    <EVENT aspect="NONE" certainty="" class="OCCURRENCE" comment="" factuality="" id="91" modality="NONE" polarity="POS" pos="VERB" tense="PAST">
      <token_anchor id="649" />
    </EVENT>
    <EVENT aspect="NONE" certainty="" class="OCCURRENCE" comment="" factuality="" id="92" modality="NONE" polarity="POS" pos="NOUN" tense="NONE">
      <token_anchor id="653" />
    </EVENT>
    <EVENT aspect="NONE" certainty="" class="OCCURRENCE" comment="" factuality="" id="93" modality="NONE" polarity="POS" pos="NOUN" tense="NONE">
      <token_anchor id="657" />
    </EVENT>
    <TIMEX3 anchorTimeID="0" beginPoint="" comment="" endPoint="" freq="" functionInDocument="NONE" id="94" quant="" type="DATE" value="1989-10-24">
      <token_anchor id="658" />
    </TIMEX3>
    <EVENT aspect="NONE" certainty="" class="REPORTING" comment="" factuality="" id="95" modality="NONE" polarity="POS" pos="VERB" tense="PAST">
      <token_anchor id="661" />
    </EVENT>
    <EVENT aspect="NONE" certainty="" class="OCCURRENCE" comment="" factuality="" id="96" modality="should" polarity="NEG" pos="VERB" tense="NONE">
      <token_anchor id="667" />
    </EVENT>
    <EVENT aspect="NONE" certainty="" class="REPORTING" comment="" factuality="" id="97" modality="NONE" polarity="POS" pos="ADJECTIVE" tense="PAST">
      <token_anchor id="673" />
    </EVENT>
    <EVENT aspect="NONE" certainty="" class="I_STATE" comment="" factuality="" id="98" modality="might" polarity="POS" pos="ADJECTIVE" tense="NONE">
      <token_anchor id="746" />
    </EVENT>
    <EVENT aspect="NONE" certainty="" class="I_ACTION" comment="" factuality="" id="99" modality="NONE" polarity="POS" pos="NOUN" tense="NONE">
      <token_anchor id="749" />
    </EVENT>
    <EVENT aspect="NONE" certainty="" class="OCCURRENCE" comment="" factuality="" id="100" modality="NONE" polarity="POS" pos="NOUN" tense="NONE">
      <token_anchor id="761" />
    </EVENT>
    <EVENT aspect="NONE" certainty="" class="OCCURRENCE" comment="" factuality="" id="101" modality="NONE" polarity="POS" pos="VERB" tense="PAST">
      <token_anchor id="765" />
    </EVENT>
    <EVENT aspect="NONE" certainty="" class="I_ACTION" comment="" factuality="" id="102" modality="NONE" polarity="POS" pos="NOUN" tense="NONE">
      <token_anchor id="771" />
    </EVENT>
    <EVENT aspect="NONE" certainty="" class="OCCURRENCE" comment="" factuality="" id="103" modality="NONE" polarity="POS" pos="NOUN" tense="NONE">
      <token_anchor id="775" />
    </EVENT>
  </Markables>
  <Relations>
    <TLINK comment="" id="1" relType="INCLUDES">
      <source id="1" />
      <target id="0" />
    </TLINK>
    <TLINK comment="" id="2" relType="SIMULTANEOUS">
      <source id="1" />
      <target id="3" />
    </TLINK>
    <TLINK comment="" id="3" relType="IS_INCLUDED">
      <source id="6" />
      <target id="8" />
    </TLINK>
    <TLINK comment="" id="4" relType="IS_INCLUDED">
      <source id="10" />
      <target id="11" />
    </TLINK>
    <TLINK comment="" id="5" relType="IS_INCLUDED">
      <source id="12" />
      <target id="0" />
    </TLINK>
    <TLINK comment="" id="6" relType="AFTER">
      <source id="13" />
      <target id="6" />
    </TLINK>
    <TLINK comment="" id="7" relType="AFTER">
      <source id="14" />
      <target id="16" />
    </TLINK>
    <TLINK comment="" id="8" relType="IDENTITY">
      <source id="17" />
      <target id="7" />
    </TLINK>
    <TLINK comment="" id="9" relType="BEFORE">
      <source id="19" />
      <target id="0" />
    </TLINK>
    <TLINK comment="" id="10" relType="INCLUDES">
      <source id="21" />
      <target id="1" />
    </TLINK>
    <TLINK comment="" id="11" relType="AFTER">
      <source id="21" />
      <target id="23" />
    </TLINK>
    <TLINK comment="" id="12" relType="IS_INCLUDED">
      <source id="23" />
      <target id="22" />
    </TLINK>
    <CLINK comment="" id="13">
      <source id="23" />
      <target id="21" />
    </CLINK>
    <TLINK comment="" id="14" relType="IS_INCLUDED">
      <source id="26" />
      <target id="0" />
    </TLINK>
    <TLINK comment="" id="15" relType="INCLUDES">
      <source id="27" />
      <target id="28" />
    </TLINK>
    <TLINK comment="" id="16" relType="INCLUDES">
      <source id="29" />
      <target id="31" />
    </TLINK>
    <TLINK comment="" id="17" relType="BEFORE">
      <source id="31" />
      <target id="0" />
    </TLINK>
    <TLINK comment="" id="18" relType="IS_INCLUDED">
      <source id="31" />
      <target id="32" />
    </TLINK>
    <TLINK comment="" id="19" relType="IS_INCLUDED">
      <source id="32" />
      <target id="33" />
    </TLINK>
    <TLINK comment="" id="20" relType="BEGINS">
      <source id="34" />
      <target id="35" />
    </TLINK>
    <TLINK comment="" id="21" relType="AFTER">
      <source id="36" />
      <target id="34" />
    </TLINK>
    <TLINK comment="" id="22" relType="IS_INCLUDED">
      <source id="38" />
      <target id="39" />
    </TLINK>
    <TLINK comment="" id="23" relType="BEFORE">
      <source id="39" />
      <target id="0" />
    </TLINK>
    <TLINK comment="" id="24" relType="IS_INCLUDED">
      <source id="39" />
      <target id="40" />
    </TLINK>
    <TLINK comment="" id="25" relType="ENDS">
      <source id="41" />
      <target id="42" />
    </TLINK>
    <TLINK comment="" id="26" relType="IDENTITY">
      <source id="42" />
      <target id="36" />
    </TLINK>
    <TLINK comment="" id="27" relType="BEFORE">
      <source id="43" />
      <target id="0" />
    </TLINK>
    <TLINK comment="" id="28" relType="BEFORE">
      <source id="44" />
      <target id="45" />
    </TLINK>
    <CLINK comment="" id="29">
      <source id="44" />
      <target id="46" />
    </CLINK>
    <TLINK comment="" id="30" relType="ENDED_BY">
      <source id="46" />
      <target id="47" />
    </TLINK>
    <TLINK comment="" id="31" relType="IS_INCLUDED">
      <source id="47" />
      <target id="48" />
    </TLINK>
    <TLINK comment="" id="32" relType="IS_INCLUDED">
      <source id="50" />
      <target id="52" />
    </TLINK>
    <TLINK comment="" id="33" relType="IS_INCLUDED">
      <source id="51" />
      <target id="0" />
    </TLINK>
    <TLINK comment="" id="34" relType="BEFORE">
      <source id="53" />
      <target id="0" />
    </TLINK>
    <TLINK comment="" id="35" relType="AFTER">
      <source id="54" />
      <target id="55" />
    </TLINK>
    <TLINK comment="" id="36" relType="IS_INCLUDED">
      <source id="55" />
      <target id="56" />
    </TLINK>
    <TLINK comment="" id="37" relType="INCLUDES">
      <source id="57" />
      <target id="0" />
    </TLINK>
    <TLINK comment="" id="38" relType="BEFORE">
      <source id="59" />
      <target id="58" />
    </TLINK>
    <TLINK comment="" id="39" relType="AFTER">
      <source id="61" />
      <target id="62" />
    </TLINK>
    <TLINK comment="" id="40" relType="AFTER">
      <source id="61" />
      <target id="64" />
    </TLINK>
    <TLINK comment="" id="41" relType="IS_INCLUDED">
      <source id="64" />
      <target id="63" />
    </TLINK>
    <CLINK c-signalID="67" comment="" id="42">
      <source id="68" />
      <target id="66" />
    </CLINK>
    <TLINK comment="" id="43" relType="INCLUDES">
      <source id="69" />
      <target id="0" />
    </TLINK>
    <TLINK comment="" id="44" relType="BEFORE">
      <source id="69" />
      <target id="66" />
    </TLINK>
    <TLINK comment="" id="45" relType="SIMULTANEOUS">
      <source id="69" />
      <target id="71" />
    </TLINK>
    <TLINK comment="" id="46" relType="INCLUDES">
      <source id="73" />
      <target id="74" />
    </TLINK>
    <TLINK comment="" id="47" relType="AFTER">
      <source id="75" />
      <target id="0" />
    </TLINK>
    <TLINK comment="" id="48" relType="BEFORE">
      <source id="76" />
      <target id="0" />
    </TLINK>
    <TLINK comment="" id="49" relType="IS_INCLUDED">
      <source id="76" />
      <target id="77" />
    </TLINK>
    <TLINK comment="" id="50" relType="IS_INCLUDED">
      <source id="77" />
      <target id="78" />
    </TLINK>
    <TLINK comment="" id="51" relType="SIMULTANEOUS">
      <source id="79" />
      <target id="80" />
    </TLINK>
    <CLINK comment="" id="52">
      <source id="81" />
      <target id="84" />
    </CLINK>
    <CLINK comment="" id="53">
      <source id="81" />
      <target id="85" />
    </CLINK>
    <TLINK comment="" id="54" relType="IS_INCLUDED">
      <source id="84" />
      <target id="0" />
    </TLINK>
    <TLINK comment="" id="55" relType="IS_INCLUDED">
      <source id="86" />
      <target id="87" />
    </TLINK>
    <TLINK comment="" id="56" relType="BEFORE">
      <source id="90" />
      <target id="0" />
    </TLINK>
    <TLINK comment="" id="57" relType="INCLUDES">
      <source id="90" />
      <target id="88" />
    </TLINK>
    <TLINK comment="" id="58" relType="INCLUDES">
      <source id="90" />
      <target id="89" />
    </TLINK>
    <TLINK comment="" id="59" relType="AFTER">
      <source id="91" />
      <target id="92" />
    </TLINK>
    <TLINK comment="" id="60" relType="IS_INCLUDED">
      <source id="91" />
      <target id="93" />
    </TLINK>
    <TLINK comment="" id="61" relType="AFTER">
      <source id="92" />
      <target id="90" />
    </TLINK>
    <TLINK comment="" id="62" relType="IS_INCLUDED">
      <source id="93" />
      <target id="94" />
    </TLINK>
    <TLINK comment="" id="63" relType="IS_INCLUDED">
      <source id="95" />
      <target id="91" />
    </TLINK>
    <TLINK comment="" id="64" relType="AFTER">
      <source id="97" />
      <target id="91" />
    </TLINK>
    <TLINK comment="" id="65" relType="AFTER">
      <source id="98" />
      <target id="0" />
    </TLINK>
    <CLINK comment="" id="66">
      <source id="100" />
      <target id="101" />
    </CLINK>
    <CLINK comment="" id="67">
      <source id="100" />
      <target id="102" />
    </CLINK>
    <TLINK comment="" id="68" relType="BEGINS">
      <source id="102" />
      <target id="103" />
    </TLINK>
  </Relations>
  <token id="1" number="0" sentence="0">General</token>
  <token id="2" number="1" sentence="0">Motors</token>
  <token id="3" number="2" sentence="0">Corp.</token>
  <token id="4" number="3" sentence="0">wants</token>
  <token id="5" number="4" sentence="0">to</token>
  <token id="6" number="5" sentence="0">buy</token>
  <token id="7" number="6" sentence="0">as</token>
  <token id="8" number="7" sentence="0">much</token>
  <token id="9" number="8" sentence="0">as</token>
  <token id="10" number="9" sentence="0">15</token>
  <token id="11" number="10" sentence="0">%</token>
  <token id="12" number="11" sentence="0">of</token>
  <token id="13" number="12" sentence="0">Jaguar</token>
  <token id="14" number="13" sentence="0">PLC</token>
  <token id="15" number="14" sentence="0">,</token>
  <token id="16" number="15" sentence="0">marking</token>
  <token id="17" number="16" sentence="0">its</token>
  <token id="18" number="17" sentence="0">first</token>
  <token id="19" number="18" sentence="0">salvo</token>
  <token id="20" number="19" sentence="0">in</token>
  <token id="21" number="20" sentence="0">a</token>
  <token id="22" number="21" sentence="0">possible</token>
  <token id="23" number="22" sentence="0">full-scale</token>
  <token id="24" number="23" sentence="0">battle</token>
  <token id="25" number="24" sentence="0">against</token>
  <token id="26" number="25" sentence="0">Ford</token>
  <token id="27" number="26" sentence="0">Motor</token>
  <token id="28" number="27" sentence="0">Co.</token>
  <token id="29" number="28" sentence="0">for</token>
  <token id="30" number="29" sentence="0">control</token>
  <token id="31" number="30" sentence="0">of</token>
  <token id="32" number="31" sentence="0">the</token>
  <token id="33" number="32" sentence="0">British</token>
  <token id="34" number="33" sentence="0">car</token>
  <token id="35" number="34" sentence="0">maker</token>
  <token id="36" number="35" sentence="0">.</token>
  <token id="37" number="36" sentence="1">GM</token>
  <token id="38" number="37" sentence="1">sought</token>
  <token id="39" number="38" sentence="1">U.S.</token>
  <token id="40" number="39" sentence="1">antitrust</token>
  <token id="41" number="40" sentence="1">clearance</token>
  <token id="42" number="41" sentence="1">last</token>
  <token id="43" number="42" sentence="1">week</token>
  <token id="44" number="43" sentence="1">to</token>
  <token id="45" number="44" sentence="1">purchase</token>
  <token id="46" number="45" sentence="1">more</token>
  <token id="47" number="46" sentence="1">than</token>
  <token id="48" number="47" sentence="1">$</token>
  <token id="49" number="48" sentence="1">15</token>
  <token id="50" number="49" sentence="1">million</token>
  <token id="51" number="50" sentence="1">worth</token>
  <token id="52" number="51" sentence="1">of</token>
  <token id="53" number="52" sentence="1">Jaguar</token>
  <token id="54" number="53" sentence="1">shares</token>
  <token id="55" number="54" sentence="1">but</token>
  <token id="56" number="55" sentence="1">does</token>
  <token id="57" number="56" sentence="1">n't</token>
  <token id="58" number="57" sentence="1">own</token>
  <token id="59" number="58" sentence="1">any</token>
  <token id="60" number="59" sentence="1">yet</token>
  <token id="61" number="60" sentence="1">,</token>
  <token id="62" number="61" sentence="1">according</token>
  <token id="63" number="62" sentence="1">to</token>
  <token id="64" number="63" sentence="1">GM</token>
  <token id="65" number="64" sentence="1">officials</token>
  <token id="66" number="65" sentence="1">here</token>
  <token id="67" number="66" sentence="1">and</token>
  <token id="68" number="67" sentence="1">at</token>
  <token id="69" number="68" sentence="1">the</token>
  <token id="70" number="69" sentence="1">company</token>
  <token id="71" number="70" sentence="1">'s</token>
  <token id="72" number="71" sentence="1">Detroit</token>
  <token id="73" number="72" sentence="1">headquarters</token>
  <token id="74" number="73" sentence="1">.</token>
  <token id="75" number="74" sentence="2">The</token>
  <token id="76" number="75" sentence="2">No.</token>
  <token id="77" number="76" sentence="2">1</token>
  <token id="78" number="77" sentence="2">U.S.</token>
  <token id="79" number="78" sentence="2">auto</token>
  <token id="80" number="79" sentence="2">maker</token>
  <token id="81" number="80" sentence="2">then</token>
  <token id="82" number="81" sentence="2">wrote</token>
  <token id="83" number="82" sentence="2">Jaguar</token>
  <token id="84" number="83" sentence="2">that</token>
  <token id="85" number="84" sentence="2">it</token>
  <token id="86" number="85" sentence="2">intends</token>
  <token id="87" number="86" sentence="2">"</token>
  <token id="88" number="87" sentence="2">to</token>
  <token id="89" number="88" sentence="2">go</token>
  <token id="90" number="89" sentence="2">to</token>
  <token id="91" number="90" sentence="2">that</token>
  <token id="92" number="91" sentence="2">15</token>
  <token id="93" number="92" sentence="2">%</token>
  <token id="94" number="93" sentence="2">"</token>
  <token id="95" number="94" sentence="2">level</token>
  <token id="96" number="95" sentence="2">once</token>
  <token id="97" number="96" sentence="2">it</token>
  <token id="98" number="97" sentence="2">wins</token>
  <token id="99" number="98" sentence="2">the</token>
  <token id="100" number="99" sentence="2">U.S.</token>
  <token id="101" number="100" sentence="2">clearance</token>
  <token id="102" number="101" sentence="2">to</token>
  <token id="103" number="102" sentence="2">go</token>
  <token id="104" number="103" sentence="2">beyond</token>
  <token id="105" number="104" sentence="2">$</token>
  <token id="106" number="105" sentence="2">15</token>
  <token id="107" number="106" sentence="2">million</token>
  <token id="108" number="107" sentence="2">,</token>
  <token id="109" number="108" sentence="2">a</token>
  <token id="110" number="109" sentence="2">Jaguar</token>
  <token id="111" number="110" sentence="2">spokesman</token>
  <token id="112" number="111" sentence="2">said</token>
  <token id="113" number="112" sentence="2">yesterday</token>
  <token id="114" number="113" sentence="2">.</token>
  <token id="115" number="114" sentence="3">The</token>
  <token id="116" number="115" sentence="3">GM</token>
  <token id="117" number="116" sentence="3">move</token>
  <token id="118" number="117" sentence="3">follows</token>
  <token id="119" number="118" sentence="3">Tuesday</token>
  <token id="120" number="119" sentence="3">'s</token>
  <token id="121" number="120" sentence="3">declaration</token>
  <token id="122" number="121" sentence="3">by</token>
  <token id="123" number="122" sentence="3">Ford</token>
  <token id="124" number="123" sentence="3">,</token>
  <token id="125" number="124" sentence="3">which</token>
  <token id="126" number="125" sentence="3">holds</token>
  <token id="127" number="126" sentence="3">an</token>
  <token id="128" number="127" sentence="3">unwelcome</token>
  <token id="129" number="128" sentence="3">12.45</token>
  <token id="130" number="129" sentence="3">%</token>
  <token id="131" number="130" sentence="3">stake</token>
  <token id="132" number="131" sentence="3">in</token>
  <token id="133" number="132" sentence="3">Jaguar</token>
  <token id="134" number="133" sentence="3">,</token>
  <token id="135" number="134" sentence="3">that</token>
  <token id="136" number="135" sentence="3">it</token>
  <token id="137" number="136" sentence="3">is</token>
  <token id="138" number="137" sentence="3">prepared</token>
  <token id="139" number="138" sentence="3">to</token>
  <token id="140" number="139" sentence="3">bid</token>
  <token id="141" number="140" sentence="3">for</token>
  <token id="142" number="141" sentence="3">the</token>
  <token id="143" number="142" sentence="3">entire</token>
  <token id="144" number="143" sentence="3">company</token>
  <token id="145" number="144" sentence="3">.</token>
  <token id="146" number="145" sentence="4">GM</token>
  <token id="147" number="146" sentence="4">is</token>
  <token id="148" number="147" sentence="4">close</token>
  <token id="149" number="148" sentence="4">to</token>
  <token id="150" number="149" sentence="4">completing</token>
  <token id="151" number="150" sentence="4">a</token>
  <token id="152" number="151" sentence="4">friendly</token>
  <token id="153" number="152" sentence="4">deal</token>
  <token id="154" number="153" sentence="4">with</token>
  <token id="155" number="154" sentence="4">Jaguar</token>
  <token id="156" number="155" sentence="4">that</token>
  <token id="157" number="156" sentence="4">is</token>
  <token id="158" number="157" sentence="4">likely</token>
  <token id="159" number="158" sentence="4">to</token>
  <token id="160" number="159" sentence="4">involve</token>
  <token id="161" number="160" sentence="4">an</token>
  <token id="162" number="161" sentence="4">eventual</token>
  <token id="163" number="162" sentence="4">30</token>
  <token id="164" number="163" sentence="4">%</token>
  <token id="165" number="164" sentence="4">stake</token>
  <token id="166" number="165" sentence="4">and</token>
  <token id="167" number="166" sentence="4">joint</token>
  <token id="168" number="167" sentence="4">manufacturing</token>
  <token id="169" number="168" sentence="4">ventures</token>
  <token id="170" number="169" sentence="4">.</token>
  <token id="171" number="170" sentence="5">Speculative</token>
  <token id="172" number="171" sentence="5">investors</token>
  <token id="173" number="172" sentence="5">,</token>
  <token id="174" number="173" sentence="5">betting</token>
  <token id="175" number="174" sentence="5">on</token>
  <token id="176" number="175" sentence="5">an</token>
  <token id="177" number="176" sentence="5">imminent</token>
  <token id="178" number="177" sentence="5">clash</token>
  <token id="179" number="178" sentence="5">between</token>
  <token id="180" number="179" sentence="5">Ford</token>
  <token id="181" number="180" sentence="5">and</token>
  <token id="182" number="181" sentence="5">GM</token>
  <token id="183" number="182" sentence="5">,</token>
  <token id="184" number="183" sentence="5">pushed</token>
  <token id="185" number="184" sentence="5">up</token>
  <token id="186" number="185" sentence="5">Jaguar</token>
  <token id="187" number="186" sentence="5">'s</token>
  <token id="188" number="187" sentence="5">share</token>
  <token id="189" number="188" sentence="5">price</token>
  <token id="190" number="189" sentence="5">five</token>
  <token id="191" number="190" sentence="5">pence</token>
  <token id="192" number="191" sentence="5">(</token>
  <token id="193" number="192" sentence="5">eight</token>
  <token id="194" number="193" sentence="5">U.S.</token>
  <token id="195" number="194" sentence="5">cents</token>
  <token id="196" number="195" sentence="5">)</token>
  <token id="197" number="196" sentence="5">to</token>
  <token id="198" number="197" sentence="5">a</token>
  <token id="199" number="198" sentence="5">near-record</token>
  <token id="200" number="199" sentence="5">720</token>
  <token id="201" number="200" sentence="5">pence</token>
  <token id="202" number="201" sentence="5">(</token>
  <token id="203" number="202" sentence="5">$</token>
  <token id="204" number="203" sentence="5">11.60</token>
  <token id="205" number="204" sentence="5">)</token>
  <token id="206" number="205" sentence="5">in</token>
  <token id="207" number="206" sentence="5">late</token>
  <token id="208" number="207" sentence="5">trading</token>
  <token id="209" number="208" sentence="5">on</token>
  <token id="210" number="209" sentence="5">London</token>
  <token id="211" number="210" sentence="5">'s</token>
  <token id="212" number="211" sentence="5">stock</token>
  <token id="213" number="212" sentence="5">exchange</token>
  <token id="214" number="213" sentence="5">yesterday</token>
  <token id="215" number="214" sentence="5">.</token>
  <token id="216" number="215" sentence="6">Since</token>
  <token id="217" number="216" sentence="6">Tuesday</token>
  <token id="218" number="217" sentence="6">,</token>
  <token id="219" number="218" sentence="6">the</token>
  <token id="220" number="219" sentence="6">shares</token>
  <token id="221" number="220" sentence="6">have</token>
  <token id="222" number="221" sentence="6">gained</token>
  <token id="223" number="222" sentence="6">nearly</token>
  <token id="224" number="223" sentence="6">4</token>
  <token id="225" number="224" sentence="6">%</token>
  <token id="226" number="225" sentence="6">.</token>
  <token id="227" number="226" sentence="7">But</token>
  <token id="228" number="227" sentence="7">an</token>
  <token id="229" number="228" sentence="7">all-out</token>
  <token id="230" number="229" sentence="7">bidding</token>
  <token id="231" number="230" sentence="7">war</token>
  <token id="232" number="231" sentence="7">between</token>
  <token id="233" number="232" sentence="7">the</token>
  <token id="234" number="233" sentence="7">world</token>
  <token id="235" number="234" sentence="7">'s</token>
  <token id="236" number="235" sentence="7">top</token>
  <token id="237" number="236" sentence="7">auto</token>
  <token id="238" number="237" sentence="7">giants</token>
  <token id="239" number="238" sentence="7">for</token>
  <token id="240" number="239" sentence="7">Britain</token>
  <token id="241" number="240" sentence="7">'s</token>
  <token id="242" number="241" sentence="7">leading</token>
  <token id="243" number="242" sentence="7">luxury-car</token>
  <token id="244" number="243" sentence="7">maker</token>
  <token id="245" number="244" sentence="7">seems</token>
  <token id="246" number="245" sentence="7">unlikely</token>
  <token id="247" number="246" sentence="7">.</token>
  <token id="248" number="247" sentence="8">"</token>
  <token id="249" number="248" sentence="8">We</token>
  <token id="250" number="249" sentence="8">will</token>
  <token id="251" number="250" sentence="8">not</token>
  <token id="252" number="251" sentence="8">go</token>
  <token id="253" number="252" sentence="8">over</token>
  <token id="254" number="253" sentence="8">a</token>
  <token id="255" number="254" sentence="8">certain</token>
  <token id="256" number="255" sentence="8">level</token>
  <token id="257" number="256" sentence="8">,</token>
  <token id="258" number="257" sentence="8">"</token>
  <token id="259" number="258" sentence="8">said</token>
  <token id="260" number="259" sentence="8">David</token>
  <token id="261" number="260" sentence="8">N.</token>
  <token id="262" number="261" sentence="8">McCammon</token>
  <token id="263" number="262" sentence="8">,</token>
  <token id="264" number="263" sentence="8">Ford</token>
  <token id="265" number="264" sentence="8">'s</token>
  <token id="266" number="265" sentence="8">vice</token>
  <token id="267" number="266" sentence="8">president</token>
  <token id="268" number="267" sentence="8">for</token>
  <token id="269" number="268" sentence="8">finance</token>
  <token id="270" number="269" sentence="8">,</token>
  <token id="271" number="270" sentence="8">at</token>
  <token id="272" number="271" sentence="8">a</token>
  <token id="273" number="272" sentence="8">news</token>
  <token id="274" number="273" sentence="8">conference</token>
  <token id="275" number="274" sentence="8">yesterday</token>
  <token id="276" number="275" sentence="8">in</token>
  <token id="277" number="276" sentence="8">Dearborn</token>
  <token id="278" number="277" sentence="8">,</token>
  <token id="279" number="278" sentence="8">Mich</token>
  <token id="280" number="279" sentence="8">.</token>
  <token id="281" number="280" sentence="9">"</token>
  <token id="282" number="281" sentence="9">There</token>
  <token id="283" number="282" sentence="9">'s</token>
  <token id="284" number="283" sentence="9">some</token>
  <token id="285" number="284" sentence="9">price</token>
  <token id="286" number="285" sentence="9">at</token>
  <token id="287" number="286" sentence="9">which</token>
  <token id="288" number="287" sentence="9">we</token>
  <token id="289" number="288" sentence="9">'d</token>
  <token id="290" number="289" sentence="9">stop</token>
  <token id="291" number="290" sentence="9">bidding</token>
  <token id="292" number="291" sentence="9">.</token>
  <token id="293" number="292" sentence="9">"</token>
  <token id="294" number="293" sentence="10">He</token>
  <token id="295" number="294" sentence="10">would</token>
  <token id="296" number="295" sentence="10">n't</token>
  <token id="297" number="296" sentence="10">specify</token>
  <token id="298" number="297" sentence="10">what</token>
  <token id="299" number="298" sentence="10">it</token>
  <token id="300" number="299" sentence="10">was</token>
  <token id="301" number="300" sentence="10">.</token>
  <token id="302" number="301" sentence="11">And</token>
  <token id="303" number="302" sentence="11">powerful</token>
  <token id="304" number="303" sentence="11">political</token>
  <token id="305" number="304" sentence="11">pressures</token>
  <token id="306" number="305" sentence="11">may</token>
  <token id="307" number="306" sentence="11">convince</token>
  <token id="308" number="307" sentence="11">the</token>
  <token id="309" number="308" sentence="11">Conservative</token>
  <token id="310" number="309" sentence="11">government</token>
  <token id="311" number="310" sentence="11">to</token>
  <token id="312" number="311" sentence="11">keep</token>
  <token id="313" number="312" sentence="11">its</token>
  <token id="314" number="313" sentence="11">so-called</token>
  <token id="315" number="314" sentence="11">golden</token>
  <token id="316" number="315" sentence="11">share</token>
  <token id="317" number="316" sentence="11">,</token>
  <token id="318" number="317" sentence="11">which</token>
  <token id="319" number="318" sentence="11">limits</token>
  <token id="320" number="319" sentence="11">any</token>
  <token id="321" number="320" sentence="11">individual</token>
  <token id="322" number="321" sentence="11">holding</token>
  <token id="323" number="322" sentence="11">to</token>
  <token id="324" number="323" sentence="11">15</token>
  <token id="325" number="324" sentence="11">%</token>
  <token id="326" number="325" sentence="11">,</token>
  <token id="327" number="326" sentence="11">until</token>
  <token id="328" number="327" sentence="11">the</token>
  <token id="329" number="328" sentence="11">restriction</token>
  <token id="330" number="329" sentence="11">expires</token>
  <token id="331" number="330" sentence="11">on</token>
  <token id="332" number="331" sentence="11">Dec</token>
  <token id="333" number="332" sentence="11">.</token>
  <token id="334" number="333" sentence="11">31</token>
  <token id="335" number="334" sentence="11">,</token>
  <token id="336" number="335" sentence="11">1990</token>
  <token id="337" number="336" sentence="11">.</token>
  <token id="338" number="337" sentence="12">"</token>
  <token id="339" number="338" sentence="12">I</token>
  <token id="340" number="339" sentence="12">really</token>
  <token id="341" number="340" sentence="12">do</token>
  <token id="342" number="341" sentence="12">n't</token>
  <token id="343" number="342" sentence="12">see</token>
  <token id="344" number="343" sentence="12">the</token>
  <token id="345" number="344" sentence="12">government</token>
  <token id="346" number="345" sentence="12">doing</token>
  <token id="347" number="346" sentence="12">something</token>
  <token id="348" number="347" sentence="12">that</token>
  <token id="349" number="348" sentence="12">Jaguar</token>
  <token id="350" number="349" sentence="12">does</token>
  <token id="351" number="350" sentence="12">n't</token>
  <token id="352" number="351" sentence="12">want</token>
  <token id="353" number="352" sentence="12">over</token>
  <token id="354" number="353" sentence="12">the</token>
  <token id="355" number="354" sentence="12">next</token>
  <token id="356" number="355" sentence="12">14</token>
  <token id="357" number="356" sentence="12">months</token>
  <token id="358" number="357" sentence="12">,</token>
  <token id="359" number="358" sentence="12">"</token>
  <token id="360" number="359" sentence="12">said</token>
  <token id="361" number="360" sentence="12">Kenneth</token>
  <token id="362" number="361" sentence="12">Warren</token>
  <token id="363" number="362" sentence="12">,</token>
  <token id="364" number="363" sentence="12">a</token>
  <token id="365" number="364" sentence="12">Conservative</token>
  <token id="366" number="365" sentence="12">member</token>
  <token id="367" number="366" sentence="12">of</token>
  <token id="368" number="367" sentence="12">Parliament</token>
  <token id="369" number="368" sentence="12">and</token>
  <token id="370" number="369" sentence="12">chairman</token>
  <token id="371" number="370" sentence="12">of</token>
  <token id="372" number="371" sentence="12">the</token>
  <token id="373" number="372" sentence="12">Select</token>
  <token id="374" number="373" sentence="12">Committee</token>
  <token id="375" number="374" sentence="12">on</token>
  <token id="376" number="375" sentence="12">Trade</token>
  <token id="377" number="376" sentence="12">and</token>
  <token id="378" number="377" sentence="12">Industry</token>
  <token id="379" number="378" sentence="12">in</token>
  <token id="380" number="379" sentence="12">Britain</token>
  <token id="381" number="380" sentence="12">'s</token>
  <token id="382" number="381" sentence="12">House</token>
  <token id="383" number="382" sentence="12">of</token>
  <token id="384" number="383" sentence="12">Commons</token>
  <token id="385" number="384" sentence="12">.</token>
  <token id="386" number="385" sentence="13">"</token>
  <token id="387" number="386" sentence="13">The</token>
  <token id="388" number="387" sentence="13">golden</token>
  <token id="389" number="388" sentence="13">share</token>
  <token id="390" number="389" sentence="13">is</token>
  <token id="391" number="390" sentence="13">a</token>
  <token id="392" number="391" sentence="13">single</token>
  <token id="393" number="392" sentence="13">share</token>
  <token id="394" number="393" sentence="13">,</token>
  <token id="395" number="394" sentence="13">but</token>
  <token id="396" number="395" sentence="13">it</token>
  <token id="397" number="396" sentence="13">is</token>
  <token id="398" number="397" sentence="13">the</token>
  <token id="399" number="398" sentence="13">magic</token>
  <token id="400" number="399" sentence="13">share</token>
  <token id="401" number="400" sentence="13">.</token>
  <token id="402" number="401" sentence="13">"</token>
  <token id="403" number="402" sentence="14">The</token>
  <token id="404" number="403" sentence="14">government</token>
  <token id="405" number="404" sentence="14">retained</token>
  <token id="406" number="405" sentence="14">the</token>
  <token id="407" number="406" sentence="14">single</token>
  <token id="408" number="407" sentence="14">share</token>
  <token id="409" number="408" sentence="14">after</token>
  <token id="410" number="409" sentence="14">selling</token>
  <token id="411" number="410" sentence="14">its</token>
  <token id="412" number="411" sentence="14">stake</token>
  <token id="413" number="412" sentence="14">in</token>
  <token id="414" number="413" sentence="14">Jaguar</token>
  <token id="415" number="414" sentence="14">in</token>
  <token id="416" number="415" sentence="14">1984</token>
  <token id="417" number="416" sentence="14">--</token>
  <token id="418" number="417" sentence="14">part</token>
  <token id="419" number="418" sentence="14">of</token>
  <token id="420" number="419" sentence="14">a</token>
  <token id="421" number="420" sentence="14">nationalistic</token>
  <token id="422" number="421" sentence="14">practice</token>
  <token id="423" number="422" sentence="14">of</token>
  <token id="424" number="423" sentence="14">protecting</token>
  <token id="425" number="424" sentence="14">former</token>
  <token id="426" number="425" sentence="14">government-owned</token>
  <token id="427" number="426" sentence="14">enterprises</token>
  <token id="428" number="427" sentence="14">to</token>
  <token id="429" number="428" sentence="14">deflect</token>
  <token id="430" number="429" sentence="14">criticism</token>
  <token id="431" number="430" sentence="14">of</token>
  <token id="432" number="431" sentence="14">privatization</token>
  <token id="433" number="432" sentence="14">.</token>
  <token id="434" number="433" sentence="15">The</token>
  <token id="435" number="434" sentence="15">15</token>
  <token id="436" number="435" sentence="15">%</token>
  <token id="437" number="436" sentence="15">restriction</token>
  <token id="438" number="437" sentence="15">covers</token>
  <token id="439" number="438" sentence="15">any</token>
  <token id="440" number="439" sentence="15">would-be</token>
  <token id="441" number="440" sentence="15">suitor</token>
  <token id="442" number="441" sentence="15">,</token>
  <token id="443" number="442" sentence="15">British</token>
  <token id="444" number="443" sentence="15">or</token>
  <token id="445" number="444" sentence="15">foreign</token>
  <token id="446" number="445" sentence="15">.</token>
  <token id="447" number="446" sentence="16">Ford</token>
  <token id="448" number="447" sentence="16">is</token>
  <token id="449" number="448" sentence="16">willing</token>
  <token id="450" number="449" sentence="16">to</token>
  <token id="451" number="450" sentence="16">bid</token>
  <token id="452" number="451" sentence="16">for</token>
  <token id="453" number="452" sentence="16">100</token>
  <token id="454" number="453" sentence="16">%</token>
  <token id="455" number="454" sentence="16">of</token>
  <token id="456" number="455" sentence="16">Jaguar</token>
  <token id="457" number="456" sentence="16">'s</token>
  <token id="458" number="457" sentence="16">shares</token>
  <token id="459" number="458" sentence="16">if</token>
  <token id="460" number="459" sentence="16">both</token>
  <token id="461" number="460" sentence="16">the</token>
  <token id="462" number="461" sentence="16">government</token>
  <token id="463" number="462" sentence="16">and</token>
  <token id="464" number="463" sentence="16">Jaguar</token>
  <token id="465" number="464" sentence="16">shareholders</token>
  <token id="466" number="465" sentence="16">agree</token>
  <token id="467" number="466" sentence="16">to</token>
  <token id="468" number="467" sentence="16">relax</token>
  <token id="469" number="468" sentence="16">the</token>
  <token id="470" number="469" sentence="16">anti-takeover</token>
  <token id="471" number="470" sentence="16">barrier</token>
  <token id="472" number="471" sentence="16">prematurely</token>
  <token id="473" number="472" sentence="16">.</token>
  <token id="474" number="473" sentence="17">As</token>
  <token id="475" number="474" sentence="17">Jaguar</token>
  <token id="476" number="475" sentence="17">'s</token>
  <token id="477" number="476" sentence="17">biggest</token>
  <token id="478" number="477" sentence="17">holder</token>
  <token id="479" number="478" sentence="17">and</token>
  <token id="480" number="479" sentence="17">Britain</token>
  <token id="481" number="480" sentence="17">'s</token>
  <token id="482" number="481" sentence="17">biggest</token>
  <token id="483" number="482" sentence="17">car</token>
  <token id="484" number="483" sentence="17">maker</token>
  <token id="485" number="484" sentence="17">,</token>
  <token id="486" number="485" sentence="17">Ford</token>
  <token id="487" number="486" sentence="17">could</token>
  <token id="488" number="487" sentence="17">turn</token>
  <token id="489" number="488" sentence="17">up</token>
  <token id="490" number="489" sentence="17">the</token>
  <token id="491" number="490" sentence="17">heat</token>
  <token id="492" number="491" sentence="17">by</token>
  <token id="493" number="492" sentence="17">convening</token>
  <token id="494" number="493" sentence="17">a</token>
  <token id="495" number="494" sentence="17">special</token>
  <token id="496" number="495" sentence="17">shareholders</token>
  <token id="497" number="496" sentence="17">'</token>
  <token id="498" number="497" sentence="17">meeting</token>
  <token id="499" number="498" sentence="17">and</token>
  <token id="500" number="499" sentence="17">urging</token>
  <token id="501" number="500" sentence="17">holders</token>
  <token id="502" number="501" sentence="17">to</token>
  <token id="503" number="502" sentence="17">drop</token>
  <token id="504" number="503" sentence="17">the</token>
  <token id="505" number="504" sentence="17">limits</token>
  <token id="506" number="505" sentence="17">early</token>
  <token id="507" number="506" sentence="17">.</token>
  <token id="508" number="507" sentence="18">Ford</token>
  <token id="509" number="508" sentence="18">might</token>
  <token id="510" number="509" sentence="18">succeed</token>
  <token id="511" number="510" sentence="18">because</token>
  <token id="512" number="511" sentence="18">many</token>
  <token id="513" number="512" sentence="18">shareholders</token>
  <token id="514" number="513" sentence="18">are</token>
  <token id="515" number="514" sentence="18">speculators</token>
  <token id="516" number="515" sentence="18">keen</token>
  <token id="517" number="516" sentence="18">for</token>
  <token id="518" number="517" sentence="18">a</token>
  <token id="519" number="518" sentence="18">full</token>
  <token id="520" number="519" sentence="18">bid</token>
  <token id="521" number="520" sentence="18">or</token>
  <token id="522" number="521" sentence="18">institutional</token>
  <token id="523" number="522" sentence="18">investors</token>
  <token id="524" number="523" sentence="18">unhappy</token>
  <token id="525" number="524" sentence="18">over</token>
  <token id="526" number="525" sentence="18">Jaguar</token>
  <token id="527" number="526" sentence="18">management</token>
  <token id="528" number="527" sentence="18">'s</token>
  <token id="529" number="528" sentence="18">handling</token>
  <token id="530" number="529" sentence="18">of</token>
  <token id="531" number="530" sentence="18">its</token>
  <token id="532" number="531" sentence="18">current</token>
  <token id="533" number="532" sentence="18">financial</token>
  <token id="534" number="533" sentence="18">difficulties</token>
  <token id="535" number="534" sentence="18">.</token>
  <token id="536" number="535" sentence="19">The</token>
  <token id="537" number="536" sentence="19">government</token>
  <token id="538" number="537" sentence="19">probably</token>
  <token id="539" number="538" sentence="19">would</token>
  <token id="540" number="539" sentence="19">n't</token>
  <token id="541" number="540" sentence="19">give</token>
  <token id="542" number="541" sentence="19">in</token>
  <token id="543" number="542" sentence="19">readily</token>
  <token id="544" number="543" sentence="19">to</token>
  <token id="545" number="544" sentence="19">a</token>
  <token id="546" number="545" sentence="19">hostile</token>
  <token id="547" number="546" sentence="19">foray</token>
  <token id="548" number="547" sentence="19">by</token>
  <token id="549" number="548" sentence="19">Ford</token>
  <token id="550" number="549" sentence="19">,</token>
  <token id="551" number="550" sentence="19">however</token>
  <token id="552" number="551" sentence="19">.</token>
  <token id="553" number="552" sentence="20">It</token>
  <token id="554" number="553" sentence="20">has</token>
  <token id="555" number="554" sentence="20">relinquished</token>
  <token id="556" number="555" sentence="20">a</token>
  <token id="557" number="556" sentence="20">golden</token>
  <token id="558" number="557" sentence="20">share</token>
  <token id="559" number="558" sentence="20">only</token>
  <token id="560" number="559" sentence="20">once</token>
  <token id="561" number="560" sentence="20">before</token>
  <token id="562" number="561" sentence="20">--</token>
  <token id="563" number="562" sentence="20">during</token>
  <token id="564" number="563" sentence="20">British</token>
  <token id="565" number="564" sentence="20">Petroleum</token>
  <token id="566" number="565" sentence="20">Co.'s</token>
  <token id="567" number="566" sentence="20">#</token>
  <token id="568" number="567" sentence="20">2.5</token>
  <token id="569" number="568" sentence="20">billion</token>
  <token id="570" number="569" sentence="20">(</token>
  <token id="571" number="570" sentence="20">$</token>
  <token id="572" number="571" sentence="20">4</token>
  <token id="573" number="572" sentence="20">billion</token>
  <token id="574" number="573" sentence="20">)</token>
  <token id="575" number="574" sentence="20">takeover</token>
  <token id="576" number="575" sentence="20">of</token>
  <token id="577" number="576" sentence="20">Britoil</token>
  <token id="578" number="577" sentence="20">PLC</token>
  <token id="579" number="578" sentence="20">in</token>
  <token id="580" number="579" sentence="20">1988</token>
  <token id="581" number="580" sentence="20">.</token>
  <token id="582" number="581" sentence="21">In</token>
  <token id="583" number="582" sentence="21">wooing</token>
  <token id="584" number="583" sentence="21">British</token>
  <token id="585" number="584" sentence="21">lawmakers</token>
  <token id="586" number="585" sentence="21">,</token>
  <token id="587" number="586" sentence="21">GM</token>
  <token id="588" number="587" sentence="21">has</token>
  <token id="589" number="588" sentence="21">pointed</token>
  <token id="590" number="589" sentence="21">out</token>
  <token id="591" number="590" sentence="21">that</token>
  <token id="592" number="591" sentence="21">its</token>
  <token id="593" number="592" sentence="21">willingness</token>
  <token id="594" number="593" sentence="21">to</token>
  <token id="595" number="594" sentence="21">settle</token>
  <token id="596" number="595" sentence="21">for</token>
  <token id="597" number="596" sentence="21">a</token>
  <token id="598" number="597" sentence="21">minority</token>
  <token id="599" number="598" sentence="21">stake</token>
  <token id="600" number="599" sentence="21">would</token>
  <token id="601" number="600" sentence="21">keep</token>
  <token id="602" number="601" sentence="21">Jaguar</token>
  <token id="603" number="602" sentence="21">British-owned</token>
  <token id="604" number="603" sentence="21">and</token>
  <token id="605" number="604" sentence="21">independent</token>
  <token id="606" number="605" sentence="21">.</token>
  <token id="607" number="606" sentence="22">This</token>
  <token id="608" number="607" sentence="22">week</token>
  <token id="609" number="608" sentence="22">,</token>
  <token id="610" number="609" sentence="22">the</token>
  <token id="611" number="610" sentence="22">U.S.</token>
  <token id="612" number="611" sentence="22">auto</token>
  <token id="613" number="612" sentence="22">giant</token>
  <token id="614" number="613" sentence="22">paid</token>
  <token id="615" number="614" sentence="22">for</token>
  <token id="616" number="615" sentence="22">10</token>
  <token id="617" number="616" sentence="22">House</token>
  <token id="618" number="617" sentence="22">of</token>
  <token id="619" number="618" sentence="22">Commons</token>
  <token id="620" number="619" sentence="22">members</token>
  <token id="621" number="620" sentence="22">and</token>
  <token id="622" number="621" sentence="22">two</token>
  <token id="623" number="622" sentence="22">House</token>
  <token id="624" number="623" sentence="22">of</token>
  <token id="625" number="624" sentence="22">Lords</token>
  <token id="626" number="625" sentence="22">members</token>
  <token id="627" number="626" sentence="22">to</token>
  <token id="628" number="627" sentence="22">fly</token>
  <token id="629" number="628" sentence="22">to</token>
  <token id="630" number="629" sentence="22">Detroit</token>
  <token id="631" number="630" sentence="22">and</token>
  <token id="632" number="631" sentence="22">tour</token>
  <token id="633" number="632" sentence="22">its</token>
  <token id="634" number="633" sentence="22">operations</token>
  <token id="635" number="634" sentence="22">there</token>
  <token id="636" number="635" sentence="22">.</token>
  <token id="637" number="636" sentence="23">While</token>
  <token id="638" number="637" sentence="23">the</token>
  <token id="639" number="638" sentence="23">visit</token>
  <token id="640" number="639" sentence="23">was</token>
  <token id="641" number="640" sentence="23">unrelated</token>
  <token id="642" number="641" sentence="23">to</token>
  <token id="643" number="642" sentence="23">Jaguar</token>
  <token id="644" number="643" sentence="23">,</token>
  <token id="645" number="644" sentence="23">GM</token>
  <token id="646" number="645" sentence="23">Chairman</token>
  <token id="647" number="646" sentence="23">Roger</token>
  <token id="648" number="647" sentence="23">Smith</token>
  <token id="649" number="648" sentence="23">answered</token>
  <token id="650" number="649" sentence="23">the</token>
  <token id="651" number="650" sentence="23">legislators</token>
  <token id="652" number="651" sentence="23">'</token>
  <token id="653" number="652" sentence="23">questions</token>
  <token id="654" number="653" sentence="23">about</token>
  <token id="655" number="654" sentence="23">it</token>
  <token id="656" number="655" sentence="23">over</token>
  <token id="657" number="656" sentence="23">lunch</token>
  <token id="658" number="657" sentence="23">Tuesday</token>
  <token id="659" number="658" sentence="23">.</token>
  <token id="660" number="659" sentence="24">He</token>
  <token id="661" number="660" sentence="24">said</token>
  <token id="662" number="661" sentence="24">Jaguar</token>
  <token id="663" number="662" sentence="24">"</token>
  <token id="664" number="663" sentence="24">should</token>
  <token id="665" number="664" sentence="24">n't</token>
  <token id="666" number="665" sentence="24">be</token>
  <token id="667" number="666" sentence="24">smothered</token>
  <token id="668" number="667" sentence="24">by</token>
  <token id="669" number="668" sentence="24">anyone</token>
  <token id="670" number="669" sentence="24">else</token>
  <token id="671" number="670" sentence="24">,</token>
  <token id="672" number="671" sentence="24">"</token>
  <token id="673" number="672" sentence="24">recalled</token>
  <token id="674" number="673" sentence="24">one</token>
  <token id="675" number="674" sentence="24">participant</token>
  <token id="676" number="675" sentence="24">.</token>
  <token id="677" number="676" sentence="25">Politics</token>
  <token id="678" number="677" sentence="25">also</token>
  <token id="679" number="678" sentence="25">influences</token>
  <token id="680" number="679" sentence="25">the</token>
  <token id="681" number="680" sentence="25">government</token>
  <token id="682" number="681" sentence="25">'s</token>
  <token id="683" number="682" sentence="25">thinking</token>
  <token id="684" number="683" sentence="25">on</token>
  <token id="685" number="684" sentence="25">the</token>
  <token id="686" number="685" sentence="25">anti-takeover</token>
  <token id="687" number="686" sentence="25">restriction</token>
  <token id="688" number="687" sentence="25">.</token>
  <token id="689" number="688" sentence="26">The</token>
  <token id="690" number="689" sentence="26">Conservatives</token>
  <token id="691" number="690" sentence="26">do</token>
  <token id="692" number="691" sentence="26">n't</token>
  <token id="693" number="692" sentence="26">dare</token>
  <token id="694" number="693" sentence="26">jeopardize</token>
  <token id="695" number="694" sentence="26">marginal</token>
  <token id="696" number="695" sentence="26">Tory</token>
  <token id="697" number="696" sentence="26">seats</token>
  <token id="698" number="697" sentence="26">in</token>
  <token id="699" number="698" sentence="26">Coventry</token>
  <token id="700" number="699" sentence="26">,</token>
  <token id="701" number="700" sentence="26">where</token>
  <token id="702" number="701" sentence="26">Jaguar</token>
  <token id="703" number="702" sentence="26">has</token>
  <token id="704" number="703" sentence="26">headquarters</token>
  <token id="705" number="704" sentence="26">,</token>
  <token id="706" number="705" sentence="26">nor</token>
  <token id="707" number="706" sentence="26">can</token>
  <token id="708" number="707" sentence="26">the</token>
  <token id="709" number="708" sentence="26">government</token>
  <token id="710" number="709" sentence="26">easily</token>
  <token id="711" number="710" sentence="26">back</token>
  <token id="712" number="711" sentence="26">down</token>
  <token id="713" number="712" sentence="26">on</token>
  <token id="714" number="713" sentence="26">promised</token>
  <token id="715" number="714" sentence="26">protection</token>
  <token id="716" number="715" sentence="26">for</token>
  <token id="717" number="716" sentence="26">a</token>
  <token id="718" number="717" sentence="26">privatized</token>
  <token id="719" number="718" sentence="26">company</token>
  <token id="720" number="719" sentence="26">while</token>
  <token id="721" number="720" sentence="26">it</token>
  <token id="722" number="721" sentence="26">proceeds</token>
  <token id="723" number="722" sentence="26">with</token>
  <token id="724" number="723" sentence="26">controversial</token>
  <token id="725" number="724" sentence="26">plans</token>
  <token id="726" number="725" sentence="26">to</token>
  <token id="727" number="726" sentence="26">privatize</token>
  <token id="728" number="727" sentence="26">most</token>
  <token id="729" number="728" sentence="26">of</token>
  <token id="730" number="729" sentence="26">Britain</token>
  <token id="731" number="730" sentence="26">'s</token>
  <token id="732" number="731" sentence="26">water</token>
  <token id="733" number="732" sentence="26">and</token>
  <token id="734" number="733" sentence="26">electricity</token>
  <token id="735" number="734" sentence="26">industries</token>
  <token id="736" number="735" sentence="26">.</token>
  <token id="737" number="736" sentence="27">Prime</token>
  <token id="738" number="737" sentence="27">Minister</token>
  <token id="739" number="738" sentence="27">Margaret</token>
  <token id="740" number="739" sentence="27">Thatcher</token>
  <token id="741" number="740" sentence="27">might</token>
  <token id="742" number="741" sentence="27">,</token>
  <token id="743" number="742" sentence="27">however</token>
  <token id="744" number="743" sentence="27">,</token>
  <token id="745" number="744" sentence="27">be</token>
  <token id="746" number="745" sentence="27">receptive</token>
  <token id="747" number="746" sentence="27">to</token>
  <token id="748" number="747" sentence="27">any</token>
  <token id="749" number="748" sentence="27">request</token>
  <token id="750" number="749" sentence="27">by</token>
  <token id="751" number="750" sentence="27">Jaguar</token>
  <token id="752" number="751" sentence="27">Chairman</token>
  <token id="753" number="752" sentence="27">Sir</token>
  <token id="754" number="753" sentence="27">John</token>
  <token id="755" number="754" sentence="27">Egan</token>
  <token id="756" number="755" sentence="27">for</token>
  <token id="757" number="756" sentence="27">the</token>
  <token id="758" number="757" sentence="27">restriction</token>
  <token id="759" number="758" sentence="27">'s</token>
  <token id="760" number="759" sentence="27">early</token>
  <token id="761" number="760" sentence="27">removal</token>
  <token id="762" number="761" sentence="27">to</token>
  <token id="763" number="762" sentence="27">let</token>
  <token id="764" number="763" sentence="27">GM</token>
  <token id="765" number="764" sentence="27">amass</token>
  <token id="766" number="765" sentence="27">more</token>
  <token id="767" number="766" sentence="27">than</token>
  <token id="768" number="767" sentence="27">15</token>
  <token id="769" number="768" sentence="27">%</token>
  <token id="770" number="769" sentence="27">or</token>
  <token id="771" number="770" sentence="27">mount</token>
  <token id="772" number="771" sentence="27">a</token>
  <token id="773" number="772" sentence="27">friendly</token>
  <token id="774" number="773" sentence="27">suitor</token>
  <token id="775" number="774" sentence="27">bid</token>
  <token id="776" number="775" sentence="27">against</token>
  <token id="777" number="776" sentence="27">Ford</token>
  <token id="778" number="777" sentence="27">.</token>
  <token id="779" number="778" sentence="28">In</token>
  <token id="780" number="779" sentence="28">the</token>
  <token id="781" number="780" sentence="28">end</token>
  <token id="782" number="781" sentence="28">,</token>
  <token id="783" number="782" sentence="28">Sir</token>
  <token id="784" number="783" sentence="28">John</token>
  <token id="785" number="784" sentence="28">--</token>
  <token id="786" number="785" sentence="28">rather</token>
  <token id="787" number="786" sentence="28">than</token>
  <token id="788" number="787" sentence="28">the</token>
  <token id="789" number="788" sentence="28">government</token>
  <token id="790" number="789" sentence="28">or</token>
  <token id="791" number="790" sentence="28">Jaguar</token>
  <token id="792" number="791" sentence="28">shareholders</token>
  <token id="793" number="792" sentence="28">--</token>
  <token id="794" number="793" sentence="28">may</token>
  <token id="795" number="794" sentence="28">hold</token>
  <token id="796" number="795" sentence="28">the</token>
  <token id="797" number="796" sentence="28">key</token>
  <token id="798" number="797" sentence="28">that</token>
  <token id="799" number="798" sentence="28">unlocks</token>
  <token id="800" number="799" sentence="28">the</token>
  <token id="801" number="800" sentence="28">golden</token>
  <token id="802" number="801" sentence="28">share</token>
  <token id="803" number="802" sentence="28">.</token>
</Document>
