<Document doc_name="wsj_0471">
  <Markables>
    <TIMEX3 RELATED_TO="" TAG_DESCRIPTOR="Empty_Mark" beginPoint="" comment="" endPoint="" freq="" functionInDocument="CREATION_TIME" id="0" quant="" type="DATE" value="1989-10-31" />
    <EVENT aspect="NONE" certainty="" class="REPORTING" comment="" factuality="" id="1" modality="NONE" polarity="POS" pos="VERB" tense="PAST">
      <token_anchor id="3" />
    </EVENT>
    <EVENT aspect="NONE" certainty="" class="I_ACTION" comment="" factuality="" id="2" modality="NONE" polarity="POS" pos="VERB" tense="PAST">
      <token_anchor id="5" />
    </EVENT>
    <EVENT aspect="NONE" certainty="" class="OCCURRENCE" comment="" factuality="" id="3" modality="NONE" polarity="POS" pos="NOUN" tense="NONE">
      <token_anchor id="7" />
    </EVENT>
    <EVENT aspect="NONE" certainty="" class="I_ACTION" comment="" factuality="" id="4" modality="NONE" polarity="POS" pos="VERB" tense="INFINITIVE">
      <token_anchor id="13" />
    </EVENT>
    <EVENT aspect="NONE" certainty="" class="OCCURRENCE" comment="" factuality="" id="5" modality="NONE" polarity="POS" pos="NOUN" tense="NONE">
      <token_anchor id="16" />
    </EVENT>
    <EVENT aspect="NONE" certainty="" class="REPORTING" comment="" factuality="" id="6" modality="NONE" polarity="POS" pos="VERB" tense="PRESPART">
      <token_anchor id="22" />
    </EVENT>
    <EVENT aspect="NONE" certainty="" class="OCCURRENCE" comment="" factuality="" id="7" modality="NONE" polarity="POS" pos="NOUN" tense="NONE">
      <token_anchor id="26" />
    </EVENT>
    <EVENT aspect="NONE" certainty="" class="OCCURRENCE" comment="" factuality="" id="8" modality="NONE" polarity="POS" pos="VERB" tense="PRESENT">
      <token_anchor id="27" />
    </EVENT>
    <EVENT aspect="NONE" certainty="" class="OCCURRENCE" comment="" factuality="" id="9" modality="NONE" polarity="POS" pos="NOUN" tense="NONE">
      <token_anchor id="30" />
    </EVENT>
    <EVENT aspect="NONE" certainty="" class="OCCURRENCE" comment="" factuality="" id="10" modality="NONE" polarity="POS" pos="VERB" tense="PASTPART">
      <token_anchor id="41" />
    </EVENT>
    <EVENT aspect="PERFECTIVE" certainty="" class="I_ACTION" comment="" factuality="" id="11" modality="NONE" polarity="POS" pos="VERB" tense="PAST">
      <token_anchor id="51" />
    </EVENT>
    <EVENT aspect="NONE" certainty="" class="OCCURRENCE" comment="" factuality="" id="12" modality="NONE" polarity="POS" pos="NOUN" tense="NONE">
      <token_anchor id="53" />
    </EVENT>
    <EVENT aspect="NONE" certainty="" class="I_ACTION" comment="" factuality="" id="13" modality="NONE" polarity="POS" pos="VERB" tense="PRESPART">
      <token_anchor id="60" />
    </EVENT>
    <EVENT aspect="NONE" certainty="" class="I_ACTION" comment="" factuality="" id="14" modality="NONE" polarity="POS" pos="VERB" tense="INFINITIVE">
      <token_anchor id="62" />
    </EVENT>
    <EVENT aspect="NONE" certainty="" class="OCCURRENCE" comment="" factuality="" id="15" modality="NONE" polarity="POS" pos="NOUN" tense="NONE">
      <token_anchor id="64" />
    </EVENT>
    <TIMEX3 anchorTimeID="0" beginPoint="" comment="" endPoint="" freq="" functionInDocument="NONE" id="16" quant="" type="DATE" value="1989">
      <token_anchor id="66" />
      <token_anchor id="67" />
      <token_anchor id="68" />
    </TIMEX3>
    <EVENT aspect="PERFECTIVE" certainty="" class="OCCURRENCE" comment="" factuality="" id="17" modality="NONE" polarity="POS" pos="VERB" tense="PAST">
      <token_anchor id="72" />
    </EVENT>
    <EVENT aspect="NONE" certainty="" class="OCCURRENCE" comment="" factuality="" id="18" modality="NONE" polarity="POS" pos="NOUN" tense="NONE">
      <token_anchor id="78" />
    </EVENT>
    <EVENT aspect="NONE" certainty="" class="REPORTING" comment="" factuality="" id="19" modality="NONE" polarity="POS" pos="VERB" tense="PRESPART">
      <token_anchor id="82" />
    </EVENT>
    <EVENT aspect="NONE" certainty="" class="OCCURRENCE" comment="" factuality="" id="20" modality="NONE" polarity="NEG" pos="VERB" tense="PAST">
      <token_anchor id="87" />
    </EVENT>
    <TIMEX3 anchorTimeID="0" beginPoint="" comment="" endPoint="" freq="" functionInDocument="NONE" id="21" quant="" type="DATE" value="1989-W43">
      <token_anchor id="90" />
      <token_anchor id="91" />
    </TIMEX3>
    <EVENT aspect="NONE" certainty="" class="I_ACTION" comment="" factuality="" id="22" modality="NONE" polarity="POS" pos="VERB" tense="PAST">
      <token_anchor id="92" />
    </EVENT>
    <EVENT aspect="NONE" certainty="" class="OCCURRENCE" comment="" factuality="" id="23" modality="NONE" polarity="POS" pos="NOUN" tense="NONE">
      <token_anchor id="98" />
    </EVENT>
    <EVENT aspect="NONE" certainty="" class="REPORTING" comment="" factuality="" id="24" modality="NONE" polarity="POS" pos="VERB" tense="PAST">
      <token_anchor id="112" />
    </EVENT>
    <EVENT aspect="NONE" certainty="" class="OCCURRENCE" comment="" factuality="" id="25" modality="could" polarity="NEG" pos="VERB" tense="NONE">
      <token_anchor id="116" />
    </EVENT>
  </Markables>
  <Relations>
    <TLINK comment="" id="1" relType="AFTER">
      <source id="0" />
      <target id="1" />
    </TLINK>
    <TLINK comment="" id="2" relType="IS_INCLUDED">
      <source id="0" />
      <target id="10" />
    </TLINK>
    <TLINK comment="" id="3" relType="AFTER">
      <source id="0" />
      <target id="11" />
    </TLINK>
    <CLINK comment="" id="4">
      <source id="2" />
      <target id="5" />
    </CLINK>
    <TLINK comment="" id="5" relType="INCLUDES">
      <source id="3" />
      <target id="6" />
    </TLINK>
    <TLINK comment="" id="6" relType="BEGUN_BY">
      <source id="4" />
      <target id="3" />
    </TLINK>
    <TLINK comment="" id="7" relType="BEFORE">
      <source id="5" />
      <target id="3" />
    </TLINK>
    <TLINK comment="" id="8" relType="AFTER">
      <source id="7" />
      <target id="9" />
    </TLINK>
    <TLINK comment="" id="9" relType="IAFTER">
      <source id="8" />
      <target id="7" />
    </TLINK>
    <TLINK comment="" id="10" relType="AFTER">
      <source id="8" />
      <target id="9" />
    </TLINK>
    <TLINK comment="" id="11" relType="IDENTITY">
      <source id="9" />
      <target id="15" />
    </TLINK>
    <TLINK comment="" id="12" relType="BEGINS">
      <source id="12" />
      <target id="13" />
    </TLINK>
    <TLINK comment="" id="13" relType="INCLUDES">
      <source id="16" />
      <target id="17" />
    </TLINK>
    <TLINK comment="" id="14" relType="AFTER">
      <source id="17" />
      <target id="18" />
    </TLINK>
    <TLINK comment="" id="15" relType="SIMULTANEOUS">
      <source id="19" />
      <target id="17" />
    </TLINK>
    <TLINK comment="" id="16" relType="INCLUDES">
      <source id="21" />
      <target id="22" />
    </TLINK>
    <TLINK comment="" id="17" relType="IDENTITY">
      <source id="23" />
      <target id="5" />
    </TLINK>
    <TLINK comment="" id="18" relType="IDENTITY">
      <source id="24" />
      <target id="1" />
    </TLINK>
  </Relations>
  <token id="1" number="0" sentence="0">Dataproducts</token>
  <token id="2" number="1" sentence="0">Inc.</token>
  <token id="3" number="2" sentence="0">said</token>
  <token id="4" number="3" sentence="0">it</token>
  <token id="5" number="4" sentence="0">filed</token>
  <token id="6" number="5" sentence="0">a</token>
  <token id="7" number="6" sentence="0">lawsuit</token>
  <token id="8" number="7" sentence="0">in</token>
  <token id="9" number="8" sentence="0">Delaware</token>
  <token id="10" number="9" sentence="0">Chancery</token>
  <token id="11" number="10" sentence="0">Court</token>
  <token id="12" number="11" sentence="0">to</token>
  <token id="13" number="12" sentence="0">block</token>
  <token id="14" number="13" sentence="0">a</token>
  <token id="15" number="14" sentence="0">tender</token>
  <token id="16" number="15" sentence="0">offer</token>
  <token id="17" number="16" sentence="0">by</token>
  <token id="18" number="17" sentence="0">DPC</token>
  <token id="19" number="18" sentence="0">Acquisition</token>
  <token id="20" number="19" sentence="0">Partners</token>
  <token id="21" number="20" sentence="0">,</token>
  <token id="22" number="21" sentence="0">alleging</token>
  <token id="23" number="22" sentence="0">that</token>
  <token id="24" number="23" sentence="0">the</token>
  <token id="25" number="24" sentence="0">hostile</token>
  <token id="26" number="25" sentence="0">offer</token>
  <token id="27" number="26" sentence="0">violates</token>
  <token id="28" number="27" sentence="0">a</token>
  <token id="29" number="28" sentence="0">standstill</token>
  <token id="30" number="29" sentence="0">agreement</token>
  <token id="31" number="30" sentence="0">between</token>
  <token id="32" number="31" sentence="0">the</token>
  <token id="33" number="32" sentence="0">two</token>
  <token id="34" number="33" sentence="0">concerns</token>
  <token id="35" number="34" sentence="0">.</token>
  <token id="36" number="35" sentence="1">DPC</token>
  <token id="37" number="36" sentence="1">,</token>
  <token id="38" number="37" sentence="1">an</token>
  <token id="39" number="38" sentence="1">investor</token>
  <token id="40" number="39" sentence="1">group</token>
  <token id="41" number="40" sentence="1">led</token>
  <token id="42" number="41" sentence="1">by</token>
  <token id="43" number="42" sentence="1">New</token>
  <token id="44" number="43" sentence="1">York-based</token>
  <token id="45" number="44" sentence="1">Crescott</token>
  <token id="46" number="45" sentence="1">Investment</token>
  <token id="47" number="46" sentence="1">Associates</token>
  <token id="48" number="47" sentence="1">,</token>
  <token id="49" number="48" sentence="1">had</token>
  <token id="50" number="49" sentence="1">itself</token>
  <token id="51" number="50" sentence="1">filed</token>
  <token id="52" number="51" sentence="1">a</token>
  <token id="53" number="52" sentence="1">suit</token>
  <token id="54" number="53" sentence="1">in</token>
  <token id="55" number="54" sentence="1">state</token>
  <token id="56" number="55" sentence="1">court</token>
  <token id="57" number="56" sentence="1">in</token>
  <token id="58" number="57" sentence="1">Los</token>
  <token id="59" number="58" sentence="1">Angeles</token>
  <token id="60" number="59" sentence="1">seeking</token>
  <token id="61" number="60" sentence="1">to</token>
  <token id="62" number="61" sentence="1">nullify</token>
  <token id="63" number="62" sentence="1">the</token>
  <token id="64" number="63" sentence="1">agreement</token>
  <token id="65" number="64" sentence="1">.</token>
  <token id="66" number="65" sentence="2">Earlier</token>
  <token id="67" number="66" sentence="2">this</token>
  <token id="68" number="67" sentence="2">year</token>
  <token id="69" number="68" sentence="2">,</token>
  <token id="70" number="69" sentence="2">Dataproducts</token>
  <token id="71" number="70" sentence="2">had</token>
  <token id="72" number="71" sentence="2">rejected</token>
  <token id="73" number="72" sentence="2">a</token>
  <token id="74" number="73" sentence="2">$</token>
  <token id="75" number="74" sentence="2">15</token>
  <token id="76" number="75" sentence="2">a</token>
  <token id="77" number="76" sentence="2">share</token>
  <token id="78" number="77" sentence="2">offer</token>
  <token id="79" number="78" sentence="2">from</token>
  <token id="80" number="79" sentence="2">DPC</token>
  <token id="81" number="80" sentence="2">,</token>
  <token id="82" number="81" sentence="2">saying</token>
  <token id="83" number="82" sentence="2">it</token>
  <token id="84" number="83" sentence="2">was</token>
  <token id="85" number="84" sentence="2">n't</token>
  <token id="86" number="85" sentence="2">adequately</token>
  <token id="87" number="86" sentence="2">financed</token>
  <token id="88" number="87" sentence="2">.</token>
  <token id="89" number="88" sentence="3">DPC</token>
  <token id="90" number="89" sentence="3">last</token>
  <token id="91" number="90" sentence="3">week</token>
  <token id="92" number="91" sentence="3">launched</token>
  <token id="93" number="92" sentence="3">a</token>
  <token id="94" number="93" sentence="3">new</token>
  <token id="95" number="94" sentence="3">,</token>
  <token id="96" number="95" sentence="3">$</token>
  <token id="97" number="96" sentence="3">10-a-share</token>
  <token id="98" number="97" sentence="3">offer</token>
  <token id="99" number="98" sentence="3">for</token>
  <token id="100" number="99" sentence="3">the</token>
  <token id="101" number="100" sentence="3">Woodland</token>
  <token id="102" number="101" sentence="3">Hills</token>
  <token id="103" number="102" sentence="3">,</token>
  <token id="104" number="103" sentence="3">Calif</token>
  <token id="105" number="104" sentence="3">.</token>
  <token id="106" number="105" sentence="3">-based</token>
  <token id="107" number="106" sentence="3">computer</token>
  <token id="108" number="107" sentence="3">printer</token>
  <token id="109" number="108" sentence="3">maker</token>
  <token id="110" number="109" sentence="3">.</token>
  <token id="111" number="110" sentence="4">DPC</token>
  <token id="112" number="111" sentence="4">said</token>
  <token id="113" number="112" sentence="4">it</token>
  <token id="114" number="113" sentence="4">could</token>
  <token id="115" number="114" sentence="4">n't</token>
  <token id="116" number="115" sentence="4">comment</token>
  <token id="117" number="116" sentence="4">on</token>
  <token id="118" number="117" sentence="4">the</token>
  <token id="119" number="118" sentence="4">suit</token>
  <token id="120" number="119" sentence="4">.</token>
</Document>
