<Document doc_name="wsj_0292">
  <Markables>
    <TIMEX3 RELATED_TO="" TAG_DESCRIPTOR="Empty_Mark" beginPoint="" comment="" endPoint="" freq="" functionInDocument="CREATION_TIME" id="0" quant="" type="DATE" value="1989-11-01" />
    <EVENT aspect="NONE" certainty="" class="REPORTING" comment="" factuality="" id="1" modality="NONE" polarity="POS" pos="VERB" tense="PAST">
      <token_anchor id="13" />
    </EVENT>
    <EVENT aspect="NONE" certainty="" class="STATE" comment="" factuality="" id="2" modality="NONE" polarity="POS" pos="NOUN" tense="NONE">
      <token_anchor id="17" />
    </EVENT>
    <TIMEX3 anchorTimeID="0" beginPoint="" comment="" endPoint="" freq="" functionInDocument="NONE" id="3" quant="" type="DATE" value="1989-Q3">
      <token_anchor id="19" />
    </TIMEX3>
    <EVENT aspect="NONE" certainty="" class="STATE" comment="" factuality="" id="4" modality="NONE" polarity="POS" pos="NOUN" tense="NONE">
      <token_anchor id="21" />
    </EVENT>
    <EVENT aspect="NONE" certainty="" class="REPORTING" comment="" factuality="" id="5" modality="NONE" polarity="POS" pos="VERB" tense="PAST">
      <token_anchor id="28" />
    </EVENT>
    <EVENT aspect="NONE" certainty="" class="OCCURRENCE" comment="" factuality="" id="6" modality="NONE" polarity="POS" pos="VERB" tense="PAST">
      <token_anchor id="30" />
    </EVENT>
    <TIMEX3 anchorTimeID="3" beginPoint="" comment="" endPoint="" freq="" functionInDocument="NONE" id="7" quant="" type="DATE" value="1988-Q3">
      <token_anchor id="53" />
      <token_anchor id="54" />
      <token_anchor id="55" />
    </TIMEX3>
    <EVENT aspect="NONE" certainty="" class="OCCURRENCE" comment="" factuality="" id="8" modality="NONE" polarity="POS" pos="VERB" tense="PAST">
      <token_anchor id="58" />
    </EVENT>
    <TIMEX3 anchorTimeID="0" beginPoint="" comment="" endPoint="" freq="" functionInDocument="NONE" id="9" quant="" type="DATE" value="1989-Q2">
      <token_anchor id="71" />
      <token_anchor id="72" />
      <token_anchor id="73" />
      <token_anchor id="74" />
    </TIMEX3>
    <EVENT aspect="NONE" certainty="" class="STATE" comment="" factuality="" id="10" modality="NONE" polarity="POS" pos="VERB" tense="PASTPART">
      <token_anchor id="75" />
    </EVENT>
    <EVENT aspect="NONE" certainty="" class="I_ACTION" comment="" factuality="" id="11" modality="NONE" polarity="POS" pos="VERB" tense="PAST">
      <token_anchor id="85" />
    </EVENT>
    <EVENT aspect="NONE" certainty="" class="OCCURRENCE" comment="" factuality="" id="12" modality="NONE" polarity="POS" pos="NOUN" tense="NONE">
      <token_anchor id="87" />
    </EVENT>
    <EVENT aspect="NONE" certainty="" class="STATE" comment="" factuality="" id="13" modality="NONE" polarity="POS" pos="NOUN" tense="NONE">
      <token_anchor id="90" />
    </EVENT>
    <EVENT aspect="NONE" certainty="" class="OCCURRENCE" comment="" factuality="" id="14" modality="NONE" polarity="POS" pos="NOUN" tense="NONE">
      <token_anchor id="104" />
    </EVENT>
    <EVENT aspect="NONE" certainty="" class="OCCURRENCE" comment="" factuality="" id="15" modality="NONE" polarity="POS" pos="NOUN" tense="NONE">
      <token_anchor id="121" />
    </EVENT>
    <EVENT aspect="NONE" certainty="" class="REPORTING" comment="" factuality="" id="16" modality="NONE" polarity="POS" pos="VERB" tense="PAST">
      <token_anchor id="130" />
    </EVENT>
    <EVENT aspect="NONE" certainty="" class="ASPECTUAL" comment="" factuality="" id="17" modality="NONE" polarity="POS" pos="VERB" tense="PAST">
      <token_anchor id="134" />
    </EVENT>
    <EVENT aspect="NONE" certainty="" class="STATE" comment="" factuality="" id="18" modality="NONE" polarity="POS" pos="VERB" tense="INFINITIVE">
      <token_anchor id="137" />
    </EVENT>
    <EVENT aspect="NONE" certainty="" class="REPORTING" comment="" factuality="" id="19" modality="NONE" polarity="POS" pos="VERB" tense="PAST">
      <token_anchor id="141" />
    </EVENT>
    <C-SIGNAL id="20">
      <token_anchor id="143" />
      <token_anchor id="144" />
    </C-SIGNAL>
    <EVENT aspect="NONE" certainty="" class="OCCURRENCE" comment="" factuality="" id="21" modality="NONE" polarity="POS" pos="NOUN" tense="NONE">
      <token_anchor id="147" />
    </EVENT>
    <EVENT aspect="NONE" certainty="" class="OCCURRENCE" comment="" factuality="" id="22" modality="NONE" polarity="POS" pos="VERB" tense="PAST">
      <token_anchor id="154" />
    </EVENT>
    <C-SIGNAL id="23">
      <token_anchor id="155" />
    </C-SIGNAL>
    <EVENT aspect="NONE" certainty="" class="OCCURRENCE" comment="" factuality="" id="24" modality="NONE" polarity="POS" pos="NOUN" tense="NONE">
      <token_anchor id="156" />
    </EVENT>
    <EVENT aspect="NONE" certainty="" class="OCCURRENCE" comment="" factuality="" id="25" modality="NONE" polarity="POS" pos="VERB" tense="PASTPART">
      <token_anchor id="157" />
    </EVENT>
    <TIMEX3 anchorTimeID="3" beginPoint="" comment="" endPoint="" freq="" functionInDocument="NONE" id="26" quant="" type="DATE" value="1988-Q3">
      <token_anchor id="159" />
      <token_anchor id="160" />
      <token_anchor id="161" />
    </TIMEX3>
    <EVENT aspect="NONE" certainty="" class="OCCURRENCE" comment="" factuality="" id="27" modality="NONE" polarity="POS" pos="NOUN" tense="NONE">
      <token_anchor id="170" />
    </EVENT>
    <TIMEX3 anchorTimeID="3" beginPoint="" comment="" endPoint="" freq="" functionInDocument="NONE" id="28" quant="" type="DATE" value="1989-Q3">
      <token_anchor id="181" />
      <token_anchor id="182" />
      <token_anchor id="183" />
    </TIMEX3>
    <EVENT aspect="NONE" certainty="" class="STATE" comment="" factuality="" id="29" modality="NONE" polarity="POS" pos="ADJECTIVE" tense="PAST">
      <token_anchor id="192" />
    </EVENT>
    <TIMEX3 anchorTimeID="26" beginPoint="" comment="" endPoint="" freq="" functionInDocument="NONE" id="30" quant="" type="DATE" value="1988-Q3">
      <token_anchor id="194" />
      <token_anchor id="195" />
      <token_anchor id="196" />
    </TIMEX3>
    <TIMEX3 beginPoint="" comment="" endPoint="" freq="" functionInDocument="NONE" id="31" quant="" type="DURATION" value="P9M">
      <token_anchor id="199" />
      <token_anchor id="200" />
      <token_anchor id="201" />
      <token_anchor id="202" />
    </TIMEX3>
    <EVENT aspect="NONE" certainty="" class="OCCURRENCE" comment="" factuality="" id="32" modality="NONE" polarity="POS" pos="VERB" tense="PAST">
      <token_anchor id="205" />
    </EVENT>
    <EVENT aspect="NONE" certainty="" class="OCCURRENCE" comment="" factuality="" id="33" modality="NONE" polarity="POS" pos="VERB" tense="PAST">
      <token_anchor id="231" />
    </EVENT>
    <EVENT aspect="NONE" certainty="" class="OCCURRENCE" comment="" factuality="" id="34" modality="NONE" polarity="POS" pos="VERB" tense="PAST">
      <token_anchor id="254" />
    </EVENT>
  </Markables>
  <Relations>
    <TLINK comment="" id="1" relType="BEFORE">
      <source id="1" />
      <target id="0" />
    </TLINK>
    <TLINK comment="" id="2" relType="IS_INCLUDED">
      <source id="2" />
      <target id="4" />
    </TLINK>
    <TLINK comment="" id="3" relType="DURING">
      <source id="4" />
      <target id="3" />
    </TLINK>
    <TLINK comment="" id="4" relType="BEFORE">
      <source id="5" />
      <target id="0" />
    </TLINK>
    <TLINK comment="" id="5" relType="BEFORE">
      <source id="8" />
      <target id="0" />
    </TLINK>
    <TLINK comment="" id="6" relType="DURING">
      <source id="10" />
      <target id="9" />
    </TLINK>
    <TLINK comment="" id="7" relType="IS_INCLUDED">
      <source id="11" />
      <target id="5" />
    </TLINK>
    <TLINK comment="" id="8" relType="IDENTITY">
      <source id="12" />
      <target id="2" />
    </TLINK>
    <TLINK comment="" id="9" relType="AFTER">
      <source id="12" />
      <target id="9" />
    </TLINK>
    <TLINK comment="" id="10" relType="AFTER">
      <source id="12" />
      <target id="13" />
    </TLINK>
    <TLINK comment="" id="11" relType="IDENTITY">
      <source id="14" />
      <target id="13" />
    </TLINK>
    <TLINK comment="" id="12" relType="BEFORE">
      <source id="15" />
      <target id="14" />
    </TLINK>
    <TLINK comment="" id="13" relType="IDENTITY">
      <source id="16" />
      <target id="5" />
    </TLINK>
    <TLINK comment="" id="14" relType="IS_INCLUDED">
      <source id="18" />
      <target id="17" />
    </TLINK>
    <TLINK comment="" id="15" relType="IDENTITY">
      <source id="19" />
      <target id="5" />
    </TLINK>
    <TLINK comment="" id="16" relType="BEFORE">
      <source id="21" />
      <target id="17" />
    </TLINK>
    <CLINK c-signalID="20" comment="" id="17">
      <source id="21" />
      <target id="17" />
    </CLINK>
    <TLINK comment="" id="18" relType="BEFORE">
      <source id="24" />
      <target id="22" />
    </TLINK>
    <TLINK comment="" id="19" relType="IDENTITY">
      <source id="24" />
      <target id="25" />
    </TLINK>
    <TLINK comment="" id="20" relType="IS_INCLUDED">
      <source id="24" />
      <target id="26" />
    </TLINK>
    <CLINK c-signalID="23" comment="" id="21">
      <source id="24" />
      <target id="22" />
    </CLINK>
    <TLINK comment="" id="22" relType="IS_INCLUDED">
      <source id="27" />
      <target id="24" />
    </TLINK>
    <TLINK comment="" id="23" relType="IS_INCLUDED">
      <source id="29" />
      <target id="28" />
    </TLINK>
    <TLINK comment="" id="24" relType="ENDS">
      <source id="29" />
      <target id="30" />
    </TLINK>
    <TLINK comment="" id="25" relType="DURING">
      <source id="32" />
      <target id="31" />
    </TLINK>
    <TLINK comment="" id="26" relType="DURING">
      <source id="33" />
      <target id="31" />
    </TLINK>
    <TLINK comment="" id="27" relType="BEFORE">
      <source id="34" />
      <target id="0" />
    </TLINK>
  </Relations>
  <token id="1" number="0" sentence="0">Despite</token>
  <token id="2" number="1" sentence="0">continuing</token>
  <token id="3" number="2" sentence="0">problems</token>
  <token id="4" number="3" sentence="0">in</token>
  <token id="5" number="4" sentence="0">its</token>
  <token id="6" number="5" sentence="0">newsprint</token>
  <token id="7" number="6" sentence="0">business</token>
  <token id="8" number="7" sentence="0">,</token>
  <token id="9" number="8" sentence="0">Kimberly</token>
  <token id="10" number="9" sentence="0">-</token>
  <token id="11" number="10" sentence="0">Clark</token>
  <token id="12" number="11" sentence="0">Corp.</token>
  <token id="13" number="12" sentence="0">posted</token>
  <token id="14" number="13" sentence="0">a</token>
  <token id="15" number="14" sentence="0">20</token>
  <token id="16" number="15" sentence="0">%</token>
  <token id="17" number="16" sentence="0">gain</token>
  <token id="18" number="17" sentence="0">in</token>
  <token id="19" number="18" sentence="0">third-quarter</token>
  <token id="20" number="19" sentence="0">net</token>
  <token id="21" number="20" sentence="0">income</token>
  <token id="22" number="21" sentence="0">.</token>
  <token id="23" number="22" sentence="1">The</token>
  <token id="24" number="23" sentence="1">consumer-products</token>
  <token id="25" number="24" sentence="1">and</token>
  <token id="26" number="25" sentence="1">newsprint</token>
  <token id="27" number="26" sentence="1">company</token>
  <token id="28" number="27" sentence="1">said</token>
  <token id="29" number="28" sentence="1">net</token>
  <token id="30" number="29" sentence="1">rose</token>
  <token id="31" number="30" sentence="1">to</token>
  <token id="32" number="31" sentence="1">$</token>
  <token id="33" number="32" sentence="1">108.8</token>
  <token id="34" number="33" sentence="1">million</token>
  <token id="35" number="34" sentence="1">,</token>
  <token id="36" number="35" sentence="1">or</token>
  <token id="37" number="36" sentence="1">$</token>
  <token id="38" number="37" sentence="1">1.35</token>
  <token id="39" number="38" sentence="1">a</token>
  <token id="40" number="39" sentence="1">share</token>
  <token id="41" number="40" sentence="1">,</token>
  <token id="42" number="41" sentence="1">from</token>
  <token id="43" number="42" sentence="1">$</token>
  <token id="44" number="43" sentence="1">90.5</token>
  <token id="45" number="44" sentence="1">million</token>
  <token id="46" number="45" sentence="1">,</token>
  <token id="47" number="46" sentence="1">or</token>
  <token id="48" number="47" sentence="1">$</token>
  <token id="49" number="48" sentence="1">1.12</token>
  <token id="50" number="49" sentence="1">a</token>
  <token id="51" number="50" sentence="1">share</token>
  <token id="52" number="51" sentence="1">,</token>
  <token id="53" number="52" sentence="1">a</token>
  <token id="54" number="53" sentence="1">year</token>
  <token id="55" number="54" sentence="1">ago</token>
  <token id="56" number="55" sentence="1">.</token>
  <token id="57" number="56" sentence="2">Sales</token>
  <token id="58" number="57" sentence="2">rose</token>
  <token id="59" number="58" sentence="2">6.2</token>
  <token id="60" number="59" sentence="2">%</token>
  <token id="61" number="60" sentence="2">to</token>
  <token id="62" number="61" sentence="2">$</token>
  <token id="63" number="62" sentence="2">1.45</token>
  <token id="64" number="63" sentence="2">billion</token>
  <token id="65" number="64" sentence="2">from</token>
  <token id="66" number="65" sentence="2">$</token>
  <token id="67" number="66" sentence="2">1.37</token>
  <token id="68" number="67" sentence="2">billion</token>
  <token id="69" number="68" sentence="2">.</token>
  <token id="70" number="69" sentence="3">After</token>
  <token id="71" number="70" sentence="3">a</token>
  <token id="72" number="71" sentence="3">flat</token>
  <token id="73" number="72" sentence="3">second</token>
  <token id="74" number="73" sentence="3">quarter</token>
  <token id="75" number="74" sentence="3">tied</token>
  <token id="76" number="75" sentence="3">largely</token>
  <token id="77" number="76" sentence="3">to</token>
  <token id="78" number="77" sentence="3">lower</token>
  <token id="79" number="78" sentence="3">newsprint</token>
  <token id="80" number="79" sentence="3">earnings</token>
  <token id="81" number="80" sentence="3">,</token>
  <token id="82" number="81" sentence="3">Kimberly</token>
  <token id="83" number="82" sentence="3">-</token>
  <token id="84" number="83" sentence="3">Clark</token>
  <token id="85" number="84" sentence="3">attributed</token>
  <token id="86" number="85" sentence="3">the</token>
  <token id="87" number="86" sentence="3">gain</token>
  <token id="88" number="87" sentence="3">to</token>
  <token id="89" number="88" sentence="3">improved</token>
  <token id="90" number="89" sentence="3">results</token>
  <token id="91" number="90" sentence="3">in</token>
  <token id="92" number="91" sentence="3">its</token>
  <token id="93" number="92" sentence="3">consumer</token>
  <token id="94" number="93" sentence="3">businesses</token>
  <token id="95" number="94" sentence="3">in</token>
  <token id="96" number="95" sentence="3">North</token>
  <token id="97" number="96" sentence="3">America</token>
  <token id="98" number="97" sentence="3">,</token>
  <token id="99" number="98" sentence="3">Brazil</token>
  <token id="100" number="99" sentence="3">and</token>
  <token id="101" number="100" sentence="3">Korea</token>
  <token id="102" number="101" sentence="3">.</token>
  <token id="103" number="102" sentence="4">Those</token>
  <token id="104" number="103" sentence="4">gains</token>
  <token id="105" number="104" sentence="4">came</token>
  <token id="106" number="105" sentence="4">from</token>
  <token id="107" number="106" sentence="4">higher</token>
  <token id="108" number="107" sentence="4">prices</token>
  <token id="109" number="108" sentence="4">,</token>
  <token id="110" number="109" sentence="4">particularly</token>
  <token id="111" number="110" sentence="4">for</token>
  <token id="112" number="111" sentence="4">disposable</token>
  <token id="113" number="112" sentence="4">diapers</token>
  <token id="114" number="113" sentence="4">and</token>
  <token id="115" number="114" sentence="4">tissue</token>
  <token id="116" number="115" sentence="4">products</token>
  <token id="117" number="116" sentence="4">,</token>
  <token id="118" number="117" sentence="4">and</token>
  <token id="119" number="118" sentence="4">from</token>
  <token id="120" number="119" sentence="4">increased</token>
  <token id="121" number="120" sentence="4">sales</token>
  <token id="122" number="121" sentence="4">,</token>
  <token id="123" number="122" sentence="4">primarily</token>
  <token id="124" number="123" sentence="4">for</token>
  <token id="125" number="124" sentence="4">feminine-care</token>
  <token id="126" number="125" sentence="4">products</token>
  <token id="127" number="126" sentence="4">,</token>
  <token id="128" number="127" sentence="4">the</token>
  <token id="129" number="128" sentence="4">company</token>
  <token id="130" number="129" sentence="4">said</token>
  <token id="131" number="130" sentence="4">.</token>
  <token id="132" number="131" sentence="5">Newsprint</token>
  <token id="133" number="132" sentence="5">results</token>
  <token id="134" number="133" sentence="5">continued</token>
  <token id="135" number="134" sentence="5">to</token>
  <token id="136" number="135" sentence="5">be</token>
  <token id="137" number="136" sentence="5">depressed</token>
  <token id="138" number="137" sentence="5">,</token>
  <token id="139" number="138" sentence="5">the</token>
  <token id="140" number="139" sentence="5">company</token>
  <token id="141" number="140" sentence="5">added</token>
  <token id="142" number="141" sentence="5">,</token>
  <token id="143" number="142" sentence="5">because</token>
  <token id="144" number="143" sentence="5">of</token>
  <token id="145" number="144" sentence="5">industrywide</token>
  <token id="146" number="145" sentence="5">price</token>
  <token id="147" number="146" sentence="5">discounting</token>
  <token id="148" number="147" sentence="5">.</token>
  <token id="149" number="148" sentence="6">The</token>
  <token id="150" number="149" sentence="6">quarter-to-quarter</token>
  <token id="151" number="150" sentence="6">comparison</token>
  <token id="152" number="151" sentence="6">was</token>
  <token id="153" number="152" sentence="6">also</token>
  <token id="154" number="153" sentence="6">enhanced</token>
  <token id="155" number="154" sentence="6">by</token>
  <token id="156" number="155" sentence="6">charges</token>
  <token id="157" number="156" sentence="6">taken</token>
  <token id="158" number="157" sentence="6">in</token>
  <token id="159" number="158" sentence="6">the</token>
  <token id="160" number="159" sentence="6">year-earlier</token>
  <token id="161" number="160" sentence="6">period</token>
  <token id="162" number="161" sentence="6">,</token>
  <token id="163" number="162" sentence="6">including</token>
  <token id="164" number="163" sentence="6">$</token>
  <token id="165" number="164" sentence="6">11</token>
  <token id="166" number="165" sentence="6">million</token>
  <token id="167" number="166" sentence="6">related</token>
  <token id="168" number="167" sentence="6">to</token>
  <token id="169" number="168" sentence="6">the</token>
  <token id="170" number="169" sentence="6">modernization</token>
  <token id="171" number="170" sentence="6">of</token>
  <token id="172" number="171" sentence="6">a</token>
  <token id="173" number="172" sentence="6">pulp</token>
  <token id="174" number="173" sentence="6">and</token>
  <token id="175" number="174" sentence="6">newsprint</token>
  <token id="176" number="175" sentence="6">mill</token>
  <token id="177" number="176" sentence="6">in</token>
  <token id="178" number="177" sentence="6">Alabama</token>
  <token id="179" number="178" sentence="6">.</token>
  <token id="180" number="179" sentence="7">In</token>
  <token id="181" number="180" sentence="7">the</token>
  <token id="182" number="181" sentence="7">1989</token>
  <token id="183" number="182" sentence="7">period</token>
  <token id="184" number="183" sentence="7">also</token>
  <token id="185" number="184" sentence="7">,</token>
  <token id="186" number="185" sentence="7">interest</token>
  <token id="187" number="186" sentence="7">expense</token>
  <token id="188" number="187" sentence="7">and</token>
  <token id="189" number="188" sentence="7">tax</token>
  <token id="190" number="189" sentence="7">rates</token>
  <token id="191" number="190" sentence="7">were</token>
  <token id="192" number="191" sentence="7">lower</token>
  <token id="193" number="192" sentence="7">than</token>
  <token id="194" number="193" sentence="7">a</token>
  <token id="195" number="194" sentence="7">year</token>
  <token id="196" number="195" sentence="7">ago</token>
  <token id="197" number="196" sentence="7">.</token>
  <token id="198" number="197" sentence="8">In</token>
  <token id="199" number="198" sentence="8">the</token>
  <token id="200" number="199" sentence="8">first</token>
  <token id="201" number="200" sentence="8">nine</token>
  <token id="202" number="201" sentence="8">months</token>
  <token id="203" number="202" sentence="8">,</token>
  <token id="204" number="203" sentence="8">profit</token>
  <token id="205" number="204" sentence="8">rose</token>
  <token id="206" number="205" sentence="8">10</token>
  <token id="207" number="206" sentence="8">%</token>
  <token id="208" number="207" sentence="8">to</token>
  <token id="209" number="208" sentence="8">$</token>
  <token id="210" number="209" sentence="8">313.2</token>
  <token id="211" number="210" sentence="8">million</token>
  <token id="212" number="211" sentence="8">,</token>
  <token id="213" number="212" sentence="8">or</token>
  <token id="214" number="213" sentence="8">$</token>
  <token id="215" number="214" sentence="8">3.89</token>
  <token id="216" number="215" sentence="8">a</token>
  <token id="217" number="216" sentence="8">share</token>
  <token id="218" number="217" sentence="8">,</token>
  <token id="219" number="218" sentence="8">from</token>
  <token id="220" number="219" sentence="8">$</token>
  <token id="221" number="220" sentence="8">283.9</token>
  <token id="222" number="221" sentence="8">million</token>
  <token id="223" number="222" sentence="8">,</token>
  <token id="224" number="223" sentence="8">or</token>
  <token id="225" number="224" sentence="8">$</token>
  <token id="226" number="225" sentence="8">3.53</token>
  <token id="227" number="226" sentence="8">a</token>
  <token id="228" number="227" sentence="8">share</token>
  <token id="229" number="228" sentence="8">.</token>
  <token id="230" number="229" sentence="9">Sales</token>
  <token id="231" number="230" sentence="9">rose</token>
  <token id="232" number="231" sentence="9">6.7</token>
  <token id="233" number="232" sentence="9">%</token>
  <token id="234" number="233" sentence="9">to</token>
  <token id="235" number="234" sentence="9">$</token>
  <token id="236" number="235" sentence="9">4.27</token>
  <token id="237" number="236" sentence="9">billion</token>
  <token id="238" number="237" sentence="9">from</token>
  <token id="239" number="238" sentence="9">$</token>
  <token id="240" number="239" sentence="9">4</token>
  <token id="241" number="240" sentence="9">billion</token>
  <token id="242" number="241" sentence="9">.</token>
  <token id="243" number="242" sentence="10">In</token>
  <token id="244" number="243" sentence="10">New</token>
  <token id="245" number="244" sentence="10">York</token>
  <token id="246" number="245" sentence="10">Stock</token>
  <token id="247" number="246" sentence="10">Exchange</token>
  <token id="248" number="247" sentence="10">composite</token>
  <token id="249" number="248" sentence="10">trading</token>
  <token id="250" number="249" sentence="10">,</token>
  <token id="251" number="250" sentence="10">Kimberly</token>
  <token id="252" number="251" sentence="10">-</token>
  <token id="253" number="252" sentence="10">Clark</token>
  <token id="254" number="253" sentence="10">closed</token>
  <token id="255" number="254" sentence="10">at</token>
  <token id="256" number="255" sentence="10">$</token>
  <token id="257" number="256" sentence="10">66.50</token>
  <token id="258" number="257" sentence="10">a</token>
  <token id="259" number="258" sentence="10">share</token>
  <token id="260" number="259" sentence="10">,</token>
  <token id="261" number="260" sentence="10">up</token>
  <token id="262" number="261" sentence="10">$</token>
  <token id="263" number="262" sentence="10">1.50</token>
  <token id="264" number="263" sentence="10">.</token>
</Document>
