<Document doc_name="wsj_0187">
  <Markables>
    <TIMEX3 RELATED_TO="" TAG_DESCRIPTOR="Empty_Mark" beginPoint="" comment="" endPoint="" freq="" functionInDocument="CREATION_TIME" id="0" quant="" type="DATE" value="1989-11-02" />
    <EVENT aspect="NONE" certainty="" class="I_ACTION" comment="" factuality="" id="1" modality="NONE" polarity="POS" pos="VERB" tense="PAST">
      <token_anchor id="14" />
    </EVENT>
    <EVENT aspect="NONE" certainty="" class="OCCURRENCE" comment="" factuality="" id="2" modality="NONE" polarity="POS" pos="VERB" tense="INFINITIVE">
      <token_anchor id="18" />
    </EVENT>
    <EVENT aspect="NONE" certainty="" class="OCCURRENCE" comment="" factuality="" id="3" modality="NONE" polarity="POS" pos="VERB" tense="INFINITIVE">
      <token_anchor id="23" />
    </EVENT>
    <EVENT aspect="NONE" certainty="" class="I_ACTION" comment="" factuality="" id="4" modality="NONE" polarity="POS" pos="VERB" tense="FUTURE">
      <token_anchor id="39" />
    </EVENT>
    <EVENT aspect="NONE" certainty="" class="OCCURRENCE" comment="" factuality="" id="5" modality="NONE" polarity="POS" pos="VERB" tense="INFINITIVE">
      <token_anchor id="41" />
    </EVENT>
    <EVENT aspect="NONE" certainty="" class="REPORTING" comment="" factuality="" id="6" modality="NONE" polarity="POS" pos="VERB" tense="PAST">
      <token_anchor id="48" />
    </EVENT>
    <EVENT aspect="NONE" certainty="" class="OCCURRENCE" comment="" factuality="" id="7" modality="NONE" polarity="POS" pos="VERB" tense="FUTURE">
      <token_anchor id="59" />
    </EVENT>
    <EVENT aspect="NONE" certainty="" class="REPORTING" comment="" factuality="" id="8" modality="NONE" polarity="POS" pos="VERB" tense="PAST">
      <token_anchor id="77" />
    </EVENT>
    <EVENT aspect="NONE" certainty="" class="OCCURRENCE" comment="" factuality="" id="9" modality="NONE" polarity="POS" pos="VERB" tense="PRESENT">
      <token_anchor id="98" />
    </EVENT>
    <EVENT aspect="NONE" certainty="" class="ASPECTUAL" comment="" factuality="" id="10" modality="NONE" polarity="POS" pos="VERB" tense="FUTURE">
      <token_anchor id="104" />
    </EVENT>
    <EVENT aspect="NONE" certainty="" class="OCCURRENCE" comment="" factuality="" id="11" modality="NONE" polarity="POS" pos="NOUN" tense="NONE">
      <token_anchor id="105" />
    </EVENT>
    <EVENT aspect="NONE" certainty="" class="OCCURRENCE" comment="" factuality="" id="12" modality="NONE" polarity="POS" pos="VERB" tense="INFINITIVE">
      <token_anchor id="110" />
    </EVENT>
    <EVENT aspect="NONE" certainty="" class="OCCURRENCE" comment="" factuality="" id="13" modality="NONE" polarity="POS" pos="VERB" tense="INFINITIVE">
      <token_anchor id="112" />
    </EVENT>
    <EVENT aspect="NONE" certainty="" class="I_ACTION" comment="" factuality="" id="14" modality="NONE" polarity="POS" pos="VERB" tense="FUTURE">
      <token_anchor id="122" />
    </EVENT>
    <EVENT aspect="NONE" certainty="" class="OCCURRENCE" comment="" factuality="" id="15" modality="NONE" polarity="POS" pos="NOUN" tense="NONE">
      <token_anchor id="124" />
    </EVENT>
    <EVENT aspect="NONE" certainty="" class="OCCURRENCE" comment="" factuality="" id="16" modality="NONE" polarity="POS" pos="NOUN" tense="NONE">
      <token_anchor id="128" />
    </EVENT>
    <EVENT aspect="NONE" certainty="" class="I_STATE" comment="" factuality="" id="17" modality="NONE" polarity="POS" pos="VERB" tense="PRESENT">
      <token_anchor id="133" />
    </EVENT>
    <EVENT aspect="NONE" certainty="" class="I_ACTION" comment="" factuality="" id="18" modality="NONE" polarity="POS" pos="VERB" tense="INFINITIVE">
      <token_anchor id="135" />
    </EVENT>
    <EVENT aspect="NONE" certainty="" class="OCCURRENCE" comment="" factuality="" id="19" modality="NONE" polarity="POS" pos="NOUN" tense="NONE">
      <token_anchor id="137" />
    </EVENT>
    <EVENT aspect="NONE" certainty="" class="REPORTING" comment="" factuality="" id="20" modality="NONE" polarity="POS" pos="VERB" tense="PAST">
      <token_anchor id="151" />
    </EVENT>
    <EVENT aspect="NONE" certainty="" class="OCCURRENCE" comment="" factuality="" id="21" modality="NONE" polarity="POS" pos="VERB" tense="PAST">
      <token_anchor id="156" />
    </EVENT>
    <TIMEX3 anchorTimeID="0" beginPoint="" comment="" endPoint="" freq="" functionInDocument="NONE" id="22" quant="" type="DATE" value="1989-11-01">
      <token_anchor id="157" />
    </TIMEX3>
    <EVENT aspect="NONE" certainty="" class="OCCURRENCE" comment="" factuality="" id="23" modality="would" polarity="POS" pos="VERB" tense="NONE">
      <token_anchor id="167" />
    </EVENT>
    <EVENT aspect="NONE" certainty="" class="OCCURRENCE" comment="" factuality="" id="24" modality="NONE" polarity="POS" pos="VERB" tense="PRESPART">
      <token_anchor id="176" />
    </EVENT>
    <EVENT aspect="NONE" certainty="" class="OCCURRENCE" comment="" factuality="" id="25" modality="none" polarity="POS" pos="VERB" tense="NONE">
      <token_anchor id="191" />
    </EVENT>
    <EVENT aspect="NONE" certainty="" class="OCCURRENCE" comment="" factuality="" id="26" modality="none" polarity="POS" pos="VERB" tense="INFINITIVE">
      <token_anchor id="204" />
    </EVENT>
    <EVENT aspect="NONE" certainty="" class="STATE" comment="" factuality="" id="27" modality="NONE" polarity="POS" pos="VERB" tense="PRESPART">
      <token_anchor id="214" />
    </EVENT>
    <EVENT aspect="NONE" certainty="" class="I_STATE" comment="" factuality="" id="28" modality="NONE" polarity="POS" pos="VERB" tense="PRESENT">
      <token_anchor id="223" />
    </EVENT>
    <EVENT aspect="NONE" certainty="" class="OCCURRENCE" comment="" factuality="" id="29" modality="NONE" polarity="POS" pos="VERB" tense="INFINITIVE">
      <token_anchor id="225" />
    </EVENT>
    <EVENT aspect="NONE" certainty="" class="REPORTING" comment="" factuality="" id="30" modality="NONE" polarity="POS" pos="VERB" tense="PAST">
      <token_anchor id="239" />
    </EVENT>
    <EVENT aspect="NONE" certainty="" class="STATE" comment="" factuality="" id="31" modality="NONE" polarity="POS" pos="VERB" tense="PRESENT">
      <token_anchor id="255" />
    </EVENT>
    <EVENT aspect="NONE" certainty="" class="OCCURRENCE" comment="" factuality="" id="32" modality="NONE" polarity="POS" pos="VERB" tense="PAST">
      <token_anchor id="264" />
    </EVENT>
    <TIMEX3 anchorTimeID="0" beginPoint="" comment="" endPoint="" freq="" functionInDocument="NONE" id="33" quant="" type="DATE" value="1989-W44">
      <token_anchor id="275" />
      <token_anchor id="276" />
    </TIMEX3>
    <EVENT aspect="NONE" certainty="" class="OCCURRENCE" comment="" factuality="" id="34" modality="NONE" polarity="POS" pos="NOUN" tense="NONE">
      <token_anchor id="282" />
    </EVENT>
    <EVENT aspect="NONE" certainty="" class="ASPECTUAL" comment="" factuality="" id="35" modality="NONE" polarity="POS" pos="VERB" tense="PAST">
      <token_anchor id="283" />
    </EVENT>
    <TIMEX3 anchorTimeID="0" beginPoint="" comment="" endPoint="" freq="" functionInDocument="NONE" id="36" quant="" type="DATE" value="1989-10-31">
      <token_anchor id="284" />
    </TIMEX3>
  </Markables>
  <Relations>
    <TLINK comment="" id="1" relType="BEFORE">
      <source id="1" />
      <target id="0" />
    </TLINK>
    <TLINK comment="" id="2" relType="AFTER">
      <source id="4" />
      <target id="0" />
    </TLINK>
    <TLINK comment="" id="3" relType="BEFORE">
      <source id="6" />
      <target id="0" />
    </TLINK>
    <TLINK comment="" id="4" relType="IS_INCLUDED">
      <source id="8" />
      <target id="6" />
    </TLINK>
    <TLINK comment="" id="5" relType="BEFORE">
      <source id="9" />
      <target id="10" />
    </TLINK>
    <TLINK comment="" id="6" relType="AFTER">
      <source id="11" />
      <target id="9" />
    </TLINK>
    <TLINK comment="" id="7" relType="AFTER">
      <source id="14" />
      <target id="0" />
    </TLINK>
    <TLINK comment="" id="8" relType="DURING">
      <source id="15" />
      <target id="11" />
    </TLINK>
    <TLINK comment="" id="9" relType="BEFORE">
      <source id="20" />
      <target id="0" />
    </TLINK>
    <TLINK comment="" id="10" relType="IS_INCLUDED">
      <source id="21" />
      <target id="22" />
    </TLINK>
    <TLINK comment="" id="11" relType="AFTER">
      <source id="24" />
      <target id="23" />
    </TLINK>
    <TLINK comment="" id="12" relType="AFTER">
      <source id="25" />
      <target id="0" />
    </TLINK>
    <TLINK comment="" id="13" relType="SIMULTANEOUS">
      <source id="26" />
      <target id="25" />
    </TLINK>
    <TLINK comment="" id="14" relType="DURING">
      <source id="27" />
      <target id="0" />
    </TLINK>
    <TLINK comment="" id="15" relType="BEFORE">
      <source id="30" />
      <target id="0" />
    </TLINK>
    <TLINK comment="" id="16" relType="DURING">
      <source id="31" />
      <target id="0" />
    </TLINK>
    <TLINK comment="" id="17" relType="IS_INCLUDED">
      <source id="32" />
      <target id="33" />
    </TLINK>
    <TLINK comment="" id="18" relType="BEGUN_BY">
      <source id="34" />
      <target id="36" />
    </TLINK>
    <TLINK comment="" id="19" relType="IS_INCLUDED">
      <source id="35" />
      <target id="36" />
    </TLINK>
  </Relations>
  <token id="1" number="0" sentence="0">The</token>
  <token id="2" number="1" sentence="0">Finnish</token>
  <token id="3" number="2" sentence="0">government</token>
  <token id="4" number="3" sentence="0">and</token>
  <token id="5" number="4" sentence="0">major</token>
  <token id="6" number="5" sentence="0">creditors</token>
  <token id="7" number="6" sentence="0">of</token>
  <token id="8" number="7" sentence="0">bankrupt</token>
  <token id="9" number="8" sentence="0">shipyard</token>
  <token id="10" number="9" sentence="0">Waertsilae</token>
  <token id="11" number="10" sentence="0">Marine</token>
  <token id="12" number="11" sentence="0">Industries</token>
  <token id="13" number="12" sentence="0">Oy</token>
  <token id="14" number="13" sentence="0">agreed</token>
  <token id="15" number="14" sentence="0">in</token>
  <token id="16" number="15" sentence="0">principle</token>
  <token id="17" number="16" sentence="0">to</token>
  <token id="18" number="17" sentence="0">form</token>
  <token id="19" number="18" sentence="0">a</token>
  <token id="20" number="19" sentence="0">new</token>
  <token id="21" number="20" sentence="0">company</token>
  <token id="22" number="21" sentence="0">to</token>
  <token id="23" number="22" sentence="0">complete</token>
  <token id="24" number="23" sentence="0">most</token>
  <token id="25" number="24" sentence="0">of</token>
  <token id="26" number="25" sentence="0">the</token>
  <token id="27" number="26" sentence="0">troubled</token>
  <token id="28" number="27" sentence="0">shipyard</token>
  <token id="29" number="28" sentence="0">'s</token>
  <token id="30" number="29" sentence="0">backlog</token>
  <token id="31" number="30" sentence="0">of</token>
  <token id="32" number="31" sentence="0">15</token>
  <token id="33" number="32" sentence="0">ships</token>
  <token id="34" number="33" sentence="0">.</token>
  <token id="35" number="34" sentence="1">The</token>
  <token id="36" number="35" sentence="1">new</token>
  <token id="37" number="36" sentence="1">company</token>
  <token id="38" number="37" sentence="1">will</token>
  <token id="39" number="38" sentence="1">attempt</token>
  <token id="40" number="39" sentence="1">to</token>
  <token id="41" number="40" sentence="1">limit</token>
  <token id="42" number="41" sentence="1">the</token>
  <token id="43" number="42" sentence="1">shipyard</token>
  <token id="44" number="43" sentence="1">'s</token>
  <token id="45" number="44" sentence="1">losses</token>
  <token id="46" number="45" sentence="1">,</token>
  <token id="47" number="46" sentence="1">participants</token>
  <token id="48" number="47" sentence="1">said</token>
  <token id="49" number="48" sentence="1">.</token>
  <token id="50" number="49" sentence="2">"</token>
  <token id="51" number="50" sentence="2">The</token>
  <token id="52" number="51" sentence="2">situation</token>
  <token id="53" number="52" sentence="2">is</token>
  <token id="54" number="53" sentence="2">that</token>
  <token id="55" number="54" sentence="2">the</token>
  <token id="56" number="55" sentence="2">bankruptcy</token>
  <token id="57" number="56" sentence="2">court</token>
  <token id="58" number="57" sentence="2">will</token>
  <token id="59" number="58" sentence="2">get</token>
  <token id="60" number="59" sentence="2">out</token>
  <token id="61" number="60" sentence="2">of</token>
  <token id="62" number="61" sentence="2">the</token>
  <token id="63" number="62" sentence="2">shipbuilding</token>
  <token id="64" number="63" sentence="2">business</token>
  <token id="65" number="64" sentence="2">.</token>
  <token id="66" number="65" sentence="3">Everything</token>
  <token id="67" number="66" sentence="3">will</token>
  <token id="68" number="67" sentence="3">be</token>
  <token id="69" number="68" sentence="3">taken</token>
  <token id="70" number="69" sentence="3">over</token>
  <token id="71" number="70" sentence="3">by</token>
  <token id="72" number="71" sentence="3">the</token>
  <token id="73" number="72" sentence="3">new</token>
  <token id="74" number="73" sentence="3">company</token>
  <token id="75" number="74" sentence="3">,</token>
  <token id="76" number="75" sentence="3">"</token>
  <token id="77" number="76" sentence="3">said</token>
  <token id="78" number="77" sentence="3">Christian</token>
  <token id="79" number="78" sentence="3">Andersson</token>
  <token id="80" number="79" sentence="3">,</token>
  <token id="81" number="80" sentence="3">executive</token>
  <token id="82" number="81" sentence="3">vice</token>
  <token id="83" number="82" sentence="3">president</token>
  <token id="84" number="83" sentence="3">of</token>
  <token id="85" number="84" sentence="3">Oy</token>
  <token id="86" number="85" sentence="3">Waertsilae</token>
  <token id="87" number="86" sentence="3">,</token>
  <token id="88" number="87" sentence="3">former</token>
  <token id="89" number="88" sentence="3">parent</token>
  <token id="90" number="89" sentence="3">of</token>
  <token id="91" number="90" sentence="3">Waertsilae</token>
  <token id="92" number="91" sentence="3">Marine</token>
  <token id="93" number="92" sentence="3">.</token>
  <token id="94" number="93" sentence="4">Once</token>
  <token id="95" number="94" sentence="4">its</token>
  <token id="96" number="95" sentence="4">ownership</token>
  <token id="97" number="96" sentence="4">is</token>
  <token id="98" number="97" sentence="4">finalized</token>
  <token id="99" number="98" sentence="4">,</token>
  <token id="100" number="99" sentence="4">the</token>
  <token id="101" number="100" sentence="4">new</token>
  <token id="102" number="101" sentence="4">company</token>
  <token id="103" number="102" sentence="4">will</token>
  <token id="104" number="103" sentence="4">open</token>
  <token id="105" number="104" sentence="4">talks</token>
  <token id="106" number="105" sentence="4">with</token>
  <token id="107" number="106" sentence="4">state-appointed</token>
  <token id="108" number="107" sentence="4">receivers</token>
  <token id="109" number="108" sentence="4">to</token>
  <token id="110" number="109" sentence="4">buy</token>
  <token id="111" number="110" sentence="4">or</token>
  <token id="112" number="111" sentence="4">lease</token>
  <token id="113" number="112" sentence="4">Waertsilae</token>
  <token id="114" number="113" sentence="4">Marine</token>
  <token id="115" number="114" sentence="4">'s</token>
  <token id="116" number="115" sentence="4">shipyard</token>
  <token id="117" number="116" sentence="4">facilities</token>
  <token id="118" number="117" sentence="4">.</token>
  <token id="119" number="118" sentence="5">Subcontractors</token>
  <token id="120" number="119" sentence="5">will</token>
  <token id="121" number="120" sentence="5">be</token>
  <token id="122" number="121" sentence="5">offered</token>
  <token id="123" number="122" sentence="5">a</token>
  <token id="124" number="123" sentence="5">settlement</token>
  <token id="125" number="124" sentence="5">and</token>
  <token id="126" number="125" sentence="5">a</token>
  <token id="127" number="126" sentence="5">swift</token>
  <token id="128" number="127" sentence="5">transition</token>
  <token id="129" number="128" sentence="5">to</token>
  <token id="130" number="129" sentence="5">new</token>
  <token id="131" number="130" sentence="5">management</token>
  <token id="132" number="131" sentence="5">is</token>
  <token id="133" number="132" sentence="5">expected</token>
  <token id="134" number="133" sentence="5">to</token>
  <token id="135" number="134" sentence="5">avert</token>
  <token id="136" number="135" sentence="5">an</token>
  <token id="137" number="136" sentence="5">exodus</token>
  <token id="138" number="137" sentence="5">of</token>
  <token id="139" number="138" sentence="5">skilled</token>
  <token id="140" number="139" sentence="5">workers</token>
  <token id="141" number="140" sentence="5">from</token>
  <token id="142" number="141" sentence="5">Waertsilae</token>
  <token id="143" number="142" sentence="5">Marine</token>
  <token id="144" number="143" sentence="5">'s</token>
  <token id="145" number="144" sentence="5">two</token>
  <token id="146" number="145" sentence="5">big</token>
  <token id="147" number="146" sentence="5">shipyards</token>
  <token id="148" number="147" sentence="5">,</token>
  <token id="149" number="148" sentence="5">government</token>
  <token id="150" number="149" sentence="5">officials</token>
  <token id="151" number="150" sentence="5">said</token>
  <token id="152" number="151" sentence="5">.</token>
  <token id="153" number="152" sentence="6">Under</token>
  <token id="154" number="153" sentence="6">an</token>
  <token id="155" number="154" sentence="6">accord</token>
  <token id="156" number="155" sentence="6">signed</token>
  <token id="157" number="156" sentence="6">yesterday</token>
  <token id="158" number="157" sentence="6">,</token>
  <token id="159" number="158" sentence="6">the</token>
  <token id="160" number="159" sentence="6">government</token>
  <token id="161" number="160" sentence="6">and</token>
  <token id="162" number="161" sentence="6">Union</token>
  <token id="163" number="162" sentence="6">Bank</token>
  <token id="164" number="163" sentence="6">of</token>
  <token id="165" number="164" sentence="6">Finland</token>
  <token id="166" number="165" sentence="6">would</token>
  <token id="167" number="166" sentence="6">become</token>
  <token id="168" number="167" sentence="6">major</token>
  <token id="169" number="168" sentence="6">shareholders</token>
  <token id="170" number="169" sentence="6">in</token>
  <token id="171" number="170" sentence="6">the</token>
  <token id="172" number="171" sentence="6">new</token>
  <token id="173" number="172" sentence="6">company</token>
  <token id="174" number="173" sentence="6">,</token>
  <token id="175" number="174" sentence="6">each</token>
  <token id="176" number="175" sentence="6">injecting</token>
  <token id="177" number="176" sentence="6">100</token>
  <token id="178" number="177" sentence="6">million</token>
  <token id="179" number="178" sentence="6">Finnish</token>
  <token id="180" number="179" sentence="6">markkaa</token>
  <token id="181" number="180" sentence="6">(</token>
  <token id="182" number="181" sentence="6">$</token>
  <token id="183" number="182" sentence="6">23.5</token>
  <token id="184" number="183" sentence="6">million</token>
  <token id="185" number="184" sentence="6">)</token>
  <token id="186" number="185" sentence="6">.</token>
  <token id="187" number="186" sentence="7">Oy</token>
  <token id="188" number="187" sentence="7">Waertsilae</token>
  <token id="189" number="188" sentence="7">is</token>
  <token id="190" number="189" sentence="7">to</token>
  <token id="191" number="190" sentence="7">contribute</token>
  <token id="192" number="191" sentence="7">200</token>
  <token id="193" number="192" sentence="7">million</token>
  <token id="194" number="193" sentence="7">markkaa</token>
  <token id="195" number="194" sentence="7">,</token>
  <token id="196" number="195" sentence="7">most</token>
  <token id="197" number="196" sentence="7">of</token>
  <token id="198" number="197" sentence="7">it</token>
  <token id="199" number="198" sentence="7">as</token>
  <token id="200" number="199" sentence="7">subordinated</token>
  <token id="201" number="200" sentence="7">debt</token>
  <token id="202" number="201" sentence="7">,</token>
  <token id="203" number="202" sentence="7">and</token>
  <token id="204" number="203" sentence="7">take</token>
  <token id="205" number="204" sentence="7">a</token>
  <token id="206" number="205" sentence="7">minority</token>
  <token id="207" number="206" sentence="7">stake</token>
  <token id="208" number="207" sentence="7">in</token>
  <token id="209" number="208" sentence="7">the</token>
  <token id="210" number="209" sentence="7">new</token>
  <token id="211" number="210" sentence="7">company</token>
  <token id="212" number="211" sentence="7">.</token>
  <token id="213" number="212" sentence="8">Customers</token>
  <token id="214" number="213" sentence="8">holding</token>
  <token id="215" number="214" sentence="8">contracts</token>
  <token id="216" number="215" sentence="8">for</token>
  <token id="217" number="216" sentence="8">Waertsilae</token>
  <token id="218" number="217" sentence="8">Marine</token>
  <token id="219" number="218" sentence="8">'s</token>
  <token id="220" number="219" sentence="8">undelivered</token>
  <token id="221" number="220" sentence="8">ships</token>
  <token id="222" number="221" sentence="8">are</token>
  <token id="223" number="222" sentence="8">expected</token>
  <token id="224" number="223" sentence="8">to</token>
  <token id="225" number="224" sentence="8">subscribe</token>
  <token id="226" number="225" sentence="8">most</token>
  <token id="227" number="226" sentence="8">of</token>
  <token id="228" number="227" sentence="8">the</token>
  <token id="229" number="228" sentence="8">remaining</token>
  <token id="230" number="229" sentence="8">170</token>
  <token id="231" number="230" sentence="8">million</token>
  <token id="232" number="231" sentence="8">markkaa</token>
  <token id="233" number="232" sentence="8">in</token>
  <token id="234" number="233" sentence="8">share</token>
  <token id="235" number="234" sentence="8">capital</token>
  <token id="236" number="235" sentence="8">,</token>
  <token id="237" number="236" sentence="8">government</token>
  <token id="238" number="237" sentence="8">officials</token>
  <token id="239" number="238" sentence="8">said</token>
  <token id="240" number="239" sentence="8">.</token>
  <token id="241" number="240" sentence="9">Waertsilae</token>
  <token id="242" number="241" sentence="9">Marine</token>
  <token id="243" number="242" sentence="9">'s</token>
  <token id="244" number="243" sentence="9">biggest</token>
  <token id="245" number="244" sentence="9">creditor</token>
  <token id="246" number="245" sentence="9">is</token>
  <token id="247" number="246" sentence="9">Miami-based</token>
  <token id="248" number="247" sentence="9">Carnival</token>
  <token id="249" number="248" sentence="9">Cruise</token>
  <token id="250" number="249" sentence="9">Lines</token>
  <token id="251" number="250" sentence="9">Inc.</token>
  <token id="252" number="251" sentence="10">Carnival</token>
  <token id="253" number="252" sentence="10">,</token>
  <token id="254" number="253" sentence="10">which</token>
  <token id="255" number="254" sentence="10">has</token>
  <token id="256" number="255" sentence="10">three</token>
  <token id="257" number="256" sentence="10">ships</token>
  <token id="258" number="257" sentence="10">on</token>
  <token id="259" number="258" sentence="10">order</token>
  <token id="260" number="259" sentence="10">from</token>
  <token id="261" number="260" sentence="10">Waertsilae</token>
  <token id="262" number="261" sentence="10">Marine</token>
  <token id="263" number="262" sentence="10">,</token>
  <token id="264" number="263" sentence="10">presented</token>
  <token id="265" number="264" sentence="10">claims</token>
  <token id="266" number="265" sentence="10">for</token>
  <token id="267" number="266" sentence="10">$</token>
  <token id="268" number="267" sentence="10">1.5</token>
  <token id="269" number="268" sentence="10">billion</token>
  <token id="270" number="269" sentence="10">damages</token>
  <token id="271" number="270" sentence="10">in</token>
  <token id="272" number="271" sentence="10">the</token>
  <token id="273" number="272" sentence="10">bankruptcy</token>
  <token id="274" number="273" sentence="10">court</token>
  <token id="275" number="274" sentence="10">this</token>
  <token id="276" number="275" sentence="10">week</token>
  <token id="277" number="276" sentence="10">.</token>
  <token id="278" number="277" sentence="11">Waertsilae</token>
  <token id="279" number="278" sentence="11">Marine</token>
  <token id="280" number="279" sentence="11">'s</token>
  <token id="281" number="280" sentence="11">bankruptcy</token>
  <token id="282" number="281" sentence="11">proceedings</token>
  <token id="283" number="282" sentence="11">began</token>
  <token id="284" number="283" sentence="11">Tuesday</token>
  <token id="285" number="284" sentence="11">in</token>
  <token id="286" number="285" sentence="11">a</token>
  <token id="287" number="286" sentence="11">Helsinki</token>
  <token id="288" number="287" sentence="11">court</token>
  <token id="289" number="288" sentence="11">.</token>
</Document>
