<Document doc_name="wsj_0798">
  <Markables>
    <TIMEX3 RELATED_TO="" TAG_DESCRIPTOR="Empty_Mark" beginPoint="" comment="" endPoint="" freq="" functionInDocument="CREATION_TIME" id="0" quant="" type="DATE" value="1989-10-27" />
    <EVENT aspect="NONE" certainty="" class="OCCURRENCE" comment="" factuality="" id="1" modality="NONE" polarity="POS" pos="VERB" tense="PAST">
      <token_anchor id="5" />
    </EVENT>
    <EVENT aspect="NONE" certainty="" class="I_STATE" comment="" factuality="" id="2" modality="NONE" polarity="POS" pos="VERB" tense="PRESENT">
      <token_anchor id="15" />
    </EVENT>
    <EVENT aspect="NONE" certainty="" class="OCCURRENCE" comment="" factuality="" id="3" modality="NONE" polarity="POS" pos="VERB" tense="INFINITIVE">
      <token_anchor id="17" />
    </EVENT>
    <EVENT aspect="NONE" certainty="" class="OCCURRENCE" comment="" factuality="" id="4" modality="NONE" polarity="POS" pos="VERB" tense="FUTURE">
      <token_anchor id="39" />
    </EVENT>
    <EVENT aspect="NONE" certainty="" class="OCCURRENCE" comment="" factuality="" id="5" modality="NONE" polarity="POS" pos="VERB" tense="INFINITIVE">
      <token_anchor id="41" />
    </EVENT>
    <EVENT aspect="NONE" certainty="" class="OCCURRENCE" comment="" factuality="" id="6" modality="NONE" polarity="POS" pos="VERB" tense="INFINITIVE">
      <token_anchor id="51" />
    </EVENT>
    <EVENT aspect="NONE" certainty="" class="REPORTING" comment="" factuality="" id="7" modality="NONE" polarity="POS" pos="VERB" tense="PAST">
      <token_anchor id="57" />
    </EVENT>
    <EVENT aspect="NONE" certainty="" class="REPORTING" comment="" factuality="" id="8" modality="NONE" polarity="POS" pos="VERB" tense="PAST">
      <token_anchor id="65" />
    </EVENT>
    <EVENT aspect="NONE" certainty="" class="I_STATE" comment="" factuality="" id="9" modality="NONE" polarity="POS" pos="VERB" tense="FUTURE">
      <token_anchor id="70" />
    </EVENT>
    <EVENT aspect="NONE" certainty="" class="OCCURRENCE" comment="" factuality="" id="10" modality="NONE" polarity="POS" pos="VERB" tense="INFINITIVE">
      <token_anchor id="86" />
    </EVENT>
    <TIMEX3 anchorTimeID="0" beginPoint="" comment="" endPoint="" freq="" functionInDocument="NONE" id="11" quant="" type="DATE" value="1989-11-09">
      <token_anchor id="110" />
      <token_anchor id="111" />
      <token_anchor id="112" />
    </TIMEX3>
    <EVENT aspect="NONE" certainty="" class="STATE" comment="" factuality="" id="12" modality="NONE" polarity="POS" pos="VERB" tense="PRESENT">
      <token_anchor id="116" />
    </EVENT>
    <EVENT aspect="NONE" certainty="" class="OCCURRENCE" comment="" factuality="" id="13" modality="NONE" polarity="POS" pos="VERB" tense="PAST">
      <token_anchor id="134" />
    </EVENT>
    <EVENT aspect="NONE" certainty="" class="REPORTING" comment="" factuality="" id="14" modality="NONE" polarity="POS" pos="VERB" tense="PAST">
      <token_anchor id="147" />
    </EVENT>
    <TIMEX3 anchorTimeID="0" beginPoint="" comment="" endPoint="" freq="" functionInDocument="NONE" id="15" quant="" type="DATE" value="PRESENT_REF">
      <token_anchor id="152" />
    </TIMEX3>
    <EVENT aspect="NONE" certainty="" class="STATE" comment="" factuality="" id="16" modality="NONE" polarity="POS" pos="VERB" tense="PRESENT">
      <token_anchor id="153" />
    </EVENT>
    <EVENT aspect="NONE" certainty="" class="OCCURRENCE" comment="" factuality="" id="17" modality="NONE" polarity="POS" pos="VERB" tense="FUTURE">
      <token_anchor id="163" />
    </EVENT>
    <EVENT aspect="NONE" certainty="" class="REPORTING" comment="" factuality="" id="18" modality="NONE" polarity="POS" pos="VERB" tense="PAST">
      <token_anchor id="199" />
    </EVENT>
    <EVENT aspect="NONE" certainty="" class="OCCURRENCE" comment="" factuality="" id="19" modality="NONE" polarity="POS" pos="VERB" tense="FUTURE">
      <token_anchor id="202" />
    </EVENT>
    <TIMEX3 anchorTimeID="0" beginPoint="" comment="" endPoint="" freq="" functionInDocument="NONE" id="20" quant="" type="DATE" value="1989-10-31">
      <token_anchor id="210" />
      <token_anchor id="211" />
      <token_anchor id="212" />
    </TIMEX3>
    <EVENT aspect="NONE" certainty="" class="OCCURRENCE" comment="" factuality="" id="21" modality="NONE" polarity="POS" pos="NOUN" tense="NONE">
      <token_anchor id="223" />
    </EVENT>
    <EVENT aspect="NONE" certainty="" class="I_ACTION" comment="" factuality="" id="22" modality="NONE" polarity="POS" pos="VERB" tense="PAST">
      <token_anchor id="225" />
    </EVENT>
    <EVENT aspect="NONE" certainty="" class="OCCURRENCE" comment="" factuality="" id="23" modality="NONE" polarity="POS" pos="NOUN" tense="NONE">
      <token_anchor id="231" />
    </EVENT>
    <TIMEX3 anchorTimeID="0" beginPoint="" comment="" endPoint="" freq="" functionInDocument="NONE" id="24" quant="" type="DATE" value="1989-10-26">
      <token_anchor id="232" />
    </TIMEX3>
    <EVENT aspect="NONE" certainty="" class="REPORTING" comment="" factuality="" id="25" modality="NONE" polarity="POS" pos="VERB" tense="PAST">
      <token_anchor id="241" />
    </EVENT>
    <EVENT aspect="NONE" certainty="" class="OCCURRENCE" comment="" factuality="" id="26" modality="NONE" polarity="POS" pos="NOUN" tense="NONE">
      <token_anchor id="242" />
    </EVENT>
    <EVENT aspect="NONE" certainty="" class="OCCURRENCE" comment="" factuality="" id="27" modality="NONE" polarity="POS" pos="VERB" tense="PASTPART">
      <token_anchor id="249" />
    </EVENT>
    <EVENT aspect="NONE" certainty="" class="ASPECTUAL" comment="" factuality="" id="28" modality="NONE" polarity="POS" pos="VERB" tense="FUTURE">
      <token_anchor id="257" />
    </EVENT>
    <EVENT aspect="NONE" certainty="" class="OCCURRENCE" comment="" factuality="" id="29" modality="NONE" polarity="POS" pos="NOUN" tense="NONE">
      <token_anchor id="259" />
    </EVENT>
    <TIMEX3 beginPoint="" comment="" endPoint="" freq="" functionInDocument="NONE" id="30" quant="" type="SET" value="XXXX">
      <token_anchor id="265" />
    </TIMEX3>
  </Markables>
  <Relations>
    <TLINK comment="" id="1" relType="IS_INCLUDED">
      <source id="0" />
      <target id="2" />
    </TLINK>
    <TLINK comment="" id="2" relType="BEFORE">
      <source id="1" />
      <target id="0" />
    </TLINK>
    <TLINK comment="" id="3" relType="IS_INCLUDED">
      <source id="1" />
      <target id="2" />
    </TLINK>
    <TLINK comment="" id="4" relType="AFTER">
      <source id="4" />
      <target id="0" />
    </TLINK>
    <TLINK comment="" id="5" relType="IDENTITY">
      <source id="7" />
      <target id="1" />
    </TLINK>
    <TLINK comment="" id="6" relType="IDENTITY">
      <source id="8" />
      <target id="1" />
    </TLINK>
    <TLINK comment="" id="7" relType="BEFORE">
      <source id="9" />
      <target id="10" />
    </TLINK>
    <TLINK comment="" id="8" relType="INCLUDES">
      <source id="12" />
      <target id="0" />
    </TLINK>
    <TLINK comment="" id="9" relType="BEFORE">
      <source id="13" />
      <target id="0" />
    </TLINK>
    <TLINK comment="" id="10" relType="INCLUDES">
      <source id="16" />
      <target id="0" />
    </TLINK>
    <TLINK comment="" id="11" relType="DURING">
      <source id="16" />
      <target id="15" />
    </TLINK>
    <TLINK comment="" id="12" relType="IDENTITY">
      <source id="18" />
      <target id="14" />
    </TLINK>
    <TLINK comment="" id="13" relType="IS_INCLUDED">
      <source id="19" />
      <target id="20" />
    </TLINK>
    <TLINK comment="" id="14" relType="INCLUDES">
      <source id="21" />
      <target id="19" />
    </TLINK>
    <TLINK comment="" id="15" relType="BEFORE">
      <source id="22" />
      <target id="21" />
    </TLINK>
    <TLINK comment="" id="16" relType="IS_INCLUDED">
      <source id="22" />
      <target id="23" />
    </TLINK>
    <TLINK comment="" id="17" relType="BEFORE">
      <source id="23" />
      <target id="0" />
    </TLINK>
    <TLINK comment="" id="18" relType="IS_INCLUDED">
      <source id="23" />
      <target id="24" />
    </TLINK>
    <TLINK comment="" id="19" relType="SIMULTANEOUS">
      <source id="25" />
      <target id="18" />
    </TLINK>
    <TLINK comment="" id="20" relType="BEFORE">
      <source id="26" />
      <target id="28" />
    </TLINK>
    <TLINK comment="" id="21" relType="BEFORE">
      <source id="27" />
      <target id="26" />
    </TLINK>
    <TLINK comment="" id="22" relType="BEFORE">
      <source id="27" />
      <target id="28" />
    </TLINK>
    <TLINK comment="" id="23" relType="AFTER">
      <source id="29" />
      <target id="26" />
    </TLINK>
  </Relations>
  <token id="1" number="0" sentence="0">Hudson</token>
  <token id="2" number="1" sentence="0">'s</token>
  <token id="3" number="2" sentence="0">Bay</token>
  <token id="4" number="3" sentence="0">Co.</token>
  <token id="5" number="4" sentence="0">announced</token>
  <token id="6" number="5" sentence="0">terms</token>
  <token id="7" number="6" sentence="0">of</token>
  <token id="8" number="7" sentence="0">a</token>
  <token id="9" number="8" sentence="0">previously</token>
  <token id="10" number="9" sentence="0">proposed</token>
  <token id="11" number="10" sentence="0">rights</token>
  <token id="12" number="11" sentence="0">issue</token>
  <token id="13" number="12" sentence="0">that</token>
  <token id="14" number="13" sentence="0">is</token>
  <token id="15" number="14" sentence="0">expected</token>
  <token id="16" number="15" sentence="0">to</token>
  <token id="17" number="16" sentence="0">raise</token>
  <token id="18" number="17" sentence="0">about</token>
  <token id="19" number="18" sentence="0">396</token>
  <token id="20" number="19" sentence="0">million</token>
  <token id="21" number="20" sentence="0">Canadian</token>
  <token id="22" number="21" sentence="0">dollars</token>
  <token id="23" number="22" sentence="0">(</token>
  <token id="24" number="23" sentence="0">US</token>
  <token id="25" number="24" sentence="0">$</token>
  <token id="26" number="25" sentence="0">337</token>
  <token id="27" number="26" sentence="0">million</token>
  <token id="28" number="27" sentence="0">)</token>
  <token id="29" number="28" sentence="0">net</token>
  <token id="30" number="29" sentence="0">of</token>
  <token id="31" number="30" sentence="0">expenses</token>
  <token id="32" number="31" sentence="0">.</token>
  <token id="33" number="32" sentence="1">Proceeds</token>
  <token id="34" number="33" sentence="1">of</token>
  <token id="35" number="34" sentence="1">the</token>
  <token id="36" number="35" sentence="1">offering</token>
  <token id="37" number="36" sentence="1">will</token>
  <token id="38" number="37" sentence="1">be</token>
  <token id="39" number="38" sentence="1">used</token>
  <token id="40" number="39" sentence="1">to</token>
  <token id="41" number="40" sentence="1">redeem</token>
  <token id="42" number="41" sentence="1">C</token>
  <token id="43" number="42" sentence="1">$</token>
  <token id="44" number="43" sentence="1">264</token>
  <token id="45" number="44" sentence="1">million</token>
  <token id="46" number="45" sentence="1">of</token>
  <token id="47" number="46" sentence="1">preferred</token>
  <token id="48" number="47" sentence="1">shares</token>
  <token id="49" number="48" sentence="1">and</token>
  <token id="50" number="49" sentence="1">to</token>
  <token id="51" number="50" sentence="1">reduce</token>
  <token id="52" number="51" sentence="1">short-term</token>
  <token id="53" number="52" sentence="1">debt</token>
  <token id="54" number="53" sentence="1">,</token>
  <token id="55" number="54" sentence="1">the</token>
  <token id="56" number="55" sentence="1">company</token>
  <token id="57" number="56" sentence="1">said</token>
  <token id="58" number="57" sentence="1">.</token>
  <token id="59" number="58" sentence="2">Canada</token>
  <token id="60" number="59" sentence="2">'s</token>
  <token id="61" number="60" sentence="2">largest</token>
  <token id="62" number="61" sentence="2">department</token>
  <token id="63" number="62" sentence="2">store</token>
  <token id="64" number="63" sentence="2">operator</token>
  <token id="65" number="64" sentence="2">said</token>
  <token id="66" number="65" sentence="2">the</token>
  <token id="67" number="66" sentence="2">rights</token>
  <token id="68" number="67" sentence="2">offering</token>
  <token id="69" number="68" sentence="2">will</token>
  <token id="70" number="69" sentence="2">entitle</token>
  <token id="71" number="70" sentence="2">holders</token>
  <token id="72" number="71" sentence="2">of</token>
  <token id="73" number="72" sentence="2">its</token>
  <token id="74" number="73" sentence="2">ordinary</token>
  <token id="75" number="74" sentence="2">shares</token>
  <token id="76" number="75" sentence="2">,</token>
  <token id="77" number="76" sentence="2">except</token>
  <token id="78" number="77" sentence="2">residents</token>
  <token id="79" number="78" sentence="2">in</token>
  <token id="80" number="79" sentence="2">the</token>
  <token id="81" number="80" sentence="2">U.S.</token>
  <token id="82" number="81" sentence="2">and</token>
  <token id="83" number="82" sentence="2">Britain</token>
  <token id="84" number="83" sentence="2">,</token>
  <token id="85" number="84" sentence="2">to</token>
  <token id="86" number="85" sentence="2">subscribe</token>
  <token id="87" number="86" sentence="2">for</token>
  <token id="88" number="87" sentence="2">two</token>
  <token id="89" number="88" sentence="2">additional</token>
  <token id="90" number="89" sentence="2">shares</token>
  <token id="91" number="90" sentence="2">for</token>
  <token id="92" number="91" sentence="2">every</token>
  <token id="93" number="92" sentence="2">five</token>
  <token id="94" number="93" sentence="2">shares</token>
  <token id="95" number="94" sentence="2">held</token>
  <token id="96" number="95" sentence="2">at</token>
  <token id="97" number="96" sentence="2">a</token>
  <token id="98" number="97" sentence="2">price</token>
  <token id="99" number="98" sentence="2">of</token>
  <token id="100" number="99" sentence="2">C</token>
  <token id="101" number="100" sentence="2">$</token>
  <token id="102" number="101" sentence="2">31.25</token>
  <token id="103" number="102" sentence="2">a</token>
  <token id="104" number="103" sentence="2">share</token>
  <token id="105" number="104" sentence="2">.</token>
  <token id="106" number="105" sentence="3">The</token>
  <token id="107" number="106" sentence="3">record</token>
  <token id="108" number="107" sentence="3">date</token>
  <token id="109" number="108" sentence="3">is</token>
  <token id="110" number="109" sentence="3">Nov</token>
  <token id="111" number="110" sentence="3">.</token>
  <token id="112" number="111" sentence="3">9</token>
  <token id="113" number="112" sentence="3">.</token>
  <token id="114" number="113" sentence="4">The</token>
  <token id="115" number="114" sentence="4">company</token>
  <token id="116" number="115" sentence="4">has</token>
  <token id="117" number="116" sentence="4">about</token>
  <token id="118" number="117" sentence="4">31</token>
  <token id="119" number="118" sentence="4">million</token>
  <token id="120" number="119" sentence="4">ordinary</token>
  <token id="121" number="120" sentence="4">shares</token>
  <token id="122" number="121" sentence="4">outstanding</token>
  <token id="123" number="122" sentence="4">.</token>
  <token id="124" number="123" sentence="5">On</token>
  <token id="125" number="124" sentence="5">the</token>
  <token id="126" number="125" sentence="5">Toronto</token>
  <token id="127" number="126" sentence="5">Stock</token>
  <token id="128" number="127" sentence="5">Exchange</token>
  <token id="129" number="128" sentence="5">,</token>
  <token id="130" number="129" sentence="5">Hudson</token>
  <token id="131" number="130" sentence="5">'s</token>
  <token id="132" number="131" sentence="5">Bay</token>
  <token id="133" number="132" sentence="5">shares</token>
  <token id="134" number="133" sentence="5">closed</token>
  <token id="135" number="134" sentence="5">at</token>
  <token id="136" number="135" sentence="5">C</token>
  <token id="137" number="136" sentence="5">$</token>
  <token id="138" number="137" sentence="5">35</token>
  <token id="139" number="138" sentence="5">,</token>
  <token id="140" number="139" sentence="5">up</token>
  <token id="141" number="140" sentence="5">12.5</token>
  <token id="142" number="141" sentence="5">cents</token>
  <token id="143" number="142" sentence="5">.</token>
  <token id="144" number="143" sentence="6">Hudson</token>
  <token id="145" number="144" sentence="6">'s</token>
  <token id="146" number="145" sentence="6">Bay</token>
  <token id="147" number="146" sentence="6">said</token>
  <token id="148" number="147" sentence="6">that</token>
  <token id="149" number="148" sentence="6">Woodbridge</token>
  <token id="150" number="149" sentence="6">Co.,</token>
  <token id="151" number="150" sentence="6">which</token>
  <token id="152" number="151" sentence="6">currently</token>
  <token id="153" number="152" sentence="6">holds</token>
  <token id="154" number="153" sentence="6">about</token>
  <token id="155" number="154" sentence="6">77</token>
  <token id="156" number="155" sentence="6">%</token>
  <token id="157" number="156" sentence="6">of</token>
  <token id="158" number="157" sentence="6">the</token>
  <token id="159" number="158" sentence="6">ordinary</token>
  <token id="160" number="159" sentence="6">shares</token>
  <token id="161" number="160" sentence="6">,</token>
  <token id="162" number="161" sentence="6">will</token>
  <token id="163" number="162" sentence="6">subscribe</token>
  <token id="164" number="163" sentence="6">for</token>
  <token id="165" number="164" sentence="6">all</token>
  <token id="166" number="165" sentence="6">the</token>
  <token id="167" number="166" sentence="6">shares</token>
  <token id="168" number="167" sentence="6">to</token>
  <token id="169" number="168" sentence="6">which</token>
  <token id="170" number="169" sentence="6">it</token>
  <token id="171" number="170" sentence="6">is</token>
  <token id="172" number="171" sentence="6">entitled</token>
  <token id="173" number="172" sentence="6">and</token>
  <token id="174" number="173" sentence="6">for</token>
  <token id="175" number="174" sentence="6">any</token>
  <token id="176" number="175" sentence="6">shares</token>
  <token id="177" number="176" sentence="6">that</token>
  <token id="178" number="177" sentence="6">are</token>
  <token id="179" number="178" sentence="6">n't</token>
  <token id="180" number="179" sentence="6">otherwise</token>
  <token id="181" number="180" sentence="6">taken</token>
  <token id="182" number="181" sentence="6">up</token>
  <token id="183" number="182" sentence="6">.</token>
  <token id="184" number="183" sentence="7">Woodbridge</token>
  <token id="185" number="184" sentence="7">is</token>
  <token id="186" number="185" sentence="7">a</token>
  <token id="187" number="186" sentence="7">holding</token>
  <token id="188" number="187" sentence="7">company</token>
  <token id="189" number="188" sentence="7">owned</token>
  <token id="190" number="189" sentence="7">by</token>
  <token id="191" number="190" sentence="7">Toronto</token>
  <token id="192" number="191" sentence="7">'s</token>
  <token id="193" number="192" sentence="7">Thomson</token>
  <token id="194" number="193" sentence="7">family</token>
  <token id="195" number="194" sentence="7">.</token>
  <token id="196" number="195" sentence="8">Hudson</token>
  <token id="197" number="196" sentence="8">'s</token>
  <token id="198" number="197" sentence="8">Bay</token>
  <token id="199" number="198" sentence="8">said</token>
  <token id="200" number="199" sentence="8">it</token>
  <token id="201" number="200" sentence="8">will</token>
  <token id="202" number="201" sentence="8">redeem</token>
  <token id="203" number="202" sentence="8">9.5</token>
  <token id="204" number="203" sentence="8">million</token>
  <token id="205" number="204" sentence="8">Series</token>
  <token id="206" number="205" sentence="8">H</token>
  <token id="207" number="206" sentence="8">preferred</token>
  <token id="208" number="207" sentence="8">shares</token>
  <token id="209" number="208" sentence="8">on</token>
  <token id="210" number="209" sentence="8">Oct</token>
  <token id="211" number="210" sentence="8">.</token>
  <token id="212" number="211" sentence="8">31</token>
  <token id="213" number="212" sentence="8">at</token>
  <token id="214" number="213" sentence="8">a</token>
  <token id="215" number="214" sentence="8">price</token>
  <token id="216" number="215" sentence="8">of</token>
  <token id="217" number="216" sentence="8">C</token>
  <token id="218" number="217" sentence="8">$</token>
  <token id="219" number="218" sentence="8">27.75</token>
  <token id="220" number="219" sentence="8">each</token>
  <token id="221" number="220" sentence="8">.</token>
  <token id="222" number="221" sentence="9">The</token>
  <token id="223" number="222" sentence="9">move</token>
  <token id="224" number="223" sentence="9">was</token>
  <token id="225" number="224" sentence="9">approved</token>
  <token id="226" number="225" sentence="9">at</token>
  <token id="227" number="226" sentence="9">a</token>
  <token id="228" number="227" sentence="9">special</token>
  <token id="229" number="228" sentence="9">shareholders</token>
  <token id="230" number="229" sentence="9">'</token>
  <token id="231" number="230" sentence="9">meeting</token>
  <token id="232" number="231" sentence="9">yesterday</token>
  <token id="233" number="232" sentence="9">.</token>
  <token id="234" number="233" sentence="10">Gary</token>
  <token id="235" number="234" sentence="10">Lukassen</token>
  <token id="236" number="235" sentence="10">,</token>
  <token id="237" number="236" sentence="10">chief</token>
  <token id="238" number="237" sentence="10">financial</token>
  <token id="239" number="238" sentence="10">officer</token>
  <token id="240" number="239" sentence="10">,</token>
  <token id="241" number="240" sentence="10">said</token>
  <token id="242" number="241" sentence="10">redemption</token>
  <token id="243" number="242" sentence="10">of</token>
  <token id="244" number="243" sentence="10">the</token>
  <token id="245" number="244" sentence="10">preferred</token>
  <token id="246" number="245" sentence="10">shares</token>
  <token id="247" number="246" sentence="10">,</token>
  <token id="248" number="247" sentence="10">originally</token>
  <token id="249" number="248" sentence="10">issued</token>
  <token id="250" number="249" sentence="10">at</token>
  <token id="251" number="250" sentence="10">C</token>
  <token id="252" number="251" sentence="10">$</token>
  <token id="253" number="252" sentence="10">25</token>
  <token id="254" number="253" sentence="10">each</token>
  <token id="255" number="254" sentence="10">,</token>
  <token id="256" number="255" sentence="10">will</token>
  <token id="257" number="256" sentence="10">eliminate</token>
  <token id="258" number="257" sentence="10">dividend</token>
  <token id="259" number="258" sentence="10">payments</token>
  <token id="260" number="259" sentence="10">of</token>
  <token id="261" number="260" sentence="10">C</token>
  <token id="262" number="261" sentence="10">$</token>
  <token id="263" number="262" sentence="10">17.9</token>
  <token id="264" number="263" sentence="10">million</token>
  <token id="265" number="264" sentence="10">annually</token>
  <token id="266" number="265" sentence="10">.</token>
</Document>
