<Document doc_name="wsj_0027">
  <Markables>
    <TIMEX3 RELATED_TO="" TAG_DESCRIPTOR="Empty_Mark" beginPoint="" comment="" endPoint="" freq="" functionInDocument="CREATION_TIME" id="0" quant="" type="DATE" value="1989-11-02" />
    <EVENT aspect="NONE" certainty="" class="OCCURRENCE" comment="" factuality="" id="1" modality="NONE" polarity="POS" pos="VERB" tense="PAST">
      <token_anchor id="11" />
    </EVENT>
    <EVENT aspect="PROGRESSIVE" certainty="" class="OCCURRENCE" comment="" factuality="" id="2" modality="NONE" polarity="POS" pos="VERB" tense="PRESENT">
      <token_anchor id="20" />
    </EVENT>
    <EVENT aspect="NONE" certainty="" class="I_ACTION" comment="" factuality="" id="3" modality="NONE" polarity="POS" pos="VERB" tense="INFINITIVE">
      <token_anchor id="23" />
    </EVENT>
    <EVENT aspect="NONE" certainty="" class="OCCURRENCE" comment="" factuality="" id="4" modality="NONE" polarity="POS" pos="VERB" tense="INFINITIVE">
      <token_anchor id="24" />
    </EVENT>
    <EVENT aspect="NONE" certainty="" class="REPORTING" comment="" factuality="" id="5" modality="NONE" polarity="POS" pos="VERB" tense="PAST">
      <token_anchor id="32" />
    </EVENT>
    <EVENT aspect="NONE" certainty="" class="I_ACTION" comment="" factuality="" id="6" modality="NONE" polarity="POS" pos="VERB" tense="FUTURE">
      <token_anchor id="37" />
    </EVENT>
    <EVENT aspect="NONE" certainty="" class="I_ACTION" comment="" factuality="" id="7" modality="NONE" polarity="POS" pos="NOUN" tense="NONE">
      <token_anchor id="39" />
    </EVENT>
    <EVENT aspect="NONE" certainty="" class="OCCURRENCE" comment="" factuality="" id="8" modality="NONE" polarity="POS" pos="VERB" tense="INFINITIVE">
      <token_anchor id="41" />
    </EVENT>
    <EVENT aspect="NONE" certainty="" class="OCCURRENCE" comment="" factuality="" id="9" modality="NONE" polarity="POS" pos="VERB" tense="INFINITIVE">
      <token_anchor id="44" />
    </EVENT>
    <EVENT aspect="NONE" certainty="" class="OCCURRENCE" comment="" factuality="" id="10" modality="NONE" polarity="POS" pos="NOUN" tense="NONE">
      <token_anchor id="46" />
    </EVENT>
    <EVENT aspect="NONE" certainty="" class="OCCURRENCE" comment="" factuality="" id="11" modality="NONE" polarity="POS" pos="VERB" tense="PRESENT">
      <token_anchor id="56" />
    </EVENT>
    <EVENT aspect="NONE" certainty="" class="OCCURRENCE" comment="" factuality="" id="12" modality="NONE" polarity="POS" pos="VERB" tense="PRESENT">
      <token_anchor id="58" />
    </EVENT>
    <EVENT aspect="NONE" certainty="" class="REPORTING" comment="" factuality="" id="13" modality="NONE" polarity="POS" pos="VERB" tense="PAST">
      <token_anchor id="62" />
    </EVENT>
    <EVENT aspect="NONE" certainty="" class="OCCURRENCE" comment="" factuality="" id="14" modality="NONE" polarity="POS" pos="VERB" tense="FUTURE">
      <token_anchor id="73" />
    </EVENT>
    <EVENT aspect="NONE" certainty="" class="OCCURRENCE" comment="" factuality="" id="15" modality="NONE" polarity="POS" pos="NOUN" tense="NONE">
      <token_anchor id="79" />
    </EVENT>
    <EVENT aspect="PERFECTIVE" certainty="" class="OCCURRENCE" comment="" factuality="" id="16" modality="NONE" polarity="POS" pos="VERB" tense="PRESENT">
      <token_anchor id="81" />
    </EVENT>
    <EVENT aspect="NONE" certainty="" class="ASPECTUAL" comment="" factuality="" id="17" modality="NONE" polarity="POS" pos="VERB" tense="PRESENT">
      <token_anchor id="95" />
    </EVENT>
    <EVENT aspect="NONE" certainty="" class="OCCURRENCE" comment="" factuality="" id="18" modality="NONE" polarity="POS" pos="NOUN" tense="NONE">
      <token_anchor id="97" />
    </EVENT>
    <EVENT aspect="PERFECTIVE" certainty="" class="REPORTING" comment="" factuality="" id="19" modality="NONE" polarity="POS" pos="VERB" tense="PRESENT">
      <token_anchor id="102" />
    </EVENT>
    <EVENT aspect="NONE" certainty="" class="OCCURRENCE" comment="" factuality="" id="20" modality="NONE" polarity="POS" pos="NOUN" tense="NONE">
      <token_anchor id="103" />
    </EVENT>
    <TIMEX3 beginPoint="" comment="" endPoint="" freq="" functionInDocument="NONE" id="21" quant="" type="DURATION" value="P3Y">
      <token_anchor id="108" />
      <token_anchor id="109" />
      <token_anchor id="110" />
      <token_anchor id="111" />
      <token_anchor id="112" />
      <token_anchor id="113" />
    </TIMEX3>
    <EVENT aspect="NONE" certainty="" class="OCCURRENCE" comment="" factuality="" id="22" modality="NONE" polarity="POS" pos="NOUN" tense="NONE">
      <token_anchor id="118" />
    </EVENT>
    <TIMEX3 anchorTimeID="0" beginPoint="" comment="" endPoint="" freq="" functionInDocument="NONE" id="23" quant="" type="DATE" value="PAST_REF">
      <token_anchor id="121" />
    </TIMEX3>
    <EVENT aspect="NONE" certainty="" class="OCCURRENCE" comment="" factuality="" id="24" modality="NONE" polarity="POS" pos="VERB" tense="PAST">
      <token_anchor id="122" />
    </EVENT>
    <EVENT aspect="PROGRESSIVE" certainty="" class="OCCURRENCE" comment="" factuality="" id="25" modality="NONE" polarity="POS" pos="VERB" tense="PRESENT">
      <token_anchor id="136" />
    </EVENT>
    <TIMEX3 beginPoint="" comment="" endPoint="" freq="" functionInDocument="NONE" id="26" quant="" type="DURATION" value="P52W">
      <token_anchor id="140" />
    </TIMEX3>
    <EVENT aspect="NONE" certainty="" class="OCCURRENCE" comment="" factuality="" id="27" modality="NONE" polarity="POS" pos="NOUN" tense="NONE">
      <token_anchor id="141" />
    </EVENT>
    <TIMEX3 anchorTimeID="0" beginPoint="" comment="" endPoint="" freq="" functionInDocument="NONE" id="28" quant="" type="DATE" value="1989-11-01">
      <token_anchor id="157" />
    </TIMEX3>
    <EVENT aspect="NONE" certainty="" class="OCCURRENCE" comment="" factuality="" id="29" modality="NONE" polarity="POS" pos="VERB" tense="PAST">
      <token_anchor id="161" />
    </EVENT>
    <EVENT aspect="NONE" certainty="" class="OCCURRENCE" comment="" factuality="" id="30" modality="NONE" polarity="POS" pos="VERB" tense="PAST">
      <token_anchor id="181" />
    </EVENT>
    <TIMEX3 anchorTimeID="0" beginPoint="" comment="" endPoint="" freq="" functionInDocument="NONE" id="31" quant="" type="DATE" value="1988">
      <token_anchor id="186" />
      <token_anchor id="187" />
    </TIMEX3>
    <EVENT aspect="NONE" certainty="" class="I_ACTION" comment="" factuality="" id="32" modality="NONE" polarity="POS" pos="VERB" tense="INFINITIVE">
      <token_anchor id="189" />
    </EVENT>
    <EVENT aspect="NONE" certainty="" class="REPORTING" comment="" factuality="" id="33" modality="NONE" polarity="POS" pos="VERB" tense="PAST">
      <token_anchor id="201" />
    </EVENT>
    <EVENT aspect="NONE" certainty="" class="I_STATE" comment="" factuality="" id="34" modality="NONE" polarity="POS" pos="VERB" tense="PRESENT">
      <token_anchor id="204" />
    </EVENT>
    <EVENT aspect="NONE" certainty="" class="ASPECTUAL" comment="" factuality="" id="35" modality="NONE" polarity="POS" pos="VERB" tense="INFINITIVE">
      <token_anchor id="206" />
    </EVENT>
    <EVENT aspect="NONE" certainty="" class="OCCURRENCE" comment="" factuality="" id="36" modality="NONE" polarity="POS" pos="VERB" tense="PRESPART">
      <token_anchor id="212" />
    </EVENT>
    <EVENT aspect="NONE" certainty="" class="I_STATE" comment="" factuality="" id="37" modality="NONE" polarity="POS" pos="VERB" tense="PRESENT">
      <token_anchor id="217" />
    </EVENT>
    <EVENT aspect="NONE" certainty="" class="OCCURRENCE" comment="" factuality="" id="38" modality="NONE" polarity="POS" pos="VERB" tense="INFINITIVE">
      <token_anchor id="220" />
    </EVENT>
    <EVENT aspect="NONE" certainty="" class="REPORTING" comment="" factuality="" id="39" modality="NONE" polarity="POS" pos="VERB" tense="PAST">
      <token_anchor id="228" />
    </EVENT>
    <EVENT aspect="NONE" certainty="" class="I_ACTION" comment="" factuality="" id="40" modality="NONE" polarity="POS" pos="VERB" tense="FUTURE">
      <token_anchor id="233" />
    </EVENT>
    <EVENT aspect="NONE" certainty="" class="OCCURRENCE" comment="" factuality="" id="41" modality="NONE" polarity="POS" pos="NOUN" tense="NONE">
      <token_anchor id="235" />
    </EVENT>
    <EVENT aspect="NONE" certainty="" class="OCCURRENCE" comment="" factuality="" id="42" modality="NONE" polarity="POS" pos="VERB" tense="PASTPART">
      <token_anchor id="237" />
    </EVENT>
    <EVENT aspect="NONE" certainty="" class="OCCURRENCE" comment="" factuality="" id="43" modality="could" polarity="NEG" pos="VERB" tense="NONE">
      <token_anchor id="254" />
    </EVENT>
    <EVENT aspect="NONE" certainty="" class="REPORTING" comment="" factuality="" id="44" modality="NONE" polarity="POS" pos="VERB" tense="PAST">
      <token_anchor id="259" />
    </EVENT>
    <EVENT aspect="NONE" certainty="" class="OCCURRENCE" comment="" factuality="" id="45" modality="NONE" polarity="POS" pos="VERB" tense="PAST">
      <token_anchor id="262" />
    </EVENT>
    <EVENT aspect="NONE" certainty="" class="OCCURRENCE" comment="" factuality="" id="46" modality="NONE" polarity="POS" pos="VERB" tense="INFINITIVE">
      <token_anchor id="264" />
    </EVENT>
  </Markables>
  <Relations>
    <TLINK comment="" id="1" relType="AFTER">
      <source id="0" />
      <target id="5" />
    </TLINK>
    <TLINK comment="" id="2" relType="AFTER">
      <source id="2" />
      <target id="1" />
    </TLINK>
    <CLINK comment="" id="3">
      <source id="2" />
      <target id="4" />
    </CLINK>
    <TLINK comment="" id="4" relType="AFTER">
      <source id="6" />
      <target id="0" />
    </TLINK>
    <TLINK comment="" id="5" relType="SIMULTANEOUS">
      <source id="6" />
      <target id="7" />
    </TLINK>
    <TLINK comment="" id="6" relType="ENDED_BY">
      <source id="6" />
      <target id="11" />
    </TLINK>
    <TLINK comment="" id="7" relType="ENDED_BY">
      <source id="6" />
      <target id="12" />
    </TLINK>
    <TLINK comment="" id="8" relType="IDENTITY">
      <source id="6" />
      <target id="40" />
    </TLINK>
    <TLINK comment="" id="9" relType="IS_INCLUDED">
      <source id="10" />
      <target id="0" />
    </TLINK>
    <TLINK comment="" id="10" relType="SIMULTANEOUS">
      <source id="13" />
      <target id="5" />
    </TLINK>
    <TLINK comment="" id="11" relType="SIMULTANEOUS">
      <source id="14" />
      <target id="6" />
    </TLINK>
    <TLINK comment="" id="12" relType="BEFORE">
      <source id="15" />
      <target id="16" />
    </TLINK>
    <TLINK comment="" id="13" relType="BEFORE">
      <source id="16" />
      <target id="0" />
    </TLINK>
    <TLINK comment="" id="14" relType="SIMULTANEOUS">
      <source id="16" />
      <target id="17" />
    </TLINK>
    <TLINK comment="" id="15" relType="BEGINS">
      <source id="17" />
      <target id="18" />
    </TLINK>
    <TLINK comment="" id="16" relType="BEFORE">
      <source id="19" />
      <target id="5" />
    </TLINK>
    <TLINK comment="" id="17" relType="IS_INCLUDED">
      <source id="20" />
      <target id="21" />
    </TLINK>
    <TLINK comment="" id="18" relType="SIMULTANEOUS">
      <source id="22" />
      <target id="20" />
    </TLINK>
    <TLINK comment="" id="19" relType="BEFORE">
      <source id="23" />
      <target id="0" />
    </TLINK>
    <TLINK comment="" id="20" relType="SIMULTANEOUS">
      <source id="23" />
      <target id="24" />
    </TLINK>
    <TLINK comment="" id="21" relType="INCLUDES">
      <source id="25" />
      <target id="0" />
    </TLINK>
    <TLINK comment="" id="22" relType="ENDED_BY">
      <source id="26" />
      <target id="0" />
    </TLINK>
    <TLINK comment="" id="23" relType="INCLUDES">
      <source id="26" />
      <target id="27" />
    </TLINK>
    <TLINK comment="" id="24" relType="BEFORE">
      <source id="28" />
      <target id="0" />
    </TLINK>
    <TLINK comment="" id="25" relType="INCLUDES">
      <source id="28" />
      <target id="29" />
    </TLINK>
    <TLINK comment="" id="26" relType="BEFORE">
      <source id="31" />
      <target id="0" />
    </TLINK>
    <TLINK comment="" id="27" relType="INCLUDES">
      <source id="31" />
      <target id="30" />
    </TLINK>
    <TLINK comment="" id="28" relType="BEFORE">
      <source id="33" />
      <target id="0" />
    </TLINK>
    <TLINK comment="" id="29" relType="SIMULTANEOUS">
      <source id="33" />
      <target id="37" />
    </TLINK>
    <TLINK comment="" id="30" relType="AFTER">
      <source id="36" />
      <target id="35" />
    </TLINK>
    <TLINK comment="" id="31" relType="SIMULTANEOUS">
      <source id="39" />
      <target id="5" />
    </TLINK>
    <TLINK comment="" id="32" relType="SIMULTANEOUS">
      <source id="40" />
      <target id="42" />
    </TLINK>
    <TLINK comment="" id="33" relType="BEFORE">
      <source id="43" />
      <target id="0" />
    </TLINK>
    <TLINK comment="" id="34" relType="BEFORE">
      <source id="44" />
      <target id="0" />
    </TLINK>
  </Relations>
  <token id="1" number="0" sentence="0">Magna</token>
  <token id="2" number="1" sentence="0">International</token>
  <token id="3" number="2" sentence="0">Inc.'s</token>
  <token id="4" number="3" sentence="0">chief</token>
  <token id="5" number="4" sentence="0">financial</token>
  <token id="6" number="5" sentence="0">officer</token>
  <token id="7" number="6" sentence="0">,</token>
  <token id="8" number="7" sentence="0">James</token>
  <token id="9" number="8" sentence="0">McAlpine</token>
  <token id="10" number="9" sentence="0">,</token>
  <token id="11" number="10" sentence="0">resigned</token>
  <token id="12" number="11" sentence="0">and</token>
  <token id="13" number="12" sentence="0">its</token>
  <token id="14" number="13" sentence="0">chairman</token>
  <token id="15" number="14" sentence="0">,</token>
  <token id="16" number="15" sentence="0">Frank</token>
  <token id="17" number="16" sentence="0">Stronach</token>
  <token id="18" number="17" sentence="0">,</token>
  <token id="19" number="18" sentence="0">is</token>
  <token id="20" number="19" sentence="0">stepping</token>
  <token id="21" number="20" sentence="0">in</token>
  <token id="22" number="21" sentence="0">to</token>
  <token id="23" number="22" sentence="0">help</token>
  <token id="24" number="23" sentence="0">turn</token>
  <token id="25" number="24" sentence="0">the</token>
  <token id="26" number="25" sentence="0">automotive-parts</token>
  <token id="27" number="26" sentence="0">manufacturer</token>
  <token id="28" number="27" sentence="0">around</token>
  <token id="29" number="28" sentence="0">,</token>
  <token id="30" number="29" sentence="0">the</token>
  <token id="31" number="30" sentence="0">company</token>
  <token id="32" number="31" sentence="0">said</token>
  <token id="33" number="32" sentence="0">.</token>
  <token id="34" number="33" sentence="1">Mr.</token>
  <token id="35" number="34" sentence="1">Stronach</token>
  <token id="36" number="35" sentence="1">will</token>
  <token id="37" number="36" sentence="1">direct</token>
  <token id="38" number="37" sentence="1">an</token>
  <token id="39" number="38" sentence="1">effort</token>
  <token id="40" number="39" sentence="1">to</token>
  <token id="41" number="40" sentence="1">reduce</token>
  <token id="42" number="41" sentence="1">overhead</token>
  <token id="43" number="42" sentence="1">and</token>
  <token id="44" number="43" sentence="1">curb</token>
  <token id="45" number="44" sentence="1">capital</token>
  <token id="46" number="45" sentence="1">spending</token>
  <token id="47" number="46" sentence="1">"</token>
  <token id="48" number="47" sentence="1">until</token>
  <token id="49" number="48" sentence="1">a</token>
  <token id="50" number="49" sentence="1">more</token>
  <token id="51" number="50" sentence="1">satisfactory</token>
  <token id="52" number="51" sentence="1">level</token>
  <token id="53" number="52" sentence="1">of</token>
  <token id="54" number="53" sentence="1">profit</token>
  <token id="55" number="54" sentence="1">is</token>
  <token id="56" number="55" sentence="1">achieved</token>
  <token id="57" number="56" sentence="1">and</token>
  <token id="58" number="57" sentence="1">maintained</token>
  <token id="59" number="58" sentence="1">,</token>
  <token id="60" number="59" sentence="1">"</token>
  <token id="61" number="60" sentence="1">Magna</token>
  <token id="62" number="61" sentence="1">said</token>
  <token id="63" number="62" sentence="1">.</token>
  <token id="64" number="63" sentence="2">Stephen</token>
  <token id="65" number="64" sentence="2">Akerfeldt</token>
  <token id="66" number="65" sentence="2">,</token>
  <token id="67" number="66" sentence="2">currently</token>
  <token id="68" number="67" sentence="2">vice</token>
  <token id="69" number="68" sentence="2">president</token>
  <token id="70" number="69" sentence="2">finance</token>
  <token id="71" number="70" sentence="2">,</token>
  <token id="72" number="71" sentence="2">will</token>
  <token id="73" number="72" sentence="2">succeed</token>
  <token id="74" number="73" sentence="2">Mr.</token>
  <token id="75" number="74" sentence="2">McAlpine</token>
  <token id="76" number="75" sentence="2">.</token>
  <token id="77" number="76" sentence="3">An</token>
  <token id="78" number="77" sentence="3">ambitious</token>
  <token id="79" number="78" sentence="3">expansion</token>
  <token id="80" number="79" sentence="3">has</token>
  <token id="81" number="80" sentence="3">left</token>
  <token id="82" number="81" sentence="3">Magna</token>
  <token id="83" number="82" sentence="3">with</token>
  <token id="84" number="83" sentence="3">excess</token>
  <token id="85" number="84" sentence="3">capacity</token>
  <token id="86" number="85" sentence="3">and</token>
  <token id="87" number="86" sentence="3">a</token>
  <token id="88" number="87" sentence="3">heavy</token>
  <token id="89" number="88" sentence="3">debt</token>
  <token id="90" number="89" sentence="3">load</token>
  <token id="91" number="90" sentence="3">as</token>
  <token id="92" number="91" sentence="3">the</token>
  <token id="93" number="92" sentence="3">automotive</token>
  <token id="94" number="93" sentence="3">industry</token>
  <token id="95" number="94" sentence="3">enters</token>
  <token id="96" number="95" sentence="3">a</token>
  <token id="97" number="96" sentence="3">downturn</token>
  <token id="98" number="97" sentence="3">.</token>
  <token id="99" number="98" sentence="4">The</token>
  <token id="100" number="99" sentence="4">company</token>
  <token id="101" number="100" sentence="4">has</token>
  <token id="102" number="101" sentence="4">reported</token>
  <token id="103" number="102" sentence="4">declines</token>
  <token id="104" number="103" sentence="4">in</token>
  <token id="105" number="104" sentence="4">operating</token>
  <token id="106" number="105" sentence="4">profit</token>
  <token id="107" number="106" sentence="4">in</token>
  <token id="108" number="107" sentence="4">each</token>
  <token id="109" number="108" sentence="4">of</token>
  <token id="110" number="109" sentence="4">the</token>
  <token id="111" number="110" sentence="4">past</token>
  <token id="112" number="111" sentence="4">three</token>
  <token id="113" number="112" sentence="4">years</token>
  <token id="114" number="113" sentence="4">,</token>
  <token id="115" number="114" sentence="4">despite</token>
  <token id="116" number="115" sentence="4">steady</token>
  <token id="117" number="116" sentence="4">sales</token>
  <token id="118" number="117" sentence="4">growth</token>
  <token id="119" number="118" sentence="4">.</token>
  <token id="120" number="119" sentence="5">Magna</token>
  <token id="121" number="120" sentence="5">recently</token>
  <token id="122" number="121" sentence="5">cut</token>
  <token id="123" number="122" sentence="5">its</token>
  <token id="124" number="123" sentence="5">quarterly</token>
  <token id="125" number="124" sentence="5">dividend</token>
  <token id="126" number="125" sentence="5">in</token>
  <token id="127" number="126" sentence="5">half</token>
  <token id="128" number="127" sentence="5">and</token>
  <token id="129" number="128" sentence="5">the</token>
  <token id="130" number="129" sentence="5">company</token>
  <token id="131" number="130" sentence="5">'s</token>
  <token id="132" number="131" sentence="5">Class</token>
  <token id="133" number="132" sentence="5">A</token>
  <token id="134" number="133" sentence="5">shares</token>
  <token id="135" number="134" sentence="5">are</token>
  <token id="136" number="135" sentence="5">wallowing</token>
  <token id="137" number="136" sentence="5">far</token>
  <token id="138" number="137" sentence="5">below</token>
  <token id="139" number="138" sentence="5">their</token>
  <token id="140" number="139" sentence="5">52-week</token>
  <token id="141" number="140" sentence="5">high</token>
  <token id="142" number="141" sentence="5">of</token>
  <token id="143" number="142" sentence="5">16.125</token>
  <token id="144" number="143" sentence="5">Canadian</token>
  <token id="145" number="144" sentence="5">dollars</token>
  <token id="146" number="145" sentence="5">(</token>
  <token id="147" number="146" sentence="5">US</token>
  <token id="148" number="147" sentence="5">$</token>
  <token id="149" number="148" sentence="5">13.73</token>
  <token id="150" number="149" sentence="5">)</token>
  <token id="151" number="150" sentence="5">.</token>
  <token id="152" number="151" sentence="6">On</token>
  <token id="153" number="152" sentence="6">the</token>
  <token id="154" number="153" sentence="6">Toronto</token>
  <token id="155" number="154" sentence="6">Stock</token>
  <token id="156" number="155" sentence="6">Exchange</token>
  <token id="157" number="156" sentence="6">yesterday</token>
  <token id="158" number="157" sentence="6">,</token>
  <token id="159" number="158" sentence="6">Magna</token>
  <token id="160" number="159" sentence="6">shares</token>
  <token id="161" number="160" sentence="6">closed</token>
  <token id="162" number="161" sentence="6">up</token>
  <token id="163" number="162" sentence="6">37.5</token>
  <token id="164" number="163" sentence="6">Canadian</token>
  <token id="165" number="164" sentence="6">cents</token>
  <token id="166" number="165" sentence="6">to</token>
  <token id="167" number="166" sentence="6">C</token>
  <token id="168" number="167" sentence="6">$</token>
  <token id="169" number="168" sentence="6">9.625</token>
  <token id="170" number="169" sentence="6">.</token>
  <token id="171" number="170" sentence="7">Mr.</token>
  <token id="172" number="171" sentence="7">Stronach</token>
  <token id="173" number="172" sentence="7">,</token>
  <token id="174" number="173" sentence="7">founder</token>
  <token id="175" number="174" sentence="7">and</token>
  <token id="176" number="175" sentence="7">controlling</token>
  <token id="177" number="176" sentence="7">shareholder</token>
  <token id="178" number="177" sentence="7">of</token>
  <token id="179" number="178" sentence="7">Magna</token>
  <token id="180" number="179" sentence="7">,</token>
  <token id="181" number="180" sentence="7">resigned</token>
  <token id="182" number="181" sentence="7">as</token>
  <token id="183" number="182" sentence="7">chief</token>
  <token id="184" number="183" sentence="7">executive</token>
  <token id="185" number="184" sentence="7">officer</token>
  <token id="186" number="185" sentence="7">last</token>
  <token id="187" number="186" sentence="7">year</token>
  <token id="188" number="187" sentence="7">to</token>
  <token id="189" number="188" sentence="7">seek</token>
  <token id="190" number="189" sentence="7">,</token>
  <token id="191" number="190" sentence="7">unsuccessfully</token>
  <token id="192" number="191" sentence="7">,</token>
  <token id="193" number="192" sentence="7">a</token>
  <token id="194" number="193" sentence="7">seat</token>
  <token id="195" number="194" sentence="7">in</token>
  <token id="196" number="195" sentence="7">Canada</token>
  <token id="197" number="196" sentence="7">'s</token>
  <token id="198" number="197" sentence="7">Parliament</token>
  <token id="199" number="198" sentence="7">.</token>
  <token id="200" number="199" sentence="8">Analysts</token>
  <token id="201" number="200" sentence="8">said</token>
  <token id="202" number="201" sentence="8">Mr.</token>
  <token id="203" number="202" sentence="8">Stronach</token>
  <token id="204" number="203" sentence="8">wants</token>
  <token id="205" number="204" sentence="8">to</token>
  <token id="206" number="205" sentence="8">resume</token>
  <token id="207" number="206" sentence="8">a</token>
  <token id="208" number="207" sentence="8">more</token>
  <token id="209" number="208" sentence="8">influential</token>
  <token id="210" number="209" sentence="8">role</token>
  <token id="211" number="210" sentence="8">in</token>
  <token id="212" number="211" sentence="8">running</token>
  <token id="213" number="212" sentence="8">the</token>
  <token id="214" number="213" sentence="8">company</token>
  <token id="215" number="214" sentence="8">.</token>
  <token id="216" number="215" sentence="9">They</token>
  <token id="217" number="216" sentence="9">expect</token>
  <token id="218" number="217" sentence="9">him</token>
  <token id="219" number="218" sentence="9">to</token>
  <token id="220" number="219" sentence="9">cut</token>
  <token id="221" number="220" sentence="9">costs</token>
  <token id="222" number="221" sentence="9">throughout</token>
  <token id="223" number="222" sentence="9">the</token>
  <token id="224" number="223" sentence="9">organization</token>
  <token id="225" number="224" sentence="9">.</token>
  <token id="226" number="225" sentence="10">The</token>
  <token id="227" number="226" sentence="10">company</token>
  <token id="228" number="227" sentence="10">said</token>
  <token id="229" number="228" sentence="10">Mr.</token>
  <token id="230" number="229" sentence="10">Stronach</token>
  <token id="231" number="230" sentence="10">will</token>
  <token id="232" number="231" sentence="10">personally</token>
  <token id="233" number="232" sentence="10">direct</token>
  <token id="234" number="233" sentence="10">the</token>
  <token id="235" number="234" sentence="10">restructuring</token>
  <token id="236" number="235" sentence="10">,</token>
  <token id="237" number="236" sentence="10">assisted</token>
  <token id="238" number="237" sentence="10">by</token>
  <token id="239" number="238" sentence="10">Manfred</token>
  <token id="240" number="239" sentence="10">Gingl</token>
  <token id="241" number="240" sentence="10">,</token>
  <token id="242" number="241" sentence="10">president</token>
  <token id="243" number="242" sentence="10">and</token>
  <token id="244" number="243" sentence="10">chief</token>
  <token id="245" number="244" sentence="10">executive</token>
  <token id="246" number="245" sentence="10">.</token>
  <token id="247" number="246" sentence="11">Neither</token>
  <token id="248" number="247" sentence="11">they</token>
  <token id="249" number="248" sentence="11">nor</token>
  <token id="250" number="249" sentence="11">Mr.</token>
  <token id="251" number="250" sentence="11">McAlpine</token>
  <token id="252" number="251" sentence="11">could</token>
  <token id="253" number="252" sentence="11">be</token>
  <token id="254" number="253" sentence="11">reached</token>
  <token id="255" number="254" sentence="11">for</token>
  <token id="256" number="255" sentence="11">comment</token>
  <token id="257" number="256" sentence="11">.</token>
  <token id="258" number="257" sentence="12">Magna</token>
  <token id="259" number="258" sentence="12">said</token>
  <token id="260" number="259" sentence="12">Mr.</token>
  <token id="261" number="260" sentence="12">McAlpine</token>
  <token id="262" number="261" sentence="12">resigned</token>
  <token id="263" number="262" sentence="12">to</token>
  <token id="264" number="263" sentence="12">pursue</token>
  <token id="265" number="264" sentence="12">a</token>
  <token id="266" number="265" sentence="12">consulting</token>
  <token id="267" number="266" sentence="12">career</token>
  <token id="268" number="267" sentence="12">,</token>
  <token id="269" number="268" sentence="12">with</token>
  <token id="270" number="269" sentence="12">Magna</token>
  <token id="271" number="270" sentence="12">as</token>
  <token id="272" number="271" sentence="12">one</token>
  <token id="273" number="272" sentence="12">of</token>
  <token id="274" number="273" sentence="12">his</token>
  <token id="275" number="274" sentence="12">clients</token>
  <token id="276" number="275" sentence="12">.</token>
</Document>
