<Document doc_name="wsj_0815">
  <Markables>
    <TIMEX3 RELATED_TO="" TAG_DESCRIPTOR="Empty_Mark" beginPoint="" comment="" endPoint="" freq="" functionInDocument="CREATION_TIME" id="0" quant="" type="DATE" value="1989-10-27" />
    <EVENT aspect="NONE" certainty="" class="REPORTING" comment="" factuality="" id="1" modality="NONE" polarity="POS" pos="VERB" tense="PAST">
      <token_anchor id="4" />
    </EVENT>
    <EVENT aspect="PROGRESSIVE" certainty="" class="ASPECTUAL" comment="" factuality="" id="2" modality="NONE" polarity="POS" pos="VERB" tense="PRESENT">
      <token_anchor id="7" />
    </EVENT>
    <EVENT aspect="NONE" certainty="" class="OCCURRENCE" comment="" factuality="" id="3" modality="NONE" polarity="POS" pos="NOUN" tense="NONE">
      <token_anchor id="8" />
    </EVENT>
    <EVENT aspect="PERFECTIVE" certainty="" class="OCCURRENCE" comment="" factuality="" id="4" modality="NONE" polarity="NEG" pos="VERB" tense="PRESENT">
      <token_anchor id="18" />
    </EVENT>
    <EVENT aspect="NONE" certainty="" class="OCCURRENCE" comment="" factuality="" id="5" modality="NONE" polarity="POS" pos="NOUN" tense="NONE">
      <token_anchor id="23" />
    </EVENT>
    <EVENT aspect="PROGRESSIVE" certainty="" class="I_STATE" comment="" factuality="" id="6" modality="NONE" polarity="POS" pos="VERB" tense="PRESENT">
      <token_anchor id="37" />
    </EVENT>
    <EVENT aspect="NONE" certainty="" class="OCCURRENCE" comment="" factuality="" id="7" modality="NONE" polarity="POS" pos="NOUN" tense="NONE">
      <token_anchor id="45" />
    </EVENT>
    <EVENT aspect="PROGRESSIVE" certainty="" class="OCCURRENCE" comment="" factuality="" id="8" modality="NONE" polarity="POS" pos="VERB" tense="PRESENT">
      <token_anchor id="63" />
    </EVENT>
    <EVENT aspect="NONE" certainty="" class="I_ACTION" comment="" factuality="" id="9" modality="NONE" polarity="POS" pos="VERB" tense="INFINITIVE">
      <token_anchor id="65" />
    </EVENT>
    <EVENT aspect="NONE" certainty="" class="OCCURRENCE" comment="" factuality="" id="10" modality="NONE" polarity="POS" pos="VERB" tense="INFINITIVE">
      <token_anchor id="67" />
    </EVENT>
    <EVENT aspect="NONE" certainty="" class="REPORTING" comment="" factuality="" id="11" modality="NONE" polarity="POS" pos="VERB" tense="PAST">
      <token_anchor id="79" />
    </EVENT>
    <EVENT aspect="NONE" certainty="" class="I_STATE" comment="" factuality="" id="12" modality="NONE" polarity="POS" pos="VERB" tense="PRESENT">
      <token_anchor id="82" />
    </EVENT>
    <EVENT aspect="NONE" certainty="" class="OCCURRENCE" comment="" factuality="" id="13" modality="NONE" polarity="POS" pos="VERB" tense="INFINITIVE">
      <token_anchor id="84" />
    </EVENT>
    <EVENT aspect="NONE" certainty="" class="OCCURRENCE" comment="" factuality="" id="14" modality="NONE" polarity="POS" pos="NOUN" tense="NONE">
      <token_anchor id="89" />
    </EVENT>
    <EVENT aspect="NONE" certainty="" class="I_ACTION" comment="" factuality="" id="15" modality="NONE" polarity="NEG" pos="NOUN" tense="NONE">
      <token_anchor id="97" />
    </EVENT>
  </Markables>
  <Relations>
    <TLINK comment="" id="1" relType="BEFORE">
      <source id="1" />
      <target id="0" />
    </TLINK>
    <TLINK comment="" id="2" relType="AFTER">
      <source id="4" />
      <target id="3" />
    </TLINK>
    <TLINK comment="" id="3" relType="INCLUDES">
      <source id="6" />
      <target id="0" />
    </TLINK>
    <TLINK comment="" id="4" relType="SIMULTANEOUS">
      <source id="6" />
      <target id="2" />
    </TLINK>
    <TLINK comment="" id="5" relType="AFTER">
      <source id="6" />
      <target id="7" />
    </TLINK>
    <TLINK comment="" id="6" relType="INCLUDES">
      <source id="8" />
      <target id="0" />
    </TLINK>
    <TLINK comment="" id="7" relType="BEFORE">
      <source id="11" />
      <target id="0" />
    </TLINK>
    <TLINK comment="" id="8" relType="AFTER">
      <source id="13" />
      <target id="14" />
    </TLINK>
    <TLINK comment="" id="9" relType="AFTER">
      <source id="13" />
      <target id="15" />
    </TLINK>
  </Relations>
  <token id="1" number="0" sentence="0">Di</token>
  <token id="2" number="1" sentence="0">Giorgio</token>
  <token id="3" number="2" sentence="0">Corp.</token>
  <token id="4" number="3" sentence="0">said</token>
  <token id="5" number="4" sentence="0">it</token>
  <token id="6" number="5" sentence="0">'s</token>
  <token id="7" number="6" sentence="0">continuing</token>
  <token id="8" number="7" sentence="0">talks</token>
  <token id="9" number="8" sentence="0">with</token>
  <token id="10" number="9" sentence="0">potential</token>
  <token id="11" number="10" sentence="0">buyers</token>
  <token id="12" number="11" sentence="0">of</token>
  <token id="13" number="12" sentence="0">certain</token>
  <token id="14" number="13" sentence="0">units</token>
  <token id="15" number="14" sentence="0">,</token>
  <token id="16" number="15" sentence="0">but</token>
  <token id="17" number="16" sentence="0">has</token>
  <token id="18" number="17" sentence="0">reached</token>
  <token id="19" number="18" sentence="0">no</token>
  <token id="20" number="19" sentence="0">agreement</token>
  <token id="21" number="20" sentence="0">on</token>
  <token id="22" number="21" sentence="0">any</token>
  <token id="23" number="22" sentence="0">deals</token>
  <token id="24" number="23" sentence="0">.</token>
  <token id="25" number="24" sentence="1">Di</token>
  <token id="26" number="25" sentence="1">Giorgio</token>
  <token id="27" number="26" sentence="1">,</token>
  <token id="28" number="27" sentence="1">a</token>
  <token id="29" number="28" sentence="1">food</token>
  <token id="30" number="29" sentence="1">wholesaler</token>
  <token id="31" number="30" sentence="1">and</token>
  <token id="32" number="31" sentence="1">building</token>
  <token id="33" number="32" sentence="1">products</token>
  <token id="34" number="33" sentence="1">maker</token>
  <token id="35" number="34" sentence="1">,</token>
  <token id="36" number="35" sentence="1">is</token>
  <token id="37" number="36" sentence="1">seeking</token>
  <token id="38" number="37" sentence="1">alternatives</token>
  <token id="39" number="38" sentence="1">to</token>
  <token id="40" number="39" sentence="1">an</token>
  <token id="41" number="40" sentence="1">unsolicited</token>
  <token id="42" number="41" sentence="1">$</token>
  <token id="43" number="42" sentence="1">32-a-share</token>
  <token id="44" number="43" sentence="1">tender</token>
  <token id="45" number="44" sentence="1">offer</token>
  <token id="46" number="45" sentence="1">of</token>
  <token id="47" number="46" sentence="1">DIG</token>
  <token id="48" number="47" sentence="1">Acquisition</token>
  <token id="49" number="48" sentence="1">Corp.,</token>
  <token id="50" number="49" sentence="1">a</token>
  <token id="51" number="50" sentence="1">unit</token>
  <token id="52" number="51" sentence="1">of</token>
  <token id="53" number="52" sentence="1">Rose</token>
  <token id="54" number="53" sentence="1">Partners</token>
  <token id="55" number="54" sentence="1">Limited</token>
  <token id="56" number="55" sentence="1">Partnership</token>
  <token id="57" number="56" sentence="1">.</token>
  <token id="58" number="57" sentence="2">DIG</token>
  <token id="59" number="58" sentence="2">is</token>
  <token id="60" number="59" sentence="2">the</token>
  <token id="61" number="60" sentence="2">vehicle</token>
  <token id="62" number="61" sentence="2">being</token>
  <token id="63" number="62" sentence="2">used</token>
  <token id="64" number="63" sentence="2">to</token>
  <token id="65" number="64" sentence="2">pursue</token>
  <token id="66" number="65" sentence="2">to</token>
  <token id="67" number="66" sentence="2">acquisition</token>
  <token id="68" number="67" sentence="2">.</token>
  <token id="69" number="68" sentence="3">Robert</token>
  <token id="70" number="69" sentence="3">Mellor</token>
  <token id="71" number="70" sentence="3">,</token>
  <token id="72" number="71" sentence="3">Di</token>
  <token id="73" number="72" sentence="3">Giorgio</token>
  <token id="74" number="73" sentence="3">'s</token>
  <token id="75" number="74" sentence="3">executive</token>
  <token id="76" number="75" sentence="3">vice</token>
  <token id="77" number="76" sentence="3">president</token>
  <token id="78" number="77" sentence="3">,</token>
  <token id="79" number="78" sentence="3">said</token>
  <token id="80" number="79" sentence="3">the</token>
  <token id="81" number="80" sentence="3">company</token>
  <token id="82" number="81" sentence="3">stands</token>
  <token id="83" number="82" sentence="3">to</token>
  <token id="84" number="83" sentence="3">reap</token>
  <token id="85" number="84" sentence="3">more</token>
  <token id="86" number="85" sentence="3">money</token>
  <token id="87" number="86" sentence="3">through</token>
  <token id="88" number="87" sentence="3">the</token>
  <token id="89" number="88" sentence="3">sale</token>
  <token id="90" number="89" sentence="3">of</token>
  <token id="91" number="90" sentence="3">individual</token>
  <token id="92" number="91" sentence="3">units</token>
  <token id="93" number="92" sentence="3">to</token>
  <token id="94" number="93" sentence="3">others</token>
  <token id="95" number="94" sentence="3">than</token>
  <token id="96" number="95" sentence="3">by</token>
  <token id="97" number="96" sentence="3">accepting</token>
  <token id="98" number="97" sentence="3">DIG</token>
  <token id="99" number="98" sentence="3">'s</token>
  <token id="100" number="99" sentence="3">offer</token>
  <token id="101" number="100" sentence="3">.</token>
</Document>
