<Document doc_name="wsj_0533">
  <Markables>
    <TIMEX3 RELATED_TO="" TAG_DESCRIPTOR="Empty_Mark" beginPoint="" comment="" endPoint="" freq="" functionInDocument="CREATION_TIME" id="0" quant="" type="DATE" value="1989-10-30" />
    <EVENT aspect="NONE" certainty="" class="OCCURRENCE" comment="" factuality="" id="1" modality="NONE" polarity="POS" pos="VERB" tense="PAST">
      <token_anchor id="7" />
    </EVENT>
    <EVENT aspect="NONE" certainty="" class="I_ACTION" comment="" factuality="" id="2" modality="NONE" polarity="POS" pos="NOUN" tense="NONE">
      <token_anchor id="9" />
    </EVENT>
    <EVENT aspect="NONE" certainty="" class="OCCURRENCE" comment="" factuality="" id="3" modality="NONE" polarity="POS" pos="VERB" tense="INFINITIVE">
      <token_anchor id="11" />
    </EVENT>
    <TIMEX3 anchorTimeID="0" beginPoint="" comment="" endPoint="" freq="" functionInDocument="NONE" id="4" quant="" type="DATE" value="1989-10-27">
      <token_anchor id="16" />
    </TIMEX3>
    <EVENT aspect="NONE" certainty="" class="OCCURRENCE" comment="" factuality="" id="5" modality="NONE" polarity="POS" pos="VERB" tense="PAST">
      <token_anchor id="22" />
    </EVENT>
    <EVENT aspect="NONE" certainty="" class="REPORTING" comment="" factuality="" id="6" modality="NONE" polarity="POS" pos="VERB" tense="PAST">
      <token_anchor id="43" />
    </EVENT>
    <EVENT aspect="NONE" certainty="" class="OCCURRENCE" comment="" factuality="" id="7" modality="would" polarity="POS" pos="VERB" tense="NONE">
      <token_anchor id="46" />
    </EVENT>
    <EVENT aspect="NONE" certainty="" class="OCCURRENCE" comment="" factuality="" id="8" modality="NONE" polarity="POS" pos="NOUN" tense="NONE">
      <token_anchor id="48" />
    </EVENT>
    <EVENT aspect="NONE" certainty="" class="OCCURRENCE" comment="" factuality="" id="9" modality="NONE" polarity="POS" pos="VERB" tense="INFINITIVE">
      <token_anchor id="52" />
    </EVENT>
    <TIMEX3 anchorTimeID="0" beginPoint="" comment="" endPoint="" freq="" functionInDocument="NONE" id="10" quant="" type="DATE" value="1989-10-26">
      <token_anchor id="53" />
      <token_anchor id="54" />
    </TIMEX3>
    <TIMEX3 anchorTimeID="0" beginPoint="" comment="" endPoint="" freq="" functionInDocument="NONE" id="11" quant="" type="DATE" value="1989-11-06">
      <token_anchor id="57" />
      <token_anchor id="58" />
      <token_anchor id="59" />
    </TIMEX3>
    <EVENT aspect="NONE" certainty="" class="OCCURRENCE" comment="" factuality="" id="12" modality="NONE" polarity="POS" pos="NOUN" tense="NONE">
      <token_anchor id="65" />
    </EVENT>
    <EVENT aspect="NONE" certainty="" class="OCCURRENCE" comment="" factuality="" id="13" modality="NONE" polarity="POS" pos="VERB" tense="PAST">
      <token_anchor id="89" />
    </EVENT>
    <TIMEX3 anchorTimeID="0" beginPoint="" comment="" endPoint="" freq="" functionInDocument="NONE" id="14" quant="" type="DATE" value="1989-11-16">
      <token_anchor id="91" />
      <token_anchor id="92" />
      <token_anchor id="93" />
    </TIMEX3>
    <EVENT aspect="NONE" certainty="" class="OCCURRENCE" comment="" factuality="" id="15" modality="NONE" polarity="POS" pos="VERB" tense="INFINITIVE">
      <token_anchor id="100" />
    </EVENT>
    <TIMEX3 anchorTimeID="0" beginPoint="" comment="" endPoint="" freq="" functionInDocument="NONE" id="16" quant="" type="TIME" value="1989-10-27TEV">
      <token_anchor id="101" />
      <token_anchor id="102" />
    </TIMEX3>
    <EVENT aspect="NONE" certainty="" class="REPORTING" comment="" factuality="" id="17" modality="NONE" polarity="POS" pos="VERB" tense="PAST">
      <token_anchor id="106" />
    </EVENT>
    <EVENT aspect="NONE" certainty="" class="I_ACTION" comment="" factuality="" id="18" modality="would" polarity="POS" pos="VERB" tense="NONE">
      <token_anchor id="109" />
    </EVENT>
    <EVENT aspect="NONE" certainty="" class="ASPECTUAL" comment="" factuality="" id="19" modality="NONE" polarity="POS" pos="VERB" tense="PAST">
      <token_anchor id="112" />
    </EVENT>
    <EVENT aspect="NONE" certainty="" class="I_ACTION" comment="" factuality="" id="20" modality="NONE" polarity="POS" pos="NOUN" tense="NONE">
      <token_anchor id="117" />
    </EVENT>
    <EVENT aspect="NONE" certainty="" class="I_ACTION" comment="" factuality="" id="21" modality="NONE" polarity="POS" pos="VERB" tense="INFINITIVE">
      <token_anchor id="124" />
    </EVENT>
    <EVENT aspect="NONE" certainty="" class="OCCURRENCE" comment="" factuality="" id="22" modality="NONE" polarity="POS" pos="NOUN" tense="NONE">
      <token_anchor id="126" />
    </EVENT>
    <EVENT aspect="NONE" certainty="" class="REPORTING" comment="" factuality="" id="23" modality="NONE" polarity="POS" pos="VERB" tense="PAST">
      <token_anchor id="154" />
    </EVENT>
    <EVENT aspect="NONE" certainty="" class="I_STATE" comment="" factuality="" id="24" modality="NONE" polarity="NEG" pos="VERB" tense="PAST">
      <token_anchor id="160" />
    </EVENT>
    <EVENT aspect="NONE" certainty="" class="OCCURRENCE" comment="" factuality="" id="25" modality="NONE" polarity="POS" pos="VERB" tense="PAST">
      <token_anchor id="173" />
    </EVENT>
    <TIMEX3 anchorTimeID="0" beginPoint="" comment="" endPoint="" freq="" functionInDocument="NONE" id="26" quant="" type="DATE" value="1989-11">
      <token_anchor id="177" />
    </TIMEX3>
    <EVENT aspect="NONE" certainty="" class="OCCURRENCE" comment="" factuality="" id="27" modality="NONE" polarity="POS" pos="VERB" tense="INFINITIVE">
      <token_anchor id="179" />
    </EVENT>
    <EVENT aspect="NONE" certainty="" class="REPORTING" comment="" factuality="" id="28" modality="NONE" polarity="POS" pos="VERB" tense="PAST">
      <token_anchor id="185" />
    </EVENT>
    <TIMEX3 anchorTimeID="0" beginPoint="" comment="" endPoint="" freq="" functionInDocument="NONE" id="29" quant="" type="DATE" value="1989-WXX">
      <token_anchor id="186" />
      <token_anchor id="187" />
    </TIMEX3>
    <EVENT aspect="NONE" certainty="" class="OCCURRENCE" comment="" factuality="" id="30" modality="NONE" polarity="POS" pos="VERB" tense="FUTURE">
      <token_anchor id="199" />
    </EVENT>
    <EVENT aspect="NONE" certainty="" class="OCCURRENCE" comment="" factuality="" id="31" modality="NONE" polarity="POS" pos="VERB" tense="PRESENT">
      <token_anchor id="202" />
    </EVENT>
    <EVENT aspect="NONE" certainty="" class="REPORTING" comment="" factuality="" id="32" modality="NONE" polarity="POS" pos="VERB" tense="PAST">
      <token_anchor id="249" />
    </EVENT>
    <EVENT aspect="NONE" certainty="" class="ASPECTUAL" comment="" factuality="" id="33" modality="NONE" polarity="POS" pos="NOUN" tense="NONE">
      <token_anchor id="253" />
    </EVENT>
    <TIMEX3 anchorTimeID="0" beginPoint="" comment="" endPoint="" freq="" functionInDocument="NONE" id="34" quant="" type="DATE" value="1989-10-26">
      <token_anchor id="256" />
    </TIMEX3>
    <EVENT aspect="PERFECTIVE" certainty="" class="OCCURRENCE" comment="" factuality="" id="35" modality="NONE" polarity="POS" pos="VERB" tense="PAST">
      <token_anchor id="280" />
    </EVENT>
    <EVENT aspect="NONE" certainty="" class="OCCURRENCE" comment="" factuality="" id="36" modality="NONE" polarity="POS" pos="NOUN" tense="NONE">
      <token_anchor id="283" />
    </EVENT>
    <EVENT aspect="NONE" certainty="" class="ASPECTUAL" comment="" factuality="" id="37" modality="NONE" polarity="POS" pos="NOUN" tense="NONE">
      <token_anchor id="287" />
    </EVENT>
    <TIMEX3 anchorTimeID="0" beginPoint="" comment="" endPoint="" freq="" functionInDocument="NONE" id="38" quant="" type="DATE" value="1989-10-26">
      <token_anchor id="290" />
    </TIMEX3>
    <EVENT aspect="NONE" certainty="" class="REPORTING" comment="" factuality="" id="39" modality="NONE" polarity="POS" pos="VERB" tense="PAST">
      <token_anchor id="297" />
    </EVENT>
    <EVENT aspect="PERFECTIVE" certainty="" class="OCCURRENCE" comment="" factuality="" id="40" modality="NONE" polarity="POS" pos="VERB" tense="PAST">
      <token_anchor id="303" />
    </EVENT>
    <EVENT aspect="NONE" certainty="" class="OCCURRENCE" comment="" factuality="" id="41" modality="NONE" polarity="POS" pos="NOUN" tense="NONE">
      <token_anchor id="306" />
    </EVENT>
    <EVENT aspect="NONE" certainty="" class="REPORTING" comment="" factuality="" id="42" modality="NONE" polarity="POS" pos="NOUN" tense="NONE">
      <token_anchor id="310" />
    </EVENT>
    <EVENT aspect="NONE" certainty="" class="STATE" comment="" factuality="" id="43" modality="NONE" polarity="POS" pos="VERB" tense="PAST">
      <token_anchor id="313" />
    </EVENT>
    <EVENT aspect="NONE" certainty="" class="REPORTING" comment="" factuality="" id="44" modality="NONE" polarity="POS" pos="VERB" tense="PAST">
      <token_anchor id="325" />
    </EVENT>
    <EVENT aspect="NONE" certainty="" class="I_ACTION" comment="" factuality="" id="45" modality="NONE" polarity="POS" pos="VERB" tense="FUTURE">
      <token_anchor id="328" />
    </EVENT>
    <EVENT aspect="NONE" certainty="" class="STATE" comment="" factuality="" id="46" modality="NONE" polarity="POS" pos="NOUN" tense="NONE">
      <token_anchor id="331" />
    </EVENT>
    <EVENT aspect="NONE" certainty="" class="OCCURRENCE" comment="" factuality="" id="47" modality="NONE" polarity="POS" pos="VERB" tense="PASTPART">
      <token_anchor id="335" />
    </EVENT>
    <EVENT aspect="NONE" certainty="" class="REPORTING" comment="" factuality="" id="48" modality="NONE" polarity="POS" pos="VERB" tense="PAST">
      <token_anchor id="364" />
    </EVENT>
    <EVENT aspect="NONE" certainty="" class="I_ACTION" comment="" factuality="" id="49" modality="NONE" polarity="POS" pos="VERB" tense="PAST">
      <token_anchor id="366" />
    </EVENT>
    <C-SIGNAL id="50">
      <token_anchor id="368" />
      <token_anchor id="369" />
      <token_anchor id="370" />
      <token_anchor id="371" />
    </C-SIGNAL>
    <EVENT aspect="NONE" certainty="" class="I_STATE" comment="" factuality="" id="51" modality="NONE" polarity="POS" pos="VERB" tense="PRESPART">
      <token_anchor id="372" />
    </EVENT>
    <EVENT aspect="NONE" certainty="" class="STATE" comment="" factuality="" id="52" modality="NONE" polarity="POS" pos="ADJECTIVE" tense="PRESENT">
      <token_anchor id="382" />
    </EVENT>
    <EVENT aspect="PERFECTIVE" certainty="" class="I_ACTION" comment="" factuality="" id="53" modality="NONE" polarity="POS" pos="VERB" tense="PAST">
      <token_anchor id="416" />
    </EVENT>
    <EVENT aspect="NONE" certainty="" class="OCCURRENCE" comment="" factuality="" id="54" modality="NONE" polarity="POS" pos="NOUN" tense="NONE">
      <token_anchor id="418" />
    </EVENT>
    <EVENT aspect="NONE" certainty="" class="I_ACTION" comment="" factuality="" id="55" modality="NONE" polarity="POS" pos="VERB" tense="PRESPART">
      <token_anchor id="424" />
    </EVENT>
    <EVENT aspect="NONE" certainty="" class="I_ACTION" comment="" factuality="" id="56" modality="NONE" polarity="POS" pos="VERB" tense="PRESPART">
      <token_anchor id="426" />
    </EVENT>
    <EVENT aspect="NONE" certainty="" class="OCCURRENCE" comment="" factuality="" id="57" modality="NONE" polarity="POS" pos="NOUN" tense="NONE">
      <token_anchor id="428" />
    </EVENT>
  </Markables>
  <Relations>
    <TLINK comment="" id="1" relType="BEFORE">
      <source id="1" />
      <target id="0" />
    </TLINK>
    <TLINK comment="" id="2" relType="IS_INCLUDED">
      <source id="1" />
      <target id="4" />
    </TLINK>
    <TLINK comment="" id="3" relType="IS_INCLUDED">
      <source id="5" />
      <target id="2" />
    </TLINK>
    <TLINK comment="" id="4" relType="BEFORE">
      <source id="5" />
      <target id="6" />
    </TLINK>
    <TLINK comment="" id="5" relType="BEFORE">
      <source id="6" />
      <target id="0" />
    </TLINK>
    <TLINK comment="" id="6" relType="IS_INCLUDED">
      <source id="7" />
      <target id="1" />
    </TLINK>
    <TLINK comment="" id="7" relType="IDENTITY">
      <source id="8" />
      <target id="5" />
    </TLINK>
    <TLINK comment="" id="8" relType="ENDED_BY">
      <source id="8" />
      <target id="9" />
    </TLINK>
    <TLINK comment="" id="9" relType="IS_INCLUDED">
      <source id="9" />
      <target id="10" />
    </TLINK>
    <TLINK comment="" id="10" relType="IS_INCLUDED">
      <source id="9" />
      <target id="11" />
    </TLINK>
    <TLINK comment="" id="11" relType="IS_INCLUDED">
      <source id="12" />
      <target id="2" />
    </TLINK>
    <TLINK comment="" id="12" relType="IS_INCLUDED">
      <source id="13" />
      <target id="1" />
    </TLINK>
    <TLINK comment="" id="13" relType="IS_INCLUDED">
      <source id="15" />
      <target id="14" />
    </TLINK>
    <TLINK comment="" id="14" relType="IS_INCLUDED">
      <source id="15" />
      <target id="16" />
    </TLINK>
    <TLINK comment="" id="15" relType="BEFORE">
      <source id="17" />
      <target id="6" />
    </TLINK>
    <TLINK comment="" id="16" relType="BEFORE">
      <source id="23" />
      <target id="17" />
    </TLINK>
    <TLINK comment="" id="17" relType="SIMULTANEOUS">
      <source id="23" />
      <target id="25" />
    </TLINK>
    <TLINK comment="" id="18" relType="BEFORE">
      <source id="27" />
      <target id="26" />
    </TLINK>
    <TLINK comment="" id="19" relType="IS_INCLUDED">
      <source id="28" />
      <target id="29" />
    </TLINK>
    <TLINK comment="" id="20" relType="AFTER">
      <source id="30" />
      <target id="31" />
    </TLINK>
    <TLINK comment="" id="21" relType="BEFORE">
      <source id="32" />
      <target id="0" />
    </TLINK>
    <TLINK comment="" id="22" relType="IS_INCLUDED">
      <source id="33" />
      <target id="34" />
    </TLINK>
    <TLINK comment="" id="23" relType="SIMULTANEOUS">
      <source id="35" />
      <target id="33" />
    </TLINK>
    <TLINK comment="" id="24" relType="IS_INCLUDED">
      <source id="37" />
      <target id="38" />
    </TLINK>
    <TLINK comment="" id="25" relType="IS_INCLUDED">
      <source id="39" />
      <target id="37" />
    </TLINK>
    <TLINK comment="" id="26" relType="BEFORE">
      <source id="42" />
      <target id="0" />
    </TLINK>
    <TLINK comment="" id="27" relType="BEFORE">
      <source id="44" />
      <target id="0" />
    </TLINK>
    <TLINK comment="" id="28" relType="AFTER">
      <source id="45" />
      <target id="47" />
    </TLINK>
    <TLINK comment="" id="29" relType="BEFORE">
      <source id="48" />
      <target id="0" />
    </TLINK>
    <TLINK comment="" id="30" relType="AFTER">
      <source id="49" />
      <target id="51" />
    </TLINK>
    <CLINK c-signalID="50" comment="" id="31">
      <source id="51" />
      <target id="52" />
    </CLINK>
    <TLINK comment="" id="32" relType="BEFORE">
      <source id="53" />
      <target id="0" />
    </TLINK>
    <CLINK comment="" id="33">
      <source id="54" />
      <target id="55" />
    </CLINK>
    <CLINK comment="" id="34">
      <source id="54" />
      <target id="56" />
    </CLINK>
  </Relations>
  <token id="1" number="0" sentence="0">Two</token>
  <token id="2" number="1" sentence="0">rival</token>
  <token id="3" number="2" sentence="0">bidders</token>
  <token id="4" number="3" sentence="0">for</token>
  <token id="5" number="4" sentence="0">Connaught</token>
  <token id="6" number="5" sentence="0">BioSciences</token>
  <token id="7" number="6" sentence="0">extended</token>
  <token id="8" number="7" sentence="0">their</token>
  <token id="9" number="8" sentence="0">offers</token>
  <token id="10" number="9" sentence="0">to</token>
  <token id="11" number="10" sentence="0">acquire</token>
  <token id="12" number="11" sentence="0">the</token>
  <token id="13" number="12" sentence="0">Toronto-based</token>
  <token id="14" number="13" sentence="0">vaccine</token>
  <token id="15" number="14" sentence="0">manufacturer</token>
  <token id="16" number="15" sentence="0">Friday</token>
  <token id="17" number="16" sentence="0">.</token>
  <token id="18" number="17" sentence="1">Institut</token>
  <token id="19" number="18" sentence="1">Merieux</token>
  <token id="20" number="19" sentence="1">S.A.,</token>
  <token id="21" number="20" sentence="1">which</token>
  <token id="22" number="21" sentence="1">offered</token>
  <token id="23" number="22" sentence="1">942</token>
  <token id="24" number="23" sentence="1">million</token>
  <token id="25" number="24" sentence="1">Canadian</token>
  <token id="26" number="25" sentence="1">dollars</token>
  <token id="27" number="26" sentence="1">(</token>
  <token id="28" number="27" sentence="1">US</token>
  <token id="29" number="28" sentence="1">$</token>
  <token id="30" number="29" sentence="1">801.2</token>
  <token id="31" number="30" sentence="1">million</token>
  <token id="32" number="31" sentence="1">)</token>
  <token id="33" number="32" sentence="1">,</token>
  <token id="34" number="33" sentence="1">or</token>
  <token id="35" number="34" sentence="1">C</token>
  <token id="36" number="35" sentence="1">$</token>
  <token id="37" number="36" sentence="1">37</token>
  <token id="38" number="37" sentence="1">a</token>
  <token id="39" number="38" sentence="1">share</token>
  <token id="40" number="39" sentence="1">for</token>
  <token id="41" number="40" sentence="1">Connaught</token>
  <token id="42" number="41" sentence="1">,</token>
  <token id="43" number="42" sentence="1">said</token>
  <token id="44" number="43" sentence="1">it</token>
  <token id="45" number="44" sentence="1">would</token>
  <token id="46" number="45" sentence="1">extend</token>
  <token id="47" number="46" sentence="1">its</token>
  <token id="48" number="47" sentence="1">bid</token>
  <token id="49" number="48" sentence="1">,</token>
  <token id="50" number="49" sentence="1">due</token>
  <token id="51" number="50" sentence="1">to</token>
  <token id="52" number="51" sentence="1">expire</token>
  <token id="53" number="52" sentence="1">last</token>
  <token id="54" number="53" sentence="1">Thursday</token>
  <token id="55" number="54" sentence="1">,</token>
  <token id="56" number="55" sentence="1">to</token>
  <token id="57" number="56" sentence="1">Nov</token>
  <token id="58" number="57" sentence="1">.</token>
  <token id="59" number="58" sentence="1">6</token>
  <token id="60" number="59" sentence="1">.</token>
  <token id="61" number="60" sentence="2">A</token>
  <token id="62" number="61" sentence="2">C</token>
  <token id="63" number="62" sentence="2">$</token>
  <token id="64" number="63" sentence="2">30-a-share</token>
  <token id="65" number="64" sentence="2">bid</token>
  <token id="66" number="65" sentence="2">by</token>
  <token id="67" number="66" sentence="2">Ciba</token>
  <token id="68" number="67" sentence="2">-</token>
  <token id="69" number="68" sentence="2">Geigy</token>
  <token id="70" number="69" sentence="2">Ltd.,</token>
  <token id="71" number="70" sentence="2">a</token>
  <token id="72" number="71" sentence="2">pharmaceutical</token>
  <token id="73" number="72" sentence="2">company</token>
  <token id="74" number="73" sentence="2">based</token>
  <token id="75" number="74" sentence="2">in</token>
  <token id="76" number="75" sentence="2">Basel</token>
  <token id="77" number="76" sentence="2">,</token>
  <token id="78" number="77" sentence="2">Switzerland</token>
  <token id="79" number="78" sentence="2">,</token>
  <token id="80" number="79" sentence="2">and</token>
  <token id="81" number="80" sentence="2">California-based</token>
  <token id="82" number="81" sentence="2">Chiron</token>
  <token id="83" number="82" sentence="2">Corp.,</token>
  <token id="84" number="83" sentence="2">a</token>
  <token id="85" number="84" sentence="2">bioresearch</token>
  <token id="86" number="85" sentence="2">concern</token>
  <token id="87" number="86" sentence="2">,</token>
  <token id="88" number="87" sentence="2">was</token>
  <token id="89" number="88" sentence="2">extended</token>
  <token id="90" number="89" sentence="2">to</token>
  <token id="91" number="90" sentence="2">Nov</token>
  <token id="92" number="91" sentence="2">.</token>
  <token id="93" number="92" sentence="2">16</token>
  <token id="94" number="93" sentence="2">.</token>
  <token id="95" number="94" sentence="3">It</token>
  <token id="96" number="95" sentence="3">had</token>
  <token id="97" number="96" sentence="3">been</token>
  <token id="98" number="97" sentence="3">due</token>
  <token id="99" number="98" sentence="3">to</token>
  <token id="100" number="99" sentence="3">expire</token>
  <token id="101" number="100" sentence="3">Friday</token>
  <token id="102" number="101" sentence="3">evening</token>
  <token id="103" number="102" sentence="3">.</token>
  <token id="104" number="103" sentence="4">Merieux</token>
  <token id="105" number="104" sentence="4">previously</token>
  <token id="106" number="105" sentence="4">said</token>
  <token id="107" number="106" sentence="4">it</token>
  <token id="108" number="107" sentence="4">would</token>
  <token id="109" number="108" sentence="4">ensure</token>
  <token id="110" number="109" sentence="4">its</token>
  <token id="111" number="110" sentence="4">bid</token>
  <token id="112" number="111" sentence="4">remained</token>
  <token id="113" number="112" sentence="4">open</token>
  <token id="114" number="113" sentence="4">pending</token>
  <token id="115" number="114" sentence="4">a</token>
  <token id="116" number="115" sentence="4">final</token>
  <token id="117" number="116" sentence="4">decision</token>
  <token id="118" number="117" sentence="4">by</token>
  <token id="119" number="118" sentence="4">Canadian</token>
  <token id="120" number="119" sentence="4">regulators</token>
  <token id="121" number="120" sentence="4">on</token>
  <token id="122" number="121" sentence="4">whether</token>
  <token id="123" number="122" sentence="4">to</token>
  <token id="124" number="123" sentence="4">approve</token>
  <token id="125" number="124" sentence="4">the</token>
  <token id="126" number="125" sentence="4">takeover</token>
  <token id="127" number="126" sentence="4">.</token>
  <token id="128" number="127" sentence="5">Merieux</token>
  <token id="129" number="128" sentence="5">,</token>
  <token id="130" number="129" sentence="5">a</token>
  <token id="131" number="130" sentence="5">vaccine</token>
  <token id="132" number="131" sentence="5">and</token>
  <token id="133" number="132" sentence="5">bioresearch</token>
  <token id="134" number="133" sentence="5">firm</token>
  <token id="135" number="134" sentence="5">based</token>
  <token id="136" number="135" sentence="5">in</token>
  <token id="137" number="136" sentence="5">Lyon</token>
  <token id="138" number="137" sentence="5">,</token>
  <token id="139" number="138" sentence="5">France</token>
  <token id="140" number="139" sentence="5">,</token>
  <token id="141" number="140" sentence="5">is</token>
  <token id="142" number="141" sentence="5">controlled</token>
  <token id="143" number="142" sentence="5">50.1</token>
  <token id="144" number="143" sentence="5">%</token>
  <token id="145" number="144" sentence="5">by</token>
  <token id="146" number="145" sentence="5">state-owned</token>
  <token id="147" number="146" sentence="5">Rhone</token>
  <token id="148" number="147" sentence="5">Poulenc</token>
  <token id="149" number="148" sentence="5">S.A.</token>
  <token id="150" number="149" sentence="6">The</token>
  <token id="151" number="150" sentence="6">Canadian</token>
  <token id="152" number="151" sentence="6">government</token>
  <token id="153" number="152" sentence="6">previously</token>
  <token id="154" number="153" sentence="6">said</token>
  <token id="155" number="154" sentence="6">Merieux</token>
  <token id="156" number="155" sentence="6">'s</token>
  <token id="157" number="156" sentence="6">bid</token>
  <token id="158" number="157" sentence="6">did</token>
  <token id="159" number="158" sentence="6">n't</token>
  <token id="160" number="159" sentence="6">offer</token>
  <token id="161" number="160" sentence="6">enough</token>
  <token id="162" number="161" sentence="6">"</token>
  <token id="163" number="162" sentence="6">net</token>
  <token id="164" number="163" sentence="6">benefit</token>
  <token id="165" number="164" sentence="6">"</token>
  <token id="166" number="165" sentence="6">to</token>
  <token id="167" number="166" sentence="6">Canada</token>
  <token id="168" number="167" sentence="6">to</token>
  <token id="169" number="168" sentence="6">be</token>
  <token id="170" number="169" sentence="6">approved</token>
  <token id="171" number="170" sentence="6">,</token>
  <token id="172" number="171" sentence="6">and</token>
  <token id="173" number="172" sentence="6">gave</token>
  <token id="174" number="173" sentence="6">Merieux</token>
  <token id="175" number="174" sentence="6">an</token>
  <token id="176" number="175" sentence="6">until</token>
  <token id="177" number="176" sentence="6">mid-November</token>
  <token id="178" number="177" sentence="6">to</token>
  <token id="179" number="178" sentence="6">submit</token>
  <token id="180" number="179" sentence="6">additional</token>
  <token id="181" number="180" sentence="6">information</token>
  <token id="182" number="181" sentence="6">.</token>
  <token id="183" number="182" sentence="7">Merieux</token>
  <token id="184" number="183" sentence="7">officials</token>
  <token id="185" number="184" sentence="7">said</token>
  <token id="186" number="185" sentence="7">last</token>
  <token id="187" number="186" sentence="7">week</token>
  <token id="188" number="187" sentence="7">that</token>
  <token id="189" number="188" sentence="7">they</token>
  <token id="190" number="189" sentence="7">are</token>
  <token id="191" number="190" sentence="7">"</token>
  <token id="192" number="191" sentence="7">highly</token>
  <token id="193" number="192" sentence="7">confident</token>
  <token id="194" number="193" sentence="7">"</token>
  <token id="195" number="194" sentence="7">the</token>
  <token id="196" number="195" sentence="7">offer</token>
  <token id="197" number="196" sentence="7">will</token>
  <token id="198" number="197" sentence="7">be</token>
  <token id="199" number="198" sentence="7">approved</token>
  <token id="200" number="199" sentence="7">once</token>
  <token id="201" number="200" sentence="7">it</token>
  <token id="202" number="201" sentence="7">submits</token>
  <token id="203" number="202" sentence="7">details</token>
  <token id="204" number="203" sentence="7">of</token>
  <token id="205" number="204" sentence="7">its</token>
  <token id="206" number="205" sentence="7">proposed</token>
  <token id="207" number="206" sentence="7">investments</token>
  <token id="208" number="207" sentence="7">to</token>
  <token id="209" number="208" sentence="7">federal</token>
  <token id="210" number="209" sentence="7">regulators</token>
  <token id="211" number="210" sentence="7">.</token>
  <token id="212" number="211" sentence="8">Both</token>
  <token id="213" number="212" sentence="8">offers</token>
  <token id="214" number="213" sentence="8">are</token>
  <token id="215" number="214" sentence="8">conditional</token>
  <token id="216" number="215" sentence="8">on</token>
  <token id="217" number="216" sentence="8">regulatory</token>
  <token id="218" number="217" sentence="8">approvals</token>
  <token id="219" number="218" sentence="8">and</token>
  <token id="220" number="219" sentence="8">enough</token>
  <token id="221" number="220" sentence="8">shares</token>
  <token id="222" number="221" sentence="8">being</token>
  <token id="223" number="222" sentence="8">tendered</token>
  <token id="224" number="223" sentence="8">to</token>
  <token id="225" number="224" sentence="8">give</token>
  <token id="226" number="225" sentence="8">the</token>
  <token id="227" number="226" sentence="8">bidders</token>
  <token id="228" number="227" sentence="8">a</token>
  <token id="229" number="228" sentence="8">majority</token>
  <token id="230" number="229" sentence="8">of</token>
  <token id="231" number="230" sentence="8">Connaught</token>
  <token id="232" number="231" sentence="8">'s</token>
  <token id="233" number="232" sentence="8">shares</token>
  <token id="234" number="233" sentence="8">outstanding</token>
  <token id="235" number="234" sentence="8">.</token>
  <token id="236" number="235" sentence="9">Institut</token>
  <token id="237" number="236" sentence="9">Merieux</token>
  <token id="238" number="237" sentence="9">,</token>
  <token id="239" number="238" sentence="9">which</token>
  <token id="240" number="239" sentence="9">already</token>
  <token id="241" number="240" sentence="9">holds</token>
  <token id="242" number="241" sentence="9">a</token>
  <token id="243" number="242" sentence="9">12.5</token>
  <token id="244" number="243" sentence="9">%</token>
  <token id="245" number="244" sentence="9">stake</token>
  <token id="246" number="245" sentence="9">in</token>
  <token id="247" number="246" sentence="9">Connaught</token>
  <token id="248" number="247" sentence="9">,</token>
  <token id="249" number="248" sentence="9">said</token>
  <token id="250" number="249" sentence="9">that</token>
  <token id="251" number="250" sentence="9">at</token>
  <token id="252" number="251" sentence="9">the</token>
  <token id="253" number="252" sentence="9">close</token>
  <token id="254" number="253" sentence="9">of</token>
  <token id="255" number="254" sentence="9">business</token>
  <token id="256" number="255" sentence="9">Thursday</token>
  <token id="257" number="256" sentence="9">,</token>
  <token id="258" number="257" sentence="9">5,745,188</token>
  <token id="259" number="258" sentence="9">shares</token>
  <token id="260" number="259" sentence="9">of</token>
  <token id="261" number="260" sentence="9">Connaught</token>
  <token id="262" number="261" sentence="9">and</token>
  <token id="263" number="262" sentence="9">C</token>
  <token id="264" number="263" sentence="9">$</token>
  <token id="265" number="264" sentence="9">44.3</token>
  <token id="266" number="265" sentence="9">million</token>
  <token id="267" number="266" sentence="9">face</token>
  <token id="268" number="267" sentence="9">amount</token>
  <token id="269" number="268" sentence="9">of</token>
  <token id="270" number="269" sentence="9">debentures</token>
  <token id="271" number="270" sentence="9">,</token>
  <token id="272" number="271" sentence="9">convertible</token>
  <token id="273" number="272" sentence="9">into</token>
  <token id="274" number="273" sentence="9">1,826,596</token>
  <token id="275" number="274" sentence="9">common</token>
  <token id="276" number="275" sentence="9">shares</token>
  <token id="277" number="276" sentence="9">,</token>
  <token id="278" number="277" sentence="9">had</token>
  <token id="279" number="278" sentence="9">been</token>
  <token id="280" number="279" sentence="9">tendered</token>
  <token id="281" number="280" sentence="9">to</token>
  <token id="282" number="281" sentence="9">its</token>
  <token id="283" number="282" sentence="9">offer</token>
  <token id="284" number="283" sentence="9">.</token>
  <token id="285" number="284" sentence="10">At</token>
  <token id="286" number="285" sentence="10">the</token>
  <token id="287" number="286" sentence="10">close</token>
  <token id="288" number="287" sentence="10">of</token>
  <token id="289" number="288" sentence="10">business</token>
  <token id="290" number="289" sentence="10">Thursday</token>
  <token id="291" number="290" sentence="10">,</token>
  <token id="292" number="291" sentence="10">Ciba</token>
  <token id="293" number="292" sentence="10">-</token>
  <token id="294" number="293" sentence="10">Geigy</token>
  <token id="295" number="294" sentence="10">and</token>
  <token id="296" number="295" sentence="10">Chiron</token>
  <token id="297" number="296" sentence="10">said</token>
  <token id="298" number="297" sentence="10">11,580</token>
  <token id="299" number="298" sentence="10">common</token>
  <token id="300" number="299" sentence="10">shares</token>
  <token id="301" number="300" sentence="10">had</token>
  <token id="302" number="301" sentence="10">been</token>
  <token id="303" number="302" sentence="10">tendered</token>
  <token id="304" number="303" sentence="10">to</token>
  <token id="305" number="304" sentence="10">their</token>
  <token id="306" number="305" sentence="10">offer</token>
  <token id="307" number="306" sentence="10">.</token>
  <token id="308" number="307" sentence="11">At</token>
  <token id="309" number="308" sentence="11">last</token>
  <token id="310" number="309" sentence="11">report</token>
  <token id="311" number="310" sentence="11">,</token>
  <token id="312" number="311" sentence="11">Connaught</token>
  <token id="313" number="312" sentence="11">had</token>
  <token id="314" number="313" sentence="11">21.8</token>
  <token id="315" number="314" sentence="11">million</token>
  <token id="316" number="315" sentence="11">shares</token>
  <token id="317" number="316" sentence="11">outstanding</token>
  <token id="318" number="317" sentence="11">.</token>
  <token id="319" number="318" sentence="12">Separately</token>
  <token id="320" number="319" sentence="12">,</token>
  <token id="321" number="320" sentence="12">the</token>
  <token id="322" number="321" sentence="12">Ontario</token>
  <token id="323" number="322" sentence="12">Supreme</token>
  <token id="324" number="323" sentence="12">Court</token>
  <token id="325" number="324" sentence="12">said</token>
  <token id="326" number="325" sentence="12">it</token>
  <token id="327" number="326" sentence="12">will</token>
  <token id="328" number="327" sentence="12">postpone</token>
  <token id="329" number="328" sentence="12">indefinitely</token>
  <token id="330" number="329" sentence="12">a</token>
  <token id="331" number="330" sentence="12">ruling</token>
  <token id="332" number="331" sentence="12">on</token>
  <token id="333" number="332" sentence="12">the</token>
  <token id="334" number="333" sentence="12">lawsuit</token>
  <token id="335" number="334" sentence="12">launched</token>
  <token id="336" number="335" sentence="12">by</token>
  <token id="337" number="336" sentence="12">the</token>
  <token id="338" number="337" sentence="12">University</token>
  <token id="339" number="338" sentence="12">of</token>
  <token id="340" number="339" sentence="12">Toronto</token>
  <token id="341" number="340" sentence="12">against</token>
  <token id="342" number="341" sentence="12">Connaught</token>
  <token id="343" number="342" sentence="12">in</token>
  <token id="344" number="343" sentence="12">connection</token>
  <token id="345" number="344" sentence="12">with</token>
  <token id="346" number="345" sentence="12">the</token>
  <token id="347" number="346" sentence="12">Merieux</token>
  <token id="348" number="347" sentence="12">bid</token>
  <token id="349" number="348" sentence="12">.</token>
  <token id="350" number="349" sentence="13">In</token>
  <token id="351" number="350" sentence="13">a</token>
  <token id="352" number="351" sentence="13">statement</token>
  <token id="353" number="352" sentence="13">prepared</token>
  <token id="354" number="353" sentence="13">by</token>
  <token id="355" number="354" sentence="13">lawyers</token>
  <token id="356" number="355" sentence="13">for</token>
  <token id="357" number="356" sentence="13">the</token>
  <token id="358" number="357" sentence="13">university</token>
  <token id="359" number="358" sentence="13">and</token>
  <token id="360" number="359" sentence="13">Connaught</token>
  <token id="361" number="360" sentence="13">,</token>
  <token id="362" number="361" sentence="13">the</token>
  <token id="363" number="362" sentence="13">parties</token>
  <token id="364" number="363" sentence="13">said</token>
  <token id="365" number="364" sentence="13">they</token>
  <token id="366" number="365" sentence="13">agreed</token>
  <token id="367" number="366" sentence="13">that</token>
  <token id="368" number="367" sentence="13">as</token>
  <token id="369" number="368" sentence="13">a</token>
  <token id="370" number="369" sentence="13">result</token>
  <token id="371" number="370" sentence="13">of</token>
  <token id="372" number="371" sentence="13">reaching</token>
  <token id="373" number="372" sentence="13">a</token>
  <token id="374" number="373" sentence="13">C415</token>
  <token id="375" number="374" sentence="13">million</token>
  <token id="376" number="375" sentence="13">research</token>
  <token id="377" number="376" sentence="13">accord</token>
  <token id="378" number="377" sentence="13">,</token>
  <token id="379" number="378" sentence="13">"</token>
  <token id="380" number="379" sentence="13">It</token>
  <token id="381" number="380" sentence="13">is</token>
  <token id="382" number="381" sentence="13">unnecessary</token>
  <token id="383" number="382" sentence="13">that</token>
  <token id="384" number="383" sentence="13">there</token>
  <token id="385" number="384" sentence="13">be</token>
  <token id="386" number="385" sentence="13">a</token>
  <token id="387" number="386" sentence="13">judgment</token>
  <token id="388" number="387" sentence="13">on</token>
  <token id="389" number="388" sentence="13">the</token>
  <token id="390" number="389" sentence="13">merits</token>
  <token id="391" number="390" sentence="13">{</token>
  <token id="392" number="391" sentence="13">of</token>
  <token id="393" number="392" sentence="13">the</token>
  <token id="394" number="393" sentence="13">case</token>
  <token id="395" number="394" sentence="13">}</token>
  <token id="396" number="395" sentence="13">at</token>
  <token id="397" number="396" sentence="13">this</token>
  <token id="398" number="397" sentence="13">time</token>
  <token id="399" number="398" sentence="13">.</token>
  <token id="400" number="399" sentence="13">"</token>
  <token id="401" number="400" sentence="14">Lawyers</token>
  <token id="402" number="401" sentence="14">for</token>
  <token id="403" number="402" sentence="14">the</token>
  <token id="404" number="403" sentence="14">two</token>
  <token id="405" number="404" sentence="14">sides</token>
  <token id="406" number="405" sentence="14">were</token>
  <token id="407" number="406" sentence="14">n't</token>
  <token id="408" number="407" sentence="14">immediately</token>
  <token id="409" number="408" sentence="14">available</token>
  <token id="410" number="409" sentence="14">for</token>
  <token id="411" number="410" sentence="14">comment</token>
  <token id="412" number="411" sentence="14">.</token>
  <token id="413" number="412" sentence="15">The</token>
  <token id="414" number="413" sentence="15">university</token>
  <token id="415" number="414" sentence="15">had</token>
  <token id="416" number="415" sentence="15">sought</token>
  <token id="417" number="416" sentence="15">an</token>
  <token id="418" number="417" sentence="15">injunction</token>
  <token id="419" number="418" sentence="15">blocking</token>
  <token id="420" number="419" sentence="15">Connaught</token>
  <token id="421" number="420" sentence="15">'s</token>
  <token id="422" number="421" sentence="15">board</token>
  <token id="423" number="422" sentence="15">from</token>
  <token id="424" number="423" sentence="15">recommending</token>
  <token id="425" number="424" sentence="15">or</token>
  <token id="426" number="425" sentence="15">supporting</token>
  <token id="427" number="426" sentence="15">an</token>
  <token id="428" number="427" sentence="15">offer</token>
  <token id="429" number="428" sentence="15">for</token>
  <token id="430" number="429" sentence="15">the</token>
  <token id="431" number="430" sentence="15">company</token>
  <token id="432" number="431" sentence="15">by</token>
  <token id="433" number="432" sentence="15">Merieux</token>
  <token id="434" number="433" sentence="15">.</token>
</Document>
