<Document doc_name="wsj_0158">
  <Markables>
    <TIMEX3 RELATED_TO="" TAG_DESCRIPTOR="Empty_Mark" beginPoint="" comment="" endPoint="" freq="" functionInDocument="CREATION_TIME" id="0" quant="" type="DATE" value="1989-11-02" />
    <EVENT aspect="NONE" certainty="" class="REPORTING" comment="" factuality="" id="1" modality="NONE" polarity="POS" pos="VERB" tense="PAST">
      <token_anchor id="4" />
    </EVENT>
    <EVENT aspect="NONE" certainty="" class="OCCURRENCE" comment="" factuality="" id="2" modality="NONE" polarity="POS" pos="VERB" tense="PAST">
      <token_anchor id="7" />
    </EVENT>
    <EVENT aspect="NONE" certainty="" class="OCCURRENCE" comment="" factuality="" id="3" modality="NONE" polarity="POS" pos="NOUN" tense="NONE">
      <token_anchor id="17" />
    </EVENT>
    <TIMEX3 beginPoint="" comment="" endPoint="" freq="" functionInDocument="NONE" id="4" quant="" type="DURATION" value="P27Y">
      <token_anchor id="36" />
    </TIMEX3>
    <EVENT aspect="PERFECTIVE" certainty="" class="STATE" comment="" factuality="" id="5" modality="NONE" polarity="POS" pos="NOUN" tense="PAST">
      <token_anchor id="47" />
    </EVENT>
    <TIMEX3 beginPoint="" comment="" endPoint="" freq="" functionInDocument="NONE" id="6" quant="" type="DURATION" value="P6M">
      <token_anchor id="50" />
      <token_anchor id="51" />
    </TIMEX3>
    <EVENT aspect="NONE" certainty="" class="I_ACTION" comment="" factuality="" id="7" modality="NONE" polarity="POS" pos="NOUN" tense="NONE">
      <token_anchor id="54" />
    </EVENT>
    <EVENT aspect="NONE" certainty="" class="ASPECTUAL" comment="" factuality="" id="8" modality="NONE" polarity="POS" pos="VERB" tense="PAST">
      <token_anchor id="69" />
    </EVENT>
    <TIMEX3 beginPoint="" comment="" endPoint="" freq="" functionInDocument="NONE" id="9" quant="" type="DURATION" value="PXY">
      <token_anchor id="71" />
    </TIMEX3>
    <EVENT aspect="NONE" certainty="" class="STATE" comment="" factuality="" id="10" modality="NONE" polarity="POS" pos="NOUN" tense="NONE">
      <token_anchor id="72" />
    </EVENT>
    <EVENT aspect="NONE" certainty="" class="I_ACTION" comment="" factuality="" id="11" modality="NONE" polarity="NEG" pos="VERB" tense="PAST">
      <token_anchor id="83" />
    </EVENT>
    <EVENT aspect="NONE" certainty="" class="ASPECTUAL" comment="" factuality="" id="12" modality="NONE" polarity="POS" pos="VERB" tense="FUTURE">
      <token_anchor id="92" />
    </EVENT>
    <EVENT aspect="NONE" certainty="" class="REPORTING" comment="" factuality="" id="13" modality="NONE" polarity="POS" pos="VERB" tense="PAST">
      <token_anchor id="102" />
    </EVENT>
    <EVENT aspect="NONE" certainty="" class="REPORTING" comment="" factuality="" id="14" modality="NONE" polarity="POS" pos="VERB" tense="PAST">
      <token_anchor id="111" />
    </EVENT>
    <EVENT aspect="NONE" certainty="" class="OCCURRENCE" comment="" factuality="" id="15" modality="NONE" polarity="POS" pos="NOUN" tense="NONE">
      <token_anchor id="113" />
    </EVENT>
    <C-SIGNAL id="16">
      <token_anchor id="115" />
    </C-SIGNAL>
    <EVENT aspect="NONE" certainty="" class="OCCURRENCE" comment="" factuality="" id="17" modality="NONE" polarity="POS" pos="NOUN" tense="NONE">
      <token_anchor id="118" />
    </EVENT>
    <EVENT aspect="NONE" certainty="" class="OCCURRENCE" comment="" factuality="" id="18" modality="NONE" polarity="POS" pos="NOUN" tense="NONE">
      <token_anchor id="135" />
    </EVENT>
    <EVENT aspect="NONE" certainty="" class="REPORTING" comment="" factuality="" id="19" modality="NONE" polarity="POS" pos="VERB" tense="PAST">
      <token_anchor id="145" />
    </EVENT>
    <EVENT aspect="NONE" certainty="" class="REPORTING" comment="" factuality="" id="20" modality="NONE" polarity="POS" pos="VERB" tense="PAST">
      <token_anchor id="149" />
    </EVENT>
    <EVENT aspect="NONE" certainty="" class="OCCURRENCE" comment="" factuality="" id="21" modality="NONE" polarity="POS" pos="NOUN" tense="NONE">
      <token_anchor id="153" />
    </EVENT>
    <EVENT aspect="NONE" certainty="" class="I_ACTION" comment="" factuality="" id="22" modality="NONE" polarity="POS" pos="VERB" tense="PAST">
      <token_anchor id="154" />
    </EVENT>
    <EVENT aspect="NONE" certainty="" class="STATE" comment="" factuality="" id="23" modality="NONE" polarity="POS" pos="NOUN" tense="NONE">
      <token_anchor id="156" />
    </EVENT>
    <EVENT aspect="PERFECTIVE" certainty="" class="OCCURRENCE" comment="" factuality="" id="24" modality="NONE" polarity="NEG" pos="VERB" tense="PAST">
      <token_anchor id="165" />
    </EVENT>
    <EVENT aspect="NONE" certainty="" class="STATE" comment="" factuality="" id="25" modality="NONE" polarity="NEG" pos="VERB" tense="PAST">
      <token_anchor id="193" />
    </EVENT>
    <EVENT aspect="NONE" certainty="" class="ASPECTUAL" comment="" factuality="" id="26" modality="NONE" polarity="POS" pos="VERB" tense="PAST">
      <token_anchor id="206" />
    </EVENT>
    <EVENT aspect="PERFECTIVE" certainty="" class="ASPECTUAL" comment="" factuality="" id="27" modality="would" polarity="POS" pos="VERB" tense="NONE">
      <token_anchor id="215" />
    </EVENT>
    <TIMEX3 anchorTimeID="0" beginPoint="" comment="" endPoint="" freq="" functionInDocument="NONE" id="28" quant="" type="DATE" value="PRESENT_REF">
      <token_anchor id="220" />
    </TIMEX3>
    <EVENT aspect="NONE" certainty="" class="STATE" comment="" factuality="" id="29" modality="NONE" polarity="POS" pos="PREPOSITION" tense="PRESENT">
      <token_anchor id="221" />
    </EVENT>
    <EVENT aspect="NONE" certainty="" class="REPORTING" comment="" factuality="" id="30" modality="NONE" polarity="POS" pos="VERB" tense="PAST">
      <token_anchor id="227" />
    </EVENT>
    <EVENT aspect="NONE" certainty="" class="REPORTING" comment="" factuality="" id="31" modality="NONE" polarity="POS" pos="VERB" tense="PAST">
      <token_anchor id="232" />
    </EVENT>
    <EVENT aspect="NONE" certainty="" class="OCCURRENCE" comment="" factuality="" id="32" modality="NONE" polarity="POS" pos="NOUN" tense="NONE">
      <token_anchor id="234" />
    </EVENT>
    <EVENT aspect="NONE" certainty="" class="I_STATE" comment="" factuality="" id="33" modality="NONE" polarity="NEG" pos="VERB" tense="PRESENT">
      <token_anchor id="235" />
    </EVENT>
    <EVENT aspect="NONE" certainty="" class="OCCURRENCE" comment="" factuality="" id="34" modality="NONE" polarity="NEG" pos="NOUN" tense="NONE">
      <token_anchor id="238" />
    </EVENT>
    <EVENT aspect="NONE" certainty="" class="REPORTING" comment="" factuality="" id="35" modality="NONE" polarity="POS" pos="VERB" tense="PAST">
      <token_anchor id="258" />
    </EVENT>
    <EVENT aspect="NONE" certainty="" class="PERCEPTION" comment="" factuality="" id="36" modality="NONE" polarity="POS" pos="VERB" tense="PRESENT">
      <token_anchor id="262" />
    </EVENT>
    <EVENT aspect="NONE" certainty="" class="OCCURRENCE" comment="" factuality="" id="37" modality="NONE" polarity="POS" pos="NOUN" tense="NONE">
      <token_anchor id="265" />
    </EVENT>
    <EVENT aspect="NONE" certainty="" class="STATE" comment="" factuality="" id="38" modality="NONE" polarity="POS" pos="ADJECTIVE" tense="FUTURE">
      <token_anchor id="270" />
    </EVENT>
    <EVENT aspect="NONE" certainty="" class="I_STATE" comment="" factuality="" id="39" modality="would" polarity="POS" pos="ADJECTIVE" tense="NONE">
      <token_anchor id="279" />
    </EVENT>
    <EVENT aspect="NONE" certainty="" class="OCCURRENCE" comment="" factuality="" id="40" modality="NONE" polarity="POS" pos="NOUN" tense="NONE">
      <token_anchor id="282" />
    </EVENT>
    <EVENT aspect="NONE" certainty="" class="ASPECTUAL" comment="" factuality="" id="41" modality="NONE" polarity="POS" pos="VERB" tense="PRESENT">
      <token_anchor id="283" />
    </EVENT>
    <EVENT aspect="NONE" certainty="" class="OCCURRENCE" comment="" factuality="" id="42" modality="NONE" polarity="POS" pos="NOUN" tense="NONE">
      <token_anchor id="285" />
    </EVENT>
    <EVENT aspect="NONE" certainty="" class="ASPECTUAL" comment="" factuality="" id="43" modality="NONE" polarity="POS" pos="NOUN" tense="NONE">
      <token_anchor id="289" />
    </EVENT>
    <EVENT aspect="NONE" certainty="" class="I_ACTION" comment="" factuality="" id="44" modality="NONE" polarity="POS" pos="VERB" tense="PAST">
      <token_anchor id="303" />
    </EVENT>
    <EVENT aspect="NONE" certainty="" class="OCCURRENCE" comment="" factuality="" id="45" modality="NONE" polarity="POS" pos="VERB" tense="PAST">
      <token_anchor id="335" />
    </EVENT>
    <EVENT aspect="NONE" certainty="" class="I_ACTION" comment="" factuality="" id="46" modality="NONE" polarity="POS" pos="VERB" tense="FUTURE">
      <token_anchor id="349" />
    </EVENT>
    <EVENT aspect="NONE" certainty="" class="STATE" comment="" factuality="" id="47" modality="NONE" polarity="POS" pos="NOUN" tense="NONE">
      <token_anchor id="353" />
    </EVENT>
    <EVENT aspect="NONE" certainty="" class="ASPECTUAL" comment="" factuality="" id="48" modality="NONE" polarity="POS" pos="VERB" tense="PRESENT">
      <token_anchor id="377" />
    </EVENT>
    <EVENT aspect="NONE" certainty="" class="OCCURRENCE" comment="" factuality="" id="49" modality="NONE" polarity="POS" pos="VERB" tense="PRESENT">
      <token_anchor id="393" />
    </EVENT>
  </Markables>
  <Relations>
    <TLINK comment="" id="1" relType="BEFORE">
      <source id="1" />
      <target id="0" />
    </TLINK>
    <TLINK comment="" id="2" relType="AFTER">
      <source id="1" />
      <target id="2" />
    </TLINK>
    <TLINK comment="" id="3" relType="IDENTITY">
      <source id="3" />
      <target id="2" />
    </TLINK>
    <TLINK comment="" id="4" relType="DURING">
      <source id="5" />
      <target id="6" />
    </TLINK>
    <TLINK comment="" id="5" relType="IAFTER">
      <source id="7" />
      <target id="8" />
    </TLINK>
    <TLINK comment="" id="6" relType="SIMULTANEOUS">
      <source id="10" />
      <target id="9" />
    </TLINK>
    <CLINK comment="" id="7">
      <source id="10" />
      <target id="7" />
    </CLINK>
    <TLINK comment="" id="8" relType="BEFORE">
      <source id="11" />
      <target id="0" />
    </TLINK>
    <TLINK comment="" id="9" relType="SIMULTANEOUS">
      <source id="13" />
      <target id="1" />
    </TLINK>
    <TLINK comment="" id="10" relType="BEFORE">
      <source id="13" />
      <target id="12" />
    </TLINK>
    <TLINK comment="" id="11" relType="BEFORE">
      <source id="14" />
      <target id="0" />
    </TLINK>
    <TLINK comment="" id="12" relType="AFTER">
      <source id="14" />
      <target id="15" />
    </TLINK>
    <TLINK comment="" id="13" relType="IDENTITY">
      <source id="15" />
      <target id="2" />
    </TLINK>
    <TLINK comment="" id="14" relType="IDENTITY">
      <source id="15" />
      <target id="18" />
    </TLINK>
    <CLINK c-signalID="16" comment="" id="15">
      <source id="17" />
      <target id="15" />
    </CLINK>
    <TLINK comment="" id="16" relType="AFTER">
      <source id="19" />
      <target id="14" />
    </TLINK>
    <TLINK comment="" id="17" relType="AFTER">
      <source id="20" />
      <target id="14" />
    </TLINK>
    <TLINK comment="" id="18" relType="IDENTITY">
      <source id="21" />
      <target id="15" />
    </TLINK>
    <CLINK comment="" id="19">
      <source id="23" />
      <target id="21" />
    </CLINK>
    <TLINK comment="" id="20" relType="BEFORE">
      <source id="25" />
      <target id="0" />
    </TLINK>
    <TLINK comment="" id="21" relType="INCLUDES">
      <source id="28" />
      <target id="30" />
    </TLINK>
    <TLINK comment="" id="22" relType="IS_INCLUDED">
      <source id="29" />
      <target id="0" />
    </TLINK>
    <TLINK comment="" id="23" relType="SIMULTANEOUS">
      <source id="30" />
      <target id="14" />
    </TLINK>
    <TLINK comment="" id="24" relType="SIMULTANEOUS">
      <source id="31" />
      <target id="1" />
    </TLINK>
    <TLINK comment="" id="25" relType="IDENTITY">
      <source id="32" />
      <target id="15" />
    </TLINK>
    <CLINK comment="" id="26">
      <source id="32" />
      <target id="34" />
    </CLINK>
    <TLINK comment="" id="27" relType="AFTER">
      <source id="35" />
      <target id="31" />
    </TLINK>
    <TLINK comment="" id="28" relType="IDENTITY">
      <source id="37" />
      <target id="18" />
    </TLINK>
    <TLINK comment="" id="29" relType="IDENTITY">
      <source id="40" />
      <target id="15" />
    </TLINK>
    <CLINK comment="" id="30">
      <source id="40" />
      <target id="42" />
    </CLINK>
    <CLINK comment="" id="31">
      <source id="40" />
      <target id="43" />
    </CLINK>
    <TLINK comment="" id="32" relType="SIMULTANEOUS">
      <source id="42" />
      <target id="43" />
    </TLINK>
    <TLINK comment="" id="33" relType="BEFORE">
      <source id="44" />
      <target id="0" />
    </TLINK>
    <TLINK comment="" id="34" relType="BEFORE">
      <source id="45" />
      <target id="0" />
    </TLINK>
    <TLINK comment="" id="35" relType="AFTER">
      <source id="46" />
      <target id="0" />
    </TLINK>
    <TLINK comment="" id="36" relType="AFTER">
      <source id="48" />
      <target id="0" />
    </TLINK>
    <TLINK comment="" id="37" relType="AFTER">
      <source id="49" />
      <target id="0" />
    </TLINK>
  </Relations>
  <token id="1" number="0" sentence="0">Reuters</token>
  <token id="2" number="1" sentence="0">Holdings</token>
  <token id="3" number="2" sentence="0">PLC</token>
  <token id="4" number="3" sentence="0">said</token>
  <token id="5" number="4" sentence="0">Michael</token>
  <token id="6" number="5" sentence="0">Reupke</token>
  <token id="7" number="6" sentence="0">resigned</token>
  <token id="8" number="7" sentence="0">as</token>
  <token id="9" number="8" sentence="0">general</token>
  <token id="10" number="9" sentence="0">manager</token>
  <token id="11" number="10" sentence="0">to</token>
  <token id="12" number="11" sentence="0">pursue</token>
  <token id="13" number="12" sentence="0">unspecified</token>
  <token id="14" number="13" sentence="0">interests</token>
  <token id="15" number="14" sentence="0">,</token>
  <token id="16" number="15" sentence="0">a</token>
  <token id="17" number="16" sentence="0">move</token>
  <token id="18" number="17" sentence="0">the</token>
  <token id="19" number="18" sentence="0">news</token>
  <token id="20" number="19" sentence="0">organization</token>
  <token id="21" number="20" sentence="0">termed</token>
  <token id="22" number="21" sentence="0">an</token>
  <token id="23" number="22" sentence="0">"</token>
  <token id="24" number="23" sentence="0">amicable</token>
  <token id="25" number="24" sentence="0">separation</token>
  <token id="26" number="25" sentence="0">.</token>
  <token id="27" number="26" sentence="0">"</token>
  <token id="28" number="27" sentence="1">Mr.</token>
  <token id="29" number="28" sentence="1">Reupke</token>
  <token id="30" number="29" sentence="1">,</token>
  <token id="31" number="30" sentence="1">52</token>
  <token id="32" number="31" sentence="1">years</token>
  <token id="33" number="32" sentence="1">old</token>
  <token id="34" number="33" sentence="1">and</token>
  <token id="35" number="34" sentence="1">a</token>
  <token id="36" number="35" sentence="1">27-year</token>
  <token id="37" number="36" sentence="1">Reuters</token>
  <token id="38" number="37" sentence="1">veteran</token>
  <token id="39" number="38" sentence="1">,</token>
  <token id="40" number="39" sentence="1">had</token>
  <token id="41" number="40" sentence="1">been</token>
  <token id="42" number="41" sentence="1">the</token>
  <token id="43" number="42" sentence="1">information-services</token>
  <token id="44" number="43" sentence="1">company</token>
  <token id="45" number="44" sentence="1">'s</token>
  <token id="46" number="45" sentence="1">general</token>
  <token id="47" number="46" sentence="1">manager</token>
  <token id="48" number="47" sentence="1">for</token>
  <token id="49" number="48" sentence="1">only</token>
  <token id="50" number="49" sentence="1">six</token>
  <token id="51" number="50" sentence="1">months</token>
  <token id="52" number="51" sentence="1">.</token>
  <token id="53" number="52" sentence="2">His</token>
  <token id="54" number="53" sentence="2">appointment</token>
  <token id="55" number="54" sentence="2">to</token>
  <token id="56" number="55" sentence="2">that</token>
  <token id="57" number="56" sentence="2">post</token>
  <token id="58" number="57" sentence="2">,</token>
  <token id="59" number="58" sentence="2">which</token>
  <token id="60" number="59" sentence="2">has</token>
  <token id="61" number="60" sentence="2">senior</token>
  <token id="62" number="61" sentence="2">administrative</token>
  <token id="63" number="62" sentence="2">,</token>
  <token id="64" number="63" sentence="2">staff</token>
  <token id="65" number="64" sentence="2">and</token>
  <token id="66" number="65" sentence="2">policy</token>
  <token id="67" number="66" sentence="2">responsibilities</token>
  <token id="68" number="67" sentence="2">,</token>
  <token id="69" number="68" sentence="2">followed</token>
  <token id="70" number="69" sentence="2">a</token>
  <token id="71" number="70" sentence="2">several-year</token>
  <token id="72" number="71" sentence="2">tenure</token>
  <token id="73" number="72" sentence="2">as</token>
  <token id="74" number="73" sentence="2">Reuters</token>
  <token id="75" number="74" sentence="2">'s</token>
  <token id="76" number="75" sentence="2">editor</token>
  <token id="77" number="76" sentence="2">in</token>
  <token id="78" number="77" sentence="2">chief</token>
  <token id="79" number="78" sentence="2">.</token>
  <token id="80" number="79" sentence="3">No</token>
  <token id="81" number="80" sentence="3">successor</token>
  <token id="82" number="81" sentence="3">was</token>
  <token id="83" number="82" sentence="3">named</token>
  <token id="84" number="83" sentence="3">,</token>
  <token id="85" number="84" sentence="3">and</token>
  <token id="86" number="85" sentence="3">Mr.</token>
  <token id="87" number="86" sentence="3">Reupke</token>
  <token id="88" number="87" sentence="3">'s</token>
  <token id="89" number="88" sentence="3">duties</token>
  <token id="90" number="89" sentence="3">will</token>
  <token id="91" number="90" sentence="3">be</token>
  <token id="92" number="91" sentence="3">split</token>
  <token id="93" number="92" sentence="3">among</token>
  <token id="94" number="93" sentence="3">three</token>
  <token id="95" number="94" sentence="3">other</token>
  <token id="96" number="95" sentence="3">senior</token>
  <token id="97" number="96" sentence="3">Reuters</token>
  <token id="98" number="97" sentence="3">executives</token>
  <token id="99" number="98" sentence="3">,</token>
  <token id="100" number="99" sentence="3">the</token>
  <token id="101" number="100" sentence="3">company</token>
  <token id="102" number="101" sentence="3">said</token>
  <token id="103" number="102" sentence="3">.</token>
  <token id="104" number="103" sentence="4">In</token>
  <token id="105" number="104" sentence="4">a</token>
  <token id="106" number="105" sentence="4">telephone</token>
  <token id="107" number="106" sentence="4">interview</token>
  <token id="108" number="107" sentence="4">,</token>
  <token id="109" number="108" sentence="4">Mr.</token>
  <token id="110" number="109" sentence="4">Reupke</token>
  <token id="111" number="110" sentence="4">said</token>
  <token id="112" number="111" sentence="4">his</token>
  <token id="113" number="112" sentence="4">departure</token>
  <token id="114" number="113" sentence="4">was</token>
  <token id="115" number="114" sentence="4">for</token>
  <token id="116" number="115" sentence="4">"</token>
  <token id="117" number="116" sentence="4">personal</token>
  <token id="118" number="117" sentence="4">reasons</token>
  <token id="119" number="118" sentence="4">,</token>
  <token id="120" number="119" sentence="4">"</token>
  <token id="121" number="120" sentence="4">which</token>
  <token id="122" number="121" sentence="4">he</token>
  <token id="123" number="122" sentence="4">declined</token>
  <token id="124" number="123" sentence="4">to</token>
  <token id="125" number="124" sentence="4">specify</token>
  <token id="126" number="125" sentence="4">.</token>
  <token id="127" number="126" sentence="5">"</token>
  <token id="128" number="127" sentence="5">There</token>
  <token id="129" number="128" sentence="5">is</token>
  <token id="130" number="129" sentence="5">no</token>
  <token id="131" number="130" sentence="5">business</token>
  <token id="132" number="131" sentence="5">reason</token>
  <token id="133" number="132" sentence="5">for</token>
  <token id="134" number="133" sentence="5">my</token>
  <token id="135" number="134" sentence="5">departure</token>
  <token id="136" number="135" sentence="5">,</token>
  <token id="137" number="136" sentence="5">"</token>
  <token id="138" number="137" sentence="5">nor</token>
  <token id="139" number="138" sentence="5">any</token>
  <token id="140" number="139" sentence="5">disagreement</token>
  <token id="141" number="140" sentence="5">over</token>
  <token id="142" number="141" sentence="5">policy</token>
  <token id="143" number="142" sentence="5">,</token>
  <token id="144" number="143" sentence="5">he</token>
  <token id="145" number="144" sentence="5">added</token>
  <token id="146" number="145" sentence="5">.</token>
  <token id="147" number="146" sentence="6">He</token>
  <token id="148" number="147" sentence="6">also</token>
  <token id="149" number="148" sentence="6">rejected</token>
  <token id="150" number="149" sentence="6">reports</token>
  <token id="151" number="150" sentence="6">that</token>
  <token id="152" number="151" sentence="6">his</token>
  <token id="153" number="152" sentence="6">departure</token>
  <token id="154" number="153" sentence="6">stemmed</token>
  <token id="155" number="154" sentence="6">from</token>
  <token id="156" number="155" sentence="6">disappointment</token>
  <token id="157" number="156" sentence="6">the</token>
  <token id="158" number="157" sentence="6">general</token>
  <token id="159" number="158" sentence="6">manager</token>
  <token id="160" number="159" sentence="6">'s</token>
  <token id="161" number="160" sentence="6">post</token>
  <token id="162" number="161" sentence="6">had</token>
  <token id="163" number="162" sentence="6">n't</token>
  <token id="164" number="163" sentence="6">also</token>
  <token id="165" number="164" sentence="6">led</token>
  <token id="166" number="165" sentence="6">to</token>
  <token id="167" number="166" sentence="6">a</token>
  <token id="168" number="167" sentence="6">board</token>
  <token id="169" number="168" sentence="6">directorship</token>
  <token id="170" number="169" sentence="6">at</token>
  <token id="171" number="170" sentence="6">the</token>
  <token id="172" number="171" sentence="6">London-based</token>
  <token id="173" number="172" sentence="6">news</token>
  <token id="174" number="173" sentence="6">organization</token>
  <token id="175" number="174" sentence="6">.</token>
  <token id="176" number="175" sentence="7">Mr.</token>
  <token id="177" number="176" sentence="7">Reupke</token>
  <token id="178" number="177" sentence="7">was</token>
  <token id="179" number="178" sentence="7">one</token>
  <token id="180" number="179" sentence="7">of</token>
  <token id="181" number="180" sentence="7">three</token>
  <token id="182" number="181" sentence="7">executives</token>
  <token id="183" number="182" sentence="7">on</token>
  <token id="184" number="183" sentence="7">Reuters</token>
  <token id="185" number="184" sentence="7">'s</token>
  <token id="186" number="185" sentence="7">eight-person</token>
  <token id="187" number="186" sentence="7">executive</token>
  <token id="188" number="187" sentence="7">committee</token>
  <token id="189" number="188" sentence="7">who</token>
  <token id="190" number="189" sentence="7">did</token>
  <token id="191" number="190" sentence="7">n't</token>
  <token id="192" number="191" sentence="7">also</token>
  <token id="193" number="192" sentence="7">serve</token>
  <token id="194" number="193" sentence="7">on</token>
  <token id="195" number="194" sentence="7">the</token>
  <token id="196" number="195" sentence="7">company</token>
  <token id="197" number="196" sentence="7">'s</token>
  <token id="198" number="197" sentence="7">board</token>
  <token id="199" number="198" sentence="7">of</token>
  <token id="200" number="199" sentence="7">directors</token>
  <token id="201" number="200" sentence="7">.</token>
  <token id="202" number="201" sentence="8">"</token>
  <token id="203" number="202" sentence="8">If</token>
  <token id="204" number="203" sentence="8">I</token>
  <token id="205" number="204" sentence="8">were</token>
  <token id="206" number="205" sentence="8">choosing</token>
  <token id="207" number="206" sentence="8">the</token>
  <token id="208" number="207" sentence="8">people</token>
  <token id="209" number="208" sentence="8">of</token>
  <token id="210" number="209" sentence="8">tomorrow</token>
  <token id="211" number="210" sentence="8">,</token>
  <token id="212" number="211" sentence="8">I</token>
  <token id="213" number="212" sentence="8">would</token>
  <token id="214" number="213" sentence="8">have</token>
  <token id="215" number="214" sentence="8">chosen</token>
  <token id="216" number="215" sentence="8">the</token>
  <token id="217" number="216" sentence="8">people</token>
  <token id="218" number="217" sentence="8">who</token>
  <token id="219" number="218" sentence="8">are</token>
  <token id="220" number="219" sentence="8">now</token>
  <token id="221" number="220" sentence="8">on</token>
  <token id="222" number="221" sentence="8">the</token>
  <token id="223" number="222" sentence="8">board</token>
  <token id="224" number="223" sentence="8">,</token>
  <token id="225" number="224" sentence="8">"</token>
  <token id="226" number="225" sentence="8">he</token>
  <token id="227" number="226" sentence="8">said</token>
  <token id="228" number="227" sentence="8">.</token>
  <token id="229" number="228" sentence="9">A</token>
  <token id="230" number="229" sentence="9">Reuters</token>
  <token id="231" number="230" sentence="9">spokesman</token>
  <token id="232" number="231" sentence="9">said</token>
  <token id="233" number="232" sentence="9">the</token>
  <token id="234" number="233" sentence="9">departure</token>
  <token id="235" number="234" sentence="9">reflects</token>
  <token id="236" number="235" sentence="9">"</token>
  <token id="237" number="236" sentence="9">no</token>
  <token id="238" number="237" sentence="9">change</token>
  <token id="239" number="238" sentence="9">in</token>
  <token id="240" number="239" sentence="9">strategy</token>
  <token id="241" number="240" sentence="9">or</token>
  <token id="242" number="241" sentence="9">profits</token>
  <token id="243" number="242" sentence="9">.</token>
  <token id="244" number="243" sentence="9">"</token>
  <token id="245" number="244" sentence="10">Mark</token>
  <token id="246" number="245" sentence="10">Shepperd</token>
  <token id="247" number="246" sentence="10">,</token>
  <token id="248" number="247" sentence="10">an</token>
  <token id="249" number="248" sentence="10">analyst</token>
  <token id="250" number="249" sentence="10">at</token>
  <token id="251" number="250" sentence="10">UBS</token>
  <token id="252" number="251" sentence="10">Phillips</token>
  <token id="253" number="252" sentence="10">amp</token>
  <token id="254" number="253" sentence="10">Drew</token>
  <token id="255" number="254" sentence="10">in</token>
  <token id="256" number="255" sentence="10">London</token>
  <token id="257" number="256" sentence="10">,</token>
  <token id="258" number="257" sentence="10">said</token>
  <token id="259" number="258" sentence="10">,</token>
  <token id="260" number="259" sentence="10">"</token>
  <token id="261" number="260" sentence="10">I</token>
  <token id="262" number="261" sentence="10">suspect</token>
  <token id="263" number="262" sentence="10">(</token>
  <token id="264" number="263" sentence="10">the</token>
  <token id="265" number="264" sentence="10">departure</token>
  <token id="266" number="265" sentence="10">)</token>
  <token id="267" number="266" sentence="10">will</token>
  <token id="268" number="267" sentence="10">be</token>
  <token id="269" number="268" sentence="10">fairly</token>
  <token id="270" number="269" sentence="10">irrelevant</token>
  <token id="271" number="270" sentence="10">for</token>
  <token id="272" number="271" sentence="10">the</token>
  <token id="273" number="272" sentence="10">company</token>
  <token id="274" number="273" sentence="10">.</token>
  <token id="275" number="274" sentence="11">I</token>
  <token id="276" number="275" sentence="11">would</token>
  <token id="277" number="276" sentence="11">be</token>
  <token id="278" number="277" sentence="11">very</token>
  <token id="279" number="278" sentence="11">surprised</token>
  <token id="280" number="279" sentence="11">if</token>
  <token id="281" number="280" sentence="11">his</token>
  <token id="282" number="281" sentence="11">departure</token>
  <token id="283" number="282" sentence="11">signals</token>
  <token id="284" number="283" sentence="11">any</token>
  <token id="285" number="284" sentence="11">change</token>
  <token id="286" number="285" sentence="11">in</token>
  <token id="287" number="286" sentence="11">strategy</token>
  <token id="288" number="287" sentence="11">or</token>
  <token id="289" number="288" sentence="11">change</token>
  <token id="290" number="289" sentence="11">in</token>
  <token id="291" number="290" sentence="11">profit</token>
  <token id="292" number="291" sentence="11">expectations</token>
  <token id="293" number="292" sentence="11">.</token>
  <token id="294" number="293" sentence="11">"</token>
  <token id="295" number="294" sentence="12">On</token>
  <token id="296" number="295" sentence="12">London</token>
  <token id="297" number="296" sentence="12">'s</token>
  <token id="298" number="297" sentence="12">Stock</token>
  <token id="299" number="298" sentence="12">Exchange</token>
  <token id="300" number="299" sentence="12">,</token>
  <token id="301" number="300" sentence="12">Reuters</token>
  <token id="302" number="301" sentence="12">shares</token>
  <token id="303" number="302" sentence="12">rose</token>
  <token id="304" number="303" sentence="12">five</token>
  <token id="305" number="304" sentence="12">pence</token>
  <token id="306" number="305" sentence="12">to</token>
  <token id="307" number="306" sentence="12">913</token>
  <token id="308" number="307" sentence="12">pence</token>
  <token id="309" number="308" sentence="12">(</token>
  <token id="310" number="309" sentence="12">$</token>
  <token id="311" number="310" sentence="12">14.43</token>
  <token id="312" number="311" sentence="12">)</token>
  <token id="313" number="312" sentence="12">.</token>
  <token id="314" number="313" sentence="13">In</token>
  <token id="315" number="314" sentence="13">the</token>
  <token id="316" number="315" sentence="13">U.S.</token>
  <token id="317" number="316" sentence="13">over-the-counter</token>
  <token id="318" number="317" sentence="13">market</token>
  <token id="319" number="318" sentence="13">,</token>
  <token id="320" number="319" sentence="13">American</token>
  <token id="321" number="320" sentence="13">depositary</token>
  <token id="322" number="321" sentence="13">shares</token>
  <token id="323" number="322" sentence="13">for</token>
  <token id="324" number="323" sentence="13">Reuters</token>
  <token id="325" number="324" sentence="13">,</token>
  <token id="326" number="325" sentence="13">each</token>
  <token id="327" number="326" sentence="13">representing</token>
  <token id="328" number="327" sentence="13">three</token>
  <token id="329" number="328" sentence="13">shares</token>
  <token id="330" number="329" sentence="13">in</token>
  <token id="331" number="330" sentence="13">the</token>
  <token id="332" number="331" sentence="13">London</token>
  <token id="333" number="332" sentence="13">market</token>
  <token id="334" number="333" sentence="13">,</token>
  <token id="335" number="334" sentence="13">closed</token>
  <token id="336" number="335" sentence="13">unchanged</token>
  <token id="337" number="336" sentence="13">at</token>
  <token id="338" number="337" sentence="13">$</token>
  <token id="339" number="338" sentence="13">43.875</token>
  <token id="340" number="339" sentence="13">.</token>
  <token id="341" number="340" sentence="14">The</token>
  <token id="342" number="341" sentence="14">senior</token>
  <token id="343" number="342" sentence="14">of</token>
  <token id="344" number="343" sentence="14">the</token>
  <token id="345" number="344" sentence="14">three</token>
  <token id="346" number="345" sentence="14">executives</token>
  <token id="347" number="346" sentence="14">who</token>
  <token id="348" number="347" sentence="14">will</token>
  <token id="349" number="348" sentence="14">assume</token>
  <token id="350" number="349" sentence="14">Mr.</token>
  <token id="351" number="350" sentence="14">Reupke</token>
  <token id="352" number="351" sentence="14">'s</token>
  <token id="353" number="352" sentence="14">duties</token>
  <token id="354" number="353" sentence="14">is</token>
  <token id="355" number="354" sentence="14">Nigel</token>
  <token id="356" number="355" sentence="14">Judah</token>
  <token id="357" number="356" sentence="14">,</token>
  <token id="358" number="357" sentence="14">58</token>
  <token id="359" number="358" sentence="14">,</token>
  <token id="360" number="359" sentence="14">finance</token>
  <token id="361" number="360" sentence="14">director</token>
  <token id="362" number="361" sentence="14">and</token>
  <token id="363" number="362" sentence="14">a</token>
  <token id="364" number="363" sentence="14">Reuters</token>
  <token id="365" number="364" sentence="14">board</token>
  <token id="366" number="365" sentence="14">director</token>
  <token id="367" number="366" sentence="14">.</token>
  <token id="368" number="367" sentence="15">Peter</token>
  <token id="369" number="368" sentence="15">Holland</token>
  <token id="370" number="369" sentence="15">,</token>
  <token id="371" number="370" sentence="15">45</token>
  <token id="372" number="371" sentence="15">,</token>
  <token id="373" number="372" sentence="15">deputy</token>
  <token id="374" number="373" sentence="15">general</token>
  <token id="375" number="374" sentence="15">manager</token>
  <token id="376" number="375" sentence="15">,</token>
  <token id="377" number="376" sentence="15">becomes</token>
  <token id="378" number="377" sentence="15">director</token>
  <token id="379" number="378" sentence="15">of</token>
  <token id="380" number="379" sentence="15">corporate</token>
  <token id="381" number="380" sentence="15">affairs</token>
  <token id="382" number="381" sentence="15">.</token>
  <token id="383" number="382" sentence="16">And</token>
  <token id="384" number="383" sentence="16">Patrick</token>
  <token id="385" number="384" sentence="16">Mannix</token>
  <token id="386" number="385" sentence="16">,</token>
  <token id="387" number="386" sentence="16">46</token>
  <token id="388" number="387" sentence="16">,</token>
  <token id="389" number="388" sentence="16">international</token>
  <token id="390" number="389" sentence="16">technical</token>
  <token id="391" number="390" sentence="16">manager</token>
  <token id="392" number="391" sentence="16">,</token>
  <token id="393" number="392" sentence="16">becomes</token>
  <token id="394" number="393" sentence="16">director</token>
  <token id="395" number="394" sentence="16">of</token>
  <token id="396" number="395" sentence="16">group</token>
  <token id="397" number="396" sentence="16">quality</token>
  <token id="398" number="397" sentence="16">programs</token>
  <token id="399" number="398" sentence="16">.</token>
</Document>
