<Document doc_name="wsj_0344">
  <Markables>
    <TIMEX3 RELATED_TO="" TAG_DESCRIPTOR="Empty_Mark" beginPoint="" comment="" endPoint="" freq="" functionInDocument="CREATION_TIME" id="0" quant="" type="DATE" value="1989-11-01" />
    <EVENT aspect="NONE" certainty="" class="REPORTING" comment="" factuality="" id="1" modality="NONE" polarity="POS" pos="VERB" tense="PAST">
      <token_anchor id="5" />
    </EVENT>
    <EVENT aspect="NONE" certainty="" class="OCCURRENCE" comment="" factuality="" id="2" modality="NONE" polarity="POS" pos="VERB" tense="PAST">
      <token_anchor id="7" />
    </EVENT>
    <EVENT aspect="NONE" certainty="" class="I_ACTION" comment="" factuality="" id="3" modality="NONE" polarity="POS" pos="VERB" tense="INFINITIVE">
      <token_anchor id="13" />
    </EVENT>
    <EVENT aspect="NONE" certainty="" class="OCCURRENCE" comment="" factuality="" id="4" modality="NONE" polarity="POS" pos="VERB" tense="PRESPART">
      <token_anchor id="15" />
    </EVENT>
    <EVENT aspect="NONE" certainty="" class="REPORTING" comment="" factuality="" id="5" modality="NONE" polarity="POS" pos="VERB" tense="PAST">
      <token_anchor id="21" />
    </EVENT>
    <EVENT aspect="NONE" certainty="" class="STATE" comment="" factuality="" id="6" modality="NONE" polarity="POS" pos="NOUN" tense="NONE">
      <token_anchor id="24" />
    </EVENT>
    <TIMEX3 anchorTimeID="0" beginPoint="" comment="" endPoint="" freq="" functionInDocument="NONE" id="7" quant="" type="DATE" value="1989-Q3">
      <token_anchor id="37" />
      <token_anchor id="38" />
      <token_anchor id="39" />
    </TIMEX3>
    <TIMEX3 anchorTimeID="0" beginPoint="" comment="" endPoint="" freq="" functionInDocument="NONE" id="8" quant="" type="DATE" value="1989-09-30">
      <token_anchor id="41" />
      <token_anchor id="42" />
      <token_anchor id="43" />
    </TIMEX3>
    <EVENT aspect="NONE" certainty="" class="STATE" comment="" factuality="" id="9" modality="NONE" polarity="POS" pos="VERB" tense="PRESENT">
      <token_anchor id="47" />
    </EVENT>
    <TIMEX3 anchorTimeID="7" beginPoint="" comment="" endPoint="" freq="" functionInDocument="NONE" id="10" quant="" type="DATE" value="1988-Q3">
      <token_anchor id="63" />
      <token_anchor id="64" />
      <token_anchor id="65" />
      <token_anchor id="66" />
      <token_anchor id="67" />
    </TIMEX3>
    <TIMEX3 anchorTimeID="7" beginPoint="" comment="" endPoint="" freq="" functionInDocument="NONE" id="11" quant="" type="DATE" value="1989-Q3">
      <token_anchor id="69" />
      <token_anchor id="70" />
    </TIMEX3>
    <EVENT aspect="NONE" certainty="" class="STATE" comment="" factuality="" id="12" modality="NONE" polarity="POS" pos="NOUN" tense="NONE">
      <token_anchor id="72" />
    </EVENT>
    <EVENT aspect="NONE" certainty="" class="OCCURRENCE" comment="" factuality="" id="13" modality="NONE" polarity="POS" pos="NOUN" tense="NONE">
      <token_anchor id="75" />
    </EVENT>
    <EVENT aspect="NONE" certainty="" class="REPORTING" comment="" factuality="" id="14" modality="NONE" polarity="POS" pos="VERB" tense="PAST">
      <token_anchor id="101" />
    </EVENT>
    <EVENT aspect="NONE" certainty="" class="REPORTING" comment="" factuality="" id="15" modality="NONE" polarity="POS" pos="VERB" tense="PAST">
      <token_anchor id="119" />
    </EVENT>
    <EVENT aspect="NONE" certainty="" class="OCCURRENCE" comment="" factuality="" id="16" modality="NONE" polarity="POS" pos="VERB" tense="PAST">
      <token_anchor id="121" />
    </EVENT>
    <EVENT aspect="NONE" certainty="" class="OCCURRENCE" comment="" factuality="" id="17" modality="NONE" polarity="POS" pos="VERB" tense="INFINITIVE">
      <token_anchor id="135" />
    </EVENT>
    <EVENT aspect="NONE" certainty="" class="I_ACTION" comment="" factuality="" id="18" modality="NONE" polarity="POS" pos="VERB" tense="PRESPART">
      <token_anchor id="141" />
    </EVENT>
    <EVENT aspect="NONE" certainty="" class="OCCURRENCE" comment="" factuality="" id="19" modality="NONE" polarity="POS" pos="NOUN" tense="NONE">
      <token_anchor id="144" />
    </EVENT>
    <EVENT aspect="NONE" certainty="" class="OCCURRENCE" comment="" factuality="" id="20" modality="NONE" polarity="POS" pos="VERB" tense="PAST">
      <token_anchor id="172" />
    </EVENT>
    <TIMEX3 anchorTimeID="0" beginPoint="" comment="" endPoint="" freq="" functionInDocument="NONE" id="21" quant="" type="DATE" value="1989-Q3">
      <token_anchor id="201" />
      <token_anchor id="202" />
      <token_anchor id="203" />
      <token_anchor id="204" />
      <token_anchor id="205" />
    </TIMEX3>
    <TIMEX3 anchorTimeID="0" beginPoint="" comment="" endPoint="" freq="" functionInDocument="NONE" id="22" quant="" type="DATE" value="1988">
      <token_anchor id="216" />
      <token_anchor id="217" />
    </TIMEX3>
    <EVENT aspect="NONE" certainty="" class="I_ACTION" comment="" factuality="" id="23" modality="NONE" polarity="POS" pos="VERB" tense="PAST">
      <token_anchor id="221" />
    </EVENT>
    <EVENT aspect="NONE" certainty="" class="OCCURRENCE" comment="" factuality="" id="24" modality="NONE" polarity="POS" pos="NOUN" tense="NONE">
      <token_anchor id="223" />
    </EVENT>
    <EVENT aspect="NONE" certainty="" class="OCCURRENCE" comment="" factuality="" id="25" modality="NONE" polarity="POS" pos="NOUN" tense="NONE">
      <token_anchor id="228" />
    </EVENT>
    <C-SIGNAL id="26">
      <token_anchor id="241" />
      <token_anchor id="242" />
      <token_anchor id="243" />
    </C-SIGNAL>
    <EVENT aspect="NONE" certainty="" class="STATE" comment="" factuality="" id="27" modality="NONE" polarity="POS" pos="NOUN" tense="NONE">
      <token_anchor id="248" />
    </EVENT>
    <EVENT aspect="NONE" certainty="" class="OCCURRENCE" comment="" factuality="" id="28" modality="NONE" polarity="POS" pos="NOUN" tense="NONE">
      <token_anchor id="261" />
    </EVENT>
    <TIMEX3 anchorTimeID="7" beginPoint="" comment="" endPoint="" freq="" functionInDocument="NONE" id="29" quant="" type="DATE" value="1988-Q3">
      <token_anchor id="273" />
      <token_anchor id="274" />
      <token_anchor id="275" />
      <token_anchor id="276" />
    </TIMEX3>
  </Markables>
  <Relations>
    <TLINK comment="" id="1" relType="BEFORE">
      <source id="1" />
      <target id="0" />
    </TLINK>
    <TLINK comment="" id="2" relType="SIMULTANEOUS">
      <source id="1" />
      <target id="5" />
    </TLINK>
    <TLINK comment="" id="3" relType="DURING">
      <source id="6" />
      <target id="7" />
    </TLINK>
    <TLINK comment="" id="4" relType="ENDED_BY">
      <source id="6" />
      <target id="8" />
    </TLINK>
    <TLINK comment="" id="5" relType="IS_INCLUDED">
      <source id="9" />
      <target id="0" />
    </TLINK>
    <TLINK comment="" id="6" relType="DURING">
      <source id="11" />
      <target id="12" />
    </TLINK>
    <TLINK comment="" id="7" relType="IDENTITY">
      <source id="12" />
      <target id="6" />
    </TLINK>
    <TLINK comment="" id="8" relType="INCLUDES">
      <source id="12" />
      <target id="13" />
    </TLINK>
    <TLINK comment="" id="9" relType="INCLUDES">
      <source id="14" />
      <target id="12" />
    </TLINK>
    <TLINK comment="" id="10" relType="BEFORE">
      <source id="15" />
      <target id="0" />
    </TLINK>
    <TLINK comment="" id="11" relType="INCLUDES">
      <source id="17" />
      <target id="18" />
    </TLINK>
    <TLINK comment="" id="12" relType="SIMULTANEOUS">
      <source id="20" />
      <target id="16" />
    </TLINK>
    <TLINK comment="" id="13" relType="BEFORE">
      <source id="23" />
      <target id="0" />
    </TLINK>
    <CLINK c-signalID="26" comment="" id="14">
      <source id="27" />
      <target id="25" />
    </CLINK>
    <CLINK c-signalID="26" comment="" id="15">
      <source id="28" />
      <target id="25" />
    </CLINK>
  </Relations>
  <token id="1" number="0" sentence="0">Price</token>
  <token id="2" number="1" sentence="0">Stern</token>
  <token id="3" number="2" sentence="0">Sloan</token>
  <token id="4" number="3" sentence="0">Inc.</token>
  <token id="5" number="4" sentence="0">said</token>
  <token id="6" number="5" sentence="0">it</token>
  <token id="7" number="6" sentence="0">hired</token>
  <token id="8" number="7" sentence="0">an</token>
  <token id="9" number="8" sentence="0">investment</token>
  <token id="10" number="9" sentence="0">banking</token>
  <token id="11" number="10" sentence="0">firm</token>
  <token id="12" number="11" sentence="0">to</token>
  <token id="13" number="12" sentence="0">assist</token>
  <token id="14" number="13" sentence="0">in</token>
  <token id="15" number="14" sentence="0">evaluating</token>
  <token id="16" number="15" sentence="0">restructuring</token>
  <token id="17" number="16" sentence="0">or</token>
  <token id="18" number="17" sentence="0">merger</token>
  <token id="19" number="18" sentence="0">alternatives</token>
  <token id="20" number="19" sentence="0">and</token>
  <token id="21" number="20" sentence="0">reported</token>
  <token id="22" number="21" sentence="0">a</token>
  <token id="23" number="22" sentence="0">net</token>
  <token id="24" number="23" sentence="0">loss</token>
  <token id="25" number="24" sentence="0">of</token>
  <token id="26" number="25" sentence="0">$</token>
  <token id="27" number="26" sentence="0">8.1</token>
  <token id="28" number="27" sentence="0">million</token>
  <token id="29" number="28" sentence="0">,</token>
  <token id="30" number="29" sentence="0">or</token>
  <token id="31" number="30" sentence="0">$</token>
  <token id="32" number="31" sentence="0">2.14</token>
  <token id="33" number="32" sentence="0">a</token>
  <token id="34" number="33" sentence="0">share</token>
  <token id="35" number="34" sentence="0">,</token>
  <token id="36" number="35" sentence="0">for</token>
  <token id="37" number="36" sentence="0">the</token>
  <token id="38" number="37" sentence="0">third</token>
  <token id="39" number="38" sentence="0">quarter</token>
  <token id="40" number="39" sentence="0">ended</token>
  <token id="41" number="40" sentence="0">Sept</token>
  <token id="42" number="41" sentence="0">.</token>
  <token id="43" number="42" sentence="0">30</token>
  <token id="44" number="43" sentence="0">.</token>
  <token id="45" number="44" sentence="1">These</token>
  <token id="46" number="45" sentence="1">results</token>
  <token id="47" number="46" sentence="1">compare</token>
  <token id="48" number="47" sentence="1">with</token>
  <token id="49" number="48" sentence="1">net</token>
  <token id="50" number="49" sentence="1">income</token>
  <token id="51" number="50" sentence="1">of</token>
  <token id="52" number="51" sentence="1">$</token>
  <token id="53" number="52" sentence="1">1.8</token>
  <token id="54" number="53" sentence="1">million</token>
  <token id="55" number="54" sentence="1">,</token>
  <token id="56" number="55" sentence="1">or</token>
  <token id="57" number="56" sentence="1">44</token>
  <token id="58" number="57" sentence="1">cents</token>
  <token id="59" number="58" sentence="1">a</token>
  <token id="60" number="59" sentence="1">share</token>
  <token id="61" number="60" sentence="1">,</token>
  <token id="62" number="61" sentence="1">for</token>
  <token id="63" number="62" sentence="1">the</token>
  <token id="64" number="63" sentence="1">corresponding</token>
  <token id="65" number="64" sentence="1">period</token>
  <token id="66" number="65" sentence="1">last</token>
  <token id="67" number="66" sentence="1">year</token>
  <token id="68" number="67" sentence="1">.</token>
  <token id="69" number="68" sentence="2">This</token>
  <token id="70" number="69" sentence="2">quarter</token>
  <token id="71" number="70" sentence="2">'s</token>
  <token id="72" number="71" sentence="2">loss</token>
  <token id="73" number="72" sentence="2">includes</token>
  <token id="74" number="73" sentence="2">pretax</token>
  <token id="75" number="74" sentence="2">charges</token>
  <token id="76" number="75" sentence="2">of</token>
  <token id="77" number="76" sentence="2">$</token>
  <token id="78" number="77" sentence="2">4.9</token>
  <token id="79" number="78" sentence="2">million</token>
  <token id="80" number="79" sentence="2">on</token>
  <token id="81" number="80" sentence="2">the</token>
  <token id="82" number="81" sentence="2">proposed</token>
  <token id="83" number="82" sentence="2">discontinuation</token>
  <token id="84" number="83" sentence="2">of</token>
  <token id="85" number="84" sentence="2">the</token>
  <token id="86" number="85" sentence="2">company</token>
  <token id="87" number="86" sentence="2">'s</token>
  <token id="88" number="87" sentence="2">troubled</token>
  <token id="89" number="88" sentence="2">British</token>
  <token id="90" number="89" sentence="2">subsidiary</token>
  <token id="91" number="90" sentence="2">,</token>
  <token id="92" number="91" sentence="2">and</token>
  <token id="93" number="92" sentence="2">$</token>
  <token id="94" number="93" sentence="2">3.7</token>
  <token id="95" number="94" sentence="2">million</token>
  <token id="96" number="95" sentence="2">of</token>
  <token id="97" number="96" sentence="2">other</token>
  <token id="98" number="97" sentence="2">write-offs</token>
  <token id="99" number="98" sentence="2">the</token>
  <token id="100" number="99" sentence="2">company</token>
  <token id="101" number="100" sentence="2">said</token>
  <token id="102" number="101" sentence="2">were</token>
  <token id="103" number="102" sentence="2">non-recurring</token>
  <token id="104" number="103" sentence="2">and</token>
  <token id="105" number="104" sentence="2">principally</token>
  <token id="106" number="105" sentence="2">related</token>
  <token id="107" number="106" sentence="2">to</token>
  <token id="108" number="107" sentence="2">inventory</token>
  <token id="109" number="108" sentence="2">,</token>
  <token id="110" number="109" sentence="2">publishing</token>
  <token id="111" number="110" sentence="2">advances</token>
  <token id="112" number="111" sentence="2">and</token>
  <token id="113" number="112" sentence="2">pre-publication</token>
  <token id="114" number="113" sentence="2">costs</token>
  <token id="115" number="114" sentence="2">.</token>
  <token id="116" number="115" sentence="3">The</token>
  <token id="117" number="116" sentence="3">publishing</token>
  <token id="118" number="117" sentence="3">concern</token>
  <token id="119" number="118" sentence="3">said</token>
  <token id="120" number="119" sentence="3">it</token>
  <token id="121" number="120" sentence="3">retained</token>
  <token id="122" number="121" sentence="3">the</token>
  <token id="123" number="122" sentence="3">investment</token>
  <token id="124" number="123" sentence="3">banking</token>
  <token id="125" number="124" sentence="3">firm</token>
  <token id="126" number="125" sentence="3">of</token>
  <token id="127" number="126" sentence="3">Donaldson</token>
  <token id="128" number="127" sentence="3">,</token>
  <token id="129" number="128" sentence="3">Lufkin</token>
  <token id="130" number="129" sentence="3">amp</token>
  <token id="131" number="130" sentence="3">Jenrette</token>
  <token id="132" number="131" sentence="3">Securities</token>
  <token id="133" number="132" sentence="3">Inc.</token>
  <token id="134" number="133" sentence="3">to</token>
  <token id="135" number="134" sentence="3">act</token>
  <token id="136" number="135" sentence="3">as</token>
  <token id="137" number="136" sentence="3">its</token>
  <token id="138" number="137" sentence="3">financial</token>
  <token id="139" number="138" sentence="3">adviser</token>
  <token id="140" number="139" sentence="3">,</token>
  <token id="141" number="140" sentence="3">assisting</token>
  <token id="142" number="141" sentence="3">in</token>
  <token id="143" number="142" sentence="3">the</token>
  <token id="144" number="143" sentence="3">evaluation</token>
  <token id="145" number="144" sentence="3">of</token>
  <token id="146" number="145" sentence="3">various</token>
  <token id="147" number="146" sentence="3">financial</token>
  <token id="148" number="147" sentence="3">and</token>
  <token id="149" number="148" sentence="3">strategic</token>
  <token id="150" number="149" sentence="3">alternatives</token>
  <token id="151" number="150" sentence="3">,</token>
  <token id="152" number="151" sentence="3">including</token>
  <token id="153" number="152" sentence="3">debt</token>
  <token id="154" number="153" sentence="3">refinancing</token>
  <token id="155" number="154" sentence="3">,</token>
  <token id="156" number="155" sentence="3">raising</token>
  <token id="157" number="156" sentence="3">capital</token>
  <token id="158" number="157" sentence="3">,</token>
  <token id="159" number="158" sentence="3">recapitalization</token>
  <token id="160" number="159" sentence="3">,</token>
  <token id="161" number="160" sentence="3">a</token>
  <token id="162" number="161" sentence="3">merger</token>
  <token id="163" number="162" sentence="3">or</token>
  <token id="164" number="163" sentence="3">sale</token>
  <token id="165" number="164" sentence="3">of</token>
  <token id="166" number="165" sentence="3">the</token>
  <token id="167" number="166" sentence="3">company</token>
  <token id="168" number="167" sentence="3">.</token>
  <token id="169" number="168" sentence="4">The</token>
  <token id="170" number="169" sentence="4">company</token>
  <token id="171" number="170" sentence="4">also</token>
  <token id="172" number="171" sentence="4">retained</token>
  <token id="173" number="172" sentence="4">attorney</token>
  <token id="174" number="173" sentence="4">Martin</token>
  <token id="175" number="174" sentence="4">P.</token>
  <token id="176" number="175" sentence="4">Levin</token>
  <token id="177" number="176" sentence="4">,</token>
  <token id="178" number="177" sentence="4">a</token>
  <token id="179" number="178" sentence="4">director</token>
  <token id="180" number="179" sentence="4">of</token>
  <token id="181" number="180" sentence="4">the</token>
  <token id="182" number="181" sentence="4">company</token>
  <token id="183" number="182" sentence="4">and</token>
  <token id="184" number="183" sentence="4">former</token>
  <token id="185" number="184" sentence="4">head</token>
  <token id="186" number="185" sentence="4">of</token>
  <token id="187" number="186" sentence="4">the</token>
  <token id="188" number="187" sentence="4">Times</token>
  <token id="189" number="188" sentence="4">-</token>
  <token id="190" number="189" sentence="4">Mirror</token>
  <token id="191" number="190" sentence="4">Publishing</token>
  <token id="192" number="191" sentence="4">Group</token>
  <token id="193" number="192" sentence="4">,</token>
  <token id="194" number="193" sentence="4">as</token>
  <token id="195" number="194" sentence="4">an</token>
  <token id="196" number="195" sentence="4">adviser</token>
  <token id="197" number="196" sentence="4">.</token>
  <token id="198" number="197" sentence="5">Net</token>
  <token id="199" number="198" sentence="5">sales</token>
  <token id="200" number="199" sentence="5">for</token>
  <token id="201" number="200" sentence="5">this</token>
  <token id="202" number="201" sentence="5">year</token>
  <token id="203" number="202" sentence="5">'s</token>
  <token id="204" number="203" sentence="5">third</token>
  <token id="205" number="204" sentence="5">quarter</token>
  <token id="206" number="205" sentence="5">were</token>
  <token id="207" number="206" sentence="5">$</token>
  <token id="208" number="207" sentence="5">14</token>
  <token id="209" number="208" sentence="5">million</token>
  <token id="210" number="209" sentence="5">,</token>
  <token id="211" number="210" sentence="5">down</token>
  <token id="212" number="211" sentence="5">from</token>
  <token id="213" number="212" sentence="5">$</token>
  <token id="214" number="213" sentence="5">21.4</token>
  <token id="215" number="214" sentence="5">million</token>
  <token id="216" number="215" sentence="5">last</token>
  <token id="217" number="216" sentence="5">year</token>
  <token id="218" number="217" sentence="5">.</token>
  <token id="219" number="218" sentence="6">The</token>
  <token id="220" number="219" sentence="6">company</token>
  <token id="221" number="220" sentence="6">attributed</token>
  <token id="222" number="221" sentence="6">the</token>
  <token id="223" number="222" sentence="6">decrease</token>
  <token id="224" number="223" sentence="6">in</token>
  <token id="225" number="224" sentence="6">part</token>
  <token id="226" number="225" sentence="6">to</token>
  <token id="227" number="226" sentence="6">the</token>
  <token id="228" number="227" sentence="6">exclusion</token>
  <token id="229" number="228" sentence="6">of</token>
  <token id="230" number="229" sentence="6">the</token>
  <token id="231" number="230" sentence="6">company</token>
  <token id="232" number="231" sentence="6">'s</token>
  <token id="233" number="232" sentence="6">British</token>
  <token id="234" number="233" sentence="6">sales</token>
  <token id="235" number="234" sentence="6">from</token>
  <token id="236" number="235" sentence="6">the</token>
  <token id="237" number="236" sentence="6">current</token>
  <token id="238" number="237" sentence="6">year</token>
  <token id="239" number="238" sentence="6">'s</token>
  <token id="240" number="239" sentence="6">figures</token>
  <token id="241" number="240" sentence="6">as</token>
  <token id="242" number="241" sentence="6">a</token>
  <token id="243" number="242" sentence="6">result</token>
  <token id="244" number="243" sentence="6">of</token>
  <token id="245" number="244" sentence="6">the</token>
  <token id="246" number="245" sentence="6">subsidiary</token>
  <token id="247" number="246" sentence="6">'s</token>
  <token id="248" number="247" sentence="6">status</token>
  <token id="249" number="248" sentence="6">as</token>
  <token id="250" number="249" sentence="6">a</token>
  <token id="251" number="250" sentence="6">proposed</token>
  <token id="252" number="251" sentence="6">discontinued</token>
  <token id="253" number="252" sentence="6">operation</token>
  <token id="254" number="253" sentence="6">and</token>
  <token id="255" number="254" sentence="6">,</token>
  <token id="256" number="255" sentence="6">in</token>
  <token id="257" number="256" sentence="6">part</token>
  <token id="258" number="257" sentence="6">,</token>
  <token id="259" number="258" sentence="6">to</token>
  <token id="260" number="259" sentence="6">lower</token>
  <token id="261" number="260" sentence="6">sales</token>
  <token id="262" number="261" sentence="6">in</token>
  <token id="263" number="262" sentence="6">certain</token>
  <token id="264" number="263" sentence="6">key</token>
  <token id="265" number="264" sentence="6">foreign</token>
  <token id="266" number="265" sentence="6">and</token>
  <token id="267" number="266" sentence="6">domestic</token>
  <token id="268" number="267" sentence="6">accounts</token>
  <token id="269" number="268" sentence="6">.</token>
  <token id="270" number="269" sentence="7">U.K.</token>
  <token id="271" number="270" sentence="7">sales</token>
  <token id="272" number="271" sentence="7">for</token>
  <token id="273" number="272" sentence="7">last</token>
  <token id="274" number="273" sentence="7">year</token>
  <token id="275" number="274" sentence="7">'s</token>
  <token id="276" number="275" sentence="7">quarter</token>
  <token id="277" number="276" sentence="7">were</token>
  <token id="278" number="277" sentence="7">about</token>
  <token id="279" number="278" sentence="7">$</token>
  <token id="280" number="279" sentence="7">3</token>
  <token id="281" number="280" sentence="7">million</token>
  <token id="282" number="281" sentence="7">.</token>
</Document>
