<Document doc_name="wsj_0662">
  <Markables>
    <TIMEX3 RELATED_TO="" TAG_DESCRIPTOR="Empty_Mark" beginPoint="" comment="" endPoint="" freq="" functionInDocument="CREATION_TIME" id="0" quant="" type="DATE" value="1989-10-30" />
    <EVENT aspect="NONE" certainty="" class="I_STATE" comment="" factuality="" id="1" modality="NONE" polarity="POS" pos="VERB" tense="PAST">
      <token_anchor id="3" />
    </EVENT>
    <EVENT aspect="NONE" certainty="" class="OCCURRENCE" comment="" factuality="" id="2" modality="NONE" polarity="POS" pos="VERB" tense="INFINITIVE">
      <token_anchor id="5" />
    </EVENT>
    <EVENT aspect="NONE" certainty="" class="OCCURRENCE" comment="" factuality="" id="3" modality="NONE" polarity="POS" pos="VERB" tense="INFINITIVE">
      <token_anchor id="27" />
    </EVENT>
    <EVENT aspect="NONE" certainty="" class="OCCURRENCE" comment="" factuality="" id="4" modality="NONE" polarity="POS" pos="NOUN" tense="NONE">
      <token_anchor id="35" />
    </EVENT>
    <TIMEX3 anchorTimeID="0" beginPoint="" comment="" endPoint="" freq="" functionInDocument="NONE" id="5" quant="" type="DATE" value="1989-10-27">
      <token_anchor id="36" />
    </TIMEX3>
    <EVENT aspect="NONE" certainty="" class="OCCURRENCE" comment="" factuality="" id="6" modality="NONE" polarity="POS" pos="VERB" tense="PAST">
      <token_anchor id="40" />
    </EVENT>
    <EVENT aspect="NONE" certainty="" class="REPORTING" comment="" factuality="" id="7" modality="NONE" polarity="POS" pos="VERB" tense="PAST">
      <token_anchor id="104" />
    </EVENT>
    <TIMEX3 anchorTimeID="9" beginPoint="" comment="" endPoint="" freq="" functionInDocument="NONE" id="8" quant="" type="DATE" value="1989-Q2">
      <token_anchor id="124" />
      <token_anchor id="125" />
    </TIMEX3>
    <TIMEX3 anchorTimeID="0" beginPoint="" comment="" endPoint="" freq="" functionInDocument="NONE" id="9" quant="" type="DATE" value="1989-07-31">
      <token_anchor id="127" />
      <token_anchor id="128" />
    </TIMEX3>
    <EVENT aspect="NONE" certainty="" class="OCCURRENCE" comment="" factuality="" id="10" modality="NONE" polarity="POS" pos="VERB" tense="INFINITIVE">
      <token_anchor id="145" />
    </EVENT>
    <EVENT aspect="PERFECTIVE" certainty="" class="I_STATE" comment="" factuality="" id="11" modality="NONE" polarity="NEG" pos="VERB" tense="PRESENT">
      <token_anchor id="163" />
    </EVENT>
  </Markables>
  <Relations>
    <TLINK comment="" id="1" relType="BEFORE">
      <source id="1" />
      <target id="0" />
    </TLINK>
    <TLINK comment="" id="2" relType="IS_INCLUDED">
      <source id="4" />
      <target id="5" />
    </TLINK>
    <TLINK comment="" id="3" relType="INCLUDES">
      <source id="4" />
      <target id="6" />
    </TLINK>
    <TLINK comment="" id="4" relType="IDENTITY">
      <source id="7" />
      <target id="6" />
    </TLINK>
    <TLINK comment="" id="5" relType="ENDED_BY">
      <source id="8" />
      <target id="9" />
    </TLINK>
  </Relations>
  <token id="1" number="0" sentence="0">Jayark</token>
  <token id="2" number="1" sentence="0">Corp.</token>
  <token id="3" number="2" sentence="0">agreed</token>
  <token id="4" number="3" sentence="0">to</token>
  <token id="5" number="4" sentence="0">pay</token>
  <token id="6" number="5" sentence="0">$</token>
  <token id="7" number="6" sentence="0">4</token>
  <token id="8" number="7" sentence="0">million</token>
  <token id="9" number="8" sentence="0">in</token>
  <token id="10" number="9" sentence="0">cash</token>
  <token id="11" number="10" sentence="0">,</token>
  <token id="12" number="11" sentence="0">$</token>
  <token id="13" number="12" sentence="0">2</token>
  <token id="14" number="13" sentence="0">million</token>
  <token id="15" number="14" sentence="0">of</token>
  <token id="16" number="15" sentence="0">12</token>
  <token id="17" number="16" sentence="0">%</token>
  <token id="18" number="17" sentence="0">convertible</token>
  <token id="19" number="18" sentence="0">debentures</token>
  <token id="20" number="19" sentence="0">,</token>
  <token id="21" number="20" sentence="0">and</token>
  <token id="22" number="21" sentence="0">1.6</token>
  <token id="23" number="22" sentence="0">million</token>
  <token id="24" number="23" sentence="0">common</token>
  <token id="25" number="24" sentence="0">shares</token>
  <token id="26" number="25" sentence="0">to</token>
  <token id="27" number="26" sentence="0">acquire</token>
  <token id="28" number="27" sentence="0">closely</token>
  <token id="29" number="28" sentence="0">held</token>
  <token id="30" number="29" sentence="0">Kofcoh</token>
  <token id="31" number="30" sentence="0">Imports</token>
  <token id="32" number="31" sentence="0">Inc.</token>
  <token id="33" number="32" sentence="1">In</token>
  <token id="34" number="33" sentence="1">over-the-counter</token>
  <token id="35" number="34" sentence="1">trading</token>
  <token id="36" number="35" sentence="1">Friday</token>
  <token id="37" number="36" sentence="1">,</token>
  <token id="38" number="37" sentence="1">Jayark</token>
  <token id="39" number="38" sentence="1">was</token>
  <token id="40" number="39" sentence="1">quoted</token>
  <token id="41" number="40" sentence="1">at</token>
  <token id="42" number="41" sentence="1">87.5</token>
  <token id="43" number="42" sentence="1">cents</token>
  <token id="44" number="43" sentence="1">bid</token>
  <token id="45" number="44" sentence="1">,</token>
  <token id="46" number="45" sentence="1">down</token>
  <token id="47" number="46" sentence="1">15.625</token>
  <token id="48" number="47" sentence="1">cents</token>
  <token id="49" number="48" sentence="1">.</token>
  <token id="50" number="49" sentence="2">At</token>
  <token id="51" number="50" sentence="2">the</token>
  <token id="52" number="51" sentence="2">market</token>
  <token id="53" number="52" sentence="2">price</token>
  <token id="54" number="53" sentence="2">,</token>
  <token id="55" number="54" sentence="2">the</token>
  <token id="56" number="55" sentence="2">transaction</token>
  <token id="57" number="56" sentence="2">has</token>
  <token id="58" number="57" sentence="2">a</token>
  <token id="59" number="58" sentence="2">total</token>
  <token id="60" number="59" sentence="2">indicated</token>
  <token id="61" number="60" sentence="2">value</token>
  <token id="62" number="61" sentence="2">of</token>
  <token id="63" number="62" sentence="2">$</token>
  <token id="64" number="63" sentence="2">7.4</token>
  <token id="65" number="64" sentence="2">million</token>
  <token id="66" number="65" sentence="2">.</token>
  <token id="67" number="66" sentence="3">Kofcoh</token>
  <token id="68" number="67" sentence="3">is</token>
  <token id="69" number="68" sentence="3">a</token>
  <token id="70" number="69" sentence="3">New</token>
  <token id="71" number="70" sentence="3">York</token>
  <token id="72" number="71" sentence="3">holding</token>
  <token id="73" number="72" sentence="3">company</token>
  <token id="74" number="73" sentence="3">for</token>
  <token id="75" number="74" sentence="3">Rosalco</token>
  <token id="76" number="75" sentence="3">Inc.,</token>
  <token id="77" number="76" sentence="3">which</token>
  <token id="78" number="77" sentence="3">imports</token>
  <token id="79" number="78" sentence="3">furniture</token>
  <token id="80" number="79" sentence="3">and</token>
  <token id="81" number="80" sentence="3">other</token>
  <token id="82" number="81" sentence="3">items</token>
  <token id="83" number="82" sentence="3">.</token>
  <token id="84" number="83" sentence="4">David</token>
  <token id="85" number="84" sentence="4">L.</token>
  <token id="86" number="85" sentence="4">Koffman</token>
  <token id="87" number="86" sentence="4">,</token>
  <token id="88" number="87" sentence="4">president</token>
  <token id="89" number="88" sentence="4">and</token>
  <token id="90" number="89" sentence="4">chief</token>
  <token id="91" number="90" sentence="4">executive</token>
  <token id="92" number="91" sentence="4">officer</token>
  <token id="93" number="92" sentence="4">of</token>
  <token id="94" number="93" sentence="4">Jayark</token>
  <token id="95" number="94" sentence="4">,</token>
  <token id="96" number="95" sentence="4">holds</token>
  <token id="97" number="96" sentence="4">about</token>
  <token id="98" number="97" sentence="4">40</token>
  <token id="99" number="98" sentence="4">%</token>
  <token id="100" number="99" sentence="4">of</token>
  <token id="101" number="100" sentence="4">Kofcoh</token>
  <token id="102" number="101" sentence="4">,</token>
  <token id="103" number="102" sentence="4">Jayark</token>
  <token id="104" number="103" sentence="4">said</token>
  <token id="105" number="104" sentence="4">.</token>
  <token id="106" number="105" sentence="5">Jayark</token>
  <token id="107" number="106" sentence="5">,</token>
  <token id="108" number="107" sentence="5">New</token>
  <token id="109" number="108" sentence="5">York</token>
  <token id="110" number="109" sentence="5">,</token>
  <token id="111" number="110" sentence="5">distributes</token>
  <token id="112" number="111" sentence="5">and</token>
  <token id="113" number="112" sentence="5">rents</token>
  <token id="114" number="113" sentence="5">audio-visual</token>
  <token id="115" number="114" sentence="5">equipment</token>
  <token id="116" number="115" sentence="5">and</token>
  <token id="117" number="116" sentence="5">prints</token>
  <token id="118" number="117" sentence="5">promotional</token>
  <token id="119" number="118" sentence="5">ads</token>
  <token id="120" number="119" sentence="5">for</token>
  <token id="121" number="120" sentence="5">retailers</token>
  <token id="122" number="121" sentence="5">.</token>
  <token id="123" number="122" sentence="6">In</token>
  <token id="124" number="123" sentence="6">the</token>
  <token id="125" number="124" sentence="6">quarter</token>
  <token id="126" number="125" sentence="6">ended</token>
  <token id="127" number="126" sentence="6">July</token>
  <token id="128" number="127" sentence="6">31</token>
  <token id="129" number="128" sentence="6">,</token>
  <token id="130" number="129" sentence="6">Jayark</token>
  <token id="131" number="130" sentence="6">had</token>
  <token id="132" number="131" sentence="6">an</token>
  <token id="133" number="132" sentence="6">average</token>
  <token id="134" number="133" sentence="6">of</token>
  <token id="135" number="134" sentence="6">5.6</token>
  <token id="136" number="135" sentence="6">million</token>
  <token id="137" number="136" sentence="6">shares</token>
  <token id="138" number="137" sentence="6">outstanding</token>
  <token id="139" number="138" sentence="6">.</token>
  <token id="140" number="139" sentence="7">The</token>
  <token id="141" number="140" sentence="7">transaction</token>
  <token id="142" number="141" sentence="7">is</token>
  <token id="143" number="142" sentence="7">subject</token>
  <token id="144" number="143" sentence="7">to</token>
  <token id="145" number="144" sentence="7">approval</token>
  <token id="146" number="145" sentence="7">by</token>
  <token id="147" number="146" sentence="7">a</token>
  <token id="148" number="147" sentence="7">panel</token>
  <token id="149" number="148" sentence="7">of</token>
  <token id="150" number="149" sentence="7">disinterested</token>
  <token id="151" number="150" sentence="7">directors</token>
  <token id="152" number="151" sentence="7">,</token>
  <token id="153" number="152" sentence="7">the</token>
  <token id="154" number="153" sentence="7">company</token>
  <token id="155" number="154" sentence="7">said</token>
  <token id="156" number="155" sentence="7">,</token>
  <token id="157" number="156" sentence="7">adding</token>
  <token id="158" number="157" sentence="7">that</token>
  <token id="159" number="158" sentence="7">shareholder</token>
  <token id="160" number="159" sentence="7">approval</token>
  <token id="161" number="160" sentence="7">is</token>
  <token id="162" number="161" sentence="7">n't</token>
  <token id="163" number="162" sentence="7">needed</token>
  <token id="164" number="163" sentence="7">.</token>
</Document>
