<Document doc_name="wsj_0324">
  <Markables>
    <TIMEX3 RELATED_TO="" TAG_DESCRIPTOR="Empty_Mark" beginPoint="" comment="" endPoint="" freq="" functionInDocument="CREATION_TIME" id="0" quant="" type="DATE" value="1989-11-01" />
    <EVENT aspect="NONE" certainty="" class="REPORTING" comment="" factuality="" id="1" modality="NONE" polarity="POS" pos="VERB" tense="PAST">
      <token_anchor id="4" />
    </EVENT>
    <EVENT aspect="NONE" certainty="" class="OCCURRENCE" comment="" factuality="" id="2" modality="NONE" polarity="POS" pos="VERB" tense="PAST">
      <token_anchor id="6" />
    </EVENT>
    <EVENT aspect="NONE" certainty="" class="OCCURRENCE" comment="" factuality="" id="3" modality="NONE" polarity="POS" pos="NOUN" tense="NONE">
      <token_anchor id="8" />
    </EVENT>
    <EVENT aspect="NONE" certainty="" class="I_ACTION" comment="" factuality="" id="4" modality="NONE" polarity="POS" pos="VERB" tense="PAST">
      <token_anchor id="20" />
    </EVENT>
    <EVENT aspect="NONE" certainty="" class="OCCURRENCE" comment="" factuality="" id="5" modality="NONE" polarity="POS" pos="VERB" tense="INFINITIVE">
      <token_anchor id="22" />
    </EVENT>
    <EVENT aspect="NONE" certainty="" class="OCCURRENCE" comment="" factuality="" id="6" modality="NONE" polarity="POS" pos="NOUN" tense="NONE">
      <token_anchor id="41" />
    </EVENT>
    <EVENT aspect="NONE" certainty="" class="OCCURRENCE" comment="" factuality="" id="7" modality="NONE" polarity="POS" pos="VERB" tense="PRESENT">
      <token_anchor id="42" />
    </EVENT>
    <TIMEX3 anchorTimeID="0" beginPoint="" comment="" endPoint="" freq="" functionInDocument="NONE" id="8" quant="" type="DATE" value="PRESENT_REF">
      <token_anchor id="54" />
    </TIMEX3>
    <EVENT aspect="NONE" certainty="" class="STATE" comment="" factuality="" id="9" modality="NONE" polarity="POS" pos="VERB" tense="PRESENT">
      <token_anchor id="55" />
    </EVENT>
    <EVENT aspect="NONE" certainty="" class="STATE" comment="" factuality="" id="10" modality="NONE" polarity="POS" pos="VERB" tense="PRESENT">
      <token_anchor id="78" />
    </EVENT>
    <TIMEX3 anchorTimeID="0" beginPoint="" comment="" endPoint="" freq="" functionInDocument="NONE" id="11" quant="" type="DATE" value="1988">
      <token_anchor id="88" />
      <token_anchor id="89" />
    </TIMEX3>
    <EVENT aspect="NONE" certainty="" class="OCCURRENCE" comment="" factuality="" id="12" modality="NONE" polarity="POS" pos="VERB" tense="PAST">
      <token_anchor id="90" />
    </EVENT>
    <EVENT aspect="NONE" certainty="" class="OCCURRENCE" comment="" factuality="" id="13" modality="NONE" polarity="POS" pos="NOUN" tense="NONE">
      <token_anchor id="91" />
    </EVENT>
  </Markables>
  <Relations>
    <TLINK comment="" id="1" relType="BEFORE">
      <source id="1" />
      <target id="0" />
    </TLINK>
    <TLINK comment="" id="2" relType="IDENTITY">
      <source id="3" />
      <target id="6" />
    </TLINK>
    <TLINK comment="" id="3" relType="AFTER">
      <source id="5" />
      <target id="0" />
    </TLINK>
    <TLINK comment="" id="4" relType="IS_INCLUDED">
      <source id="7" />
      <target id="0" />
    </TLINK>
    <TLINK comment="" id="5" relType="IDENTITY">
      <source id="8" />
      <target id="1" />
    </TLINK>
    <TLINK comment="" id="6" relType="IS_INCLUDED">
      <source id="9" />
      <target id="8" />
    </TLINK>
    <TLINK comment="" id="7" relType="IS_INCLUDED">
      <source id="10" />
      <target id="8" />
    </TLINK>
    <TLINK comment="" id="8" relType="INCLUDES">
      <source id="11" />
      <target id="12" />
    </TLINK>
    <TLINK comment="" id="9" relType="IDENTITY">
      <source id="12" />
      <target id="13" />
    </TLINK>
  </Relations>
  <token id="1" number="0" sentence="0">QVC</token>
  <token id="2" number="1" sentence="0">Network</token>
  <token id="3" number="2" sentence="0">Inc.</token>
  <token id="4" number="3" sentence="0">said</token>
  <token id="5" number="4" sentence="0">it</token>
  <token id="6" number="5" sentence="0">completed</token>
  <token id="7" number="6" sentence="0">its</token>
  <token id="8" number="7" sentence="0">acquisition</token>
  <token id="9" number="8" sentence="0">of</token>
  <token id="10" number="9" sentence="0">CVN</token>
  <token id="11" number="10" sentence="0">Cos</token>
  <token id="12" number="11" sentence="0">.</token>
  <token id="13" number="12" sentence="1">for</token>
  <token id="14" number="13" sentence="1">about</token>
  <token id="15" number="14" sentence="1">$</token>
  <token id="16" number="15" sentence="1">423</token>
  <token id="17" number="16" sentence="1">million</token>
  <token id="18" number="17" sentence="1">.</token>
  <token id="19" number="18" sentence="2">QVC</token>
  <token id="20" number="19" sentence="2">agreed</token>
  <token id="21" number="20" sentence="2">to</token>
  <token id="22" number="21" sentence="2">pay</token>
  <token id="23" number="22" sentence="2">$</token>
  <token id="24" number="23" sentence="2">19</token>
  <token id="25" number="24" sentence="2">and</token>
  <token id="26" number="25" sentence="2">one-eighth</token>
  <token id="27" number="26" sentence="2">QVC</token>
  <token id="28" number="27" sentence="2">share</token>
  <token id="29" number="28" sentence="2">for</token>
  <token id="30" number="29" sentence="2">each</token>
  <token id="31" number="30" sentence="2">of</token>
  <token id="32" number="31" sentence="2">CVN</token>
  <token id="33" number="32" sentence="2">'s</token>
  <token id="34" number="33" sentence="2">20</token>
  <token id="35" number="34" sentence="2">million</token>
  <token id="36" number="35" sentence="2">fully</token>
  <token id="37" number="36" sentence="2">diluted</token>
  <token id="38" number="37" sentence="2">shares</token>
  <token id="39" number="38" sentence="2">.</token>
  <token id="40" number="39" sentence="3">The</token>
  <token id="41" number="40" sentence="3">acquisition</token>
  <token id="42" number="41" sentence="3">brings</token>
  <token id="43" number="42" sentence="3">together</token>
  <token id="44" number="43" sentence="3">the</token>
  <token id="45" number="44" sentence="3">two</token>
  <token id="46" number="45" sentence="3">largest</token>
  <token id="47" number="46" sentence="3">competitors</token>
  <token id="48" number="47" sentence="3">to</token>
  <token id="49" number="48" sentence="3">Home</token>
  <token id="50" number="49" sentence="3">Shopping</token>
  <token id="51" number="50" sentence="3">Network</token>
  <token id="52" number="51" sentence="3">Inc.,</token>
  <token id="53" number="52" sentence="3">which</token>
  <token id="54" number="53" sentence="3">now</token>
  <token id="55" number="54" sentence="3">reaches</token>
  <token id="56" number="55" sentence="3">more</token>
  <token id="57" number="56" sentence="3">viewers</token>
  <token id="58" number="57" sentence="3">than</token>
  <token id="59" number="58" sentence="3">any</token>
  <token id="60" number="59" sentence="3">other</token>
  <token id="61" number="60" sentence="3">company</token>
  <token id="62" number="61" sentence="3">in</token>
  <token id="63" number="62" sentence="3">the</token>
  <token id="64" number="63" sentence="3">video</token>
  <token id="65" number="64" sentence="3">shopping</token>
  <token id="66" number="65" sentence="3">industry</token>
  <token id="67" number="66" sentence="3">.</token>
  <token id="68" number="67" sentence="4">Among</token>
  <token id="69" number="68" sentence="4">them</token>
  <token id="70" number="69" sentence="4">,</token>
  <token id="71" number="70" sentence="4">Home</token>
  <token id="72" number="71" sentence="4">Shopping</token>
  <token id="73" number="72" sentence="4">,</token>
  <token id="74" number="73" sentence="4">QVC</token>
  <token id="75" number="74" sentence="4">and</token>
  <token id="76" number="75" sentence="4">CVN</token>
  <token id="77" number="76" sentence="4">already</token>
  <token id="78" number="77" sentence="4">control</token>
  <token id="79" number="78" sentence="4">most</token>
  <token id="80" number="79" sentence="4">of</token>
  <token id="81" number="80" sentence="4">that</token>
  <token id="82" number="81" sentence="4">young</token>
  <token id="83" number="82" sentence="4">and</token>
  <token id="84" number="83" sentence="4">fast-growing</token>
  <token id="85" number="84" sentence="4">market</token>
  <token id="86" number="85" sentence="4">,</token>
  <token id="87" number="86" sentence="4">which</token>
  <token id="88" number="87" sentence="4">last</token>
  <token id="89" number="88" sentence="4">year</token>
  <token id="90" number="89" sentence="4">had</token>
  <token id="91" number="90" sentence="4">sales</token>
  <token id="92" number="91" sentence="4">of</token>
  <token id="93" number="92" sentence="4">about</token>
  <token id="94" number="93" sentence="4">$</token>
  <token id="95" number="94" sentence="4">1.4</token>
  <token id="96" number="95" sentence="4">billion</token>
  <token id="97" number="96" sentence="4">.</token>
</Document>
