<Document doc_name="wsj_0551">
  <Markables>
    <TIMEX3 RELATED_TO="" TAG_DESCRIPTOR="Empty_Mark" beginPoint="" comment="" endPoint="" freq="" functionInDocument="CREATION_TIME" id="0" quant="" type="DATE" value="1989-10-30" />
    <EVENT aspect="NONE" certainty="" class="OCCURRENCE" comment="" factuality="" id="1" modality="NONE" polarity="POS" pos="VERB" tense="FUTURE">
      <token_anchor id="4" />
    </EVENT>
    <EVENT aspect="NONE" certainty="" class="OCCURRENCE" comment="" factuality="" id="2" modality="NONE" polarity="POS" pos="NOUN" tense="NONE">
      <token_anchor id="11" />
    </EVENT>
    <EVENT aspect="NONE" certainty="" class="ASPECTUAL" comment="" factuality="" id="3" modality="NONE" polarity="POS" pos="VERB" tense="PRESENT">
      <token_anchor id="13" />
    </EVENT>
    <EVENT aspect="NONE" certainty="" class="REPORTING" comment="" factuality="" id="4" modality="NONE" polarity="POS" pos="VERB" tense="PAST">
      <token_anchor id="22" />
    </EVENT>
    <EVENT aspect="NONE" certainty="" class="I_ACTION" comment="" factuality="" id="5" modality="NONE" polarity="POS" pos="VERB" tense="PAST">
      <token_anchor id="32" />
    </EVENT>
    <TIMEX3 anchorTimeID="0" beginPoint="" comment="" endPoint="" freq="" functionInDocument="NONE" id="6" quant="" type="DATE" value="1989-06">
      <token_anchor id="34" />
    </TIMEX3>
    <EVENT aspect="NONE" certainty="" class="OCCURRENCE" comment="" factuality="" id="7" modality="NONE" polarity="POS" pos="VERB" tense="INFINITIVE">
      <token_anchor id="36" />
    </EVENT>
    <EVENT aspect="NONE" certainty="" class="OCCURRENCE" comment="" factuality="" id="8" modality="NONE" polarity="POS" pos="NOUN" tense="NONE">
      <token_anchor id="55" />
    </EVENT>
    <EVENT aspect="NONE" certainty="" class="I_STATE" comment="" factuality="" id="9" modality="NONE" polarity="POS" pos="VERB" tense="PRESENT">
      <token_anchor id="57" />
    </EVENT>
    <EVENT aspect="NONE" certainty="" class="ASPECTUAL" comment="" factuality="" id="10" modality="NONE" polarity="POS" pos="VERB" tense="INFINITIVE">
      <token_anchor id="59" />
    </EVENT>
    <TIMEX3 anchorTimeID="0" beginPoint="" comment="" endPoint="" freq="" functionInDocument="NONE" id="11" quant="" type="DATE" value="1989-12">
      <token_anchor id="60" />
      <token_anchor id="61" />
      <token_anchor id="62" />
    </TIMEX3>
  </Markables>
  <Relations>
    <TLINK comment="" id="1" relType="BEFORE">
      <source id="1" />
      <target id="0" />
    </TLINK>
    <TLINK comment="" id="2" relType="AFTER">
      <source id="1" />
      <target id="3" />
    </TLINK>
    <TLINK comment="" id="3" relType="BEFORE">
      <source id="4" />
      <target id="0" />
    </TLINK>
    <TLINK comment="" id="4" relType="IS_INCLUDED">
      <source id="5" />
      <target id="6" />
    </TLINK>
    <TLINK comment="" id="5" relType="IS_INCLUDED">
      <source id="7" />
      <target id="2" />
    </TLINK>
    <TLINK comment="" id="6" relType="IS_INCLUDED">
      <source id="8" />
      <target id="2" />
    </TLINK>
    <TLINK comment="" id="7" relType="INCLUDES">
      <source id="8" />
      <target id="7" />
    </TLINK>
    <TLINK comment="" id="8" relType="IS_INCLUDED">
      <source id="9" />
      <target id="0" />
    </TLINK>
    <TLINK comment="" id="9" relType="IS_INCLUDED">
      <source id="10" />
      <target id="11" />
    </TLINK>
  </Relations>
  <token id="1" number="0" sentence="0">Trustcorp</token>
  <token id="2" number="1" sentence="0">Inc.</token>
  <token id="3" number="2" sentence="0">will</token>
  <token id="4" number="3" sentence="0">become</token>
  <token id="5" number="4" sentence="0">Society</token>
  <token id="6" number="5" sentence="0">Bank</token>
  <token id="7" number="6" sentence="0">amp</token>
  <token id="8" number="7" sentence="0">Trust</token>
  <token id="9" number="8" sentence="0">when</token>
  <token id="10" number="9" sentence="0">its</token>
  <token id="11" number="10" sentence="0">merger</token>
  <token id="12" number="11" sentence="0">is</token>
  <token id="13" number="12" sentence="0">completed</token>
  <token id="14" number="13" sentence="0">with</token>
  <token id="15" number="14" sentence="0">Society</token>
  <token id="16" number="15" sentence="0">Corp.</token>
  <token id="17" number="16" sentence="0">of</token>
  <token id="18" number="17" sentence="0">Cleveland</token>
  <token id="19" number="18" sentence="0">,</token>
  <token id="20" number="19" sentence="0">the</token>
  <token id="21" number="20" sentence="0">bank</token>
  <token id="22" number="21" sentence="0">said</token>
  <token id="23" number="22" sentence="0">.</token>
  <token id="24" number="23" sentence="1">Society</token>
  <token id="25" number="24" sentence="1">Corp.,</token>
  <token id="26" number="25" sentence="1">which</token>
  <token id="27" number="26" sentence="1">is</token>
  <token id="28" number="27" sentence="1">also</token>
  <token id="29" number="28" sentence="1">a</token>
  <token id="30" number="29" sentence="1">bank</token>
  <token id="31" number="30" sentence="1">,</token>
  <token id="32" number="31" sentence="1">agreed</token>
  <token id="33" number="32" sentence="1">in</token>
  <token id="34" number="33" sentence="1">June</token>
  <token id="35" number="34" sentence="1">to</token>
  <token id="36" number="35" sentence="1">buy</token>
  <token id="37" number="36" sentence="1">Trustcorp</token>
  <token id="38" number="37" sentence="1">for</token>
  <token id="39" number="38" sentence="1">12.4</token>
  <token id="40" number="39" sentence="1">million</token>
  <token id="41" number="40" sentence="1">shares</token>
  <token id="42" number="41" sentence="1">of</token>
  <token id="43" number="42" sentence="1">stock</token>
  <token id="44" number="43" sentence="1">with</token>
  <token id="45" number="44" sentence="1">a</token>
  <token id="46" number="45" sentence="1">market</token>
  <token id="47" number="46" sentence="1">value</token>
  <token id="48" number="47" sentence="1">of</token>
  <token id="49" number="48" sentence="1">about</token>
  <token id="50" number="49" sentence="1">$</token>
  <token id="51" number="50" sentence="1">450</token>
  <token id="52" number="51" sentence="1">million</token>
  <token id="53" number="52" sentence="1">.</token>
  <token id="54" number="53" sentence="2">The</token>
  <token id="55" number="54" sentence="2">transaction</token>
  <token id="56" number="55" sentence="2">is</token>
  <token id="57" number="56" sentence="2">expected</token>
  <token id="58" number="57" sentence="2">to</token>
  <token id="59" number="58" sentence="2">close</token>
  <token id="60" number="59" sentence="2">around</token>
  <token id="61" number="60" sentence="2">year</token>
  <token id="62" number="61" sentence="2">end</token>
  <token id="63" number="62" sentence="2">.</token>
</Document>
