<Document doc_name="wsj_0751">
  <Markables>
    <TIMEX3 RELATED_TO="" TAG_DESCRIPTOR="Empty_Mark" beginPoint="" comment="" endPoint="" freq="" functionInDocument="CREATION_TIME" id="0" quant="" type="DATE" value="1989-10-27" />
    <EVENT aspect="NONE" certainty="" class="I_ACTION" comment="" factuality="" id="1" modality="NONE" polarity="POS" pos="VERB" tense="PAST">
      <token_anchor id="8" />
    </EVENT>
    <EVENT aspect="NONE" certainty="" class="OCCURRENCE" comment="" factuality="" id="2" modality="NONE" polarity="POS" pos="VERB" tense="INFINITIVE">
      <token_anchor id="16" />
    </EVENT>
    <EVENT aspect="NONE" certainty="" class="REPORTING" comment="" factuality="" id="3" modality="NONE" polarity="POS" pos="VERB" tense="PAST">
      <token_anchor id="26" />
    </EVENT>
    <EVENT aspect="NONE" certainty="" class="I_ACTION" comment="" factuality="" id="4" modality="NONE" polarity="POS" pos="VERB" tense="PAST">
      <token_anchor id="32" />
    </EVENT>
    <TIMEX3 anchorTimeID="0" beginPoint="" comment="" endPoint="" freq="" functionInDocument="NONE" id="5" quant="" type="DATE" value="1989-04">
      <token_anchor id="35" />
      <token_anchor id="36" />
    </TIMEX3>
    <EVENT aspect="NONE" certainty="" class="OCCURRENCE" comment="" factuality="" id="6" modality="NONE" polarity="POS" pos="VERB" tense="FUTURE">
      <token_anchor id="39" />
    </EVENT>
    <EVENT aspect="NONE" certainty="" class="I_ACTION" comment="" factuality="" id="7" modality="NONE" polarity="POS" pos="VERB" tense="PAST">
      <token_anchor id="56" />
    </EVENT>
    <EVENT aspect="NONE" certainty="" class="OCCURRENCE" comment="" factuality="" id="8" modality="NONE" polarity="POS" pos="NOUN" tense="NONE">
      <token_anchor id="58" />
    </EVENT>
    <TIMEX3 anchorTimeID="0" beginPoint="" comment="" endPoint="" freq="" functionInDocument="NONE" id="9" quant="" type="DATE" value="1989-10-26">
      <token_anchor id="59" />
    </TIMEX3>
    <EVENT aspect="NONE" certainty="" class="OCCURRENCE" comment="" factuality="" id="10" modality="must" polarity="POS" pos="VERB" tense="NONE">
      <token_anchor id="65" />
    </EVENT>
    <TIMEX3 beginPoint="" comment="" endPoint="" freq="" functionInDocument="NONE" id="11" quant="" type="DURATION" value="P30D">
      <token_anchor id="66" />
      <token_anchor id="67" />
      <token_anchor id="68" />
      <token_anchor id="69" />
    </TIMEX3>
    <EVENT aspect="NONE" certainty="" class="ASPECTUAL" comment="" factuality="" id="12" modality="NONE" polarity="POS" pos="NOUN" tense="NONE">
      <token_anchor id="71" />
    </EVENT>
    <EVENT aspect="NONE" certainty="" class="OCCURRENCE" comment="" factuality="" id="13" modality="NONE" polarity="POS" pos="NOUN" tense="NONE">
      <token_anchor id="73" />
    </EVENT>
    <EVENT aspect="PERFECTIVE" certainty="" class="OCCURRENCE" comment="" factuality="" id="14" modality="NONE" polarity="NEG" pos="VERB" tense="PRESENT">
      <token_anchor id="81" />
    </EVENT>
    <EVENT aspect="NONE" certainty="" class="I_ACTION" comment="" factuality="" id="15" modality="NONE" polarity="POS" pos="VERB" tense="PAST">
      <token_anchor id="85" />
    </EVENT>
    <EVENT aspect="NONE" certainty="" class="OCCURRENCE" comment="" factuality="" id="16" modality="NONE" polarity="POS" pos="NOUN" tense="NONE">
      <token_anchor id="88" />
    </EVENT>
    <TIMEX3 beginPoint="" comment="" endPoint="" freq="" functionInDocument="NONE" id="17" quant="" type="DATE" value="1988-08">
      <token_anchor id="90" />
      <token_anchor id="91" />
    </TIMEX3>
  </Markables>
  <Relations>
    <TLINK comment="" id="1" relType="BEFORE">
      <source id="1" />
      <target id="0" />
    </TLINK>
    <TLINK comment="" id="2" relType="BEFORE">
      <source id="3" />
      <target id="0" />
    </TLINK>
    <TLINK comment="" id="3" relType="IS_INCLUDED">
      <source id="4" />
      <target id="5" />
    </TLINK>
    <TLINK comment="" id="4" relType="AFTER">
      <source id="6" />
      <target id="0" />
    </TLINK>
    <TLINK comment="" id="5" relType="IDENTITY">
      <source id="7" />
      <target id="1" />
    </TLINK>
    <TLINK comment="" id="6" relType="IS_INCLUDED">
      <source id="7" />
      <target id="9" />
    </TLINK>
    <TLINK comment="" id="7" relType="IDENTITY">
      <source id="8" />
      <target id="2" />
    </TLINK>
    <TLINK comment="" id="8" relType="DURING">
      <source id="10" />
      <target id="11" />
    </TLINK>
    <TLINK comment="" id="9" relType="ENDED_BY">
      <source id="10" />
      <target id="12" />
    </TLINK>
    <TLINK comment="" id="10" relType="IDENTITY">
      <source id="13" />
      <target id="2" />
    </TLINK>
    <TLINK comment="" id="11" relType="INCLUDES">
      <source id="14" />
      <target id="0" />
    </TLINK>
    <TLINK comment="" id="12" relType="BEFORE">
      <source id="15" />
      <target id="0" />
    </TLINK>
    <TLINK comment="" id="13" relType="INCLUDES">
      <source id="15" />
      <target id="4" />
    </TLINK>
    <TLINK comment="" id="14" relType="IS_INCLUDED">
      <source id="15" />
      <target id="17" />
    </TLINK>
    <TLINK comment="" id="15" relType="INCLUDES">
      <source id="16" />
      <target id="2" />
    </TLINK>
  </Relations>
  <token id="1" number="0" sentence="0">Dime</token>
  <token id="2" number="1" sentence="0">Savings</token>
  <token id="3" number="2" sentence="0">Bank</token>
  <token id="4" number="3" sentence="0">of</token>
  <token id="5" number="4" sentence="0">New</token>
  <token id="6" number="5" sentence="0">York</token>
  <token id="7" number="6" sentence="0">was</token>
  <token id="8" number="7" sentence="0">cleared</token>
  <token id="9" number="8" sentence="0">by</token>
  <token id="10" number="9" sentence="0">the</token>
  <token id="11" number="10" sentence="0">Federal</token>
  <token id="12" number="11" sentence="0">Deposit</token>
  <token id="13" number="12" sentence="0">Insurance</token>
  <token id="14" number="13" sentence="0">Corp.</token>
  <token id="15" number="14" sentence="0">to</token>
  <token id="16" number="15" sentence="0">acquire</token>
  <token id="17" number="16" sentence="0">Starpointe</token>
  <token id="18" number="17" sentence="0">Savings</token>
  <token id="19" number="18" sentence="0">Bank</token>
  <token id="20" number="19" sentence="0">of</token>
  <token id="21" number="20" sentence="0">Somerset</token>
  <token id="22" number="21" sentence="0">,</token>
  <token id="23" number="22" sentence="0">N.J.,</token>
  <token id="24" number="23" sentence="0">the</token>
  <token id="25" number="24" sentence="0">banks</token>
  <token id="26" number="25" sentence="0">said</token>
  <token id="27" number="26" sentence="0">.</token>
  <token id="28" number="27" sentence="1">Starpointe</token>
  <token id="29" number="28" sentence="1">holders</token>
  <token id="30" number="29" sentence="1">,</token>
  <token id="31" number="30" sentence="1">who</token>
  <token id="32" number="31" sentence="1">approved</token>
  <token id="33" number="32" sentence="1">the</token>
  <token id="34" number="33" sentence="1">plan</token>
  <token id="35" number="34" sentence="1">last</token>
  <token id="36" number="35" sentence="1">April</token>
  <token id="37" number="36" sentence="1">,</token>
  <token id="38" number="37" sentence="1">will</token>
  <token id="39" number="38" sentence="1">receive</token>
  <token id="40" number="39" sentence="1">$</token>
  <token id="41" number="40" sentence="1">21</token>
  <token id="42" number="41" sentence="1">in</token>
  <token id="43" number="42" sentence="1">cash</token>
  <token id="44" number="43" sentence="1">a</token>
  <token id="45" number="44" sentence="1">share</token>
  <token id="46" number="45" sentence="1">,</token>
  <token id="47" number="46" sentence="1">or</token>
  <token id="48" number="47" sentence="1">a</token>
  <token id="49" number="48" sentence="1">total</token>
  <token id="50" number="49" sentence="1">$</token>
  <token id="51" number="50" sentence="1">63</token>
  <token id="52" number="51" sentence="1">million</token>
  <token id="53" number="52" sentence="1">.</token>
  <token id="54" number="53" sentence="2">The</token>
  <token id="55" number="54" sentence="2">FDIC</token>
  <token id="56" number="55" sentence="2">cleared</token>
  <token id="57" number="56" sentence="2">the</token>
  <token id="58" number="57" sentence="2">move</token>
  <token id="59" number="58" sentence="2">yesterday</token>
  <token id="60" number="59" sentence="2">,</token>
  <token id="61" number="60" sentence="2">and</token>
  <token id="62" number="61" sentence="2">the</token>
  <token id="63" number="62" sentence="2">banks</token>
  <token id="64" number="63" sentence="2">must</token>
  <token id="65" number="64" sentence="2">wait</token>
  <token id="66" number="65" sentence="2">at</token>
  <token id="67" number="66" sentence="2">least</token>
  <token id="68" number="67" sentence="2">30</token>
  <token id="69" number="68" sentence="2">days</token>
  <token id="70" number="69" sentence="2">before</token>
  <token id="71" number="70" sentence="2">closing</token>
  <token id="72" number="71" sentence="2">the</token>
  <token id="73" number="72" sentence="2">purchase</token>
  <token id="74" number="73" sentence="2">.</token>
  <token id="75" number="74" sentence="3">A</token>
  <token id="76" number="75" sentence="3">closing</token>
  <token id="77" number="76" sentence="3">date</token>
  <token id="78" number="77" sentence="3">has</token>
  <token id="79" number="78" sentence="3">n't</token>
  <token id="80" number="79" sentence="3">been</token>
  <token id="81" number="80" sentence="3">set</token>
  <token id="82" number="81" sentence="3">.</token>
  <token id="83" number="82" sentence="4">The</token>
  <token id="84" number="83" sentence="4">thrifts</token>
  <token id="85" number="84" sentence="4">agreed</token>
  <token id="86" number="85" sentence="4">to</token>
  <token id="87" number="86" sentence="4">the</token>
  <token id="88" number="87" sentence="4">transaction</token>
  <token id="89" number="88" sentence="4">in</token>
  <token id="90" number="89" sentence="4">August</token>
  <token id="91" number="90" sentence="4">1988</token>
  <token id="92" number="91" sentence="4">.</token>
</Document>
