<Document doc_name="wsj_0073">
  <Markables>
    <TIMEX3 RELATED_TO="" TAG_DESCRIPTOR="Empty_Mark" beginPoint="" comment="" endPoint="" freq="" functionInDocument="CREATION_TIME" id="0" quant="" type="DATE" value="1989-11-02" />
    <EVENT aspect="NONE" certainty="" class="REPORTING" comment="" factuality="" id="1" modality="NONE" polarity="POS" pos="VERB" tense="PAST">
      <token_anchor id="6" />
    </EVENT>
    <EVENT aspect="NONE" certainty="" class="OCCURRENCE" comment="" factuality="" id="2" modality="NONE" polarity="POS" pos="VERB" tense="INFINITIVE">
      <token_anchor id="12" />
    </EVENT>
    <EVENT aspect="NONE" certainty="" class="I_ACTION" comment="" factuality="" id="3" modality="NONE" polarity="POS" pos="VERB" tense="PAST">
      <token_anchor id="18" />
    </EVENT>
    <EVENT aspect="NONE" certainty="" class="ASPECTUAL" comment="" factuality="" id="4" modality="NONE" polarity="POS" pos="VERB" tense="FUTURE">
      <token_anchor id="24" />
    </EVENT>
    <EVENT aspect="NONE" certainty="" class="OCCURRENCE" comment="" factuality="" id="5" modality="NONE" polarity="POS" pos="VERB" tense="PRESPART">
      <token_anchor id="25" />
    </EVENT>
    <TIMEX3 anchorTimeID="0" beginPoint="" comment="" endPoint="" freq="" functionInDocument="NONE" id="6" quant="" type="DATE" value="1989-W44">
      <token_anchor id="30" />
      <token_anchor id="31" />
      <token_anchor id="32" />
      <token_anchor id="33" />
      <token_anchor id="34" />
    </TIMEX3>
    <EVENT aspect="NONE" certainty="" class="OCCURRENCE" comment="" factuality="" id="7" modality="NONE" polarity="POS" pos="VERB" tense="FUTURE">
      <token_anchor id="42" />
    </EVENT>
    <EVENT aspect="NONE" certainty="" class="STATE" comment="" factuality="" id="8" modality="NONE" polarity="POS" pos="VERB" tense="PASTPART">
      <token_anchor id="50" />
    </EVENT>
    <EVENT aspect="NONE" certainty="" class="I_STATE" comment="" factuality="" id="9" modality="NONE" polarity="POS" pos="VERB" tense="PRESENT">
      <token_anchor id="54" />
    </EVENT>
    <EVENT aspect="NONE" certainty="" class="OCCURRENCE" comment="" factuality="" id="10" modality="NONE" polarity="POS" pos="VERB" tense="INFINITIVE">
      <token_anchor id="58" />
    </EVENT>
    <TIMEX3 beginPoint="" comment="" endPoint="" freq="" functionInDocument="NONE" id="11" quant="" type="DATE" value="1993">
      <token_anchor id="68" />
    </TIMEX3>
    <EVENT aspect="NONE" certainty="" class="OCCURRENCE" comment="" factuality="" id="12" modality="NONE" polarity="POS" pos="VERB" tense="INFINITIVE">
      <token_anchor id="72" />
    </EVENT>
    <EVENT aspect="NONE" certainty="" class="OCCURRENCE" comment="" factuality="" id="13" modality="NONE" polarity="POS" pos="VERB" tense="PRESENT">
      <token_anchor id="86" />
    </EVENT>
    <TIMEX3 anchorTimeID="0" beginPoint="" comment="" endPoint="" freq="" functionInDocument="NONE" id="14" quant="" type="DATE" value="1989-11-21">
      <token_anchor id="87" />
      <token_anchor id="88" />
      <token_anchor id="89" />
    </TIMEX3>
    <EVENT aspect="NONE" certainty="" class="REPORTING" comment="" factuality="" id="15" modality="NONE" polarity="POS" pos="VERB" tense="PAST">
      <token_anchor id="107" />
    </EVENT>
    <EVENT aspect="PERFECTIVE" certainty="" class="I_ACTION" comment="" factuality="" id="16" modality="NONE" polarity="POS" pos="VERB" tense="PRESENT">
      <token_anchor id="113" />
    </EVENT>
    <EVENT aspect="NONE" certainty="" class="OCCURRENCE" comment="" factuality="" id="17" modality="NONE" polarity="POS" pos="VERB" tense="INFINITIVE">
      <token_anchor id="115" />
    </EVENT>
    <EVENT aspect="PERFECTIVE" certainty="" class="OCCURRENCE" comment="" factuality="" id="18" modality="NONE" polarity="NEG" pos="VERB" tense="PRESENT">
      <token_anchor id="121" />
    </EVENT>
    <EVENT aspect="NONE" certainty="" class="STATE" comment="" factuality="" id="19" modality="NONE" polarity="POS" pos="VERB" tense="PRESENT">
      <token_anchor id="133" />
    </EVENT>
  </Markables>
  <Relations>
    <TLINK comment="" id="1" relType="BEFORE">
      <source id="1" />
      <target id="0" />
    </TLINK>
    <TLINK comment="" id="2" relType="AFTER">
      <source id="4" />
      <target id="3" />
    </TLINK>
    <TLINK comment="" id="3" relType="IS_INCLUDED">
      <source id="4" />
      <target id="6" />
    </TLINK>
    <TLINK comment="" id="4" relType="IS_INCLUDED">
      <source id="5" />
      <target id="6" />
    </TLINK>
    <TLINK comment="" id="5" relType="INCLUDES">
      <source id="8" />
      <target id="7" />
    </TLINK>
    <TLINK comment="" id="6" relType="SIMULTANEOUS">
      <source id="13" />
      <target id="14" />
    </TLINK>
    <TLINK comment="" id="7" relType="SIMULTANEOUS">
      <source id="15" />
      <target id="1" />
    </TLINK>
    <TLINK comment="" id="8" relType="INCLUDES">
      <source id="19" />
      <target id="0" />
    </TLINK>
  </Relations>
  <token id="1" number="0" sentence="0">Integra-A</token>
  <token id="2" number="1" sentence="0">Hotel</token>
  <token id="3" number="2" sentence="0">amp</token>
  <token id="4" number="3" sentence="0">Restaurant</token>
  <token id="5" number="4" sentence="0">Co.</token>
  <token id="6" number="5" sentence="0">said</token>
  <token id="7" number="6" sentence="0">its</token>
  <token id="8" number="7" sentence="0">planned</token>
  <token id="9" number="8" sentence="0">rights</token>
  <token id="10" number="9" sentence="0">offering</token>
  <token id="11" number="10" sentence="0">to</token>
  <token id="12" number="11" sentence="0">raise</token>
  <token id="13" number="12" sentence="0">about</token>
  <token id="14" number="13" sentence="0">$</token>
  <token id="15" number="14" sentence="0">9</token>
  <token id="16" number="15" sentence="0">million</token>
  <token id="17" number="16" sentence="0">was</token>
  <token id="18" number="17" sentence="0">declared</token>
  <token id="19" number="18" sentence="0">effective</token>
  <token id="20" number="19" sentence="0">and</token>
  <token id="21" number="20" sentence="0">the</token>
  <token id="22" number="21" sentence="0">company</token>
  <token id="23" number="22" sentence="0">will</token>
  <token id="24" number="23" sentence="0">begin</token>
  <token id="25" number="24" sentence="0">mailing</token>
  <token id="26" number="25" sentence="0">materials</token>
  <token id="27" number="26" sentence="0">to</token>
  <token id="28" number="27" sentence="0">shareholders</token>
  <token id="29" number="28" sentence="0">at</token>
  <token id="30" number="29" sentence="0">the</token>
  <token id="31" number="30" sentence="0">end</token>
  <token id="32" number="31" sentence="0">of</token>
  <token id="33" number="32" sentence="0">this</token>
  <token id="34" number="33" sentence="0">week</token>
  <token id="35" number="34" sentence="0">.</token>
  <token id="36" number="35" sentence="1">Under</token>
  <token id="37" number="36" sentence="1">the</token>
  <token id="38" number="37" sentence="1">offer</token>
  <token id="39" number="38" sentence="1">,</token>
  <token id="40" number="39" sentence="1">shareholders</token>
  <token id="41" number="40" sentence="1">will</token>
  <token id="42" number="41" sentence="1">receive</token>
  <token id="43" number="42" sentence="1">one</token>
  <token id="44" number="43" sentence="1">right</token>
  <token id="45" number="44" sentence="1">for</token>
  <token id="46" number="45" sentence="1">each</token>
  <token id="47" number="46" sentence="1">105</token>
  <token id="48" number="47" sentence="1">common</token>
  <token id="49" number="48" sentence="1">shares</token>
  <token id="50" number="49" sentence="1">owned</token>
  <token id="51" number="50" sentence="1">.</token>
  <token id="52" number="51" sentence="2">Each</token>
  <token id="53" number="52" sentence="2">right</token>
  <token id="54" number="53" sentence="2">entitles</token>
  <token id="55" number="54" sentence="2">the</token>
  <token id="56" number="55" sentence="2">shareholder</token>
  <token id="57" number="56" sentence="2">to</token>
  <token id="58" number="57" sentence="2">buy</token>
  <token id="59" number="58" sentence="2">$</token>
  <token id="60" number="59" sentence="2">100</token>
  <token id="61" number="60" sentence="2">face</token>
  <token id="62" number="61" sentence="2">amount</token>
  <token id="63" number="62" sentence="2">of</token>
  <token id="64" number="63" sentence="2">13.5</token>
  <token id="65" number="64" sentence="2">%</token>
  <token id="66" number="65" sentence="2">bonds</token>
  <token id="67" number="66" sentence="2">due</token>
  <token id="68" number="67" sentence="2">1993</token>
  <token id="69" number="68" sentence="2">and</token>
  <token id="70" number="69" sentence="2">warrants</token>
  <token id="71" number="70" sentence="2">to</token>
  <token id="72" number="71" sentence="2">buy</token>
  <token id="73" number="72" sentence="2">23.5</token>
  <token id="74" number="73" sentence="2">common</token>
  <token id="75" number="74" sentence="2">shares</token>
  <token id="76" number="75" sentence="2">at</token>
  <token id="77" number="76" sentence="2">30</token>
  <token id="78" number="77" sentence="2">cents</token>
  <token id="79" number="78" sentence="2">a</token>
  <token id="80" number="79" sentence="2">share</token>
  <token id="81" number="80" sentence="2">.</token>
  <token id="82" number="81" sentence="3">The</token>
  <token id="83" number="82" sentence="3">rights</token>
  <token id="84" number="83" sentence="3">,</token>
  <token id="85" number="84" sentence="3">which</token>
  <token id="86" number="85" sentence="3">expire</token>
  <token id="87" number="86" sentence="3">Nov</token>
  <token id="88" number="87" sentence="3">.</token>
  <token id="89" number="88" sentence="3">21</token>
  <token id="90" number="89" sentence="3">,</token>
  <token id="91" number="90" sentence="3">can</token>
  <token id="92" number="91" sentence="3">be</token>
  <token id="93" number="92" sentence="3">exercised</token>
  <token id="94" number="93" sentence="3">for</token>
  <token id="95" number="94" sentence="3">$</token>
  <token id="96" number="95" sentence="3">100</token>
  <token id="97" number="96" sentence="3">each</token>
  <token id="98" number="97" sentence="3">.</token>
  <token id="99" number="98" sentence="4">Integra</token>
  <token id="100" number="99" sentence="4">,</token>
  <token id="101" number="100" sentence="4">which</token>
  <token id="102" number="101" sentence="4">owns</token>
  <token id="103" number="102" sentence="4">and</token>
  <token id="104" number="103" sentence="4">operates</token>
  <token id="105" number="104" sentence="4">hotels</token>
  <token id="106" number="105" sentence="4">,</token>
  <token id="107" number="106" sentence="4">said</token>
  <token id="108" number="107" sentence="4">that</token>
  <token id="109" number="108" sentence="4">Hallwood</token>
  <token id="110" number="109" sentence="4">Group</token>
  <token id="111" number="110" sentence="4">Inc.</token>
  <token id="112" number="111" sentence="4">has</token>
  <token id="113" number="112" sentence="4">agreed</token>
  <token id="114" number="113" sentence="4">to</token>
  <token id="115" number="114" sentence="4">exercise</token>
  <token id="116" number="115" sentence="4">any</token>
  <token id="117" number="116" sentence="4">rights</token>
  <token id="118" number="117" sentence="4">that</token>
  <token id="119" number="118" sentence="4">are</token>
  <token id="120" number="119" sentence="4">n't</token>
  <token id="121" number="120" sentence="4">exercised</token>
  <token id="122" number="121" sentence="4">by</token>
  <token id="123" number="122" sentence="4">other</token>
  <token id="124" number="123" sentence="4">shareholders</token>
  <token id="125" number="124" sentence="4">.</token>
  <token id="126" number="125" sentence="5">Hallwood</token>
  <token id="127" number="126" sentence="5">,</token>
  <token id="128" number="127" sentence="5">a</token>
  <token id="129" number="128" sentence="5">Cleveland</token>
  <token id="130" number="129" sentence="5">merchant</token>
  <token id="131" number="130" sentence="5">bank</token>
  <token id="132" number="131" sentence="5">,</token>
  <token id="133" number="132" sentence="5">owns</token>
  <token id="134" number="133" sentence="5">about</token>
  <token id="135" number="134" sentence="5">11</token>
  <token id="136" number="135" sentence="5">%</token>
  <token id="137" number="136" sentence="5">of</token>
  <token id="138" number="137" sentence="5">Integra</token>
  <token id="139" number="138" sentence="5">.</token>
</Document>
