<Document doc_name="wsj_0340">
  <Markables>
    <TIMEX3 RELATED_TO="" TAG_DESCRIPTOR="Empty_Mark" beginPoint="" comment="" endPoint="" freq="" functionInDocument="CREATION_TIME" id="0" quant="" type="DATE" value="1989-11-01" />
    <EVENT aspect="NONE" certainty="" class="REPORTING" comment="" factuality="" id="1" modality="NONE" polarity="POS" pos="VERB" tense="PAST">
      <token_anchor id="11" />
    </EVENT>
    <EVENT aspect="NONE" certainty="" class="OCCURRENCE" comment="" factuality="" id="2" modality="NONE" polarity="POS" pos="VERB" tense="PAST">
      <token_anchor id="17" />
    </EVENT>
    <EVENT aspect="NONE" certainty="" class="I_ACTION" comment="" factuality="" id="3" modality="NONE" polarity="POS" pos="VERB" tense="INFINITIVE">
      <token_anchor id="29" />
    </EVENT>
    <EVENT aspect="NONE" certainty="" class="OCCURRENCE" comment="" factuality="" id="4" modality="NONE" polarity="POS" pos="VERB" tense="INFINITIVE">
      <token_anchor id="30" />
    </EVENT>
    <TIMEX3 anchorTimeID="0" beginPoint="" comment="" endPoint="" freq="" functionInDocument="NONE" id="5" quant="" type="DATE" value="1989-10-31">
      <token_anchor id="40" />
      <token_anchor id="41" />
    </TIMEX3>
    <EVENT aspect="NONE" certainty="" class="REPORTING" comment="" factuality="" id="6" modality="NONE" polarity="POS" pos="VERB" tense="PAST">
      <token_anchor id="49" />
    </EVENT>
    <EVENT aspect="NONE" certainty="" class="OCCURRENCE" comment="" factuality="" id="7" modality="NONE" polarity="POS" pos="VERB" tense="PAST">
      <token_anchor id="57" />
    </EVENT>
    <EVENT aspect="NONE" certainty="" class="OCCURRENCE" comment="" factuality="" id="8" modality="NONE" polarity="POS" pos="NOUN" tense="NONE">
      <token_anchor id="63" />
    </EVENT>
    <EVENT aspect="NONE" certainty="" class="STATE" comment="" factuality="" id="9" modality="NONE" polarity="POS" pos="NOUN" tense="NONE">
      <token_anchor id="79" />
    </EVENT>
    <EVENT aspect="NONE" certainty="" class="ASPECTUAL" comment="" factuality="" id="10" modality="NONE" polarity="POS" pos="VERB" tense="PASTPART">
      <token_anchor id="85" />
    </EVENT>
    <TIMEX3 anchorTimeID="0" beginPoint="" comment="" endPoint="" freq="" functionInDocument="NONE" id="11" quant="" type="DATE" value="1989-WXX">
      <token_anchor id="86" />
      <token_anchor id="87" />
    </TIMEX3>
    <EVENT aspect="PERFECTIVE" certainty="" class="I_STATE" comment="" factuality="" id="12" modality="NONE" polarity="POS" pos="VERB" tense="PAST">
      <token_anchor id="110" />
    </EVENT>
    <EVENT aspect="NONE" certainty="" class="OCCURRENCE" comment="" factuality="" id="13" modality="NONE" polarity="POS" pos="VERB" tense="INFINITIVE">
      <token_anchor id="117" />
    </EVENT>
    <EVENT aspect="NONE" certainty="" class="OCCURRENCE" comment="" factuality="" id="14" modality="NONE" polarity="POS" pos="NOUN" tense="NONE">
      <token_anchor id="123" />
    </EVENT>
    <EVENT aspect="NONE" certainty="" class="ASPECTUAL" comment="" factuality="" id="15" modality="NONE" polarity="POS" pos="VERB" tense="PAST">
      <token_anchor id="124" />
    </EVENT>
    <TIMEX3 anchorTimeID="0" beginPoint="" comment="" endPoint="" freq="" functionInDocument="NONE" id="16" quant="" type="DATE" value="1989-11-06">
      <token_anchor id="125" />
    </TIMEX3>
  </Markables>
  <Relations>
    <TLINK comment="" id="1" relType="BEFORE">
      <source id="1" />
      <target id="0" />
    </TLINK>
    <CLINK comment="" id="2">
      <source id="2" />
      <target id="4" />
    </CLINK>
    <TLINK comment="" id="3" relType="INCLUDES">
      <source id="5" />
      <target id="6" />
    </TLINK>
    <TLINK comment="" id="4" relType="IS_INCLUDED">
      <source id="7" />
      <target id="8" />
    </TLINK>
    <TLINK comment="" id="5" relType="IS_INCLUDED">
      <source id="9" />
      <target id="0" />
    </TLINK>
    <TLINK comment="" id="6" relType="IS_INCLUDED">
      <source id="10" />
      <target id="11" />
    </TLINK>
    <TLINK comment="" id="7" relType="BEFORE">
      <source id="12" />
      <target id="0" />
    </TLINK>
    <TLINK comment="" id="8" relType="IBEFORE">
      <source id="13" />
      <target id="15" />
    </TLINK>
    <TLINK comment="" id="9" relType="AFTER">
      <source id="14" />
      <target id="0" />
    </TLINK>
    <TLINK comment="" id="10" relType="IS_INCLUDED">
      <source id="14" />
      <target id="16" />
    </TLINK>
  </Relations>
  <token id="1" number="0" sentence="0">The</token>
  <token id="2" number="1" sentence="0">portfolio</token>
  <token id="3" number="2" sentence="0">unit</token>
  <token id="4" number="3" sentence="0">of</token>
  <token id="5" number="4" sentence="0">the</token>
  <token id="6" number="5" sentence="0">French</token>
  <token id="7" number="6" sentence="0">bank</token>
  <token id="8" number="7" sentence="0">group</token>
  <token id="9" number="8" sentence="0">Credit</token>
  <token id="10" number="9" sentence="0">Lyonnais</token>
  <token id="11" number="10" sentence="0">told</token>
  <token id="12" number="11" sentence="0">stock</token>
  <token id="13" number="12" sentence="0">market</token>
  <token id="14" number="13" sentence="0">regulators</token>
  <token id="15" number="14" sentence="0">that</token>
  <token id="16" number="15" sentence="0">it</token>
  <token id="17" number="16" sentence="0">bought</token>
  <token id="18" number="17" sentence="0">43,000</token>
  <token id="19" number="18" sentence="0">shares</token>
  <token id="20" number="19" sentence="0">of</token>
  <token id="21" number="20" sentence="0">Cie</token>
  <token id="22" number="21" sentence="0">.</token>
  <token id="23" number="22" sentence="1">de</token>
  <token id="24" number="23" sentence="1">Navigation</token>
  <token id="25" number="24" sentence="1">Mixte</token>
  <token id="26" number="25" sentence="1">,</token>
  <token id="27" number="26" sentence="1">apparently</token>
  <token id="28" number="27" sentence="1">to</token>
  <token id="29" number="28" sentence="1">help</token>
  <token id="30" number="29" sentence="1">fend</token>
  <token id="31" number="30" sentence="1">off</token>
  <token id="32" number="31" sentence="1">an</token>
  <token id="33" number="32" sentence="1">unwelcome</token>
  <token id="34" number="33" sentence="1">takeover</token>
  <token id="35" number="34" sentence="1">bid</token>
  <token id="36" number="35" sentence="1">for</token>
  <token id="37" number="36" sentence="1">the</token>
  <token id="38" number="37" sentence="1">company</token>
  <token id="39" number="38" sentence="1">.</token>
  <token id="40" number="39" sentence="2">Earlier</token>
  <token id="41" number="40" sentence="2">yesterday</token>
  <token id="42" number="41" sentence="2">,</token>
  <token id="43" number="42" sentence="2">the</token>
  <token id="44" number="43" sentence="2">Societe</token>
  <token id="45" number="44" sentence="2">de</token>
  <token id="46" number="45" sentence="2">Bourses</token>
  <token id="47" number="46" sentence="2">Francaises</token>
  <token id="48" number="47" sentence="2">was</token>
  <token id="49" number="48" sentence="2">told</token>
  <token id="50" number="49" sentence="2">that</token>
  <token id="51" number="50" sentence="2">a</token>
  <token id="52" number="51" sentence="2">unit</token>
  <token id="53" number="52" sentence="2">of</token>
  <token id="54" number="53" sentence="2">Framatome</token>
  <token id="55" number="54" sentence="2">S.A.</token>
  <token id="56" number="55" sentence="2">also</token>
  <token id="57" number="56" sentence="2">bought</token>
  <token id="58" number="57" sentence="2">Navigation</token>
  <token id="59" number="58" sentence="2">Mixte</token>
  <token id="60" number="59" sentence="2">shares</token>
  <token id="61" number="60" sentence="2">,</token>
  <token id="62" number="61" sentence="2">this</token>
  <token id="63" number="62" sentence="2">purchase</token>
  <token id="64" number="63" sentence="2">covering</token>
  <token id="65" number="64" sentence="2">more</token>
  <token id="66" number="65" sentence="2">than</token>
  <token id="67" number="66" sentence="2">160,000</token>
  <token id="68" number="67" sentence="2">shares</token>
  <token id="69" number="68" sentence="2">.</token>
  <token id="70" number="69" sentence="3">Both</token>
  <token id="71" number="70" sentence="3">companies</token>
  <token id="72" number="71" sentence="3">are</token>
  <token id="73" number="72" sentence="3">allies</token>
  <token id="74" number="73" sentence="3">of</token>
  <token id="75" number="74" sentence="3">Navigation</token>
  <token id="76" number="75" sentence="3">Mixte</token>
  <token id="77" number="76" sentence="3">in</token>
  <token id="78" number="77" sentence="3">its</token>
  <token id="79" number="78" sentence="3">fight</token>
  <token id="80" number="79" sentence="3">against</token>
  <token id="81" number="80" sentence="3">a</token>
  <token id="82" number="81" sentence="3">hostile</token>
  <token id="83" number="82" sentence="3">takeover</token>
  <token id="84" number="83" sentence="3">bid</token>
  <token id="85" number="84" sentence="3">launched</token>
  <token id="86" number="85" sentence="3">last</token>
  <token id="87" number="86" sentence="3">week</token>
  <token id="88" number="87" sentence="3">by</token>
  <token id="89" number="88" sentence="3">Cie</token>
  <token id="90" number="89" sentence="3">.</token>
  <token id="91" number="90" sentence="4">Financiere</token>
  <token id="92" number="91" sentence="4">de</token>
  <token id="93" number="92" sentence="4">Paribas</token>
  <token id="94" number="93" sentence="4">at</token>
  <token id="95" number="94" sentence="4">1,850</token>
  <token id="96" number="95" sentence="4">French</token>
  <token id="97" number="96" sentence="4">francs</token>
  <token id="98" number="97" sentence="4">(</token>
  <token id="99" number="98" sentence="4">$</token>
  <token id="100" number="99" sentence="4">297</token>
  <token id="101" number="100" sentence="4">)</token>
  <token id="102" number="101" sentence="4">a</token>
  <token id="103" number="102" sentence="4">share</token>
  <token id="104" number="103" sentence="4">.</token>
  <token id="105" number="104" sentence="5">Navigation</token>
  <token id="106" number="105" sentence="5">Mixte</token>
  <token id="107" number="106" sentence="5">'s</token>
  <token id="108" number="107" sentence="5">chairman</token>
  <token id="109" number="108" sentence="5">had</token>
  <token id="110" number="109" sentence="5">suggested</token>
  <token id="111" number="110" sentence="5">that</token>
  <token id="112" number="111" sentence="5">friendly</token>
  <token id="113" number="112" sentence="5">institutions</token>
  <token id="114" number="113" sentence="5">were</token>
  <token id="115" number="114" sentence="5">likely</token>
  <token id="116" number="115" sentence="5">to</token>
  <token id="117" number="116" sentence="5">buy</token>
  <token id="118" number="117" sentence="5">its</token>
  <token id="119" number="118" sentence="5">stock</token>
  <token id="120" number="119" sentence="5">as</token>
  <token id="121" number="120" sentence="5">soon</token>
  <token id="122" number="121" sentence="5">as</token>
  <token id="123" number="122" sentence="5">trading</token>
  <token id="124" number="123" sentence="5">opened</token>
  <token id="125" number="124" sentence="5">Monday</token>
  <token id="126" number="125" sentence="5">.</token>
  <token id="127" number="126" sentence="6">The</token>
  <token id="128" number="127" sentence="6">Credit</token>
  <token id="129" number="128" sentence="6">Lyonnais</token>
  <token id="130" number="129" sentence="6">purchase</token>
  <token id="131" number="130" sentence="6">,</token>
  <token id="132" number="131" sentence="6">for</token>
  <token id="133" number="132" sentence="6">33,000</token>
  <token id="134" number="133" sentence="6">regular</token>
  <token id="135" number="134" sentence="6">common</token>
  <token id="136" number="135" sentence="6">shares</token>
  <token id="137" number="136" sentence="6">and</token>
  <token id="138" number="137" sentence="6">10,000</token>
  <token id="139" number="138" sentence="6">newly</token>
  <token id="140" number="139" sentence="6">created</token>
  <token id="141" number="140" sentence="6">shares</token>
  <token id="142" number="141" sentence="6">,</token>
  <token id="143" number="142" sentence="6">is</token>
  <token id="144" number="143" sentence="6">valued</token>
  <token id="145" number="144" sentence="6">at</token>
  <token id="146" number="145" sentence="6">about</token>
  <token id="147" number="146" sentence="6">slightly</token>
  <token id="148" number="147" sentence="6">more</token>
  <token id="149" number="148" sentence="6">than</token>
  <token id="150" number="149" sentence="6">80</token>
  <token id="151" number="150" sentence="6">million</token>
  <token id="152" number="151" sentence="6">French</token>
  <token id="153" number="152" sentence="6">francs</token>
  <token id="154" number="153" sentence="6">.</token>
</Document>
