<Document doc_name="wsj_0674">
  <Markables>
    <TIMEX3 RELATED_TO="" TAG_DESCRIPTOR="Empty_Mark" beginPoint="" comment="" endPoint="" freq="" functionInDocument="CREATION_TIME" id="0" quant="" type="DATE" value="1989-10-30" />
    <EVENT aspect="NONE" certainty="" class="REPORTING" comment="" factuality="" id="1" modality="NONE" polarity="POS" pos="VERB" tense="PAST">
      <token_anchor id="19" />
    </EVENT>
    <EVENT aspect="NONE" certainty="" class="I_STATE" comment="" factuality="" id="2" modality="NONE" polarity="POS" pos="VERB" tense="PRESENT">
      <token_anchor id="22" />
    </EVENT>
    <EVENT aspect="NONE" certainty="" class="I_ACTION" comment="" factuality="" id="3" modality="NONE" polarity="POS" pos="VERB" tense="INFINITIVE">
      <token_anchor id="24" />
    </EVENT>
    <EVENT aspect="NONE" certainty="" class="REPORTING" comment="" factuality="" id="4" modality="NONE" polarity="NEG" pos="VERB" tense="PAST">
      <token_anchor id="66" />
    </EVENT>
    <EVENT aspect="NONE" certainty="" class="I_ACTION" comment="" factuality="" id="5" modality="NONE" polarity="POS" pos="VERB" tense="PAST">
      <token_anchor id="75" />
    </EVENT>
    <EVENT aspect="NONE" certainty="" class="OCCURRENCE" comment="" factuality="" id="6" modality="NONE" polarity="POS" pos="NOUN" tense="NONE">
      <token_anchor id="77" />
    </EVENT>
    <EVENT aspect="NONE" certainty="" class="REPORTING" comment="" factuality="" id="7" modality="NONE" polarity="POS" pos="VERB" tense="PAST">
      <token_anchor id="81" />
    </EVENT>
    <TIMEX3 anchorTimeID="0" beginPoint="" comment="" endPoint="" freq="" functionInDocument="NONE" id="8" quant="" type="DATE" value="PRESENT_REF">
      <token_anchor id="83" />
    </TIMEX3>
    <EVENT aspect="NONE" certainty="" class="STATE" comment="" factuality="" id="9" modality="NONE" polarity="POS" pos="VERB" tense="PRESENT">
      <token_anchor id="84" />
    </EVENT>
    <EVENT aspect="NONE" certainty="" class="STATE" comment="" factuality="" id="10" modality="NONE" polarity="POS" pos="VERB" tense="PRESENT">
      <token_anchor id="98" />
    </EVENT>
    <EVENT aspect="NONE" certainty="" class="REPORTING" comment="" factuality="" id="11" modality="NONE" polarity="POS" pos="VERB" tense="PAST">
      <token_anchor id="119" />
    </EVENT>
    <TIMEX3 anchorTimeID="0" beginPoint="" comment="" endPoint="" freq="" functionInDocument="NONE" id="12" quant="" type="DATE" value="1989-Q4">
      <token_anchor id="121" />
    </TIMEX3>
    <EVENT aspect="NONE" certainty="" class="STATE" comment="" factuality="" id="13" modality="NONE" polarity="POS" pos="NOUN" tense="NONE">
      <token_anchor id="122" />
    </EVENT>
    <EVENT aspect="NONE" certainty="" class="OCCURRENCE" comment="" factuality="" id="14" modality="NONE" polarity="POS" pos="NOUN" tense="NONE">
      <token_anchor id="139" />
    </EVENT>
    <EVENT aspect="NONE" certainty="" class="STATE" comment="" factuality="" id="15" modality="NONE" polarity="POS" pos="NOUN" tense="NONE">
      <token_anchor id="142" />
    </EVENT>
    <EVENT aspect="NONE" certainty="" class="OCCURRENCE" comment="" factuality="" id="16" modality="NONE" polarity="POS" pos="VERB" tense="PAST">
      <token_anchor id="143" />
    </EVENT>
    <TIMEX3 beginPoint="" comment="" endPoint="" freq="" functionInDocument="NONE" id="17" quant="" type="DURATION" value="P1Y">
      <token_anchor id="147" />
      <token_anchor id="148" />
    </TIMEX3>
    <TIMEX3 anchorTimeID="0" beginPoint="" comment="" endPoint="" freq="" functionInDocument="NONE" id="18" quant="" type="DATE" value="1989-08-31">
      <token_anchor id="150" />
      <token_anchor id="151" />
      <token_anchor id="152" />
    </TIMEX3>
    <TIMEX3 anchorTimeID="0" beginPoint="" comment="" endPoint="" freq="" functionInDocument="NONE" id="19" quant="" type="DATE" value="1988">
      <token_anchor id="178" />
      <token_anchor id="179" />
    </TIMEX3>
    <EVENT aspect="NONE" certainty="" class="STATE" comment="" factuality="" id="20" modality="NONE" polarity="POS" pos="NOUN" tense="NONE">
      <token_anchor id="181" />
    </EVENT>
    <TIMEX3 beginPoint="" comment="" endPoint="" freq="" functionInDocument="NONE" id="21" quant="" type="DATE" value="1988">
      <token_anchor id="195" />
    </TIMEX3>
    <EVENT aspect="NONE" certainty="" class="REPORTING" comment="" factuality="" id="22" modality="NONE" polarity="POS" pos="VERB" tense="PAST">
      <token_anchor id="207" />
    </EVENT>
    <EVENT aspect="NONE" certainty="" class="I_STATE" comment="" factuality="" id="23" modality="NONE" polarity="POS" pos="VERB" tense="PAST">
      <token_anchor id="209" />
    </EVENT>
    <EVENT aspect="NONE" certainty="" class="OCCURRENCE" comment="" factuality="" id="24" modality="NONE" polarity="POS" pos="NOUN" tense="NONE">
      <token_anchor id="213" />
    </EVENT>
    <EVENT aspect="NONE" certainty="" class="I_ACTION" comment="" factuality="" id="25" modality="NONE" polarity="POS" pos="VERB" tense="INFINITIVE">
      <token_anchor id="215" />
    </EVENT>
    <EVENT aspect="NONE" certainty="" class="OCCURRENCE" comment="" factuality="" id="26" modality="NONE" polarity="POS" pos="NOUN" tense="NONE">
      <token_anchor id="223" />
    </EVENT>
    <EVENT aspect="NONE" certainty="" class="I_STATE" comment="" factuality="" id="27" modality="NONE" polarity="POS" pos="VERB" tense="PRESENT">
      <token_anchor id="228" />
    </EVENT>
    <EVENT aspect="NONE" certainty="" class="STATE" comment="" factuality="" id="28" modality="NONE" polarity="POS" pos="VERB" tense="PRESENT">
      <token_anchor id="231" />
    </EVENT>
    <EVENT aspect="NONE" certainty="" class="REPORTING" comment="" factuality="" id="29" modality="NONE" polarity="POS" pos="VERB" tense="PAST">
      <token_anchor id="239" />
    </EVENT>
    <EVENT aspect="NONE" certainty="" class="REPORTING" comment="" factuality="" id="30" modality="would" polarity="NEG" pos="VERB" tense="NONE">
      <token_anchor id="245" />
    </EVENT>
    <EVENT aspect="PERFECTIVE" certainty="" class="REPORTING" comment="" factuality="" id="31" modality="NONE" polarity="POS" pos="VERB" tense="PRESENT">
      <token_anchor id="251" />
    </EVENT>
    <EVENT aspect="NONE" certainty="" class="OCCURRENCE" comment="" factuality="" id="32" modality="NONE" polarity="POS" pos="NOUN" tense="NONE">
      <token_anchor id="257" />
    </EVENT>
    <TIMEX3 anchorTimeID="0" beginPoint="" comment="" endPoint="" freq="" functionInDocument="NONE" id="33" quant="" type="DATE" value="1989">
      <token_anchor id="301" />
      <token_anchor id="302" />
      <token_anchor id="303" />
    </TIMEX3>
    <EVENT aspect="NONE" certainty="" class="OCCURRENCE" comment="" factuality="" id="34" modality="NONE" polarity="POS" pos="VERB" tense="PAST">
      <token_anchor id="304" />
    </EVENT>
  </Markables>
  <Relations>
    <TLINK comment="" id="1" relType="BEFORE">
      <source id="1" />
      <target id="0" />
    </TLINK>
    <TLINK comment="" id="2" relType="INCLUDES">
      <source id="2" />
      <target id="0" />
    </TLINK>
    <TLINK comment="" id="3" relType="INCLUDES">
      <source id="2" />
      <target id="1" />
    </TLINK>
    <TLINK comment="" id="4" relType="AFTER">
      <source id="5" />
      <target id="1" />
    </TLINK>
    <TLINK comment="" id="5" relType="IDENTITY">
      <source id="7" />
      <target id="1" />
    </TLINK>
    <TLINK comment="" id="6" relType="IS_INCLUDED">
      <source id="9" />
      <target id="8" />
    </TLINK>
    <TLINK comment="" id="7" relType="IS_INCLUDED">
      <source id="10" />
      <target id="8" />
    </TLINK>
    <TLINK comment="" id="8" relType="IS_INCLUDED">
      <source id="11" />
      <target id="12" />
    </TLINK>
    <TLINK comment="" id="9" relType="IS_INCLUDED">
      <source id="13" />
      <target id="12" />
    </TLINK>
    <CLINK comment="" id="10">
      <source id="13" />
      <target id="14" />
    </CLINK>
    <TLINK comment="" id="11" relType="BEFORE">
      <source id="14" />
      <target id="13" />
    </TLINK>
    <TLINK comment="" id="12" relType="IDENTITY">
      <source id="15" />
      <target id="16" />
    </TLINK>
    <TLINK comment="" id="13" relType="ENDED_BY">
      <source id="17" />
      <target id="18" />
    </TLINK>
    <TLINK comment="" id="14" relType="BEFORE">
      <source id="22" />
      <target id="0" />
    </TLINK>
    <TLINK comment="" id="15" relType="IDENTITY">
      <source id="25" />
      <target id="3" />
    </TLINK>
    <TLINK comment="" id="16" relType="IDENTITY">
      <source id="26" />
      <target id="24" />
    </TLINK>
    <TLINK comment="" id="17" relType="IDENTITY">
      <source id="29" />
      <target id="22" />
    </TLINK>
    <TLINK comment="" id="18" relType="BEFORE">
      <source id="30" />
      <target id="0" />
    </TLINK>
    <TLINK comment="" id="19" relType="IS_INCLUDED">
      <source id="34" />
      <target id="33" />
    </TLINK>
  </Relations>
  <token id="1" number="0" sentence="0">Jim</token>
  <token id="2" number="1" sentence="0">Pattison</token>
  <token id="3" number="2" sentence="0">Industries</token>
  <token id="4" number="3" sentence="0">Ltd.,</token>
  <token id="5" number="4" sentence="0">one</token>
  <token id="6" number="5" sentence="0">of</token>
  <token id="7" number="6" sentence="0">a</token>
  <token id="8" number="7" sentence="0">group</token>
  <token id="9" number="8" sentence="0">of</token>
  <token id="10" number="9" sentence="0">closely</token>
  <token id="11" number="10" sentence="0">held</token>
  <token id="12" number="11" sentence="0">companies</token>
  <token id="13" number="12" sentence="0">owned</token>
  <token id="14" number="13" sentence="0">by</token>
  <token id="15" number="14" sentence="0">entrepreneur</token>
  <token id="16" number="15" sentence="0">James</token>
  <token id="17" number="16" sentence="0">Pattison</token>
  <token id="18" number="17" sentence="0">,</token>
  <token id="19" number="18" sentence="0">said</token>
  <token id="20" number="19" sentence="0">it</token>
  <token id="21" number="20" sentence="0">"</token>
  <token id="22" number="21" sentence="0">intends</token>
  <token id="23" number="22" sentence="0">to</token>
  <token id="24" number="23" sentence="0">seek</token>
  <token id="25" number="24" sentence="0">control</token>
  <token id="26" number="25" sentence="0">"</token>
  <token id="27" number="26" sentence="0">of</token>
  <token id="28" number="27" sentence="0">30</token>
  <token id="29" number="28" sentence="0">%</token>
  <token id="30" number="29" sentence="0">-</token>
  <token id="31" number="30" sentence="0">owned</token>
  <token id="32" number="31" sentence="0">Innopac</token>
  <token id="33" number="32" sentence="0">Inc.,</token>
  <token id="34" number="33" sentence="0">a</token>
  <token id="35" number="34" sentence="0">Toronto</token>
  <token id="36" number="35" sentence="0">packaging</token>
  <token id="37" number="36" sentence="0">concern</token>
  <token id="38" number="37" sentence="0">.</token>
  <token id="39" number="38" sentence="1">Jim</token>
  <token id="40" number="39" sentence="1">Pattison</token>
  <token id="41" number="40" sentence="1">Industries</token>
  <token id="42" number="41" sentence="1">,</token>
  <token id="43" number="42" sentence="1">a</token>
  <token id="44" number="43" sentence="1">holding</token>
  <token id="45" number="44" sentence="1">company</token>
  <token id="46" number="45" sentence="1">with</token>
  <token id="47" number="46" sentence="1">annual</token>
  <token id="48" number="47" sentence="1">sales</token>
  <token id="49" number="48" sentence="1">of</token>
  <token id="50" number="49" sentence="1">about</token>
  <token id="51" number="50" sentence="1">C</token>
  <token id="52" number="51" sentence="1">$</token>
  <token id="53" number="52" sentence="1">1.9</token>
  <token id="54" number="53" sentence="1">billion</token>
  <token id="55" number="54" sentence="1">,</token>
  <token id="56" number="55" sentence="1">largely</token>
  <token id="57" number="56" sentence="1">from</token>
  <token id="58" number="57" sentence="1">car</token>
  <token id="59" number="58" sentence="1">dealerships</token>
  <token id="60" number="59" sentence="1">and</token>
  <token id="61" number="60" sentence="1">grocery</token>
  <token id="62" number="61" sentence="1">stores</token>
  <token id="63" number="62" sentence="1">,</token>
  <token id="64" number="63" sentence="1">did</token>
  <token id="65" number="64" sentence="1">n't</token>
  <token id="66" number="65" sentence="1">elaborate</token>
  <token id="67" number="66" sentence="1">on</token>
  <token id="68" number="67" sentence="1">the</token>
  <token id="69" number="68" sentence="1">statement</token>
  <token id="70" number="69" sentence="1">,</token>
  <token id="71" number="70" sentence="1">and</token>
  <token id="72" number="71" sentence="1">a</token>
  <token id="73" number="72" sentence="1">company</token>
  <token id="74" number="73" sentence="1">official</token>
  <token id="75" number="74" sentence="1">declined</token>
  <token id="76" number="75" sentence="1">further</token>
  <token id="77" number="76" sentence="1">comment</token>
  <token id="78" number="77" sentence="1">.</token>
  <token id="79" number="78" sentence="2">The</token>
  <token id="80" number="79" sentence="2">company</token>
  <token id="81" number="80" sentence="2">said</token>
  <token id="82" number="81" sentence="2">it</token>
  <token id="83" number="82" sentence="2">currently</token>
  <token id="84" number="83" sentence="2">holds</token>
  <token id="85" number="84" sentence="2">about</token>
  <token id="86" number="85" sentence="2">4.2</token>
  <token id="87" number="86" sentence="2">million</token>
  <token id="88" number="87" sentence="2">of</token>
  <token id="89" number="88" sentence="2">Innopac</token>
  <token id="90" number="89" sentence="2">'s</token>
  <token id="91" number="90" sentence="2">13.8</token>
  <token id="92" number="91" sentence="2">million</token>
  <token id="93" number="92" sentence="2">common</token>
  <token id="94" number="93" sentence="2">shares</token>
  <token id="95" number="94" sentence="2">outstanding</token>
  <token id="96" number="95" sentence="2">,</token>
  <token id="97" number="96" sentence="2">which</token>
  <token id="98" number="97" sentence="2">have</token>
  <token id="99" number="98" sentence="2">an</token>
  <token id="100" number="99" sentence="2">aggregate</token>
  <token id="101" number="100" sentence="2">market</token>
  <token id="102" number="101" sentence="2">value</token>
  <token id="103" number="102" sentence="2">of</token>
  <token id="104" number="103" sentence="2">about</token>
  <token id="105" number="104" sentence="2">137.8</token>
  <token id="106" number="105" sentence="2">million</token>
  <token id="107" number="106" sentence="2">Canadian</token>
  <token id="108" number="107" sentence="2">dollars</token>
  <token id="109" number="108" sentence="2">(</token>
  <token id="110" number="109" sentence="2">US</token>
  <token id="111" number="110" sentence="2">$</token>
  <token id="112" number="111" sentence="2">117.3</token>
  <token id="113" number="112" sentence="2">million</token>
  <token id="114" number="113" sentence="2">)</token>
  <token id="115" number="114" sentence="2">.</token>
  <token id="116" number="115" sentence="3">Separately</token>
  <token id="117" number="116" sentence="3">,</token>
  <token id="118" number="117" sentence="3">Innopac</token>
  <token id="119" number="118" sentence="3">reported</token>
  <token id="120" number="119" sentence="3">a</token>
  <token id="121" number="120" sentence="3">fourth-quarter</token>
  <token id="122" number="121" sentence="3">loss</token>
  <token id="123" number="122" sentence="3">of</token>
  <token id="124" number="123" sentence="3">about</token>
  <token id="125" number="124" sentence="3">C</token>
  <token id="126" number="125" sentence="3">$</token>
  <token id="127" number="126" sentence="3">2.6</token>
  <token id="128" number="127" sentence="3">million</token>
  <token id="129" number="128" sentence="3">,</token>
  <token id="130" number="129" sentence="3">or</token>
  <token id="131" number="130" sentence="3">18</token>
  <token id="132" number="131" sentence="3">Canadian</token>
  <token id="133" number="132" sentence="3">cents</token>
  <token id="134" number="133" sentence="3">a</token>
  <token id="135" number="134" sentence="3">share</token>
  <token id="136" number="135" sentence="3">,</token>
  <token id="137" number="136" sentence="3">reflecting</token>
  <token id="138" number="137" sentence="3">inventory</token>
  <token id="139" number="138" sentence="3">write-downs</token>
  <token id="140" number="139" sentence="3">.</token>
  <token id="141" number="140" sentence="4">The</token>
  <token id="142" number="141" sentence="4">results</token>
  <token id="143" number="142" sentence="4">made</token>
  <token id="144" number="143" sentence="4">net</token>
  <token id="145" number="144" sentence="4">income</token>
  <token id="146" number="145" sentence="4">for</token>
  <token id="147" number="146" sentence="4">the</token>
  <token id="148" number="147" sentence="4">year</token>
  <token id="149" number="148" sentence="4">ended</token>
  <token id="150" number="149" sentence="4">Aug</token>
  <token id="151" number="150" sentence="4">.</token>
  <token id="152" number="151" sentence="4">31</token>
  <token id="153" number="152" sentence="4">C</token>
  <token id="154" number="153" sentence="4">$</token>
  <token id="155" number="154" sentence="4">2.7</token>
  <token id="156" number="155" sentence="4">million</token>
  <token id="157" number="156" sentence="4">,</token>
  <token id="158" number="157" sentence="4">or</token>
  <token id="159" number="158" sentence="4">20</token>
  <token id="160" number="159" sentence="4">Canadian</token>
  <token id="161" number="160" sentence="4">cents</token>
  <token id="162" number="161" sentence="4">a</token>
  <token id="163" number="162" sentence="4">share</token>
  <token id="164" number="163" sentence="4">,</token>
  <token id="165" number="164" sentence="4">down</token>
  <token id="166" number="165" sentence="4">from</token>
  <token id="167" number="166" sentence="4">C</token>
  <token id="168" number="167" sentence="4">$</token>
  <token id="169" number="168" sentence="4">9.7</token>
  <token id="170" number="169" sentence="4">million</token>
  <token id="171" number="170" sentence="4">,</token>
  <token id="172" number="171" sentence="4">or</token>
  <token id="173" number="172" sentence="4">70</token>
  <token id="174" number="173" sentence="4">Canadian</token>
  <token id="175" number="174" sentence="4">cents</token>
  <token id="176" number="175" sentence="4">a</token>
  <token id="177" number="176" sentence="4">share</token>
  <token id="178" number="177" sentence="4">last</token>
  <token id="179" number="178" sentence="4">year</token>
  <token id="180" number="179" sentence="4">.</token>
  <token id="181" number="180" sentence="5">Revenue</token>
  <token id="182" number="181" sentence="5">was</token>
  <token id="183" number="182" sentence="5">C</token>
  <token id="184" number="183" sentence="5">$</token>
  <token id="185" number="184" sentence="5">291.6</token>
  <token id="186" number="185" sentence="5">million</token>
  <token id="187" number="186" sentence="5">,</token>
  <token id="188" number="187" sentence="5">up</token>
  <token id="189" number="188" sentence="5">from</token>
  <token id="190" number="189" sentence="5">C</token>
  <token id="191" number="190" sentence="5">$</token>
  <token id="192" number="191" sentence="5">252</token>
  <token id="193" number="192" sentence="5">million</token>
  <token id="194" number="193" sentence="5">in</token>
  <token id="195" number="194" sentence="5">1988</token>
  <token id="196" number="195" sentence="5">.</token>
  <token id="197" number="196" sentence="6">Martin</token>
  <token id="198" number="197" sentence="6">Fabi</token>
  <token id="199" number="198" sentence="6">,</token>
  <token id="200" number="199" sentence="6">Innopac</token>
  <token id="201" number="200" sentence="6">'s</token>
  <token id="202" number="201" sentence="6">president</token>
  <token id="203" number="202" sentence="6">and</token>
  <token id="204" number="203" sentence="6">chief</token>
  <token id="205" number="204" sentence="6">executive</token>
  <token id="206" number="205" sentence="6">,</token>
  <token id="207" number="206" sentence="6">said</token>
  <token id="208" number="207" sentence="6">Innopac</token>
  <token id="209" number="208" sentence="6">viewed</token>
  <token id="210" number="209" sentence="6">Mr.</token>
  <token id="211" number="210" sentence="6">Pattison</token>
  <token id="212" number="211" sentence="6">'s</token>
  <token id="213" number="212" sentence="6">decision</token>
  <token id="214" number="213" sentence="6">to</token>
  <token id="215" number="214" sentence="6">seek</token>
  <token id="216" number="215" sentence="6">control</token>
  <token id="217" number="216" sentence="6">as</token>
  <token id="218" number="217" sentence="6">a</token>
  <token id="219" number="218" sentence="6">"</token>
  <token id="220" number="219" sentence="6">very</token>
  <token id="221" number="220" sentence="6">positive</token>
  <token id="222" number="221" sentence="6">"</token>
  <token id="223" number="222" sentence="6">move</token>
  <token id="224" number="223" sentence="6">.</token>
  <token id="225" number="224" sentence="7">"</token>
  <token id="226" number="225" sentence="7">I</token>
  <token id="227" number="226" sentence="7">'m</token>
  <token id="228" number="227" sentence="7">happy</token>
  <token id="229" number="228" sentence="7">that</token>
  <token id="230" number="229" sentence="7">he</token>
  <token id="231" number="230" sentence="7">feels</token>
  <token id="232" number="231" sentence="7">positively</token>
  <token id="233" number="232" sentence="7">about</token>
  <token id="234" number="233" sentence="7">our</token>
  <token id="235" number="234" sentence="7">company</token>
  <token id="236" number="235" sentence="7">,</token>
  <token id="237" number="236" sentence="7">"</token>
  <token id="238" number="237" sentence="7">he</token>
  <token id="239" number="238" sentence="7">said</token>
  <token id="240" number="239" sentence="7">.</token>
  <token id="241" number="240" sentence="8">Mr.</token>
  <token id="242" number="241" sentence="8">Fabi</token>
  <token id="243" number="242" sentence="8">would</token>
  <token id="244" number="243" sentence="8">n't</token>
  <token id="245" number="244" sentence="8">say</token>
  <token id="246" number="245" sentence="8">directly</token>
  <token id="247" number="246" sentence="8">whether</token>
  <token id="248" number="247" sentence="8">Mr.</token>
  <token id="249" number="248" sentence="8">Pattison</token>
  <token id="250" number="249" sentence="8">has</token>
  <token id="251" number="250" sentence="8">disclosed</token>
  <token id="252" number="251" sentence="8">potential</token>
  <token id="253" number="252" sentence="8">terms</token>
  <token id="254" number="253" sentence="8">for</token>
  <token id="255" number="254" sentence="8">his</token>
  <token id="256" number="255" sentence="8">planned</token>
  <token id="257" number="256" sentence="8">bid</token>
  <token id="258" number="257" sentence="8">for</token>
  <token id="259" number="258" sentence="8">control</token>
  <token id="260" number="259" sentence="8">.</token>
  <token id="261" number="260" sentence="9">Among</token>
  <token id="262" number="261" sentence="9">other</token>
  <token id="263" number="262" sentence="9">things</token>
  <token id="264" number="263" sentence="9">,</token>
  <token id="265" number="264" sentence="9">Innopac</token>
  <token id="266" number="265" sentence="9">is</token>
  <token id="267" number="266" sentence="9">involved</token>
  <token id="268" number="267" sentence="9">in</token>
  <token id="269" number="268" sentence="9">recycling</token>
  <token id="270" number="269" sentence="9">polystyrene</token>
  <token id="271" number="270" sentence="9">foam</token>
  <token id="272" number="271" sentence="9">products</token>
  <token id="273" number="272" sentence="9">that</token>
  <token id="274" number="273" sentence="9">are</token>
  <token id="275" number="274" sentence="9">often</token>
  <token id="276" number="275" sentence="9">used</token>
  <token id="277" number="276" sentence="9">by</token>
  <token id="278" number="277" sentence="9">fast</token>
  <token id="279" number="278" sentence="9">food</token>
  <token id="280" number="279" sentence="9">chains</token>
  <token id="281" number="280" sentence="9">,</token>
  <token id="282" number="281" sentence="9">such</token>
  <token id="283" number="282" sentence="9">as</token>
  <token id="284" number="283" sentence="9">McDonald</token>
  <token id="285" number="284" sentence="9">'s</token>
  <token id="286" number="285" sentence="9">Corp.,</token>
  <token id="287" number="286" sentence="9">for</token>
  <token id="288" number="287" sentence="9">food</token>
  <token id="289" number="288" sentence="9">packaging</token>
  <token id="290" number="289" sentence="9">.</token>
  <token id="291" number="290" sentence="10">A</token>
  <token id="292" number="291" sentence="10">joint</token>
  <token id="293" number="292" sentence="10">venture</token>
  <token id="294" number="293" sentence="10">involving</token>
  <token id="295" number="294" sentence="10">units</token>
  <token id="296" number="295" sentence="10">of</token>
  <token id="297" number="296" sentence="10">Innopac</token>
  <token id="298" number="297" sentence="10">and</token>
  <token id="299" number="298" sentence="10">Mobil</token>
  <token id="300" number="299" sentence="10">Corp.</token>
  <token id="301" number="300" sentence="10">earlier</token>
  <token id="302" number="301" sentence="10">this</token>
  <token id="303" number="302" sentence="10">year</token>
  <token id="304" number="303" sentence="10">opened</token>
  <token id="305" number="304" sentence="10">the</token>
  <token id="306" number="305" sentence="10">first</token>
  <token id="307" number="306" sentence="10">U.S.</token>
  <token id="308" number="307" sentence="10">polystyrene</token>
  <token id="309" number="308" sentence="10">recycling</token>
  <token id="310" number="309" sentence="10">plant</token>
  <token id="311" number="310" sentence="10">,</token>
  <token id="312" number="311" sentence="10">in</token>
  <token id="313" number="312" sentence="10">Leominster</token>
  <token id="314" number="313" sentence="10">,</token>
  <token id="315" number="314" sentence="10">Mass</token>
  <token id="316" number="315" sentence="10">.</token>
</Document>
