<Document doc_name="wsj_0557">
  <Markables>
    <TIMEX3 RELATED_TO="" TAG_DESCRIPTOR="Empty_Mark" beginPoint="" comment="" endPoint="" freq="" functionInDocument="CREATION_TIME" id="0" quant="" type="DATE" value="1989-10-30" />
    <EVENT aspect="NONE" certainty="" class="REPORTING" comment="" factuality="" id="1" modality="NONE" polarity="POS" pos="VERB" tense="PAST">
      <token_anchor id="4" />
    </EVENT>
    <EVENT aspect="NONE" certainty="" class="I_STATE" comment="" factuality="" id="2" modality="NONE" polarity="POS" pos="VERB" tense="PAST">
      <token_anchor id="6" />
    </EVENT>
    <EVENT aspect="NONE" certainty="" class="OCCURRENCE" comment="" factuality="" id="3" modality="NONE" polarity="POS" pos="VERB" tense="INFINITIVE">
      <token_anchor id="8" />
    </EVENT>
    <EVENT aspect="NONE" certainty="" class="OCCURRENCE" comment="" factuality="" id="4" modality="NONE" polarity="POS" pos="NOUN" tense="NONE">
      <token_anchor id="30" />
    </EVENT>
    <EVENT aspect="PERFECTIVE" certainty="" class="I_STATE" comment="" factuality="" id="5" modality="NONE" polarity="POS" pos="VERB" tense="PAST">
      <token_anchor id="40" />
    </EVENT>
    <EVENT aspect="NONE" certainty="" class="I_ACTION" comment="" factuality="" id="6" modality="NONE" polarity="POS" pos="VERB" tense="PRESENT">
      <token_anchor id="42" />
    </EVENT>
    <EVENT aspect="NONE" certainty="" class="OCCURRENCE" comment="" factuality="" id="7" modality="NONE" polarity="POS" pos="VERB" tense="PRESENT">
      <token_anchor id="48" />
    </EVENT>
    <EVENT aspect="NONE" certainty="" class="OCCURRENCE" comment="" factuality="" id="8" modality="NONE" polarity="POS" pos="VERB" tense="INFINITIVE">
      <token_anchor id="51" />
    </EVENT>
    <EVENT aspect="NONE" certainty="" class="OCCURRENCE" comment="" factuality="" id="9" modality="NONE" polarity="POS" pos="VERB" tense="PRESENT">
      <token_anchor id="54" />
    </EVENT>
    <EVENT aspect="NONE" certainty="" class="STATE" comment="" factuality="" id="10" modality="NONE" polarity="POS" pos="VERB" tense="PAST">
      <token_anchor id="73" />
    </EVENT>
    <EVENT aspect="NONE" certainty="" class="STATE" comment="" factuality="" id="11" modality="NONE" polarity="POS" pos="NOUN" tense="NONE">
      <token_anchor id="74" />
    </EVENT>
    <TIMEX3 anchorTimeID="0" beginPoint="" comment="" endPoint="" freq="" functionInDocument="NONE" id="12" quant="" type="DATE" value="1988">
      <token_anchor id="80" />
      <token_anchor id="81" />
    </TIMEX3>
    <EVENT aspect="NONE" certainty="" class="REPORTING" comment="" factuality="" id="13" modality="NONE" polarity="POS" pos="VERB" tense="PRESPART">
      <token_anchor id="98" />
    </EVENT>
    <EVENT aspect="NONE" certainty="" class="OCCURRENCE" comment="" factuality="" id="14" modality="NONE" polarity="POS" pos="VERB" tense="PASTPART">
      <token_anchor id="102" />
    </EVENT>
    <TIMEX3 anchorTimeID="0" beginPoint="" comment="" endPoint="" freq="" functionInDocument="NONE" id="15" quant="" type="DATE" value="1988-12">
      <token_anchor id="115" />
      <token_anchor id="116" />
    </TIMEX3>
    <EVENT aspect="NONE" certainty="" class="OCCURRENCE" comment="" factuality="" id="16" modality="NONE" polarity="POS" pos="NOUN" tense="NONE">
      <token_anchor id="139" />
    </EVENT>
    <EVENT aspect="PERFECTIVE" certainty="" class="I_STATE" comment="" factuality="" id="17" modality="NONE" polarity="POS" pos="VERB" tense="PAST">
      <token_anchor id="144" />
    </EVENT>
    <EVENT aspect="NONE" certainty="" class="I_STATE" comment="" factuality="" id="18" modality="NONE" polarity="POS" pos="NOUN" tense="NONE">
      <token_anchor id="151" />
    </EVENT>
    <EVENT aspect="NONE" certainty="" class="OCCURRENCE" comment="" factuality="" id="19" modality="NONE" polarity="POS" pos="VERB" tense="INFINITIVE">
      <token_anchor id="153" />
    </EVENT>
    <TIMEX3 anchorTimeID="0" beginPoint="" comment="" endPoint="" freq="" functionInDocument="NONE" id="20" quant="" type="DATE" value="1990-02">
      <token_anchor id="166" />
    </TIMEX3>
    <EVENT aspect="PERFECTIVE" certainty="" class="OCCURRENCE" comment="" factuality="" id="21" modality="NONE" polarity="POS" pos="VERB" tense="PRESENT">
      <token_anchor id="178" />
    </EVENT>
    <EVENT aspect="NONE" certainty="" class="I_STATE" comment="" factuality="" id="22" modality="NONE" polarity="POS" pos="VERB" tense="PRESENT">
      <token_anchor id="186" />
    </EVENT>
    <EVENT aspect="NONE" certainty="" class="OCCURRENCE" comment="" factuality="" id="23" modality="NONE" polarity="POS" pos="VERB" tense="INFINITIVE">
      <token_anchor id="188" />
    </EVENT>
    <EVENT aspect="NONE" certainty="" class="OCCURRENCE" comment="" factuality="" id="24" modality="NONE" polarity="POS" pos="NOUN" tense="NONE">
      <token_anchor id="198" />
    </EVENT>
    <EVENT aspect="NONE" certainty="" class="OCCURRENCE" comment="" factuality="" id="25" modality="NONE" polarity="POS" pos="NOUN" tense="NONE">
      <token_anchor id="208" />
    </EVENT>
    <EVENT aspect="NONE" certainty="" class="OCCURRENCE" comment="" factuality="" id="26" modality="could" polarity="POS" pos="VERB" tense="NONE">
      <token_anchor id="214" />
    </EVENT>
    <EVENT aspect="NONE" certainty="" class="OCCURRENCE" comment="" factuality="" id="27" modality="NONE" polarity="POS" pos="VERB" tense="PRESENT">
      <token_anchor id="219" />
    </EVENT>
    <C-SIGNAL id="28">
      <token_anchor id="221" />
    </C-SIGNAL>
    <EVENT aspect="NONE" certainty="" class="STATE" comment="" factuality="" id="29" modality="NONE" polarity="POS" pos="VERB" tense="PRESENT">
      <token_anchor id="224" />
    </EVENT>
    <EVENT aspect="NONE" certainty="" class="OCCURRENCE" comment="" factuality="" id="30" modality="NONE" polarity="POS" pos="VERB" tense="PAST">
      <token_anchor id="281" />
    </EVENT>
    <TIMEX3 anchorTimeID="0" beginPoint="" comment="" endPoint="" freq="" functionInDocument="NONE" id="31" quant="" type="DATE" value="1989-02">
      <token_anchor id="284" />
    </TIMEX3>
    <EVENT aspect="PERFECTIVE" certainty="" class="I_STATE" comment="" factuality="" id="32" modality="NONE" polarity="POS" pos="VERB" tense="PRESENT">
      <token_anchor id="294" />
    </EVENT>
    <EVENT aspect="NONE" certainty="" class="OCCURRENCE" comment="" factuality="" id="33" modality="NONE" polarity="POS" pos="VERB" tense="INFINITIVE">
      <token_anchor id="296" />
    </EVENT>
    <EVENT aspect="PERFECTIVE" certainty="" class="REPORTING" comment="" factuality="" id="34" modality="NONE" polarity="POS" pos="VERB" tense="PRESENT">
      <token_anchor id="309" />
    </EVENT>
    <EVENT aspect="NONE" certainty="" class="OCCURRENCE" comment="" factuality="" id="35" modality="NONE" polarity="POS" pos="VERB" tense="FUTURE">
      <token_anchor id="312" />
    </EVENT>
    <EVENT aspect="NONE" certainty="" class="STATE" comment="" factuality="" id="36" modality="NONE" polarity="NEG" pos="NOUN" tense="PRESENT">
      <token_anchor id="323" />
    </EVENT>
    <EVENT aspect="NONE" certainty="" class="OCCURRENCE" comment="" factuality="" id="37" modality="NONE" polarity="POS" pos="VERB" tense="FUTURE">
      <token_anchor id="335" />
    </EVENT>
    <EVENT aspect="NONE" certainty="" class="REPORTING" comment="" factuality="" id="38" modality="NONE" polarity="POS" pos="VERB" tense="PAST">
      <token_anchor id="346" />
    </EVENT>
    <TIMEX3 anchorTimeID="0" beginPoint="" comment="" endPoint="" freq="" functionInDocument="NONE" id="39" quant="" type="DATE" value="1989-10-27">
      <token_anchor id="347" />
    </TIMEX3>
    <TIMEX3 anchorTimeID="0" beginPoint="" comment="" endPoint="" freq="" functionInDocument="NONE" id="40" quant="" type="DATE" value="1989-10-27">
      <token_anchor id="389" />
    </TIMEX3>
    <EVENT aspect="NONE" certainty="" class="OCCURRENCE" comment="" factuality="" id="41" modality="NONE" polarity="POS" pos="NOUN" tense="NONE">
      <token_anchor id="391" />
    </EVENT>
    <EVENT aspect="NONE" certainty="" class="REPORTING" comment="" factuality="" id="42" modality="NONE" polarity="POS" pos="VERB" tense="PAST">
      <token_anchor id="436" />
    </EVENT>
    <EVENT aspect="PERFECTIVE" certainty="" class="OCCURRENCE" comment="" factuality="" id="43" modality="NONE" polarity="POS" pos="VERB" tense="PRESENT">
      <token_anchor id="464" />
    </EVENT>
    <EVENT aspect="NONE" certainty="" class="I_ACTION" comment="" factuality="" id="44" modality="NONE" polarity="POS" pos="VERB" tense="INFINITIVE">
      <token_anchor id="471" />
    </EVENT>
    <EVENT aspect="NONE" certainty="" class="OCCURRENCE" comment="" factuality="" id="45" modality="NONE" polarity="POS" pos="NOUN" tense="NONE">
      <token_anchor id="492" />
    </EVENT>
    <EVENT aspect="NONE" certainty="" class="OCCURRENCE" comment="" factuality="" id="46" modality="NONE" polarity="POS" pos="NOUN" tense="NONE">
      <token_anchor id="495" />
    </EVENT>
    <EVENT aspect="NONE" certainty="" class="REPORTING" comment="" factuality="" id="47" modality="NONE" polarity="POS" pos="VERB" tense="PAST">
      <token_anchor id="509" />
    </EVENT>
  </Markables>
  <Relations>
    <TLINK comment="" id="1" relType="BEFORE">
      <source id="1" />
      <target id="0" />
    </TLINK>
    <TLINK comment="" id="2" relType="IDENTITY">
      <source id="4" />
      <target id="3" />
    </TLINK>
    <TLINK comment="" id="3" relType="BEFORE">
      <source id="4" />
      <target id="6" />
    </TLINK>
    <TLINK comment="" id="4" relType="BEFORE">
      <source id="4" />
      <target id="9" />
    </TLINK>
    <CLINK comment="" id="5">
      <source id="4" />
      <target id="7" />
    </CLINK>
    <CLINK comment="" id="6">
      <source id="4" />
      <target id="9" />
    </CLINK>
    <TLINK comment="" id="7" relType="BEFORE">
      <source id="5" />
      <target id="2" />
    </TLINK>
    <TLINK comment="" id="8" relType="BEFORE">
      <source id="5" />
      <target id="4" />
    </TLINK>
    <TLINK comment="" id="9" relType="SIMULTANEOUS">
      <source id="6" />
      <target id="9" />
    </TLINK>
    <TLINK comment="" id="10" relType="BEFORE">
      <source id="10" />
      <target id="0" />
    </TLINK>
    <TLINK comment="" id="11" relType="IDENTITY">
      <source id="10" />
      <target id="11" />
    </TLINK>
    <TLINK comment="" id="12" relType="IS_INCLUDED">
      <source id="10" />
      <target id="12" />
    </TLINK>
    <TLINK comment="" id="13" relType="IS_INCLUDED">
      <source id="13" />
      <target id="15" />
    </TLINK>
    <TLINK comment="" id="14" relType="IS_INCLUDED">
      <source id="14" />
      <target id="15" />
    </TLINK>
    <TLINK comment="" id="15" relType="IDENTITY">
      <source id="16" />
      <target id="4" />
    </TLINK>
    <TLINK comment="" id="16" relType="IS_INCLUDED">
      <source id="16" />
      <target id="18" />
    </TLINK>
    <TLINK comment="" id="17" relType="BEFORE">
      <source id="17" />
      <target id="0" />
    </TLINK>
    <TLINK comment="" id="18" relType="ENDED_BY">
      <source id="19" />
      <target id="20" />
    </TLINK>
    <TLINK comment="" id="19" relType="BEFORE">
      <source id="21" />
      <target id="0" />
    </TLINK>
    <TLINK comment="" id="20" relType="INCLUDES">
      <source id="22" />
      <target id="0" />
    </TLINK>
    <TLINK comment="" id="21" relType="BEFORE">
      <source id="24" />
      <target id="23" />
    </TLINK>
    <TLINK comment="" id="22" relType="IDENTITY">
      <source id="25" />
      <target id="24" />
    </TLINK>
    <TLINK comment="" id="23" relType="BEFORE">
      <source id="26" />
      <target id="25" />
    </TLINK>
    <TLINK comment="" id="24" relType="AFTER">
      <source id="26" />
      <target id="27" />
    </TLINK>
    <CLINK c-signalID="28" comment="" id="25">
      <source id="26" />
      <target id="29" />
    </CLINK>
    <TLINK comment="" id="26" relType="IS_INCLUDED">
      <source id="30" />
      <target id="31" />
    </TLINK>
    <TLINK comment="" id="27" relType="AFTER">
      <source id="32" />
      <target id="30" />
    </TLINK>
    <TLINK comment="" id="28" relType="BEFORE">
      <source id="34" />
      <target id="0" />
    </TLINK>
    <TLINK comment="" id="29" relType="BEFORE">
      <source id="36" />
      <target id="35" />
    </TLINK>
    <TLINK comment="" id="30" relType="AFTER">
      <source id="37" />
      <target id="0" />
    </TLINK>
    <TLINK comment="" id="31" relType="IS_INCLUDED">
      <source id="38" />
      <target id="39" />
    </TLINK>
    <TLINK comment="" id="32" relType="SIMULTANEOUS">
      <source id="41" />
      <target id="3" />
    </TLINK>
    <TLINK comment="" id="33" relType="IS_INCLUDED">
      <source id="41" />
      <target id="40" />
    </TLINK>
    <TLINK comment="" id="34" relType="BEFORE">
      <source id="42" />
      <target id="0" />
    </TLINK>
    <TLINK comment="" id="35" relType="BEFORE">
      <source id="43" />
      <target id="0" />
    </TLINK>
    <TLINK comment="" id="36" relType="BEFORE">
      <source id="43" />
      <target id="42" />
    </TLINK>
    <TLINK comment="" id="37" relType="IDENTITY">
      <source id="45" />
      <target id="46" />
    </TLINK>
    <TLINK comment="" id="38" relType="BEFORE">
      <source id="47" />
      <target id="0" />
    </TLINK>
  </Relations>
  <token id="1" number="0" sentence="0">RJR</token>
  <token id="2" number="1" sentence="0">Nabisco</token>
  <token id="3" number="2" sentence="0">Inc.</token>
  <token id="4" number="3" sentence="0">said</token>
  <token id="5" number="4" sentence="0">it</token>
  <token id="6" number="5" sentence="0">agreed</token>
  <token id="7" number="6" sentence="0">to</token>
  <token id="8" number="7" sentence="0">sell</token>
  <token id="9" number="8" sentence="0">its</token>
  <token id="10" number="9" sentence="0">Baby</token>
  <token id="11" number="10" sentence="0">Ruth</token>
  <token id="12" number="11" sentence="0">,</token>
  <token id="13" number="12" sentence="0">Butterfinger</token>
  <token id="14" number="13" sentence="0">and</token>
  <token id="15" number="14" sentence="0">Pearson</token>
  <token id="16" number="15" sentence="0">candy</token>
  <token id="17" number="16" sentence="0">businesses</token>
  <token id="18" number="17" sentence="0">to</token>
  <token id="19" number="18" sentence="0">Nestle</token>
  <token id="20" number="19" sentence="0">S.A.'s</token>
  <token id="21" number="20" sentence="0">Nestle</token>
  <token id="22" number="21" sentence="0">Foods</token>
  <token id="23" number="22" sentence="0">unit</token>
  <token id="24" number="23" sentence="0">for</token>
  <token id="25" number="24" sentence="0">$</token>
  <token id="26" number="25" sentence="0">370</token>
  <token id="27" number="26" sentence="0">million</token>
  <token id="28" number="27" sentence="0">.</token>
  <token id="29" number="28" sentence="1">The</token>
  <token id="30" number="29" sentence="1">sale</token>
  <token id="31" number="30" sentence="1">,</token>
  <token id="32" number="31" sentence="1">at</token>
  <token id="33" number="32" sentence="1">a</token>
  <token id="34" number="33" sentence="1">higher</token>
  <token id="35" number="34" sentence="1">price</token>
  <token id="36" number="35" sentence="1">than</token>
  <token id="37" number="36" sentence="1">some</token>
  <token id="38" number="37" sentence="1">analysts</token>
  <token id="39" number="38" sentence="1">had</token>
  <token id="40" number="39" sentence="1">expected</token>
  <token id="41" number="40" sentence="1">,</token>
  <token id="42" number="41" sentence="1">helps</token>
  <token id="43" number="42" sentence="1">the</token>
  <token id="44" number="43" sentence="1">food</token>
  <token id="45" number="44" sentence="1">and</token>
  <token id="46" number="45" sentence="1">tobacco</token>
  <token id="47" number="46" sentence="1">giant</token>
  <token id="48" number="47" sentence="1">raise</token>
  <token id="49" number="48" sentence="1">funds</token>
  <token id="50" number="49" sentence="1">to</token>
  <token id="51" number="50" sentence="1">pay</token>
  <token id="52" number="51" sentence="1">debt</token>
  <token id="53" number="52" sentence="1">and</token>
  <token id="54" number="53" sentence="1">boosts</token>
  <token id="55" number="54" sentence="1">Nestle</token>
  <token id="56" number="55" sentence="1">'s</token>
  <token id="57" number="56" sentence="1">7</token>
  <token id="58" number="57" sentence="1">%</token>
  <token id="59" number="58" sentence="1">share</token>
  <token id="60" number="59" sentence="1">of</token>
  <token id="61" number="60" sentence="1">the</token>
  <token id="62" number="61" sentence="1">U.S.</token>
  <token id="63" number="62" sentence="1">candy</token>
  <token id="64" number="63" sentence="1">market</token>
  <token id="65" number="64" sentence="1">to</token>
  <token id="66" number="65" sentence="1">about</token>
  <token id="67" number="66" sentence="1">12</token>
  <token id="68" number="67" sentence="1">%</token>
  <token id="69" number="68" sentence="1">.</token>
  <token id="70" number="69" sentence="2">The</token>
  <token id="71" number="70" sentence="2">candy</token>
  <token id="72" number="71" sentence="2">businesses</token>
  <token id="73" number="72" sentence="2">had</token>
  <token id="74" number="73" sentence="2">sales</token>
  <token id="75" number="74" sentence="2">of</token>
  <token id="76" number="75" sentence="2">about</token>
  <token id="77" number="76" sentence="2">$</token>
  <token id="78" number="77" sentence="2">154</token>
  <token id="79" number="78" sentence="2">million</token>
  <token id="80" number="79" sentence="2">last</token>
  <token id="81" number="80" sentence="2">year</token>
  <token id="82" number="81" sentence="2">,</token>
  <token id="83" number="82" sentence="2">which</token>
  <token id="84" number="83" sentence="2">was</token>
  <token id="85" number="84" sentence="2">roughly</token>
  <token id="86" number="85" sentence="2">12</token>
  <token id="87" number="86" sentence="2">%</token>
  <token id="88" number="87" sentence="2">of</token>
  <token id="89" number="88" sentence="2">total</token>
  <token id="90" number="89" sentence="2">revenue</token>
  <token id="91" number="90" sentence="2">for</token>
  <token id="92" number="91" sentence="2">RJR</token>
  <token id="93" number="92" sentence="2">'s</token>
  <token id="94" number="93" sentence="2">Planters</token>
  <token id="95" number="94" sentence="2">LifeSavers</token>
  <token id="96" number="95" sentence="2">unit</token>
  <token id="97" number="96" sentence="2">,</token>
  <token id="98" number="97" sentence="2">according</token>
  <token id="99" number="98" sentence="2">to</token>
  <token id="100" number="99" sentence="2">a</token>
  <token id="101" number="100" sentence="2">memorandum</token>
  <token id="102" number="101" sentence="2">distributed</token>
  <token id="103" number="102" sentence="2">by</token>
  <token id="104" number="103" sentence="2">RJR</token>
  <token id="105" number="104" sentence="2">'s</token>
  <token id="106" number="105" sentence="2">owner</token>
  <token id="107" number="106" sentence="2">,</token>
  <token id="108" number="107" sentence="2">Kohlberg</token>
  <token id="109" number="108" sentence="2">Kravis</token>
  <token id="110" number="109" sentence="2">Roberts</token>
  <token id="111" number="110" sentence="2">amp</token>
  <token id="112" number="111" sentence="2">Co.,</token>
  <token id="113" number="112" sentence="2">to</token>
  <token id="114" number="113" sentence="2">bankers</token>
  <token id="115" number="114" sentence="2">last</token>
  <token id="116" number="115" sentence="2">December</token>
  <token id="117" number="116" sentence="2">.</token>
  <token id="118" number="117" sentence="3">The</token>
  <token id="119" number="118" sentence="3">Nestle</token>
  <token id="120" number="119" sentence="3">acquisition</token>
  <token id="121" number="120" sentence="3">includes</token>
  <token id="122" number="121" sentence="3">a</token>
  <token id="123" number="122" sentence="3">candy</token>
  <token id="124" number="123" sentence="3">plant</token>
  <token id="125" number="124" sentence="3">in</token>
  <token id="126" number="125" sentence="3">Franklin</token>
  <token id="127" number="126" sentence="3">Park</token>
  <token id="128" number="127" sentence="3">,</token>
  <token id="129" number="128" sentence="3">Ill</token>
  <token id="130" number="129" sentence="3">.</token>
  <token id="131" number="130" sentence="3">,</token>
  <token id="132" number="131" sentence="3">which</token>
  <token id="133" number="132" sentence="3">employs</token>
  <token id="134" number="133" sentence="3">about</token>
  <token id="135" number="134" sentence="3">800</token>
  <token id="136" number="135" sentence="3">workers</token>
  <token id="137" number="136" sentence="3">.</token>
  <token id="138" number="137" sentence="4">The</token>
  <token id="139" number="138" sentence="4">sale</token>
  <token id="140" number="139" sentence="4">,</token>
  <token id="141" number="140" sentence="4">which</token>
  <token id="142" number="141" sentence="4">had</token>
  <token id="143" number="142" sentence="4">been</token>
  <token id="144" number="143" sentence="4">expected</token>
  <token id="145" number="144" sentence="4">,</token>
  <token id="146" number="145" sentence="4">is</token>
  <token id="147" number="146" sentence="4">part</token>
  <token id="148" number="147" sentence="4">of</token>
  <token id="149" number="148" sentence="4">KKR</token>
  <token id="150" number="149" sentence="4">'s</token>
  <token id="151" number="150" sentence="4">program</token>
  <token id="152" number="151" sentence="4">to</token>
  <token id="153" number="152" sentence="4">pay</token>
  <token id="154" number="153" sentence="4">down</token>
  <token id="155" number="154" sentence="4">$</token>
  <token id="156" number="155" sentence="4">5</token>
  <token id="157" number="156" sentence="4">billion</token>
  <token id="158" number="157" sentence="4">of</token>
  <token id="159" number="158" sentence="4">a</token>
  <token id="160" number="159" sentence="4">$</token>
  <token id="161" number="160" sentence="4">6</token>
  <token id="162" number="161" sentence="4">billion</token>
  <token id="163" number="162" sentence="4">bridge</token>
  <token id="164" number="163" sentence="4">loan</token>
  <token id="165" number="164" sentence="4">by</token>
  <token id="166" number="165" sentence="4">February</token>
  <token id="167" number="166" sentence="4">.</token>
  <token id="168" number="167" sentence="5">Roughly</token>
  <token id="169" number="168" sentence="5">$</token>
  <token id="170" number="169" sentence="5">2</token>
  <token id="171" number="170" sentence="5">billion</token>
  <token id="172" number="171" sentence="5">of</token>
  <token id="173" number="172" sentence="5">that</token>
  <token id="174" number="173" sentence="5">debt</token>
  <token id="175" number="174" sentence="5">has</token>
  <token id="176" number="175" sentence="5">already</token>
  <token id="177" number="176" sentence="5">been</token>
  <token id="178" number="177" sentence="5">repaid</token>
  <token id="179" number="178" sentence="5">from</token>
  <token id="180" number="179" sentence="5">previous</token>
  <token id="181" number="180" sentence="5">asset</token>
  <token id="182" number="181" sentence="5">sales</token>
  <token id="183" number="182" sentence="5">,</token>
  <token id="184" number="183" sentence="5">and</token>
  <token id="185" number="184" sentence="5">RJR</token>
  <token id="186" number="185" sentence="5">expects</token>
  <token id="187" number="186" sentence="5">to</token>
  <token id="188" number="187" sentence="5">use</token>
  <token id="189" number="188" sentence="5">another</token>
  <token id="190" number="189" sentence="5">$</token>
  <token id="191" number="190" sentence="5">2</token>
  <token id="192" number="191" sentence="5">billion</token>
  <token id="193" number="192" sentence="5">from</token>
  <token id="194" number="193" sentence="5">the</token>
  <token id="195" number="194" sentence="5">pending</token>
  <token id="196" number="195" sentence="5">,</token>
  <token id="197" number="196" sentence="5">two-part</token>
  <token id="198" number="197" sentence="5">sale</token>
  <token id="199" number="198" sentence="5">of</token>
  <token id="200" number="199" sentence="5">most</token>
  <token id="201" number="200" sentence="5">of</token>
  <token id="202" number="201" sentence="5">its</token>
  <token id="203" number="202" sentence="5">Del</token>
  <token id="204" number="203" sentence="5">Monte</token>
  <token id="205" number="204" sentence="5">unit</token>
  <token id="206" number="205" sentence="5">.</token>
  <token id="207" number="206" sentence="6">That</token>
  <token id="208" number="207" sentence="6">sale</token>
  <token id="209" number="208" sentence="6">,</token>
  <token id="210" number="209" sentence="6">however</token>
  <token id="211" number="210" sentence="6">,</token>
  <token id="212" number="211" sentence="6">could</token>
  <token id="213" number="212" sentence="6">still</token>
  <token id="214" number="213" sentence="6">fall</token>
  <token id="215" number="214" sentence="6">through</token>
  <token id="216" number="215" sentence="6">if</token>
  <token id="217" number="216" sentence="6">financing</token>
  <token id="218" number="217" sentence="6">problems</token>
  <token id="219" number="218" sentence="6">develop</token>
  <token id="220" number="219" sentence="6">.</token>
  <token id="221" number="220" sentence="7">Thus</token>
  <token id="222" number="221" sentence="7">,</token>
  <token id="223" number="222" sentence="7">it</token>
  <token id="224" number="223" sentence="7">remains</token>
  <token id="225" number="224" sentence="7">crucial</token>
  <token id="226" number="225" sentence="7">for</token>
  <token id="227" number="226" sentence="7">RJR</token>
  <token id="228" number="227" sentence="7">to</token>
  <token id="229" number="228" sentence="7">obtain</token>
  <token id="230" number="229" sentence="7">top</token>
  <token id="231" number="230" sentence="7">dollar</token>
  <token id="232" number="231" sentence="7">for</token>
  <token id="233" number="232" sentence="7">its</token>
  <token id="234" number="233" sentence="7">smaller</token>
  <token id="235" number="234" sentence="7">assets</token>
  <token id="236" number="235" sentence="7">like</token>
  <token id="237" number="236" sentence="7">the</token>
  <token id="238" number="237" sentence="7">candy</token>
  <token id="239" number="238" sentence="7">brands</token>
  <token id="240" number="239" sentence="7">.</token>
  <token id="241" number="240" sentence="8">Louis</token>
  <token id="242" number="241" sentence="8">Gerstner</token>
  <token id="243" number="242" sentence="8">Jr.,</token>
  <token id="244" number="243" sentence="8">chairman</token>
  <token id="245" number="244" sentence="8">and</token>
  <token id="246" number="245" sentence="8">chief</token>
  <token id="247" number="246" sentence="8">executive</token>
  <token id="248" number="247" sentence="8">officer</token>
  <token id="249" number="248" sentence="8">of</token>
  <token id="250" number="249" sentence="8">New</token>
  <token id="251" number="250" sentence="8">York-based</token>
  <token id="252" number="251" sentence="8">RJR</token>
  <token id="253" number="252" sentence="8">,</token>
  <token id="254" number="253" sentence="8">called</token>
  <token id="255" number="254" sentence="8">the</token>
  <token id="256" number="255" sentence="8">sale</token>
  <token id="257" number="256" sentence="8">a</token>
  <token id="258" number="257" sentence="8">"</token>
  <token id="259" number="258" sentence="8">significant</token>
  <token id="260" number="259" sentence="8">step</token>
  <token id="261" number="260" sentence="8">"</token>
  <token id="262" number="261" sentence="8">in</token>
  <token id="263" number="262" sentence="8">the</token>
  <token id="264" number="263" sentence="8">company</token>
  <token id="265" number="264" sentence="8">'s</token>
  <token id="266" number="265" sentence="8">divestiture</token>
  <token id="267" number="266" sentence="8">program</token>
  <token id="268" number="267" sentence="8">,</token>
  <token id="269" number="268" sentence="8">as</token>
  <token id="270" number="269" sentence="8">well</token>
  <token id="271" number="270" sentence="8">as</token>
  <token id="272" number="271" sentence="8">a</token>
  <token id="273" number="272" sentence="8">"</token>
  <token id="274" number="273" sentence="8">a</token>
  <token id="275" number="274" sentence="8">strategic</token>
  <token id="276" number="275" sentence="8">divestiture</token>
  <token id="277" number="276" sentence="8">.</token>
  <token id="278" number="277" sentence="8">"</token>
  <token id="279" number="278" sentence="9">Since</token>
  <token id="280" number="279" sentence="9">KKR</token>
  <token id="281" number="280" sentence="9">bought</token>
  <token id="282" number="281" sentence="9">RJR</token>
  <token id="283" number="282" sentence="9">in</token>
  <token id="284" number="283" sentence="9">February</token>
  <token id="285" number="284" sentence="9">for</token>
  <token id="286" number="285" sentence="9">$</token>
  <token id="287" number="286" sentence="9">25</token>
  <token id="288" number="287" sentence="9">billion</token>
  <token id="289" number="288" sentence="9">of</token>
  <token id="290" number="289" sentence="9">debt</token>
  <token id="291" number="290" sentence="9">,</token>
  <token id="292" number="291" sentence="9">it</token>
  <token id="293" number="292" sentence="9">has</token>
  <token id="294" number="293" sentence="9">agreed</token>
  <token id="295" number="294" sentence="9">to</token>
  <token id="296" number="295" sentence="9">sell</token>
  <token id="297" number="296" sentence="9">nearly</token>
  <token id="298" number="297" sentence="9">$</token>
  <token id="299" number="298" sentence="9">5</token>
  <token id="300" number="299" sentence="9">billion</token>
  <token id="301" number="300" sentence="9">of</token>
  <token id="302" number="301" sentence="9">RJR</token>
  <token id="303" number="302" sentence="9">assets</token>
  <token id="304" number="303" sentence="9">.</token>
  <token id="305" number="304" sentence="10">RJR</token>
  <token id="306" number="305" sentence="10">'s</token>
  <token id="307" number="306" sentence="10">executives</token>
  <token id="308" number="307" sentence="10">have</token>
  <token id="309" number="308" sentence="10">said</token>
  <token id="310" number="309" sentence="10">they</token>
  <token id="311" number="310" sentence="10">will</token>
  <token id="312" number="311" sentence="10">dispense</token>
  <token id="313" number="312" sentence="10">with</token>
  <token id="314" number="313" sentence="10">certain</token>
  <token id="315" number="314" sentence="10">brands</token>
  <token id="316" number="315" sentence="10">,</token>
  <token id="317" number="316" sentence="10">in</token>
  <token id="318" number="317" sentence="10">particular</token>
  <token id="319" number="318" sentence="10">,</token>
  <token id="320" number="319" sentence="10">that</token>
  <token id="321" number="320" sentence="10">are</token>
  <token id="322" number="321" sentence="10">n't</token>
  <token id="323" number="322" sentence="10">leaders</token>
  <token id="324" number="323" sentence="10">in</token>
  <token id="325" number="324" sentence="10">their</token>
  <token id="326" number="325" sentence="10">markets</token>
  <token id="327" number="326" sentence="10">.</token>
  <token id="328" number="327" sentence="11">"</token>
  <token id="329" number="328" sentence="11">RJR</token>
  <token id="330" number="329" sentence="11">Nabisco</token>
  <token id="331" number="330" sentence="11">and</token>
  <token id="332" number="331" sentence="11">Planters</token>
  <token id="333" number="332" sentence="11">LifeSavers</token>
  <token id="334" number="333" sentence="11">will</token>
  <token id="335" number="334" sentence="11">concentrate</token>
  <token id="336" number="335" sentence="11">more</token>
  <token id="337" number="336" sentence="11">on</token>
  <token id="338" number="337" sentence="11">our</token>
  <token id="339" number="338" sentence="11">own</token>
  <token id="340" number="339" sentence="11">core</token>
  <token id="341" number="340" sentence="11">businesses</token>
  <token id="342" number="341" sentence="11">,</token>
  <token id="343" number="342" sentence="11">"</token>
  <token id="344" number="343" sentence="11">Mr.</token>
  <token id="345" number="344" sentence="11">Gerstner</token>
  <token id="346" number="345" sentence="11">said</token>
  <token id="347" number="346" sentence="11">Friday</token>
  <token id="348" number="347" sentence="11">.</token>
  <token id="349" number="348" sentence="12">Baby</token>
  <token id="350" number="349" sentence="12">Ruth</token>
  <token id="351" number="350" sentence="12">and</token>
  <token id="352" number="351" sentence="12">Butterfinger</token>
  <token id="353" number="352" sentence="12">are</token>
  <token id="354" number="353" sentence="12">both</token>
  <token id="355" number="354" sentence="12">among</token>
  <token id="356" number="355" sentence="12">the</token>
  <token id="357" number="356" sentence="12">top-selling</token>
  <token id="358" number="357" sentence="12">15</token>
  <token id="359" number="358" sentence="12">chocolate</token>
  <token id="360" number="359" sentence="12">bars</token>
  <token id="361" number="360" sentence="12">in</token>
  <token id="362" number="361" sentence="12">the</token>
  <token id="363" number="362" sentence="12">U.S.,</token>
  <token id="364" number="363" sentence="12">but</token>
  <token id="365" number="364" sentence="12">RJR</token>
  <token id="366" number="365" sentence="12">'s</token>
  <token id="367" number="366" sentence="12">overall</token>
  <token id="368" number="367" sentence="12">share</token>
  <token id="369" number="368" sentence="12">of</token>
  <token id="370" number="369" sentence="12">the</token>
  <token id="371" number="370" sentence="12">roughly</token>
  <token id="372" number="371" sentence="12">$</token>
  <token id="373" number="372" sentence="12">5.1</token>
  <token id="374" number="373" sentence="12">billion</token>
  <token id="375" number="374" sentence="12">market</token>
  <token id="376" number="375" sentence="12">is</token>
  <token id="377" number="376" sentence="12">less</token>
  <token id="378" number="377" sentence="12">than</token>
  <token id="379" number="378" sentence="12">5</token>
  <token id="380" number="379" sentence="12">%</token>
  <token id="381" number="380" sentence="12">.</token>
  <token id="382" number="381" sentence="13">Nestle</token>
  <token id="383" number="382" sentence="13">'s</token>
  <token id="384" number="383" sentence="13">share</token>
  <token id="385" number="384" sentence="13">of</token>
  <token id="386" number="385" sentence="13">7</token>
  <token id="387" number="386" sentence="13">%</token>
  <token id="388" number="387" sentence="13">before</token>
  <token id="389" number="388" sentence="13">Friday</token>
  <token id="390" number="389" sentence="13">'s</token>
  <token id="391" number="390" sentence="13">purchases</token>
  <token id="392" number="391" sentence="13">is</token>
  <token id="393" number="392" sentence="13">far</token>
  <token id="394" number="393" sentence="13">below</token>
  <token id="395" number="394" sentence="13">the</token>
  <token id="396" number="395" sentence="13">shares</token>
  <token id="397" number="396" sentence="13">of</token>
  <token id="398" number="397" sentence="13">market</token>
  <token id="399" number="398" sentence="13">leaders</token>
  <token id="400" number="399" sentence="13">Hershey</token>
  <token id="401" number="400" sentence="13">Foods</token>
  <token id="402" number="401" sentence="13">Corp.</token>
  <token id="403" number="402" sentence="13">and</token>
  <token id="404" number="403" sentence="13">Mars</token>
  <token id="405" number="404" sentence="13">Inc.,</token>
  <token id="406" number="405" sentence="13">which</token>
  <token id="407" number="406" sentence="13">have</token>
  <token id="408" number="407" sentence="13">about</token>
  <token id="409" number="408" sentence="13">40</token>
  <token id="410" number="409" sentence="13">%</token>
  <token id="411" number="410" sentence="13">and</token>
  <token id="412" number="411" sentence="13">36</token>
  <token id="413" number="412" sentence="13">%</token>
  <token id="414" number="413" sentence="13">of</token>
  <token id="415" number="414" sentence="13">the</token>
  <token id="416" number="415" sentence="13">market</token>
  <token id="417" number="416" sentence="13">,</token>
  <token id="418" number="417" sentence="13">respectively</token>
  <token id="419" number="418" sentence="13">.</token>
  <token id="420" number="419" sentence="14">"</token>
  <token id="421" number="420" sentence="14">This</token>
  <token id="422" number="421" sentence="14">means</token>
  <token id="423" number="422" sentence="14">Nestle</token>
  <token id="424" number="423" sentence="14">is</token>
  <token id="425" number="424" sentence="14">now</token>
  <token id="426" number="425" sentence="14">in</token>
  <token id="427" number="426" sentence="14">the</token>
  <token id="428" number="427" sentence="14">candybar</token>
  <token id="429" number="428" sentence="14">business</token>
  <token id="430" number="429" sentence="14">in</token>
  <token id="431" number="430" sentence="14">a</token>
  <token id="432" number="431" sentence="14">big</token>
  <token id="433" number="432" sentence="14">way</token>
  <token id="434" number="433" sentence="14">,</token>
  <token id="435" number="434" sentence="14">"</token>
  <token id="436" number="435" sentence="14">said</token>
  <token id="437" number="436" sentence="14">Lisbeth</token>
  <token id="438" number="437" sentence="14">Echeandia</token>
  <token id="439" number="438" sentence="14">,</token>
  <token id="440" number="439" sentence="14">publisher</token>
  <token id="441" number="440" sentence="14">of</token>
  <token id="442" number="441" sentence="14">Orlando</token>
  <token id="443" number="442" sentence="14">,</token>
  <token id="444" number="443" sentence="14">Fla</token>
  <token id="445" number="444" sentence="14">.</token>
  <token id="446" number="445" sentence="14">-based</token>
  <token id="447" number="446" sentence="14">Confectioner</token>
  <token id="448" number="447" sentence="14">Magazine</token>
  <token id="449" number="448" sentence="14">.</token>
  <token id="450" number="449" sentence="15">"</token>
  <token id="451" number="450" sentence="15">For</token>
  <token id="452" number="451" sentence="15">them</token>
  <token id="453" number="452" sentence="15">,</token>
  <token id="454" number="453" sentence="15">it</token>
  <token id="455" number="454" sentence="15">makes</token>
  <token id="456" number="455" sentence="15">all</token>
  <token id="457" number="456" sentence="15">kinds</token>
  <token id="458" number="457" sentence="15">of</token>
  <token id="459" number="458" sentence="15">sense</token>
  <token id="460" number="459" sentence="15">.</token>
  <token id="461" number="460" sentence="16">They</token>
  <token id="462" number="461" sentence="16">'ve</token>
  <token id="463" number="462" sentence="16">been</token>
  <token id="464" number="463" sentence="16">given</token>
  <token id="465" number="464" sentence="16">a</token>
  <token id="466" number="465" sentence="16">mandate</token>
  <token id="467" number="466" sentence="16">from</token>
  <token id="468" number="467" sentence="16">Switzerland</token>
  <token id="469" number="468" sentence="16">"</token>
  <token id="470" number="469" sentence="16">to</token>
  <token id="471" number="470" sentence="16">expand</token>
  <token id="472" number="471" sentence="16">their</token>
  <token id="473" number="472" sentence="16">U.S.</token>
  <token id="474" number="473" sentence="16">chocolate</token>
  <token id="475" number="474" sentence="16">operations</token>
  <token id="476" number="475" sentence="16">.</token>
  <token id="477" number="476" sentence="17">Nestle</token>
  <token id="478" number="477" sentence="17">S.A.</token>
  <token id="479" number="478" sentence="17">is</token>
  <token id="480" number="479" sentence="17">based</token>
  <token id="481" number="480" sentence="17">in</token>
  <token id="482" number="481" sentence="17">Vevey</token>
  <token id="483" number="482" sentence="17">,</token>
  <token id="484" number="483" sentence="17">Switzerland</token>
  <token id="485" number="484" sentence="17">.</token>
  <token id="486" number="485" sentence="18">The</token>
  <token id="487" number="486" sentence="18">new</token>
  <token id="488" number="487" sentence="18">candy</token>
  <token id="489" number="488" sentence="18">bars</token>
  <token id="490" number="489" sentence="18">,</token>
  <token id="491" number="490" sentence="18">"</token>
  <token id="492" number="491" sentence="18">make</token>
  <token id="493" number="492" sentence="18">an</token>
  <token id="494" number="493" sentence="18">important</token>
  <token id="495" number="494" sentence="18">contribution</token>
  <token id="496" number="495" sentence="18">to</token>
  <token id="497" number="496" sentence="18">our</token>
  <token id="498" number="497" sentence="18">Nestle</token>
  <token id="499" number="498" sentence="18">Foods</token>
  <token id="500" number="499" sentence="18">commitment</token>
  <token id="501" number="500" sentence="18">to</token>
  <token id="502" number="501" sentence="18">this</token>
  <token id="503" number="502" sentence="18">very</token>
  <token id="504" number="503" sentence="18">important</token>
  <token id="505" number="504" sentence="18">strategic</token>
  <token id="506" number="505" sentence="18">unit</token>
  <token id="507" number="506" sentence="18">,</token>
  <token id="508" number="507" sentence="18">"</token>
  <token id="509" number="508" sentence="18">said</token>
  <token id="510" number="509" sentence="18">C.</token>
  <token id="511" number="510" sentence="18">Alan</token>
  <token id="512" number="511" sentence="18">MacDonald</token>
  <token id="513" number="512" sentence="18">,</token>
  <token id="514" number="513" sentence="18">president</token>
  <token id="515" number="514" sentence="18">of</token>
  <token id="516" number="515" sentence="18">Nestle</token>
  <token id="517" number="516" sentence="18">Foods</token>
  <token id="518" number="517" sentence="18">in</token>
  <token id="519" number="518" sentence="18">Purchase</token>
  <token id="520" number="519" sentence="18">,</token>
  <token id="521" number="520" sentence="18">N.Y.</token>
</Document>
