<Document doc_name="wsj_0542">
  <Markables>
    <TIMEX3 RELATED_TO="" TAG_DESCRIPTOR="Empty_Mark" beginPoint="" comment="" endPoint="" freq="" functionInDocument="CREATION_TIME" id="0" quant="" type="DATE" value="1989-10-30" />
    <EVENT aspect="NONE" certainty="" class="I_ACTION" comment="" factuality="" id="1" modality="NONE" polarity="POS" pos="VERB" tense="PAST">
      <token_anchor id="5" />
    </EVENT>
    <EVENT aspect="NONE" certainty="" class="OCCURRENCE" comment="" factuality="" id="2" modality="NONE" polarity="POS" pos="NOUN" tense="NONE">
      <token_anchor id="8" />
    </EVENT>
    <TIMEX3 anchorTimeID="0" beginPoint="" comment="" endPoint="" freq="" functionInDocument="NONE" id="3" quant="" type="TIME" value="1989-11-06T17">
      <token_anchor id="35" />
      <token_anchor id="36" />
      <token_anchor id="37" />
      <token_anchor id="38" />
      <token_anchor id="39" />
      <token_anchor id="40" />
    </TIMEX3>
    <EVENT aspect="NONE" certainty="" class="OCCURRENCE" comment="" factuality="" id="4" modality="NONE" polarity="POS" pos="NOUN" tense="NONE">
      <token_anchor id="43" />
    </EVENT>
    <EVENT aspect="PERFECTIVE" certainty="" class="I_ACTION" comment="" factuality="" id="5" modality="NONE" polarity="POS" pos="VERB" tense="PRESENT">
      <token_anchor id="52" />
    </EVENT>
    <EVENT aspect="PERFECTIVE" certainty="" class="OCCURRENCE" comment="" factuality="" id="6" modality="NONE" polarity="POS" pos="VERB" tense="PAST">
      <token_anchor id="59" />
    </EVENT>
    <EVENT aspect="NONE" certainty="" class="OCCURRENCE" comment="" factuality="" id="7" modality="NONE" polarity="POS" pos="VERB" tense="INFINITIVE">
      <token_anchor id="61" />
    </EVENT>
    <TIMEX3 anchorTimeID="0" beginPoint="" comment="" endPoint="" freq="" functionInDocument="NONE" id="8" quant="" type="TIME" value="1989-10-27T24">
      <token_anchor id="63" />
      <token_anchor id="64" />
    </TIMEX3>
    <EVENT aspect="NONE" certainty="" class="REPORTING" comment="" factuality="" id="9" modality="NONE" polarity="POS" pos="VERB" tense="PAST">
      <token_anchor id="68" />
    </EVENT>
    <EVENT aspect="NONE" certainty="" class="I_ACTION" comment="" factuality="" id="10" modality="NONE" polarity="POS" pos="VERB" tense="PAST">
      <token_anchor id="70" />
    </EVENT>
    <EVENT aspect="NONE" certainty="" class="OCCURRENCE" comment="" factuality="" id="11" modality="NONE" polarity="POS" pos="NOUN" tense="NONE">
      <token_anchor id="72" />
    </EVENT>
    <EVENT aspect="NONE" certainty="" class="I_STATE" comment="" factuality="" id="12" modality="NONE" polarity="POS" pos="VERB" tense="INFINITIVE">
      <token_anchor id="74" />
    </EVENT>
    <EVENT aspect="NONE" certainty="" class="OCCURRENCE" comment="" factuality="" id="13" modality="NONE" polarity="POS" pos="VERB" tense="INFINITIVE">
      <token_anchor id="78" />
    </EVENT>
    <EVENT aspect="NONE" certainty="" class="OCCURRENCE" comment="" factuality="" id="14" modality="NONE" polarity="POS" pos="VERB" tense="PAST">
      <token_anchor id="90" />
    </EVENT>
    <TIMEX3 anchorTimeID="0" beginPoint="" comment="" endPoint="" freq="" functionInDocument="NONE" id="15" quant="" type="DATE" value="1989-10-27">
      <token_anchor id="91" />
      <token_anchor id="92" />
    </TIMEX3>
    <EVENT aspect="PERFECTIVE" certainty="" class="OCCURRENCE" comment="" factuality="" id="16" modality="NONE" polarity="POS" pos="VERB" tense="PRESENT">
      <token_anchor id="102" />
    </EVENT>
    <EVENT aspect="NONE" certainty="" class="OCCURRENCE" comment="" factuality="" id="17" modality="NONE" polarity="POS" pos="VERB" tense="PAST">
      <token_anchor id="112" />
    </EVENT>
    <EVENT aspect="NONE" certainty="" class="OCCURRENCE" comment="" factuality="" id="18" modality="NONE" polarity="POS" pos="NOUN" tense="NONE">
      <token_anchor id="114" />
    </EVENT>
    <TIMEX3 anchorTimeID="0" beginPoint="" comment="" endPoint="" freq="" functionInDocument="NONE" id="19" quant="" type="DATE" value="1989-09-26">
      <token_anchor id="116" />
      <token_anchor id="117" />
      <token_anchor id="118" />
    </TIMEX3>
    <EVENT aspect="NONE" certainty="" class="OCCURRENCE" comment="" factuality="" id="20" modality="NONE" polarity="NEG" pos="VERB" tense="PRESENT">
      <token_anchor id="124" />
    </EVENT>
    <EVENT aspect="NONE" certainty="" class="OCCURRENCE" comment="" factuality="" id="21" modality="NONE" polarity="POS" pos="NOUN" tense="NONE">
      <token_anchor id="131" />
    </EVENT>
    <EVENT aspect="NONE" certainty="" class="OCCURRENCE" comment="" factuality="" id="22" modality="NONE" polarity="POS" pos="VERB" tense="INFINITIVE">
      <token_anchor id="134" />
    </EVENT>
    <EVENT aspect="PERFECTIVE" certainty="" class="OCCURRENCE" comment="" factuality="" id="23" modality="NONE" polarity="POS" pos="VERB" tense="PRESENT">
      <token_anchor id="147" />
    </EVENT>
    <EVENT aspect="NONE" certainty="" class="I_ACTION" comment="" factuality="" id="24" modality="NONE" polarity="NEG" pos="VERB" tense="PRESPART">
      <token_anchor id="152" />
    </EVENT>
    <EVENT aspect="NONE" certainty="" class="I_STATE" comment="" factuality="" id="25" modality="NONE" polarity="POS" pos="VERB" tense="PRESENT">
      <token_anchor id="157" />
    </EVENT>
    <EVENT aspect="NONE" certainty="" class="OCCURRENCE" comment="" factuality="" id="26" modality="NONE" polarity="POS" pos="VERB" tense="INFINITIVE">
      <token_anchor id="163" />
    </EVENT>
    <EVENT aspect="NONE" certainty="" class="OCCURRENCE" comment="" factuality="" id="27" modality="NONE" polarity="POS" pos="VERB" tense="PAST">
      <token_anchor id="172" />
    </EVENT>
    <EVENT aspect="NONE" certainty="" class="I_ACTION" comment="" factuality="" id="28" modality="NONE" polarity="POS" pos="VERB" tense="PRESENT">
      <token_anchor id="195" />
    </EVENT>
    <EVENT aspect="NONE" certainty="" class="OCCURRENCE" comment="" factuality="" id="29" modality="NONE" polarity="POS" pos="NOUN" tense="NONE">
      <token_anchor id="199" />
    </EVENT>
    <EVENT aspect="NONE" certainty="" class="REPORTING" comment="" factuality="" id="30" modality="NONE" polarity="POS" pos="VERB" tense="PRESENT">
      <token_anchor id="201" />
    </EVENT>
    <EVENT aspect="NONE" certainty="" class="I_STATE" comment="" factuality="" id="31" modality="NONE" polarity="POS" pos="VERB" tense="PRESENT">
      <token_anchor id="203" />
    </EVENT>
    <EVENT aspect="NONE" certainty="" class="OCCURRENCE" comment="" factuality="" id="32" modality="NONE" polarity="POS" pos="VERB" tense="PAST">
      <token_anchor id="240" />
    </EVENT>
    <TIMEX3 anchorTimeID="0" beginPoint="" comment="" endPoint="" freq="" functionInDocument="NONE" id="33" quant="" type="DATE" value="1989-10-27">
      <token_anchor id="244" />
    </TIMEX3>
    <EVENT aspect="NONE" certainty="" class="OCCURRENCE" comment="" factuality="" id="34" modality="NONE" polarity="POS" pos="VERB" tense="INFINITIVE">
      <token_anchor id="246" />
    </EVENT>
    <EVENT aspect="NONE" certainty="" class="OCCURRENCE" comment="" factuality="" id="35" modality="NONE" polarity="POS" pos="VERB" tense="PAST">
      <token_anchor id="263" />
    </EVENT>
    <EVENT aspect="NONE" certainty="" class="OCCURRENCE" comment="" factuality="" id="36" modality="NONE" polarity="POS" pos="VERB" tense="INFINITIVE">
      <token_anchor id="267" />
    </EVENT>
    <EVENT aspect="PERFECTIVE" certainty="" class="REPORTING" comment="" factuality="" id="37" modality="NONE" polarity="POS" pos="VERB" tense="PRESENT">
      <token_anchor id="280" />
    </EVENT>
    <EVENT aspect="NONE" certainty="" class="I_STATE" comment="" factuality="" id="38" modality="NONE" polarity="POS" pos="VERB" tense="PRESENT">
      <token_anchor id="282" />
    </EVENT>
    <EVENT aspect="NONE" certainty="" class="STATE" comment="" factuality="" id="39" modality="NONE" polarity="POS" pos="ADJECTIVE" tense="PRESENT">
      <token_anchor id="288" />
    </EVENT>
    <TIMEX3 anchorTimeID="0" beginPoint="" comment="" endPoint="" freq="" functionInDocument="NONE" id="40" quant="" type="DATE" value="1989-WXX">
      <token_anchor id="295" />
      <token_anchor id="296" />
      <token_anchor id="297" />
    </TIMEX3>
    <EVENT aspect="NONE" certainty="" class="ASPECTUAL" comment="" factuality="" id="41" modality="NONE" polarity="POS" pos="VERB" tense="PAST">
      <token_anchor id="305" />
    </EVENT>
    <EVENT aspect="NONE" certainty="" class="OCCURRENCE" comment="" factuality="" id="42" modality="NONE" polarity="POS" pos="NOUN" tense="NONE">
      <token_anchor id="306" />
    </EVENT>
    <EVENT aspect="NONE" certainty="" class="OCCURRENCE" comment="" factuality="" id="43" modality="NONE" polarity="POS" pos="NOUN" tense="NONE">
      <token_anchor id="312" />
    </EVENT>
    <EVENT aspect="NONE" certainty="" class="OCCURRENCE" comment="" factuality="" id="44" modality="NONE" polarity="POS" pos="NOUN" tense="NONE">
      <token_anchor id="316" />
    </EVENT>
    <EVENT aspect="NONE" certainty="" class="OCCURRENCE" comment="" factuality="" id="45" modality="NONE" polarity="NEG" pos="NOUN" tense="NONE">
      <token_anchor id="322" />
    </EVENT>
  </Markables>
  <Relations>
    <TLINK comment="" id="1" relType="BEFORE">
      <source id="1" />
      <target id="0" />
    </TLINK>
    <TLINK comment="" id="2" relType="IDENTITY">
      <source id="4" />
      <target id="2" />
    </TLINK>
    <TLINK comment="" id="3" relType="ENDED_BY">
      <source id="4" />
      <target id="7" />
    </TLINK>
    <TLINK comment="" id="4" relType="AFTER">
      <source id="5" />
      <target id="1" />
    </TLINK>
    <TLINK comment="" id="5" relType="BEFORE">
      <source id="6" />
      <target id="1" />
    </TLINK>
    <TLINK comment="" id="6" relType="IS_INCLUDED">
      <source id="7" />
      <target id="8" />
    </TLINK>
    <TLINK comment="" id="7" relType="BEFORE">
      <source id="9" />
      <target id="0" />
    </TLINK>
    <TLINK comment="" id="8" relType="AFTER">
      <source id="9" />
      <target id="1" />
    </TLINK>
    <CLINK comment="" id="9">
      <source id="10" />
      <target id="13" />
    </CLINK>
    <TLINK comment="" id="10" relType="IDENTITY">
      <source id="11" />
      <target id="2" />
    </TLINK>
    <TLINK comment="" id="11" relType="BEFORE">
      <source id="14" />
      <target id="9" />
    </TLINK>
    <TLINK comment="" id="12" relType="BEFORE">
      <source id="14" />
      <target id="10" />
    </TLINK>
    <TLINK comment="" id="13" relType="IS_INCLUDED">
      <source id="14" />
      <target id="15" />
    </TLINK>
    <TLINK comment="" id="14" relType="BEFORE">
      <source id="16" />
      <target id="0" />
    </TLINK>
    <TLINK comment="" id="15" relType="AFTER">
      <source id="16" />
      <target id="17" />
    </TLINK>
    <TLINK comment="" id="16" relType="BEFORE">
      <source id="16" />
      <target id="20" />
    </TLINK>
    <TLINK comment="" id="17" relType="BEFORE">
      <source id="16" />
      <target id="22" />
    </TLINK>
    <TLINK comment="" id="18" relType="BEGINS">
      <source id="17" />
      <target id="18" />
    </TLINK>
    <TLINK comment="" id="19" relType="IS_INCLUDED">
      <source id="17" />
      <target id="19" />
    </TLINK>
    <TLINK comment="" id="20" relType="SIMULTANEOUS">
      <source id="20" />
      <target id="22" />
    </TLINK>
    <TLINK comment="" id="21" relType="BEFORE">
      <source id="27" />
      <target id="26" />
    </TLINK>
    <TLINK comment="" id="22" relType="AFTER">
      <source id="28" />
      <target id="23" />
    </TLINK>
    <TLINK comment="" id="23" relType="SIMULTANEOUS">
      <source id="30" />
      <target id="28" />
    </TLINK>
    <TLINK comment="" id="24" relType="IS_INCLUDED">
      <source id="32" />
      <target id="33" />
    </TLINK>
    <TLINK comment="" id="25" relType="ENDED_BY">
      <source id="32" />
      <target id="34" />
    </TLINK>
    <TLINK comment="" id="26" relType="IS_INCLUDED">
      <source id="35" />
      <target id="33" />
    </TLINK>
    <TLINK comment="" id="27" relType="ENDED_BY">
      <source id="35" />
      <target id="36" />
    </TLINK>
    <TLINK comment="" id="28" relType="BEFORE">
      <source id="37" />
      <target id="0" />
    </TLINK>
    <TLINK comment="" id="29" relType="INCLUDES">
      <source id="40" />
      <target id="41" />
    </TLINK>
    <TLINK comment="" id="30" relType="IDENTITY">
      <source id="43" />
      <target id="2" />
    </TLINK>
    <TLINK comment="" id="31" relType="IS_INCLUDED">
      <source id="44" />
      <target id="40" />
    </TLINK>
    <TLINK comment="" id="32" relType="INCLUDES">
      <source id="44" />
      <target id="42" />
    </TLINK>
    <TLINK comment="" id="33" relType="BEFORE">
      <source id="44" />
      <target id="45" />
    </TLINK>
    <CLINK comment="" id="34">
      <source id="44" />
      <target id="45" />
    </CLINK>
  </Relations>
  <token id="1" number="0" sentence="0">Dow</token>
  <token id="2" number="1" sentence="0">Jones</token>
  <token id="3" number="2" sentence="0">amp</token>
  <token id="4" number="3" sentence="0">Co.</token>
  <token id="5" number="4" sentence="0">extended</token>
  <token id="6" number="5" sentence="0">its</token>
  <token id="7" number="6" sentence="0">tender</token>
  <token id="8" number="7" sentence="0">offer</token>
  <token id="9" number="8" sentence="0">of</token>
  <token id="10" number="9" sentence="0">$</token>
  <token id="11" number="10" sentence="0">18</token>
  <token id="12" number="11" sentence="0">a</token>
  <token id="13" number="12" sentence="0">share</token>
  <token id="14" number="13" sentence="0">,</token>
  <token id="15" number="14" sentence="0">or</token>
  <token id="16" number="15" sentence="0">about</token>
  <token id="17" number="16" sentence="0">$</token>
  <token id="18" number="17" sentence="0">576</token>
  <token id="19" number="18" sentence="0">million</token>
  <token id="20" number="19" sentence="0">,</token>
  <token id="21" number="20" sentence="0">for</token>
  <token id="22" number="21" sentence="0">the</token>
  <token id="23" number="22" sentence="0">33</token>
  <token id="24" number="23" sentence="0">%</token>
  <token id="25" number="24" sentence="0">of</token>
  <token id="26" number="25" sentence="0">Telerate</token>
  <token id="27" number="26" sentence="0">Inc.</token>
  <token id="28" number="27" sentence="0">that</token>
  <token id="29" number="28" sentence="0">it</token>
  <token id="30" number="29" sentence="0">does</token>
  <token id="31" number="30" sentence="0">n't</token>
  <token id="32" number="31" sentence="0">already</token>
  <token id="33" number="32" sentence="0">own</token>
  <token id="34" number="33" sentence="0">until</token>
  <token id="35" number="34" sentence="0">5</token>
  <token id="36" number="35" sentence="0">p.m.</token>
  <token id="37" number="36" sentence="0">EST</token>
  <token id="38" number="37" sentence="0">,</token>
  <token id="39" number="38" sentence="0">Nov.</token>
  <token id="40" number="39" sentence="0">6</token>
  <token id="41" number="40" sentence="0">.</token>
  <token id="42" number="41" sentence="1">The</token>
  <token id="43" number="42" sentence="1">offer</token>
  <token id="44" number="43" sentence="1">,</token>
  <token id="45" number="44" sentence="1">which</token>
  <token id="46" number="45" sentence="1">Telerate</token>
  <token id="47" number="46" sentence="1">'s</token>
  <token id="48" number="47" sentence="1">two</token>
  <token id="49" number="48" sentence="1">independent</token>
  <token id="50" number="49" sentence="1">directors</token>
  <token id="51" number="50" sentence="1">have</token>
  <token id="52" number="51" sentence="1">rejected</token>
  <token id="53" number="52" sentence="1">as</token>
  <token id="54" number="53" sentence="1">inadequate</token>
  <token id="55" number="54" sentence="1">,</token>
  <token id="56" number="55" sentence="1">previously</token>
  <token id="57" number="56" sentence="1">had</token>
  <token id="58" number="57" sentence="1">been</token>
  <token id="59" number="58" sentence="1">scheduled</token>
  <token id="60" number="59" sentence="1">to</token>
  <token id="61" number="60" sentence="1">expire</token>
  <token id="62" number="61" sentence="1">at</token>
  <token id="63" number="62" sentence="1">midnight</token>
  <token id="64" number="63" sentence="1">Friday</token>
  <token id="65" number="64" sentence="1">.</token>
  <token id="66" number="65" sentence="2">Dow</token>
  <token id="67" number="66" sentence="2">Jones</token>
  <token id="68" number="67" sentence="2">said</token>
  <token id="69" number="68" sentence="2">it</token>
  <token id="70" number="69" sentence="2">extended</token>
  <token id="71" number="70" sentence="2">the</token>
  <token id="72" number="71" sentence="2">offer</token>
  <token id="73" number="72" sentence="2">to</token>
  <token id="74" number="73" sentence="2">allow</token>
  <token id="75" number="74" sentence="2">shareholders</token>
  <token id="76" number="75" sentence="2">time</token>
  <token id="77" number="76" sentence="2">to</token>
  <token id="78" number="77" sentence="2">review</token>
  <token id="79" number="78" sentence="2">a</token>
  <token id="80" number="79" sentence="2">supplement</token>
  <token id="81" number="80" sentence="2">to</token>
  <token id="82" number="81" sentence="2">the</token>
  <token id="83" number="82" sentence="2">Dow</token>
  <token id="84" number="83" sentence="2">Jones</token>
  <token id="85" number="84" sentence="2">tender</token>
  <token id="86" number="85" sentence="2">offer</token>
  <token id="87" number="86" sentence="2">circular</token>
  <token id="88" number="87" sentence="2">that</token>
  <token id="89" number="88" sentence="2">it</token>
  <token id="90" number="89" sentence="2">mailed</token>
  <token id="91" number="90" sentence="2">last</token>
  <token id="92" number="91" sentence="2">Friday</token>
  <token id="93" number="92" sentence="2">.</token>
  <token id="94" number="93" sentence="3">The</token>
  <token id="95" number="94" sentence="3">supplement</token>
  <token id="96" number="95" sentence="3">contains</token>
  <token id="97" number="96" sentence="3">various</token>
  <token id="98" number="97" sentence="3">information</token>
  <token id="99" number="98" sentence="3">that</token>
  <token id="100" number="99" sentence="3">has</token>
  <token id="101" number="100" sentence="3">been</token>
  <token id="102" number="101" sentence="3">filed</token>
  <token id="103" number="102" sentence="3">with</token>
  <token id="104" number="103" sentence="3">the</token>
  <token id="105" number="104" sentence="3">Securities</token>
  <token id="106" number="105" sentence="3">and</token>
  <token id="107" number="106" sentence="3">Exchange</token>
  <token id="108" number="107" sentence="3">Commission</token>
  <token id="109" number="108" sentence="3">since</token>
  <token id="110" number="109" sentence="3">Dow</token>
  <token id="111" number="110" sentence="3">Jones</token>
  <token id="112" number="111" sentence="3">launched</token>
  <token id="113" number="112" sentence="3">the</token>
  <token id="114" number="113" sentence="3">offer</token>
  <token id="115" number="114" sentence="3">on</token>
  <token id="116" number="115" sentence="3">Sept</token>
  <token id="117" number="116" sentence="3">.</token>
  <token id="118" number="117" sentence="3">26</token>
  <token id="119" number="118" sentence="3">,</token>
  <token id="120" number="119" sentence="3">but</token>
  <token id="121" number="120" sentence="3">it</token>
  <token id="122" number="121" sentence="3">does</token>
  <token id="123" number="122" sentence="3">n't</token>
  <token id="124" number="123" sentence="3">change</token>
  <token id="125" number="124" sentence="3">the</token>
  <token id="126" number="125" sentence="3">terms</token>
  <token id="127" number="126" sentence="3">and</token>
  <token id="128" number="127" sentence="3">conditions</token>
  <token id="129" number="128" sentence="3">of</token>
  <token id="130" number="129" sentence="3">the</token>
  <token id="131" number="130" sentence="3">offer</token>
  <token id="132" number="131" sentence="3">except</token>
  <token id="133" number="132" sentence="3">to</token>
  <token id="134" number="133" sentence="3">extend</token>
  <token id="135" number="134" sentence="3">its</token>
  <token id="136" number="135" sentence="3">expiration</token>
  <token id="137" number="136" sentence="3">date</token>
  <token id="138" number="137" sentence="3">.</token>
  <token id="139" number="138" sentence="4">In</token>
  <token id="140" number="139" sentence="4">Delaware</token>
  <token id="141" number="140" sentence="4">Chancery</token>
  <token id="142" number="141" sentence="4">Court</token>
  <token id="143" number="142" sentence="4">litigation</token>
  <token id="144" number="143" sentence="4">,</token>
  <token id="145" number="144" sentence="4">Telerate</token>
  <token id="146" number="145" sentence="4">has</token>
  <token id="147" number="146" sentence="4">criticized</token>
  <token id="148" number="147" sentence="4">Dow</token>
  <token id="149" number="148" sentence="4">Jones</token>
  <token id="150" number="149" sentence="4">for</token>
  <token id="151" number="150" sentence="4">not</token>
  <token id="152" number="151" sentence="4">disclosing</token>
  <token id="153" number="152" sentence="4">that</token>
  <token id="154" number="153" sentence="4">Telerate</token>
  <token id="155" number="154" sentence="4">'s</token>
  <token id="156" number="155" sentence="4">management</token>
  <token id="157" number="156" sentence="4">expects</token>
  <token id="158" number="157" sentence="4">the</token>
  <token id="159" number="158" sentence="4">company</token>
  <token id="160" number="159" sentence="4">'s</token>
  <token id="161" number="160" sentence="4">revenue</token>
  <token id="162" number="161" sentence="4">to</token>
  <token id="163" number="162" sentence="4">increase</token>
  <token id="164" number="163" sentence="4">by</token>
  <token id="165" number="164" sentence="4">20</token>
  <token id="166" number="165" sentence="4">%</token>
  <token id="167" number="166" sentence="4">annually</token>
  <token id="168" number="167" sentence="4">,</token>
  <token id="169" number="168" sentence="4">while</token>
  <token id="170" number="169" sentence="4">Dow</token>
  <token id="171" number="170" sentence="4">Jones</token>
  <token id="172" number="171" sentence="4">based</token>
  <token id="173" number="172" sentence="4">its</token>
  <token id="174" number="173" sentence="4">projections</token>
  <token id="175" number="174" sentence="4">of</token>
  <token id="176" number="175" sentence="4">Telerate</token>
  <token id="177" number="176" sentence="4">'s</token>
  <token id="178" number="177" sentence="4">performance</token>
  <token id="179" number="178" sentence="4">on</token>
  <token id="180" number="179" sentence="4">a</token>
  <token id="181" number="180" sentence="4">12</token>
  <token id="182" number="181" sentence="4">%</token>
  <token id="183" number="182" sentence="4">revenue</token>
  <token id="184" number="183" sentence="4">growth</token>
  <token id="185" number="184" sentence="4">forecast</token>
  <token id="186" number="185" sentence="4">.</token>
  <token id="187" number="186" sentence="5">In</token>
  <token id="188" number="187" sentence="5">the</token>
  <token id="189" number="188" sentence="5">tender</token>
  <token id="190" number="189" sentence="5">offer</token>
  <token id="191" number="190" sentence="5">supplement</token>
  <token id="192" number="191" sentence="5">,</token>
  <token id="193" number="192" sentence="5">Dow</token>
  <token id="194" number="193" sentence="5">Jones</token>
  <token id="195" number="194" sentence="5">discloses</token>
  <token id="196" number="195" sentence="5">the</token>
  <token id="197" number="196" sentence="5">different</token>
  <token id="198" number="197" sentence="5">growth</token>
  <token id="199" number="198" sentence="5">forecasts</token>
  <token id="200" number="199" sentence="5">but</token>
  <token id="201" number="200" sentence="5">says</token>
  <token id="202" number="201" sentence="5">it</token>
  <token id="203" number="202" sentence="5">views</token>
  <token id="204" number="203" sentence="5">the</token>
  <token id="205" number="204" sentence="5">20</token>
  <token id="206" number="205" sentence="5">%</token>
  <token id="207" number="206" sentence="5">growth</token>
  <token id="208" number="207" sentence="5">rate</token>
  <token id="209" number="208" sentence="5">"</token>
  <token id="210" number="209" sentence="5">as</token>
  <token id="211" number="210" sentence="5">a</token>
  <token id="212" number="211" sentence="5">hoped-for</token>
  <token id="213" number="212" sentence="5">goal</token>
  <token id="214" number="213" sentence="5">"</token>
  <token id="215" number="214" sentence="5">of</token>
  <token id="216" number="215" sentence="5">Telerate</token>
  <token id="217" number="216" sentence="5">'s</token>
  <token id="218" number="217" sentence="5">management</token>
  <token id="219" number="218" sentence="5">"</token>
  <token id="220" number="219" sentence="5">and</token>
  <token id="221" number="220" sentence="5">not</token>
  <token id="222" number="221" sentence="5">as</token>
  <token id="223" number="222" sentence="5">a</token>
  <token id="224" number="223" sentence="5">realistic</token>
  <token id="225" number="224" sentence="5">basis</token>
  <token id="226" number="225" sentence="5">on</token>
  <token id="227" number="226" sentence="5">which</token>
  <token id="228" number="227" sentence="5">to</token>
  <token id="229" number="228" sentence="5">project</token>
  <token id="230" number="229" sentence="5">the</token>
  <token id="231" number="230" sentence="5">company</token>
  <token id="232" number="231" sentence="5">'s</token>
  <token id="233" number="232" sentence="5">likely</token>
  <token id="234" number="233" sentence="5">future</token>
  <token id="235" number="234" sentence="5">performance</token>
  <token id="236" number="235" sentence="5">.</token>
  <token id="237" number="236" sentence="5">"</token>
  <token id="238" number="237" sentence="6">Telerate</token>
  <token id="239" number="238" sentence="6">shares</token>
  <token id="240" number="239" sentence="6">fell</token>
  <token id="241" number="240" sentence="6">50</token>
  <token id="242" number="241" sentence="6">cents</token>
  <token id="243" number="242" sentence="6">on</token>
  <token id="244" number="243" sentence="6">Friday</token>
  <token id="245" number="244" sentence="6">to</token>
  <token id="246" number="245" sentence="6">close</token>
  <token id="247" number="246" sentence="6">at</token>
  <token id="248" number="247" sentence="6">$</token>
  <token id="249" number="248" sentence="6">20</token>
  <token id="250" number="249" sentence="6">each</token>
  <token id="251" number="250" sentence="6">in</token>
  <token id="252" number="251" sentence="6">New</token>
  <token id="253" number="252" sentence="6">York</token>
  <token id="254" number="253" sentence="6">Stock</token>
  <token id="255" number="254" sentence="6">Exchange</token>
  <token id="256" number="255" sentence="6">composite</token>
  <token id="257" number="256" sentence="6">trading</token>
  <token id="258" number="257" sentence="6">.</token>
  <token id="259" number="258" sentence="7">Dow</token>
  <token id="260" number="259" sentence="7">Jones</token>
  <token id="261" number="260" sentence="7">shares</token>
  <token id="262" number="261" sentence="7">also</token>
  <token id="263" number="262" sentence="7">fell</token>
  <token id="264" number="263" sentence="7">50</token>
  <token id="265" number="264" sentence="7">cents</token>
  <token id="266" number="265" sentence="7">to</token>
  <token id="267" number="266" sentence="7">close</token>
  <token id="268" number="267" sentence="7">at</token>
  <token id="269" number="268" sentence="7">$</token>
  <token id="270" number="269" sentence="7">36.125</token>
  <token id="271" number="270" sentence="7">in</token>
  <token id="272" number="271" sentence="7">Big</token>
  <token id="273" number="272" sentence="7">Board</token>
  <token id="274" number="273" sentence="7">composite</token>
  <token id="275" number="274" sentence="7">trading</token>
  <token id="276" number="275" sentence="7">.</token>
  <token id="277" number="276" sentence="8">Dow</token>
  <token id="278" number="277" sentence="8">Jones</token>
  <token id="279" number="278" sentence="8">has</token>
  <token id="280" number="279" sentence="8">said</token>
  <token id="281" number="280" sentence="8">it</token>
  <token id="282" number="281" sentence="8">believes</token>
  <token id="283" number="282" sentence="8">the</token>
  <token id="284" number="283" sentence="8">$</token>
  <token id="285" number="284" sentence="8">18-a-share</token>
  <token id="286" number="285" sentence="8">price</token>
  <token id="287" number="286" sentence="8">is</token>
  <token id="288" number="287" sentence="8">fair</token>
  <token id="289" number="288" sentence="8">to</token>
  <token id="290" number="289" sentence="8">Telerate</token>
  <token id="291" number="290" sentence="8">'s</token>
  <token id="292" number="291" sentence="8">minority</token>
  <token id="293" number="292" sentence="8">shareholders</token>
  <token id="294" number="293" sentence="8">.</token>
  <token id="295" number="294" sentence="9">Late</token>
  <token id="296" number="295" sentence="9">last</token>
  <token id="297" number="296" sentence="9">week</token>
  <token id="298" number="297" sentence="9">,</token>
  <token id="299" number="298" sentence="9">representatives</token>
  <token id="300" number="299" sentence="9">of</token>
  <token id="301" number="300" sentence="9">Dow</token>
  <token id="302" number="301" sentence="9">Jones</token>
  <token id="303" number="302" sentence="9">and</token>
  <token id="304" number="303" sentence="9">Telerate</token>
  <token id="305" number="304" sentence="9">began</token>
  <token id="306" number="305" sentence="9">negotiations</token>
  <token id="307" number="306" sentence="9">about</token>
  <token id="308" number="307" sentence="9">the</token>
  <token id="309" number="308" sentence="9">terms</token>
  <token id="310" number="309" sentence="9">of</token>
  <token id="311" number="310" sentence="9">the</token>
  <token id="312" number="311" sentence="9">offer</token>
  <token id="313" number="312" sentence="9">,</token>
  <token id="314" number="313" sentence="9">but</token>
  <token id="315" number="314" sentence="9">those</token>
  <token id="316" number="315" sentence="9">talks</token>
  <token id="317" number="316" sentence="9">did</token>
  <token id="318" number="317" sentence="9">n't</token>
  <token id="319" number="318" sentence="9">result</token>
  <token id="320" number="319" sentence="9">in</token>
  <token id="321" number="320" sentence="9">any</token>
  <token id="322" number="321" sentence="9">changes</token>
  <token id="323" number="322" sentence="9">in</token>
  <token id="324" number="323" sentence="9">the</token>
  <token id="325" number="324" sentence="9">offer</token>
  <token id="326" number="325" sentence="9">.</token>
  <token id="327" number="326" sentence="10">Telerate</token>
  <token id="328" number="327" sentence="10">provides</token>
  <token id="329" number="328" sentence="10">information</token>
  <token id="330" number="329" sentence="10">about</token>
  <token id="331" number="330" sentence="10">financial</token>
  <token id="332" number="331" sentence="10">markets</token>
  <token id="333" number="332" sentence="10">through</token>
  <token id="334" number="333" sentence="10">an</token>
  <token id="335" number="334" sentence="10">electronic</token>
  <token id="336" number="335" sentence="10">network</token>
  <token id="337" number="336" sentence="10">.</token>
  <token id="338" number="337" sentence="11">Dow</token>
  <token id="339" number="338" sentence="11">Jones</token>
  <token id="340" number="339" sentence="11">,</token>
  <token id="341" number="340" sentence="11">which</token>
  <token id="342" number="341" sentence="11">owns</token>
  <token id="343" number="342" sentence="11">67</token>
  <token id="344" number="343" sentence="11">%</token>
  <token id="345" number="344" sentence="11">of</token>
  <token id="346" number="345" sentence="11">Telerate</token>
  <token id="347" number="346" sentence="11">,</token>
  <token id="348" number="347" sentence="11">publishes</token>
  <token id="349" number="348" sentence="11">The</token>
  <token id="350" number="349" sentence="11">Wall</token>
  <token id="351" number="350" sentence="11">Street</token>
  <token id="352" number="351" sentence="11">Journal</token>
  <token id="353" number="352" sentence="11">,</token>
  <token id="354" number="353" sentence="11">Barron</token>
  <token id="355" number="354" sentence="11">'s</token>
  <token id="356" number="355" sentence="11">magazine</token>
  <token id="357" number="356" sentence="11">,</token>
  <token id="358" number="357" sentence="11">community</token>
  <token id="359" number="358" sentence="11">newspapers</token>
  <token id="360" number="359" sentence="11">and</token>
  <token id="361" number="360" sentence="11">operates</token>
  <token id="362" number="361" sentence="11">financial</token>
  <token id="363" number="362" sentence="11">news</token>
  <token id="364" number="363" sentence="11">services</token>
  <token id="365" number="364" sentence="11">and</token>
  <token id="366" number="365" sentence="11">computer</token>
  <token id="367" number="366" sentence="11">data</token>
  <token id="368" number="367" sentence="11">bases</token>
  <token id="369" number="368" sentence="11">.</token>
</Document>
