<Document doc_name="wsj_0675">
  <Markables>
    <TIMEX3 RELATED_TO="" TAG_DESCRIPTOR="Empty_Mark" beginPoint="" comment="" endPoint="" freq="" functionInDocument="CREATION_TIME" id="0" quant="" type="DATE" value="1989-10-30" />
    <EVENT aspect="NONE" certainty="" class="STATE" comment="" factuality="" id="1" modality="NONE" polarity="POS" pos="NOUN" tense="NONE">
      <token_anchor id="2" />
    </EVENT>
    <EVENT aspect="PROGRESSIVE" certainty="" class="OCCURRENCE" comment="" factuality="" id="2" modality="NONE" polarity="POS" pos="VERB" tense="PRESENT">
      <token_anchor id="5" />
    </EVENT>
    <EVENT aspect="NONE" certainty="" class="I_STATE" comment="" factuality="" id="3" modality="NONE" polarity="POS" pos="VERB" tense="PRESENT">
      <token_anchor id="16" />
    </EVENT>
    <EVENT aspect="NONE" certainty="" class="ASPECTUAL" comment="" factuality="" id="4" modality="NONE" polarity="POS" pos="VERB" tense="INFINITIVE">
      <token_anchor id="18" />
    </EVENT>
    <EVENT aspect="NONE" certainty="" class="OCCURRENCE" comment="" factuality="" id="5" modality="NONE" polarity="POS" pos="NOUN" tense="NONE">
      <token_anchor id="20" />
    </EVENT>
    <EVENT aspect="NONE" certainty="" class="OCCURRENCE" comment="" factuality="" id="6" modality="NONE" polarity="POS" pos="VERB" tense="PRESPART">
      <token_anchor id="23" />
    </EVENT>
    <EVENT aspect="NONE" certainty="" class="OCCURRENCE" comment="" factuality="" id="7" modality="NONE" polarity="POS" pos="VERB" tense="PRESPART">
      <token_anchor id="28" />
    </EVENT>
    <EVENT aspect="NONE" certainty="" class="OCCURRENCE" comment="" factuality="" id="8" modality="NONE" polarity="POS" pos="VERB" tense="INFINITIVE">
      <token_anchor id="30" />
    </EVENT>
    <EVENT aspect="NONE" certainty="" class="OCCURRENCE" comment="" factuality="" id="9" modality="NONE" polarity="POS" pos="VERB" tense="PAST">
      <token_anchor id="39" />
    </EVENT>
    <EVENT aspect="NONE" certainty="" class="OCCURRENCE" comment="" factuality="" id="10" modality="NONE" polarity="POS" pos="NOUN" tense="NONE">
      <token_anchor id="42" />
    </EVENT>
    <EVENT aspect="NONE" certainty="" class="OCCURRENCE" comment="" factuality="" id="11" modality="NONE" polarity="POS" pos="NOUN" tense="NONE">
      <token_anchor id="45" />
    </EVENT>
    <EVENT aspect="NONE" certainty="" class="I_STATE" comment="" factuality="" id="12" modality="NONE" polarity="POS" pos="VERB" tense="PRESENT">
      <token_anchor id="56" />
    </EVENT>
    <EVENT aspect="NONE" certainty="" class="ASPECTUAL" comment="" factuality="" id="13" modality="NONE" polarity="POS" pos="VERB" tense="INFINITIVE">
      <token_anchor id="58" />
    </EVENT>
    <EVENT aspect="NONE" certainty="" class="ASPECTUAL" comment="" factuality="" id="14" modality="NONE" polarity="POS" pos="VERB" tense="PRESPART">
      <token_anchor id="59" />
    </EVENT>
    <EVENT aspect="NONE" certainty="" class="OCCURRENCE" comment="" factuality="" id="15" modality="NONE" polarity="POS" pos="NOUN" tense="NONE">
      <token_anchor id="61" />
    </EVENT>
    <EVENT aspect="PROGRESSIVE" certainty="" class="OCCURRENCE" comment="" factuality="" id="16" modality="NONE" polarity="POS" pos="VERB" tense="PRESENT">
      <token_anchor id="71" />
    </EVENT>
    <EVENT aspect="NONE" certainty="" class="I_ACTION" comment="" factuality="" id="17" modality="NONE" polarity="POS" pos="VERB" tense="INFINITIVE">
      <token_anchor id="73" />
    </EVENT>
    <EVENT aspect="NONE" certainty="" class="OCCURRENCE" comment="" factuality="" id="18" modality="NONE" polarity="POS" pos="NOUN" tense="NONE">
      <token_anchor id="76" />
    </EVENT>
    <EVENT aspect="NONE" certainty="" class="OCCURRENCE" comment="" factuality="" id="19" modality="NONE" polarity="POS" pos="NOUN" tense="NONE">
      <token_anchor id="86" />
    </EVENT>
    <EVENT aspect="PERFECTIVE" certainty="" class="I_ACTION" comment="" factuality="" id="20" modality="NONE" polarity="POS" pos="VERB" tense="PRESENT">
      <token_anchor id="89" />
    </EVENT>
    <EVENT aspect="NONE" certainty="" class="OCCURRENCE" comment="" factuality="" id="21" modality="NONE" polarity="POS" pos="VERB" tense="PAST">
      <token_anchor id="95" />
    </EVENT>
    <TIMEX3 anchorTimeID="0" beginPoint="" comment="" endPoint="" freq="" functionInDocument="NONE" id="22" quant="" type="DATE" value="1989-09">
      <token_anchor id="99" />
    </TIMEX3>
    <EVENT aspect="NONE" certainty="" class="I_ACTION" comment="" factuality="" id="23" modality="NONE" polarity="POS" pos="VERB" tense="PRESENT">
      <token_anchor id="110" />
    </EVENT>
    <C-SIGNAL id="24">
      <token_anchor id="117" />
    </C-SIGNAL>
    <EVENT aspect="NONE" certainty="" class="OCCURRENCE" comment="" factuality="" id="25" modality="NONE" polarity="POS" pos="VERB" tense="PAST">
      <token_anchor id="119" />
    </EVENT>
    <TIMEX3 anchorTimeID="0" beginPoint="" comment="" endPoint="" freq="" functionInDocument="NONE" id="26" quant="" type="DATE" value="1989-Q3">
      <token_anchor id="123" />
    </TIMEX3>
    <EVENT aspect="NONE" certainty="" class="OCCURRENCE" comment="" factuality="" id="27" modality="NONE" polarity="POS" pos="NOUN" tense="NONE">
      <token_anchor id="125" />
    </EVENT>
    <EVENT aspect="NONE" certainty="" class="OCCURRENCE" comment="" factuality="" id="28" modality="NONE" polarity="POS" pos="VERB" tense="PAST">
      <token_anchor id="131" />
    </EVENT>
    <EVENT aspect="PROGRESSIVE" certainty="" class="OCCURRENCE" comment="" factuality="" id="29" modality="NONE" polarity="POS" pos="VERB" tense="PRESENT">
      <token_anchor id="139" />
    </EVENT>
    <TIMEX3 anchorTimeID="0" beginPoint="" comment="" endPoint="" freq="" functionInDocument="NONE" id="30" quant="" type="DATE" value="1989-FA">
      <token_anchor id="146" />
      <token_anchor id="147" />
    </TIMEX3>
    <EVENT aspect="NONE" certainty="" class="REPORTING" comment="" factuality="" id="31" modality="NONE" polarity="POS" pos="VERB" tense="PRESENT">
      <token_anchor id="151" />
    </EVENT>
    <EVENT aspect="NONE" certainty="" class="ASPECTUAL" comment="" factuality="" id="32" modality="NONE" polarity="POS" pos="NOUN" tense="NONE">
      <token_anchor id="157" />
    </EVENT>
    <TIMEX3 anchorTimeID="0" beginPoint="" comment="" endPoint="" freq="" functionInDocument="NONE" id="33" quant="" type="DATE" value="FUTURE_REF">
      <token_anchor id="160" />
    </TIMEX3>
    <EVENT aspect="NONE" certainty="" class="OCCURRENCE" comment="" factuality="" id="34" modality="NONE" polarity="POS" pos="NOUN" tense="NONE">
      <token_anchor id="161" />
    </EVENT>
    <EVENT aspect="NONE" certainty="" class="I_ACTION" comment="" factuality="" id="35" modality="may" polarity="POS" pos="VERB" tense="NONE">
      <token_anchor id="173" />
    </EVENT>
    <TIMEX3 anchorTimeID="0" beginPoint="" comment="" endPoint="" freq="" functionInDocument="NONE" id="36" quant="" type="DATE" value="1989-WXX">
      <token_anchor id="175" />
      <token_anchor id="176" />
    </TIMEX3>
    <EVENT aspect="NONE" certainty="" class="I_ACTION" comment="" factuality="" id="37" modality="NONE" polarity="POS" pos="VERB" tense="INFINITIVE">
      <token_anchor id="178" />
    </EVENT>
    <EVENT aspect="NONE" certainty="" class="OCCURRENCE" comment="" factuality="" id="38" modality="NONE" polarity="POS" pos="VERB" tense="PAST">
      <token_anchor id="181" />
    </EVENT>
    <EVENT aspect="NONE" certainty="" class="ASPECTUAL" comment="" factuality="" id="39" modality="would" polarity="POS" pos="VERB" tense="NONE">
      <token_anchor id="194" />
    </EVENT>
    <EVENT aspect="NONE" certainty="" class="OCCURRENCE" comment="" factuality="" id="40" modality="NONE" polarity="POS" pos="NOUN" tense="NONE">
      <token_anchor id="199" />
    </EVENT>
    <TIMEX3 anchorTimeID="0" beginPoint="" comment="" endPoint="" freq="" functionInDocument="NONE" id="41" quant="" type="DATE" value="1988">
      <token_anchor id="205" />
      <token_anchor id="206" />
      <token_anchor id="207" />
    </TIMEX3>
    <EVENT aspect="NONE" certainty="" class="I_ACTION" comment="" factuality="" id="42" modality="NONE" polarity="POS" pos="VERB" tense="PAST">
      <token_anchor id="213" />
    </EVENT>
    <EVENT aspect="NONE" certainty="" class="I_ACTION" comment="" factuality="" id="43" modality="NONE" polarity="POS" pos="NOUN" tense="NONE">
      <token_anchor id="215" />
    </EVENT>
    <EVENT aspect="NONE" certainty="" class="OCCURRENCE" comment="" factuality="" id="44" modality="NONE" polarity="POS" pos="VERB" tense="INFINITIVE">
      <token_anchor id="217" />
    </EVENT>
    <EVENT aspect="NONE" certainty="" class="I_ACTION" comment="" factuality="" id="45" modality="NONE" polarity="POS" pos="VERB" tense="PRESPART">
      <token_anchor id="222" />
    </EVENT>
    <EVENT aspect="NONE" certainty="" class="OCCURRENCE" comment="" factuality="" id="46" modality="NONE" polarity="POS" pos="NOUN" tense="NONE">
      <token_anchor id="229" />
    </EVENT>
    <EVENT aspect="NONE" certainty="" class="ASPECTUAL" comment="" factuality="" id="47" modality="NONE" polarity="POS" pos="VERB" tense="FUTURE">
      <token_anchor id="236" />
    </EVENT>
    <EVENT aspect="NONE" certainty="" class="I_ACTION" comment="" factuality="" id="48" modality="could" polarity="POS" pos="VERB" tense="NONE">
      <token_anchor id="246" />
    </EVENT>
    <EVENT aspect="NONE" certainty="" class="OCCURRENCE" comment="" factuality="" id="49" modality="NONE" polarity="POS" pos="VERB" tense="INFINITIVE">
      <token_anchor id="248" />
    </EVENT>
    <EVENT aspect="NONE" certainty="" class="REPORTING" comment="" factuality="" id="50" modality="NONE" polarity="POS" pos="VERB" tense="PAST">
      <token_anchor id="255" />
    </EVENT>
    <EVENT aspect="NONE" certainty="" class="OCCURRENCE" comment="" factuality="" id="51" modality="NONE" polarity="POS" pos="NOUN" tense="NONE">
      <token_anchor id="260" />
    </EVENT>
    <TIMEX3 anchorTimeID="0" beginPoint="" comment="" endPoint="" freq="" functionInDocument="NONE" id="52" quant="" type="DATE" value="1989-Q3">
      <token_anchor id="262" />
      <token_anchor id="263" />
      <token_anchor id="264" />
    </TIMEX3>
    <C-SIGNAL id="53">
      <token_anchor id="265" />
    </C-SIGNAL>
    <EVENT aspect="NONE" certainty="" class="OCCURRENCE" comment="" factuality="" id="54" modality="NONE" polarity="POS" pos="VERB" tense="PAST">
      <token_anchor id="267" />
    </EVENT>
    <EVENT aspect="NONE" certainty="" class="ASPECTUAL" comment="" factuality="" id="55" modality="NONE" polarity="POS" pos="VERB" tense="INFINITIVE">
      <token_anchor id="270" />
    </EVENT>
    <EVENT aspect="NONE" certainty="" class="OCCURRENCE" comment="" factuality="" id="56" modality="NONE" polarity="POS" pos="VERB" tense="PRESENT">
      <token_anchor id="276" />
    </EVENT>
    <EVENT aspect="NONE" certainty="" class="OCCURRENCE" comment="" factuality="" id="57" modality="NONE" polarity="POS" pos="NOUN" tense="NONE">
      <token_anchor id="279" />
    </EVENT>
    <EVENT aspect="NONE" certainty="" class="I_STATE" comment="" factuality="" id="58" modality="NONE" polarity="POS" pos="VERB" tense="PRESENT">
      <token_anchor id="284" />
    </EVENT>
    <EVENT aspect="NONE" certainty="" class="OCCURRENCE" comment="" factuality="" id="59" modality="NONE" polarity="POS" pos="NOUN" tense="NONE">
      <token_anchor id="288" />
    </EVENT>
    <EVENT aspect="NONE" certainty="" class="OCCURRENCE" comment="" factuality="" id="60" modality="NONE" polarity="POS" pos="VERB" tense="PAST">
      <token_anchor id="294" />
    </EVENT>
    <EVENT aspect="NONE" certainty="" class="OCCURRENCE" comment="" factuality="" id="61" modality="NONE" polarity="POS" pos="VERB" tense="INFINITIVE">
      <token_anchor id="296" />
    </EVENT>
    <EVENT aspect="NONE" certainty="" class="I_ACTION" comment="" factuality="" id="62" modality="NONE" polarity="POS" pos="VERB" tense="PRESENT">
      <token_anchor id="309" />
    </EVENT>
    <EVENT aspect="NONE" certainty="" class="OCCURRENCE" comment="" factuality="" id="63" modality="NONE" polarity="POS" pos="VERB" tense="PAST">
      <token_anchor id="311" />
    </EVENT>
    <C-SIGNAL id="64">
      <token_anchor id="314" />
    </C-SIGNAL>
    <EVENT aspect="NONE" certainty="" class="OCCURRENCE" comment="" factuality="" id="65" modality="NONE" polarity="POS" pos="VERB" tense="PRESENT">
      <token_anchor id="315" />
    </EVENT>
    <EVENT aspect="NONE" certainty="" class="I_STATE" comment="" factuality="" id="66" modality="NONE" polarity="POS" pos="VERB" tense="PRESENT">
      <token_anchor id="334" />
    </EVENT>
    <EVENT aspect="NONE" certainty="" class="OCCURRENCE" comment="" factuality="" id="67" modality="NONE" polarity="POS" pos="VERB" tense="INFINITIVE">
      <token_anchor id="336" />
    </EVENT>
    <EVENT aspect="NONE" certainty="" class="OCCURRENCE" comment="" factuality="" id="68" modality="NONE" polarity="POS" pos="VERB" tense="INFINITIVE">
      <token_anchor id="344" />
    </EVENT>
    <EVENT aspect="NONE" certainty="" class="REPORTING" comment="" factuality="" id="69" modality="NONE" polarity="POS" pos="VERB" tense="PAST">
      <token_anchor id="354" />
    </EVENT>
    <EVENT aspect="NONE" certainty="" class="OCCURRENCE" comment="" factuality="" id="70" modality="NONE" polarity="POS" pos="VERB" tense="PAST">
      <token_anchor id="356" />
    </EVENT>
    <EVENT aspect="NONE" certainty="" class="OCCURRENCE" comment="" factuality="" id="71" modality="NONE" polarity="POS" pos="VERB" tense="INFINITIVE">
      <token_anchor id="361" />
    </EVENT>
    <EVENT aspect="NONE" certainty="" class="I_ACTION" comment="" factuality="" id="72" modality="NONE" polarity="POS" pos="VERB" tense="PAST">
      <token_anchor id="367" />
    </EVENT>
    <EVENT aspect="NONE" certainty="" class="OCCURRENCE" comment="" factuality="" id="73" modality="NONE" polarity="POS" pos="VERB" tense="INFINITIVE">
      <token_anchor id="369" />
    </EVENT>
    <EVENT aspect="NONE" certainty="" class="REPORTING" comment="" factuality="" id="74" modality="NONE" polarity="POS" pos="VERB" tense="PAST">
      <token_anchor id="387" />
    </EVENT>
    <EVENT aspect="NONE" certainty="" class="REPORTING" comment="" factuality="" id="75" modality="NONE" polarity="NEG" pos="VERB" tense="PRESENT">
      <token_anchor id="392" />
    </EVENT>
    <EVENT aspect="PROGRESSIVE" certainty="" class="I_ACTION" comment="" factuality="" id="76" modality="NONE" polarity="POS" pos="VERB" tense="PRESENT">
      <token_anchor id="395" />
    </EVENT>
    <EVENT aspect="NONE" certainty="" class="OCCURRENCE" comment="" factuality="" id="77" modality="NONE" polarity="POS" pos="NOUN" tense="NONE">
      <token_anchor id="400" />
    </EVENT>
    <EVENT aspect="NONE" certainty="" class="ASPECTUAL" comment="" factuality="" id="78" modality="NONE" polarity="POS" pos="VERB" tense="PAST">
      <token_anchor id="403" />
    </EVENT>
    <EVENT aspect="NONE" certainty="" class="OCCURRENCE" comment="" factuality="" id="79" modality="NONE" polarity="POS" pos="NOUN" tense="NONE">
      <token_anchor id="404" />
    </EVENT>
    <EVENT aspect="NONE" certainty="" class="REPORTING" comment="" factuality="" id="80" modality="NONE" polarity="POS" pos="VERB" tense="PRESPART">
      <token_anchor id="413" />
    </EVENT>
    <EVENT aspect="PERFECTIVE_PROGRESSIVE" certainty="" class="OCCURRENCE" comment="" factuality="" id="81" modality="NONE" polarity="POS" pos="VERB" tense="PRESENT">
      <token_anchor id="425" />
    </EVENT>
    <EVENT aspect="NONE" certainty="" class="I_ACTION" comment="" factuality="" id="82" modality="could" polarity="POS" pos="VERB" tense="NONE">
      <token_anchor id="431" />
    </EVENT>
    <EVENT aspect="NONE" certainty="" class="OCCURRENCE" comment="" factuality="" id="83" modality="NONE" polarity="POS" pos="NOUN" tense="NONE">
      <token_anchor id="442" />
    </EVENT>
    <EVENT aspect="NONE" certainty="" class="OCCURRENCE" comment="" factuality="" id="84" modality="NONE" polarity="POS" pos="NOUN" tense="NONE">
      <token_anchor id="452" />
    </EVENT>
    <EVENT aspect="NONE" certainty="" class="OCCURRENCE" comment="" factuality="" id="85" modality="NONE" polarity="POS" pos="VERB" tense="PAST">
      <token_anchor id="456" />
    </EVENT>
    <EVENT aspect="NONE" certainty="" class="I_ACTION" comment="" factuality="" id="86" modality="NONE" polarity="POS" pos="NOUN" tense="NONE">
      <token_anchor id="459" />
    </EVENT>
    <EVENT aspect="NONE" certainty="" class="REPORTING" comment="" factuality="" id="87" modality="NONE" polarity="POS" pos="NOUN" tense="NONE">
      <token_anchor id="461" />
    </EVENT>
    <EVENT aspect="PROGRESSIVE" certainty="" class="I_ACTION" comment="" factuality="" id="88" modality="NONE" polarity="POS" pos="VERB" tense="PRESENT">
      <token_anchor id="466" />
    </EVENT>
    <EVENT aspect="NONE" certainty="" class="OCCURRENCE" comment="" factuality="" id="89" modality="NONE" polarity="POS" pos="VERB" tense="INFINITIVE">
      <token_anchor id="468" />
    </EVENT>
    <EVENT aspect="PROGRESSIVE" certainty="" class="OCCURRENCE" comment="" factuality="" id="90" modality="NONE" polarity="POS" pos="VERB" tense="PRESENT">
      <token_anchor id="482" />
    </EVENT>
    <EVENT aspect="NONE" certainty="" class="OCCURRENCE" comment="" factuality="" id="91" modality="NONE" polarity="POS" pos="NOUN" tense="NONE">
      <token_anchor id="502" />
    </EVENT>
  </Markables>
  <Relations>
    <TLINK comment="" id="1" relType="IS_INCLUDED">
      <source id="0" />
      <target id="2" />
    </TLINK>
    <TLINK comment="" id="2" relType="IS_INCLUDED">
      <source id="0" />
      <target id="3" />
    </TLINK>
    <TLINK comment="" id="3" relType="AFTER">
      <source id="0" />
      <target id="9" />
    </TLINK>
    <TLINK comment="" id="4" relType="AFTER">
      <source id="0" />
      <target id="10" />
    </TLINK>
    <TLINK comment="" id="5" relType="AFTER">
      <source id="0" />
      <target id="11" />
    </TLINK>
    <TLINK comment="" id="6" relType="IS_INCLUDED">
      <source id="0" />
      <target id="12" />
    </TLINK>
    <TLINK comment="" id="7" relType="AFTER">
      <source id="0" />
      <target id="82" />
    </TLINK>
    <TLINK comment="" id="8" relType="IDENTITY">
      <source id="1" />
      <target id="11" />
    </TLINK>
    <TLINK comment="" id="9" relType="ENDED_BY">
      <source id="2" />
      <target id="1" />
    </TLINK>
    <TLINK comment="" id="10" relType="SIMULTANEOUS">
      <source id="2" />
      <target id="3" />
    </TLINK>
    <TLINK comment="" id="11" relType="IDENTITY">
      <source id="5" />
      <target id="1" />
    </TLINK>
    <TLINK comment="" id="12" relType="BEGINS">
      <source id="5" />
      <target id="6" />
    </TLINK>
    <TLINK comment="" id="13" relType="BEFORE">
      <source id="8" />
      <target id="9" />
    </TLINK>
    <TLINK comment="" id="14" relType="AFTER">
      <source id="9" />
      <target id="7" />
    </TLINK>
    <TLINK comment="" id="15" relType="ENDS">
      <source id="10" />
      <target id="11" />
    </TLINK>
    <TLINK comment="" id="16" relType="INCLUDES">
      <source id="14" />
      <target id="13" />
    </TLINK>
    <TLINK comment="" id="17" relType="IS_INCLUDED">
      <source id="15" />
      <target id="14" />
    </TLINK>
    <TLINK comment="" id="18" relType="INCLUDES">
      <source id="16" />
      <target id="0" />
    </TLINK>
    <TLINK comment="" id="19" relType="IDENTITY">
      <source id="19" />
      <target id="16" />
    </TLINK>
    <TLINK comment="" id="20" relType="IS_INCLUDED">
      <source id="20" />
      <target id="0" />
    </TLINK>
    <TLINK comment="" id="21" relType="SIMULTANEOUS">
      <source id="21" />
      <target id="22" />
    </TLINK>
    <TLINK comment="" id="22" relType="BEFORE">
      <source id="22" />
      <target id="0" />
    </TLINK>
    <TLINK comment="" id="23" relType="INCLUDES">
      <source id="23" />
      <target id="0" />
    </TLINK>
    <TLINK comment="" id="24" relType="IS_INCLUDED">
      <source id="25" />
      <target id="26" />
    </TLINK>
    <CLINK c-signalID="24" comment="" id="25">
      <source id="25" />
      <target id="23" />
    </CLINK>
    <TLINK comment="" id="26" relType="SIMULTANEOUS">
      <source id="26" />
      <target id="0" />
    </TLINK>
    <TLINK comment="" id="27" relType="SIMULTANEOUS">
      <source id="27" />
      <target id="26" />
    </TLINK>
    <TLINK comment="" id="28" relType="SIMULTANEOUS">
      <source id="29" />
      <target id="30" />
    </TLINK>
    <TLINK comment="" id="29" relType="INCLUDES">
      <source id="30" />
      <target id="22" />
    </TLINK>
    <TLINK comment="" id="30" relType="IS_INCLUDED">
      <source id="31" />
      <target id="0" />
    </TLINK>
    <TLINK comment="" id="31" relType="INCLUDES">
      <source id="32" />
      <target id="0" />
    </TLINK>
    <TLINK comment="" id="32" relType="AFTER">
      <source id="33" />
      <target id="0" />
    </TLINK>
    <TLINK comment="" id="33" relType="IDENTITY">
      <source id="33" />
      <target id="34" />
    </TLINK>
    <TLINK comment="" id="34" relType="AFTER">
      <source id="35" />
      <target id="0" />
    </TLINK>
    <TLINK comment="" id="35" relType="IS_INCLUDED">
      <source id="35" />
      <target id="36" />
    </TLINK>
    <TLINK comment="" id="36" relType="IS_INCLUDED">
      <source id="37" />
      <target id="0" />
    </TLINK>
    <TLINK comment="" id="37" relType="AFTER">
      <source id="39" />
      <target id="0" />
    </TLINK>
    <TLINK comment="" id="38" relType="DURING">
      <source id="40" />
      <target id="41" />
    </TLINK>
    <TLINK comment="" id="39" relType="BEFORE">
      <source id="42" />
      <target id="0" />
    </TLINK>
    <TLINK comment="" id="40" relType="INCLUDES">
      <source id="42" />
      <target id="45" />
    </TLINK>
    <TLINK comment="" id="41" relType="BEFORE">
      <source id="50" />
      <target id="0" />
    </TLINK>
    <TLINK comment="" id="42" relType="SIMULTANEOUS">
      <source id="50" />
      <target id="54" />
    </TLINK>
    <TLINK comment="" id="43" relType="IAFTER">
      <source id="51" />
      <target id="52" />
    </TLINK>
    <CLINK c-signalID="53" comment="" id="44">
      <source id="54" />
      <target id="50" />
    </CLINK>
    <TLINK comment="" id="45" relType="BEFORE">
      <source id="56" />
      <target id="57" />
    </TLINK>
    <TLINK comment="" id="46" relType="AFTER">
      <source id="57" />
      <target id="0" />
    </TLINK>
    <TLINK comment="" id="47" relType="INCLUDES">
      <source id="58" />
      <target id="0" />
    </TLINK>
    <TLINK comment="" id="48" relType="IDENTITY">
      <source id="59" />
      <target id="57" />
    </TLINK>
    <TLINK comment="" id="49" relType="BEFORE">
      <source id="60" />
      <target id="0" />
    </TLINK>
    <CLINK c-signalID="64" comment="" id="50">
      <source id="62" />
      <target id="65" />
    </CLINK>
    <TLINK comment="" id="51" relType="INCLUDES">
      <source id="66" />
      <target id="0" />
    </TLINK>
    <TLINK comment="" id="52" relType="BEFORE">
      <source id="69" />
      <target id="0" />
    </TLINK>
    <TLINK comment="" id="53" relType="BEFORE">
      <source id="72" />
      <target id="0" />
    </TLINK>
    <TLINK comment="" id="54" relType="SIMULTANEOUS">
      <source id="74" />
      <target id="72" />
    </TLINK>
    <TLINK comment="" id="55" relType="BEFORE">
      <source id="78" />
      <target id="0" />
    </TLINK>
    <TLINK comment="" id="56" relType="SIMULTANEOUS">
      <source id="78" />
      <target id="80" />
    </TLINK>
    <TLINK comment="" id="57" relType="IS_INCLUDED">
      <source id="79" />
      <target id="36" />
    </TLINK>
    <TLINK comment="" id="58" relType="BEFORE">
      <source id="81" />
      <target id="78" />
    </TLINK>
    <TLINK comment="" id="59" relType="BEFORE">
      <source id="85" />
      <target id="0" />
    </TLINK>
    <TLINK comment="" id="60" relType="AFTER">
      <source id="85" />
      <target id="87" />
    </TLINK>
    <TLINK comment="" id="61" relType="SIMULTANEOUS">
      <source id="86" />
      <target id="85" />
    </TLINK>
    <TLINK comment="" id="62" relType="INCLUDES">
      <source id="90" />
      <target id="0" />
    </TLINK>
    <TLINK comment="" id="63" relType="IS_INCLUDED">
      <source id="90" />
      <target id="91" />
    </TLINK>
  </Relations>
  <token id="1" number="0" sentence="0">PROGRAM</token>
  <token id="2" number="1" sentence="0">TRADING</token>
  <token id="3" number="2" sentence="0">is</token>
  <token id="4" number="3" sentence="0">being</token>
  <token id="5" number="4" sentence="0">curbed</token>
  <token id="6" number="5" sentence="0">by</token>
  <token id="7" number="6" sentence="0">more</token>
  <token id="8" number="7" sentence="0">securities</token>
  <token id="9" number="8" sentence="0">firms</token>
  <token id="10" number="9" sentence="0">,</token>
  <token id="11" number="10" sentence="0">but</token>
  <token id="12" number="11" sentence="0">big</token>
  <token id="13" number="12" sentence="0">institutional</token>
  <token id="14" number="13" sentence="0">investors</token>
  <token id="15" number="14" sentence="0">are</token>
  <token id="16" number="15" sentence="0">expected</token>
  <token id="17" number="16" sentence="0">to</token>
  <token id="18" number="17" sentence="0">continue</token>
  <token id="19" number="18" sentence="0">the</token>
  <token id="20" number="19" sentence="0">practice</token>
  <token id="21" number="20" sentence="0">,</token>
  <token id="22" number="21" sentence="0">further</token>
  <token id="23" number="22" sentence="0">roiling</token>
  <token id="24" number="23" sentence="0">the</token>
  <token id="25" number="24" sentence="0">stock</token>
  <token id="26" number="25" sentence="0">market</token>
  <token id="27" number="26" sentence="0">.</token>
  <token id="28" number="27" sentence="1">Bowing</token>
  <token id="29" number="28" sentence="1">to</token>
  <token id="30" number="29" sentence="1">criticism</token>
  <token id="31" number="30" sentence="1">,</token>
  <token id="32" number="31" sentence="1">Bear</token>
  <token id="33" number="32" sentence="1">Stearns</token>
  <token id="34" number="33" sentence="1">,</token>
  <token id="35" number="34" sentence="1">Morgan</token>
  <token id="36" number="35" sentence="1">Stanley</token>
  <token id="37" number="36" sentence="1">and</token>
  <token id="38" number="37" sentence="1">Oppenheimer</token>
  <token id="39" number="38" sentence="1">joined</token>
  <token id="40" number="39" sentence="1">PaineWebber</token>
  <token id="41" number="40" sentence="1">in</token>
  <token id="42" number="41" sentence="1">suspending</token>
  <token id="43" number="42" sentence="1">stock-index</token>
  <token id="44" number="43" sentence="1">arbitrage</token>
  <token id="45" number="44" sentence="1">trading</token>
  <token id="46" number="45" sentence="1">for</token>
  <token id="47" number="46" sentence="1">their</token>
  <token id="48" number="47" sentence="1">own</token>
  <token id="49" number="48" sentence="1">accounts</token>
  <token id="50" number="49" sentence="1">.</token>
  <token id="51" number="50" sentence="2">Still</token>
  <token id="52" number="51" sentence="2">,</token>
  <token id="53" number="52" sentence="2">stock-index</token>
  <token id="54" number="53" sentence="2">funds</token>
  <token id="55" number="54" sentence="2">are</token>
  <token id="56" number="55" sentence="2">expected</token>
  <token id="57" number="56" sentence="2">to</token>
  <token id="58" number="57" sentence="2">continue</token>
  <token id="59" number="58" sentence="2">launching</token>
  <token id="60" number="59" sentence="2">big</token>
  <token id="61" number="60" sentence="2">programs</token>
  <token id="62" number="61" sentence="2">through</token>
  <token id="63" number="62" sentence="2">the</token>
  <token id="64" number="63" sentence="2">market</token>
  <token id="65" number="64" sentence="2">.</token>
  <token id="66" number="65" sentence="3">Several</token>
  <token id="67" number="66" sentence="3">Big</token>
  <token id="68" number="67" sentence="3">Board</token>
  <token id="69" number="68" sentence="3">firms</token>
  <token id="70" number="69" sentence="3">are</token>
  <token id="71" number="70" sentence="3">organizing</token>
  <token id="72" number="71" sentence="3">to</token>
  <token id="73" number="72" sentence="3">complain</token>
  <token id="74" number="73" sentence="3">about</token>
  <token id="75" number="74" sentence="3">program</token>
  <token id="76" number="75" sentence="3">trading</token>
  <token id="77" number="76" sentence="3">and</token>
  <token id="78" number="77" sentence="3">the</token>
  <token id="79" number="78" sentence="3">exchange</token>
  <token id="80" number="79" sentence="3">'s</token>
  <token id="81" number="80" sentence="3">role</token>
  <token id="82" number="81" sentence="3">in</token>
  <token id="83" number="82" sentence="3">it</token>
  <token id="84" number="83" sentence="3">.</token>
  <token id="85" number="84" sentence="4">The</token>
  <token id="86" number="85" sentence="4">effort</token>
  <token id="87" number="86" sentence="4">is</token>
  <token id="88" number="87" sentence="4">being</token>
  <token id="89" number="88" sentence="4">led</token>
  <token id="90" number="89" sentence="4">by</token>
  <token id="91" number="90" sentence="4">Contel</token>
  <token id="92" number="91" sentence="4">.</token>
  <token id="93" number="92" sentence="5">Personal</token>
  <token id="94" number="93" sentence="5">spending</token>
  <token id="95" number="94" sentence="5">rose</token>
  <token id="96" number="95" sentence="5">0.2</token>
  <token id="97" number="96" sentence="5">%</token>
  <token id="98" number="97" sentence="5">in</token>
  <token id="99" number="98" sentence="5">September</token>
  <token id="100" number="99" sentence="5">,</token>
  <token id="101" number="100" sentence="5">the</token>
  <token id="102" number="101" sentence="5">smallest</token>
  <token id="103" number="102" sentence="5">gain</token>
  <token id="104" number="103" sentence="5">in</token>
  <token id="105" number="104" sentence="5">a</token>
  <token id="106" number="105" sentence="5">year</token>
  <token id="107" number="106" sentence="5">.</token>
  <token id="108" number="107" sentence="6">The</token>
  <token id="109" number="108" sentence="6">slowdown</token>
  <token id="110" number="109" sentence="6">raises</token>
  <token id="111" number="110" sentence="6">questions</token>
  <token id="112" number="111" sentence="6">about</token>
  <token id="113" number="112" sentence="6">the</token>
  <token id="114" number="113" sentence="6">economy</token>
  <token id="115" number="114" sentence="6">'s</token>
  <token id="116" number="115" sentence="6">strength</token>
  <token id="117" number="116" sentence="6">because</token>
  <token id="118" number="117" sentence="6">spending</token>
  <token id="119" number="118" sentence="6">fueled</token>
  <token id="120" number="119" sentence="6">much</token>
  <token id="121" number="120" sentence="6">of</token>
  <token id="122" number="121" sentence="6">the</token>
  <token id="123" number="122" sentence="6">third-quarter</token>
  <token id="124" number="123" sentence="6">GNP</token>
  <token id="125" number="124" sentence="6">growth</token>
  <token id="126" number="125" sentence="6">.</token>
  <token id="127" number="126" sentence="7">Meanwhile</token>
  <token id="128" number="127" sentence="7">,</token>
  <token id="129" number="128" sentence="7">personal</token>
  <token id="130" number="129" sentence="7">income</token>
  <token id="131" number="130" sentence="7">edged</token>
  <token id="132" number="131" sentence="7">up</token>
  <token id="133" number="132" sentence="7">0.3</token>
  <token id="134" number="133" sentence="7">%</token>
  <token id="135" number="134" sentence="7">.</token>
  <token id="136" number="135" sentence="8">Factory</token>
  <token id="137" number="136" sentence="8">owners</token>
  <token id="138" number="137" sentence="8">are</token>
  <token id="139" number="138" sentence="8">buying</token>
  <token id="140" number="139" sentence="8">new</token>
  <token id="141" number="140" sentence="8">machinery</token>
  <token id="142" number="141" sentence="8">at</token>
  <token id="143" number="142" sentence="8">a</token>
  <token id="144" number="143" sentence="8">healthy</token>
  <token id="145" number="144" sentence="8">rate</token>
  <token id="146" number="145" sentence="8">this</token>
  <token id="147" number="146" sentence="8">fall</token>
  <token id="148" number="147" sentence="8">,</token>
  <token id="149" number="148" sentence="8">machine-tool</token>
  <token id="150" number="149" sentence="8">makers</token>
  <token id="151" number="150" sentence="8">say</token>
  <token id="152" number="151" sentence="8">.</token>
  <token id="153" number="152" sentence="9">But</token>
  <token id="154" number="153" sentence="9">weak</token>
  <token id="155" number="154" sentence="9">car</token>
  <token id="156" number="155" sentence="9">sales</token>
  <token id="157" number="156" sentence="9">raise</token>
  <token id="158" number="157" sentence="9">questions</token>
  <token id="159" number="158" sentence="9">about</token>
  <token id="160" number="159" sentence="9">future</token>
  <token id="161" number="160" sentence="9">demand</token>
  <token id="162" number="161" sentence="9">from</token>
  <token id="163" number="162" sentence="9">the</token>
  <token id="164" number="163" sentence="9">auto</token>
  <token id="165" number="164" sentence="9">sector</token>
  <token id="166" number="165" sentence="9">.</token>
  <token id="167" number="166" sentence="10">Southern</token>
  <token id="168" number="167" sentence="10">'s</token>
  <token id="169" number="168" sentence="10">Gulf</token>
  <token id="170" number="169" sentence="10">Power</token>
  <token id="171" number="170" sentence="10">unit</token>
  <token id="172" number="171" sentence="10">may</token>
  <token id="173" number="172" sentence="10">plead</token>
  <token id="174" number="173" sentence="10">guilty</token>
  <token id="175" number="174" sentence="10">this</token>
  <token id="176" number="175" sentence="10">week</token>
  <token id="177" number="176" sentence="10">to</token>
  <token id="178" number="177" sentence="10">charges</token>
  <token id="179" number="178" sentence="10">it</token>
  <token id="180" number="179" sentence="10">illegally</token>
  <token id="181" number="180" sentence="10">steered</token>
  <token id="182" number="181" sentence="10">company</token>
  <token id="183" number="182" sentence="10">money</token>
  <token id="184" number="183" sentence="10">to</token>
  <token id="185" number="184" sentence="10">politicians</token>
  <token id="186" number="185" sentence="10">through</token>
  <token id="187" number="186" sentence="10">third</token>
  <token id="188" number="187" sentence="10">parties</token>
  <token id="189" number="188" sentence="10">.</token>
  <token id="190" number="189" sentence="11">The</token>
  <token id="191" number="190" sentence="11">tentative</token>
  <token id="192" number="191" sentence="11">pact</token>
  <token id="193" number="192" sentence="11">would</token>
  <token id="194" number="193" sentence="11">resolve</token>
  <token id="195" number="194" sentence="11">part</token>
  <token id="196" number="195" sentence="11">of</token>
  <token id="197" number="196" sentence="11">a</token>
  <token id="198" number="197" sentence="11">broad</token>
  <token id="199" number="198" sentence="11">investigation</token>
  <token id="200" number="199" sentence="11">of</token>
  <token id="201" number="200" sentence="11">the</token>
  <token id="202" number="201" sentence="11">Atlanta-based</token>
  <token id="203" number="202" sentence="11">company</token>
  <token id="204" number="203" sentence="11">in</token>
  <token id="205" number="204" sentence="11">the</token>
  <token id="206" number="205" sentence="11">past</token>
  <token id="207" number="206" sentence="11">year</token>
  <token id="208" number="207" sentence="11">.</token>
  <token id="209" number="208" sentence="12">LIN</token>
  <token id="210" number="209" sentence="12">Broadcasting</token>
  <token id="211" number="210" sentence="12">and</token>
  <token id="212" number="211" sentence="12">BellSouth</token>
  <token id="213" number="212" sentence="12">sweetened</token>
  <token id="214" number="213" sentence="12">their</token>
  <token id="215" number="214" sentence="12">plan</token>
  <token id="216" number="215" sentence="12">to</token>
  <token id="217" number="216" sentence="12">merge</token>
  <token id="218" number="217" sentence="12">cellular</token>
  <token id="219" number="218" sentence="12">phone</token>
  <token id="220" number="219" sentence="12">operations</token>
  <token id="221" number="220" sentence="12">,</token>
  <token id="222" number="221" sentence="12">offering</token>
  <token id="223" number="222" sentence="12">LIN</token>
  <token id="224" number="223" sentence="12">holders</token>
  <token id="225" number="224" sentence="12">a</token>
  <token id="226" number="225" sentence="12">special</token>
  <token id="227" number="226" sentence="12">$</token>
  <token id="228" number="227" sentence="12">42-a-share</token>
  <token id="229" number="228" sentence="12">payout</token>
  <token id="230" number="229" sentence="12">.</token>
  <token id="231" number="230" sentence="13">But</token>
  <token id="232" number="231" sentence="13">the</token>
  <token id="233" number="232" sentence="13">new</token>
  <token id="234" number="233" sentence="13">pact</token>
  <token id="235" number="234" sentence="13">will</token>
  <token id="236" number="235" sentence="13">force</token>
  <token id="237" number="236" sentence="13">huge</token>
  <token id="238" number="237" sentence="13">debt</token>
  <token id="239" number="238" sentence="13">on</token>
  <token id="240" number="239" sentence="13">the</token>
  <token id="241" number="240" sentence="13">new</token>
  <token id="242" number="241" sentence="13">firm</token>
  <token id="243" number="242" sentence="13">and</token>
  <token id="244" number="243" sentence="13">could</token>
  <token id="245" number="244" sentence="13">still</token>
  <token id="246" number="245" sentence="13">fail</token>
  <token id="247" number="246" sentence="13">to</token>
  <token id="248" number="247" sentence="13">thwart</token>
  <token id="249" number="248" sentence="13">rival</token>
  <token id="250" number="249" sentence="13">suitor</token>
  <token id="251" number="250" sentence="13">McCaw</token>
  <token id="252" number="251" sentence="13">Cellular</token>
  <token id="253" number="252" sentence="13">.</token>
  <token id="254" number="253" sentence="14">Unisys</token>
  <token id="255" number="254" sentence="14">posted</token>
  <token id="256" number="255" sentence="14">a</token>
  <token id="257" number="256" sentence="14">$</token>
  <token id="258" number="257" sentence="14">648.2</token>
  <token id="259" number="258" sentence="14">million</token>
  <token id="260" number="259" sentence="14">loss</token>
  <token id="261" number="260" sentence="14">for</token>
  <token id="262" number="261" sentence="14">the</token>
  <token id="263" number="262" sentence="14">third</token>
  <token id="264" number="263" sentence="14">quarter</token>
  <token id="265" number="264" sentence="14">as</token>
  <token id="266" number="265" sentence="14">it</token>
  <token id="267" number="266" sentence="14">moved</token>
  <token id="268" number="267" sentence="14">quickly</token>
  <token id="269" number="268" sentence="14">to</token>
  <token id="270" number="269" sentence="14">take</token>
  <token id="271" number="270" sentence="14">write-offs</token>
  <token id="272" number="271" sentence="14">for</token>
  <token id="273" number="272" sentence="14">various</token>
  <token id="274" number="273" sentence="14">problems</token>
  <token id="275" number="274" sentence="14">and</token>
  <token id="276" number="275" sentence="14">prepare</token>
  <token id="277" number="276" sentence="14">for</token>
  <token id="278" number="277" sentence="14">a</token>
  <token id="279" number="278" sentence="14">turnaround</token>
  <token id="280" number="279" sentence="14">.</token>
  <token id="281" number="280" sentence="15">But</token>
  <token id="282" number="281" sentence="15">some</token>
  <token id="283" number="282" sentence="15">analysts</token>
  <token id="284" number="283" sentence="15">wonder</token>
  <token id="285" number="284" sentence="15">how</token>
  <token id="286" number="285" sentence="15">strong</token>
  <token id="287" number="286" sentence="15">the</token>
  <token id="288" number="287" sentence="15">recovery</token>
  <token id="289" number="288" sentence="15">will</token>
  <token id="290" number="289" sentence="15">be</token>
  <token id="291" number="290" sentence="15">.</token>
  <token id="292" number="291" sentence="16">RJR</token>
  <token id="293" number="292" sentence="16">Nabisco</token>
  <token id="294" number="293" sentence="16">agreed</token>
  <token id="295" number="294" sentence="16">to</token>
  <token id="296" number="295" sentence="16">sell</token>
  <token id="297" number="296" sentence="16">three</token>
  <token id="298" number="297" sentence="16">candy</token>
  <token id="299" number="298" sentence="16">businesses</token>
  <token id="300" number="299" sentence="16">to</token>
  <token id="301" number="300" sentence="16">Nestle</token>
  <token id="302" number="301" sentence="16">for</token>
  <token id="303" number="302" sentence="16">$</token>
  <token id="304" number="303" sentence="16">370</token>
  <token id="305" number="304" sentence="16">million</token>
  <token id="306" number="305" sentence="16">.</token>
  <token id="307" number="306" sentence="17">The</token>
  <token id="308" number="307" sentence="17">accord</token>
  <token id="309" number="308" sentence="17">helps</token>
  <token id="310" number="309" sentence="17">RJR</token>
  <token id="311" number="310" sentence="17">pay</token>
  <token id="312" number="311" sentence="17">off</token>
  <token id="313" number="312" sentence="17">debt</token>
  <token id="314" number="313" sentence="17">and</token>
  <token id="315" number="314" sentence="17">boosts</token>
  <token id="316" number="315" sentence="17">Nestle</token>
  <token id="317" number="316" sentence="17">'s</token>
  <token id="318" number="317" sentence="17">7</token>
  <token id="319" number="318" sentence="17">%</token>
  <token id="320" number="319" sentence="17">share</token>
  <token id="321" number="320" sentence="17">of</token>
  <token id="322" number="321" sentence="17">the</token>
  <token id="323" number="322" sentence="17">U.S.</token>
  <token id="324" number="323" sentence="17">candy</token>
  <token id="325" number="324" sentence="17">market</token>
  <token id="326" number="325" sentence="17">to</token>
  <token id="327" number="326" sentence="17">12</token>
  <token id="328" number="327" sentence="17">%</token>
  <token id="329" number="328" sentence="17">.</token>
  <token id="330" number="329" sentence="18">GM</token>
  <token id="331" number="330" sentence="18">and</token>
  <token id="332" number="331" sentence="18">Ford</token>
  <token id="333" number="332" sentence="18">are</token>
  <token id="334" number="333" sentence="18">expected</token>
  <token id="335" number="334" sentence="18">to</token>
  <token id="336" number="335" sentence="18">go</token>
  <token id="337" number="336" sentence="18">head</token>
  <token id="338" number="337" sentence="18">to</token>
  <token id="339" number="338" sentence="18">head</token>
  <token id="340" number="339" sentence="18">in</token>
  <token id="341" number="340" sentence="18">the</token>
  <token id="342" number="341" sentence="18">markets</token>
  <token id="343" number="342" sentence="18">to</token>
  <token id="344" number="343" sentence="18">buy</token>
  <token id="345" number="344" sentence="18">up</token>
  <token id="346" number="345" sentence="18">rival</token>
  <token id="347" number="346" sentence="18">15</token>
  <token id="348" number="347" sentence="18">%</token>
  <token id="349" number="348" sentence="18">stakes</token>
  <token id="350" number="349" sentence="18">in</token>
  <token id="351" number="350" sentence="18">Jaguar</token>
  <token id="352" number="351" sentence="18">.</token>
  <token id="353" number="352" sentence="19">GM</token>
  <token id="354" number="353" sentence="19">confirmed</token>
  <token id="355" number="354" sentence="19">it</token>
  <token id="356" number="355" sentence="19">received</token>
  <token id="357" number="356" sentence="19">U.S.</token>
  <token id="358" number="357" sentence="19">antitrust</token>
  <token id="359" number="358" sentence="19">clearance</token>
  <token id="360" number="359" sentence="19">to</token>
  <token id="361" number="360" sentence="19">boost</token>
  <token id="362" number="361" sentence="19">its</token>
  <token id="363" number="362" sentence="19">holding</token>
  <token id="364" number="363" sentence="19">.</token>
  <token id="365" number="364" sentence="20">Sansui</token>
  <token id="366" number="365" sentence="20">Electric</token>
  <token id="367" number="366" sentence="20">agreed</token>
  <token id="368" number="367" sentence="20">to</token>
  <token id="369" number="368" sentence="20">sell</token>
  <token id="370" number="369" sentence="20">a</token>
  <token id="371" number="370" sentence="20">51</token>
  <token id="372" number="371" sentence="20">%</token>
  <token id="373" number="372" sentence="20">stake</token>
  <token id="374" number="373" sentence="20">to</token>
  <token id="375" number="374" sentence="20">Polly</token>
  <token id="376" number="375" sentence="20">Peck</token>
  <token id="377" number="376" sentence="20">of</token>
  <token id="378" number="377" sentence="20">Britain</token>
  <token id="379" number="378" sentence="20">for</token>
  <token id="380" number="379" sentence="20">$</token>
  <token id="381" number="380" sentence="20">110</token>
  <token id="382" number="381" sentence="20">million</token>
  <token id="383" number="382" sentence="20">.</token>
  <token id="384" number="383" sentence="21">Still</token>
  <token id="385" number="384" sentence="21">,</token>
  <token id="386" number="385" sentence="21">analysts</token>
  <token id="387" number="386" sentence="21">said</token>
  <token id="388" number="387" sentence="21">the</token>
  <token id="389" number="388" sentence="21">accord</token>
  <token id="390" number="389" sentence="21">does</token>
  <token id="391" number="390" sentence="21">n't</token>
  <token id="392" number="391" sentence="21">suggest</token>
  <token id="393" number="392" sentence="21">Japan</token>
  <token id="394" number="393" sentence="21">is</token>
  <token id="395" number="394" sentence="21">opening</token>
  <token id="396" number="395" sentence="21">up</token>
  <token id="397" number="396" sentence="21">to</token>
  <token id="398" number="397" sentence="21">more</token>
  <token id="399" number="398" sentence="21">foreign</token>
  <token id="400" number="399" sentence="21">takeovers</token>
  <token id="401" number="400" sentence="21">.</token>
  <token id="402" number="401" sentence="22">Kellogg</token>
  <token id="403" number="402" sentence="22">suspended</token>
  <token id="404" number="403" sentence="22">work</token>
  <token id="405" number="404" sentence="22">on</token>
  <token id="406" number="405" sentence="22">a</token>
  <token id="407" number="406" sentence="22">$</token>
  <token id="408" number="407" sentence="22">1</token>
  <token id="409" number="408" sentence="22">billion</token>
  <token id="410" number="409" sentence="22">cereal</token>
  <token id="411" number="410" sentence="22">plant</token>
  <token id="412" number="411" sentence="22">,</token>
  <token id="413" number="412" sentence="22">indicating</token>
  <token id="414" number="413" sentence="22">a</token>
  <token id="415" number="414" sentence="22">pessimistic</token>
  <token id="416" number="415" sentence="22">outlook</token>
  <token id="417" number="416" sentence="22">by</token>
  <token id="418" number="417" sentence="22">the</token>
  <token id="419" number="418" sentence="22">cereal</token>
  <token id="420" number="419" sentence="22">maker</token>
  <token id="421" number="420" sentence="22">,</token>
  <token id="422" number="421" sentence="22">which</token>
  <token id="423" number="422" sentence="22">has</token>
  <token id="424" number="423" sentence="22">been</token>
  <token id="425" number="424" sentence="22">losing</token>
  <token id="426" number="425" sentence="22">market</token>
  <token id="427" number="426" sentence="22">share</token>
  <token id="428" number="427" sentence="22">.</token>
  <token id="429" number="428" sentence="23">Insurers</token>
  <token id="430" number="429" sentence="23">could</token>
  <token id="431" number="430" sentence="23">see</token>
  <token id="432" number="431" sentence="23">claims</token>
  <token id="433" number="432" sentence="23">totaling</token>
  <token id="434" number="433" sentence="23">nearly</token>
  <token id="435" number="434" sentence="23">$</token>
  <token id="436" number="435" sentence="23">1</token>
  <token id="437" number="436" sentence="23">billion</token>
  <token id="438" number="437" sentence="23">from</token>
  <token id="439" number="438" sentence="23">the</token>
  <token id="440" number="439" sentence="23">San</token>
  <token id="441" number="440" sentence="23">Francisco</token>
  <token id="442" number="441" sentence="23">earthquake</token>
  <token id="443" number="442" sentence="23">,</token>
  <token id="444" number="443" sentence="23">far</token>
  <token id="445" number="444" sentence="23">less</token>
  <token id="446" number="445" sentence="23">than</token>
  <token id="447" number="446" sentence="23">the</token>
  <token id="448" number="447" sentence="23">$</token>
  <token id="449" number="448" sentence="23">4</token>
  <token id="450" number="449" sentence="23">billion</token>
  <token id="451" number="450" sentence="23">from</token>
  <token id="452" number="451" sentence="23">Hurricane</token>
  <token id="453" number="452" sentence="23">Hugo</token>
  <token id="454" number="453" sentence="23">.</token>
  <token id="455" number="454" sentence="24">Nashua</token>
  <token id="456" number="455" sentence="24">strengthened</token>
  <token id="457" number="456" sentence="24">its</token>
  <token id="458" number="457" sentence="24">poison-pill</token>
  <token id="459" number="458" sentence="24">plan</token>
  <token id="460" number="459" sentence="24">after</token>
  <token id="461" number="460" sentence="24">announcing</token>
  <token id="462" number="461" sentence="24">a</token>
  <token id="463" number="462" sentence="24">Dutch</token>
  <token id="464" number="463" sentence="24">firm</token>
  <token id="465" number="464" sentence="24">is</token>
  <token id="466" number="465" sentence="24">seeking</token>
  <token id="467" number="466" sentence="24">to</token>
  <token id="468" number="467" sentence="24">buy</token>
  <token id="469" number="468" sentence="24">up</token>
  <token id="470" number="469" sentence="24">to</token>
  <token id="471" number="470" sentence="24">25</token>
  <token id="472" number="471" sentence="24">%</token>
  <token id="473" number="472" sentence="24">of</token>
  <token id="474" number="473" sentence="24">the</token>
  <token id="475" number="474" sentence="24">New</token>
  <token id="476" number="475" sentence="24">Hampshire</token>
  <token id="477" number="476" sentence="24">copier</token>
  <token id="478" number="477" sentence="24">company</token>
  <token id="479" number="478" sentence="24">.</token>
  <token id="480" number="479" sentence="25">Mobil</token>
  <token id="481" number="480" sentence="25">is</token>
  <token id="482" number="481" sentence="25">cutting</token>
  <token id="483" number="482" sentence="25">back</token>
  <token id="484" number="483" sentence="25">its</token>
  <token id="485" number="484" sentence="25">U.S.</token>
  <token id="486" number="485" sentence="25">oil</token>
  <token id="487" number="486" sentence="25">and</token>
  <token id="488" number="487" sentence="25">gas</token>
  <token id="489" number="488" sentence="25">exploration</token>
  <token id="490" number="489" sentence="25">and</token>
  <token id="491" number="490" sentence="25">production</token>
  <token id="492" number="491" sentence="25">group</token>
  <token id="493" number="492" sentence="25">by</token>
  <token id="494" number="493" sentence="25">up</token>
  <token id="495" number="494" sentence="25">to</token>
  <token id="496" number="495" sentence="25">15</token>
  <token id="497" number="496" sentence="25">%</token>
  <token id="498" number="497" sentence="25">as</token>
  <token id="499" number="498" sentence="25">part</token>
  <token id="500" number="499" sentence="25">of</token>
  <token id="501" number="500" sentence="25">a</token>
  <token id="502" number="501" sentence="25">restructuring</token>
  <token id="503" number="502" sentence="25">of</token>
  <token id="504" number="503" sentence="25">the</token>
  <token id="505" number="504" sentence="25">business</token>
  <token id="506" number="505" sentence="25">.</token>
  <token id="507" number="506" sentence="26">Markets</token>
  <token id="508" number="507" sentence="26">Stocks</token>
  <token id="509" number="508" sentence="26">:</token>
  <token id="510" number="509" sentence="26">Volume</token>
  <token id="511" number="510" sentence="26">170,330,000</token>
  <token id="512" number="511" sentence="26">shares</token>
  <token id="513" number="512" sentence="26">.</token>
  <token id="514" number="513" sentence="27">Dow</token>
  <token id="515" number="514" sentence="27">Jones</token>
  <token id="516" number="515" sentence="27">industrials</token>
  <token id="517" number="516" sentence="27">2596.72</token>
  <token id="518" number="517" sentence="27">,</token>
  <token id="519" number="518" sentence="27">off</token>
  <token id="520" number="519" sentence="27">17.01</token>
  <token id="521" number="520" sentence="27">;</token>
  <token id="522" number="521" sentence="28">transportation</token>
  <token id="523" number="522" sentence="28">1190.43</token>
  <token id="524" number="523" sentence="28">,</token>
  <token id="525" number="524" sentence="28">off</token>
  <token id="526" number="525" sentence="28">14.76</token>
  <token id="527" number="526" sentence="28">;</token>
  <token id="528" number="527" sentence="29">utilities</token>
  <token id="529" number="528" sentence="29">215.86</token>
  <token id="530" number="529" sentence="29">,</token>
  <token id="531" number="530" sentence="29">up</token>
  <token id="532" number="531" sentence="29">0.19</token>
  <token id="533" number="532" sentence="29">.</token>
  <token id="534" number="533" sentence="30">Bonds</token>
  <token id="535" number="534" sentence="30">:</token>
  <token id="536" number="535" sentence="30">Shearson</token>
  <token id="537" number="536" sentence="30">Lehman</token>
  <token id="538" number="537" sentence="30">Hutton</token>
  <token id="539" number="538" sentence="30">Treasury</token>
  <token id="540" number="539" sentence="30">index</token>
  <token id="541" number="540" sentence="30">3406.31</token>
  <token id="542" number="541" sentence="30">,</token>
  <token id="543" number="542" sentence="30">off</token>
  <token id="544" number="543" sentence="30">19.29</token>
  <token id="545" number="544" sentence="30">.</token>
  <token id="546" number="545" sentence="31">Commodities</token>
  <token id="547" number="546" sentence="31">:</token>
  <token id="548" number="547" sentence="31">Dow</token>
  <token id="549" number="548" sentence="31">Jones</token>
  <token id="550" number="549" sentence="31">futures</token>
  <token id="551" number="550" sentence="31">index</token>
  <token id="552" number="551" sentence="31">129.49</token>
  <token id="553" number="552" sentence="31">,</token>
  <token id="554" number="553" sentence="31">up</token>
  <token id="555" number="554" sentence="31">0.27</token>
  <token id="556" number="555" sentence="31">;</token>
  <token id="557" number="556" sentence="32">spot</token>
  <token id="558" number="557" sentence="32">index</token>
  <token id="559" number="558" sentence="32">130.80</token>
  <token id="560" number="559" sentence="32">,</token>
  <token id="561" number="560" sentence="32">off</token>
  <token id="562" number="561" sentence="32">0.24</token>
  <token id="563" number="562" sentence="32">.</token>
  <token id="564" number="563" sentence="33">Dollar</token>
  <token id="565" number="564" sentence="33">:</token>
  <token id="566" number="565" sentence="33">141.65</token>
  <token id="567" number="566" sentence="33">yen</token>
  <token id="568" number="567" sentence="33">,</token>
  <token id="569" number="568" sentence="33">off</token>
  <token id="570" number="569" sentence="33">0.45</token>
  <token id="571" number="570" sentence="33">;</token>
  <token id="572" number="571" sentence="34">1.8300</token>
  <token id="573" number="572" sentence="34">marks</token>
  <token id="574" number="573" sentence="34">,</token>
  <token id="575" number="574" sentence="34">off</token>
  <token id="576" number="575" sentence="34">0.0100</token>
  <token id="577" number="576" sentence="34">.</token>
</Document>
