<Document doc_name="wsj_0907">
  <Markables>
    <TIMEX3 RELATED_TO="" TAG_DESCRIPTOR="Empty_Mark" beginPoint="" comment="" endPoint="" freq="" functionInDocument="CREATION_TIME" id="0" quant="" type="DATE" value="1989-10-26" />
    <EVENT aspect="NONE" certainty="" class="REPORTING" comment="" factuality="" id="1" modality="NONE" polarity="POS" pos="VERB" tense="PAST">
      <token_anchor id="4" />
    </EVENT>
    <EVENT aspect="NONE" certainty="" class="I_STATE" comment="" factuality="" id="2" modality="NONE" polarity="POS" pos="VERB" tense="PRESENT">
      <token_anchor id="6" />
    </EVENT>
    <EVENT aspect="NONE" certainty="" class="REPORTING" comment="" factuality="" id="3" modality="NONE" polarity="POS" pos="VERB" tense="INFINITIVE">
      <token_anchor id="8" />
    </EVENT>
    <TIMEX3 anchorTimeID="0" beginPoint="" comment="" endPoint="" freq="" functionInDocument="NONE" id="4" quant="" type="DATE" value="1989-Q3">
      <token_anchor id="9" />
    </TIMEX3>
    <EVENT aspect="NONE" certainty="" class="OCCURRENCE" comment="" factuality="" id="5" modality="NONE" polarity="POS" pos="VERB" tense="PAST">
      <token_anchor id="12" />
    </EVENT>
    <TIMEX3 anchorTimeID="4" beginPoint="" comment="" endPoint="" freq="" functionInDocument="NONE" id="6" quant="" type="DATE" value="1988-Q3">
      <token_anchor id="27" />
      <token_anchor id="28" />
      <token_anchor id="29" />
    </TIMEX3>
    <EVENT aspect="NONE" certainty="" class="STATE" comment="" factuality="" id="7" modality="NONE" polarity="POS" pos="VERB" tense="PAST">
      <token_anchor id="36" />
    </EVENT>
    <EVENT aspect="NONE" certainty="" class="STATE" comment="" factuality="" id="8" modality="NONE" polarity="POS" pos="NOUN" tense="NONE">
      <token_anchor id="37" />
    </EVENT>
    <EVENT aspect="NONE" certainty="" class="OCCURRENCE" comment="" factuality="" id="9" modality="NONE" polarity="POS" pos="NOUN" tense="NONE">
      <token_anchor id="62" />
    </EVENT>
    <EVENT aspect="NONE" certainty="" class="REPORTING" comment="" factuality="" id="10" modality="NONE" polarity="POS" pos="VERB" tense="PAST">
      <token_anchor id="74" />
    </EVENT>
    <EVENT aspect="NONE" certainty="" class="I_STATE" comment="" factuality="" id="11" modality="NONE" polarity="POS" pos="VERB" tense="PRESENT">
      <token_anchor id="76" />
    </EVENT>
    <TIMEX3 anchorTimeID="0" beginPoint="" comment="" endPoint="" freq="" functionInDocument="NONE" id="12" quant="" type="DATE" value="1989-Q3">
      <token_anchor id="79" />
      <token_anchor id="80" />
      <token_anchor id="81" />
    </TIMEX3>
    <EVENT aspect="NONE" certainty="" class="OCCURRENCE" comment="" factuality="" id="13" modality="NONE" polarity="POS" pos="VERB" tense="INFINITIVE">
      <token_anchor id="83" />
    </EVENT>
    <TIMEX3 beginPoint="" comment="" endPoint="" freq="" functionInDocument="NONE" id="14" quant="" type="DATE" value="1989-06">
      <token_anchor id="99" />
      <token_anchor id="100" />
    </TIMEX3>
    <EVENT aspect="NONE" certainty="" class="I_ACTION" comment="" factuality="" id="15" modality="NONE" polarity="POS" pos="VERB" tense="PAST">
      <token_anchor id="104" />
    </EVENT>
    <EVENT aspect="NONE" certainty="" class="OCCURRENCE" comment="" factuality="" id="16" modality="NONE" polarity="POS" pos="NOUN" tense="NONE">
      <token_anchor id="107" />
    </EVENT>
    <EVENT aspect="NONE" certainty="" class="OCCURRENCE" comment="" factuality="" id="17" modality="NONE" polarity="POS" pos="NOUN" tense="NONE">
      <token_anchor id="109" />
    </EVENT>
    <EVENT aspect="NONE" certainty="" class="ASPECTUAL" comment="" factuality="" id="18" modality="NONE" polarity="POS" pos="VERB" tense="INFINITIVE">
      <token_anchor id="122" />
    </EVENT>
  </Markables>
  <Relations>
    <TLINK comment="" id="1" relType="BEFORE">
      <source id="1" />
      <target id="0" />
    </TLINK>
    <TLINK comment="" id="2" relType="DURING">
      <source id="5" />
      <target id="4" />
    </TLINK>
    <TLINK comment="" id="3" relType="IS_INCLUDED">
      <source id="7" />
      <target id="6" />
    </TLINK>
    <TLINK comment="" id="4" relType="IDENTITY">
      <source id="7" />
      <target id="8" />
    </TLINK>
    <TLINK comment="" id="5" relType="BEFORE">
      <source id="9" />
      <target id="0" />
    </TLINK>
    <TLINK comment="" id="6" relType="INCLUDES">
      <source id="9" />
      <target id="10" />
    </TLINK>
    <TLINK comment="" id="7" relType="ENDS">
      <source id="13" />
      <target id="12" />
    </TLINK>
    <TLINK comment="" id="8" relType="IS_INCLUDED">
      <source id="15" />
      <target id="9" />
    </TLINK>
    <TLINK comment="" id="9" relType="AFTER">
      <source id="16" />
      <target id="17" />
    </TLINK>
  </Relations>
  <token id="1" number="0" sentence="0">Chandler</token>
  <token id="2" number="1" sentence="0">Insurance</token>
  <token id="3" number="2" sentence="0">Co.</token>
  <token id="4" number="3" sentence="0">said</token>
  <token id="5" number="4" sentence="0">it</token>
  <token id="6" number="5" sentence="0">expects</token>
  <token id="7" number="6" sentence="0">to</token>
  <token id="8" number="7" sentence="0">report</token>
  <token id="9" number="8" sentence="0">third-quarter</token>
  <token id="10" number="9" sentence="0">net</token>
  <token id="11" number="10" sentence="0">income</token>
  <token id="12" number="11" sentence="0">jumped</token>
  <token id="13" number="12" sentence="0">97</token>
  <token id="14" number="13" sentence="0">%</token>
  <token id="15" number="14" sentence="0">to</token>
  <token id="16" number="15" sentence="0">$</token>
  <token id="17" number="16" sentence="0">2.8</token>
  <token id="18" number="17" sentence="0">million</token>
  <token id="19" number="18" sentence="0">,</token>
  <token id="20" number="19" sentence="0">or</token>
  <token id="21" number="20" sentence="0">51</token>
  <token id="22" number="21" sentence="0">cents</token>
  <token id="23" number="22" sentence="0">a</token>
  <token id="24" number="23" sentence="0">share</token>
  <token id="25" number="24" sentence="0">.</token>
  <token id="26" number="25" sentence="1">In</token>
  <token id="27" number="26" sentence="1">the</token>
  <token id="28" number="27" sentence="1">year-earlier</token>
  <token id="29" number="28" sentence="1">quarter</token>
  <token id="30" number="29" sentence="1">,</token>
  <token id="31" number="30" sentence="1">the</token>
  <token id="32" number="31" sentence="1">automobile</token>
  <token id="33" number="32" sentence="1">and</token>
  <token id="34" number="33" sentence="1">trucking</token>
  <token id="35" number="34" sentence="1">insurer</token>
  <token id="36" number="35" sentence="1">had</token>
  <token id="37" number="36" sentence="1">earnings</token>
  <token id="38" number="37" sentence="1">of</token>
  <token id="39" number="38" sentence="1">$</token>
  <token id="40" number="39" sentence="1">1.4</token>
  <token id="41" number="40" sentence="1">million</token>
  <token id="42" number="41" sentence="1">,</token>
  <token id="43" number="42" sentence="1">or</token>
  <token id="44" number="43" sentence="1">48</token>
  <token id="45" number="44" sentence="1">cents</token>
  <token id="46" number="45" sentence="1">a</token>
  <token id="47" number="46" sentence="1">share</token>
  <token id="48" number="47" sentence="1">on</token>
  <token id="49" number="48" sentence="1">a</token>
  <token id="50" number="49" sentence="1">restated</token>
  <token id="51" number="50" sentence="1">basis</token>
  <token id="52" number="51" sentence="1">,</token>
  <token id="53" number="52" sentence="1">on</token>
  <token id="54" number="53" sentence="1">revenue</token>
  <token id="55" number="54" sentence="1">of</token>
  <token id="56" number="55" sentence="1">$</token>
  <token id="57" number="56" sentence="1">16.5</token>
  <token id="58" number="57" sentence="1">million</token>
  <token id="59" number="58" sentence="1">.</token>
  <token id="60" number="59" sentence="2">In</token>
  <token id="61" number="60" sentence="2">an</token>
  <token id="62" number="61" sentence="2">interview</token>
  <token id="63" number="62" sentence="2">,</token>
  <token id="64" number="63" sentence="2">W.</token>
  <token id="65" number="64" sentence="2">Brent</token>
  <token id="66" number="65" sentence="2">LeGere</token>
  <token id="67" number="66" sentence="2">,</token>
  <token id="68" number="67" sentence="2">chairman</token>
  <token id="69" number="68" sentence="2">and</token>
  <token id="70" number="69" sentence="2">chief</token>
  <token id="71" number="70" sentence="2">executive</token>
  <token id="72" number="71" sentence="2">officer</token>
  <token id="73" number="72" sentence="2">,</token>
  <token id="74" number="73" sentence="2">said</token>
  <token id="75" number="74" sentence="2">he</token>
  <token id="76" number="75" sentence="2">expects</token>
  <token id="77" number="76" sentence="2">revenue</token>
  <token id="78" number="77" sentence="2">in</token>
  <token id="79" number="78" sentence="2">the</token>
  <token id="80" number="79" sentence="2">latest</token>
  <token id="81" number="80" sentence="2">quarter</token>
  <token id="82" number="81" sentence="2">to</token>
  <token id="83" number="82" sentence="2">total</token>
  <token id="84" number="83" sentence="2">about</token>
  <token id="85" number="84" sentence="2">$</token>
  <token id="86" number="85" sentence="2">28</token>
  <token id="87" number="86" sentence="2">million</token>
  <token id="88" number="87" sentence="2">.</token>
  <token id="89" number="88" sentence="3">The</token>
  <token id="90" number="89" sentence="3">earnings-per-share</token>
  <token id="91" number="90" sentence="3">figures</token>
  <token id="92" number="91" sentence="3">reflect</token>
  <token id="93" number="92" sentence="3">a</token>
  <token id="94" number="93" sentence="3">25</token>
  <token id="95" number="94" sentence="3">%</token>
  <token id="96" number="95" sentence="3">stock</token>
  <token id="97" number="96" sentence="3">dividend</token>
  <token id="98" number="97" sentence="3">in</token>
  <token id="99" number="98" sentence="3">June</token>
  <token id="100" number="99" sentence="3">1989</token>
  <token id="101" number="100" sentence="3">.</token>
  <token id="102" number="101" sentence="4">Mr.</token>
  <token id="103" number="102" sentence="4">LeGere</token>
  <token id="104" number="103" sentence="4">attributed</token>
  <token id="105" number="104" sentence="4">the</token>
  <token id="106" number="105" sentence="4">earnings</token>
  <token id="107" number="106" sentence="4">increase</token>
  <token id="108" number="107" sentence="4">to</token>
  <token id="109" number="108" sentence="4">growth</token>
  <token id="110" number="109" sentence="4">in</token>
  <token id="111" number="110" sentence="4">the</token>
  <token id="112" number="111" sentence="4">company</token>
  <token id="113" number="112" sentence="4">'s</token>
  <token id="114" number="113" sentence="4">longhaul</token>
  <token id="115" number="114" sentence="4">trucking</token>
  <token id="116" number="115" sentence="4">insurance</token>
  <token id="117" number="116" sentence="4">lines</token>
  <token id="118" number="117" sentence="4">and</token>
  <token id="119" number="118" sentence="4">the</token>
  <token id="120" number="119" sentence="4">ability</token>
  <token id="121" number="120" sentence="4">to</token>
  <token id="122" number="121" sentence="4">keep</token>
  <token id="123" number="122" sentence="4">premium</token>
  <token id="124" number="123" sentence="4">rates</token>
  <token id="125" number="124" sentence="4">firm</token>
  <token id="126" number="125" sentence="4">.</token>
</Document>
