<Document doc_name="wsj_0811">
  <Markables>
    <TIMEX3 RELATED_TO="" TAG_DESCRIPTOR="Empty_Mark" beginPoint="" comment="" endPoint="" freq="" functionInDocument="CREATION_TIME" id="0" quant="" type="DATE" value="1989-10-27" />
    <EVENT aspect="NONE" certainty="" class="REPORTING" comment="" factuality="" id="1" modality="NONE" polarity="POS" pos="VERB" tense="PAST">
      <token_anchor id="5" />
    </EVENT>
    <EVENT aspect="NONE" certainty="" class="OCCURRENCE" comment="" factuality="" id="2" modality="NONE" polarity="POS" pos="VERB" tense="PAST">
      <token_anchor id="7" />
    </EVENT>
    <C-SIGNAL id="3">
      <token_anchor id="11" />
    </C-SIGNAL>
    <EVENT aspect="NONE" certainty="" class="OCCURRENCE" comment="" factuality="" id="4" modality="NONE" polarity="POS" pos="NOUN" tense="NONE">
      <token_anchor id="13" />
    </EVENT>
    <EVENT aspect="NONE" certainty="" class="STATE" comment="" factuality="" id="5" modality="NONE" polarity="POS" pos="VERB" tense="PRESENT">
      <token_anchor id="22" />
    </EVENT>
    <C-SIGNAL id="6">
      <token_anchor id="23" />
    </C-SIGNAL>
    <EVENT aspect="NONE" certainty="" class="OCCURRENCE" comment="" factuality="" id="7" modality="NONE" polarity="POS" pos="NOUN" tense="NONE">
      <token_anchor id="25" />
    </EVENT>
    <EVENT aspect="NONE" certainty="" class="OCCURRENCE" comment="" factuality="" id="8" modality="NONE" polarity="POS" pos="VERB" tense="FUTURE">
      <token_anchor id="33" />
    </EVENT>
    <TIMEX3 beginPoint="" comment="" endPoint="" freq="" functionInDocument="NONE" id="9" quant="" type="DATE" value="2004-11-01">
      <token_anchor id="35" />
      <token_anchor id="36" />
      <token_anchor id="37" />
      <token_anchor id="38" />
      <token_anchor id="39" />
    </TIMEX3>
    <EVENT aspect="NONE" certainty="" class="OCCURRENCE" comment="" factuality="" id="10" modality="NONE" polarity="POS" pos="VERB" tense="FUTURE">
      <token_anchor id="43" />
    </EVENT>
    <EVENT aspect="NONE" certainty="" class="OCCURRENCE" comment="" factuality="" id="11" modality="NONE" polarity="POS" pos="VERB" tense="INFINITIVE">
      <token_anchor id="45" />
    </EVENT>
    <EVENT aspect="NONE" certainty="" class="REPORTING" comment="" factuality="" id="12" modality="NONE" polarity="POS" pos="VERB" tense="PAST">
      <token_anchor id="56" />
    </EVENT>
    <EVENT aspect="NONE" certainty="" class="OCCURRENCE" comment="" factuality="" id="13" modality="NONE" polarity="POS" pos="NOUN" tense="NONE">
      <token_anchor id="60" />
    </EVENT>
    <EVENT aspect="PERFECTIVE" certainty="" class="I_STATE" comment="" factuality="" id="14" modality="NONE" polarity="POS" pos="VERB" tense="PRESENT">
      <token_anchor id="62" />
    </EVENT>
    <EVENT aspect="NONE" certainty="" class="OCCURRENCE" comment="" factuality="" id="15" modality="NONE" polarity="POS" pos="VERB" tense="INFINITIVE">
      <token_anchor id="64" />
    </EVENT>
    <EVENT aspect="NONE" certainty="" class="OCCURRENCE" comment="" factuality="" id="16" modality="NONE" polarity="NEG" pos="VERB" tense="PRESENT">
      <token_anchor id="92" />
    </EVENT>
    <EVENT aspect="PROGRESSIVE" certainty="" class="I_ACTION" comment="" factuality="" id="17" modality="NONE" polarity="POS" pos="VERB" tense="PRESENT">
      <token_anchor id="98" />
    </EVENT>
    <EVENT aspect="NONE" certainty="" class="OCCURRENCE" comment="" factuality="" id="18" modality="can" polarity="POS" pos="VERB" tense="NONE">
      <token_anchor id="125" />
    </EVENT>
    <EVENT aspect="NONE" certainty="" class="STATE" comment="" factuality="" id="19" modality="NONE" polarity="POS" pos="VERB" tense="FUTURE">
      <token_anchor id="156" />
    </EVENT>
    <EVENT aspect="NONE" certainty="" class="OCCURRENCE" comment="" factuality="" id="20" modality="NONE" polarity="POS" pos="VERB" tense="PAST">
      <token_anchor id="169" />
    </EVENT>
    <TIMEX3 anchorTimeID="0" beginPoint="" comment="" endPoint="" freq="" functionInDocument="NONE" id="21" quant="" type="DATE" value="1989-10-26">
      <token_anchor id="170" />
    </TIMEX3>
  </Markables>
  <Relations>
    <TLINK comment="" id="1" relType="BEFORE">
      <source id="1" />
      <target id="0" />
    </TLINK>
    <TLINK comment="" id="2" relType="AFTER">
      <source id="2" />
      <target id="4" />
    </TLINK>
    <CLINK c-signalID="3" comment="" id="3">
      <source id="4" />
      <target id="2" />
    </CLINK>
    <TLINK comment="" id="4" relType="AFTER">
      <source id="7" />
      <target id="4" />
    </TLINK>
    <TLINK comment="" id="5" relType="BEFORE">
      <source id="7" />
      <target id="10" />
    </TLINK>
    <CLINK c-signalID="6" comment="" id="6">
      <source id="7" />
      <target id="5" />
    </CLINK>
    <TLINK comment="" id="7" relType="ENDS">
      <source id="8" />
      <target id="7" />
    </TLINK>
    <TLINK comment="" id="8" relType="IS_INCLUDED">
      <source id="8" />
      <target id="9" />
    </TLINK>
    <TLINK comment="" id="9" relType="AFTER">
      <source id="10" />
      <target id="0" />
    </TLINK>
    <TLINK comment="" id="10" relType="IDENTITY">
      <source id="12" />
      <target id="1" />
    </TLINK>
    <TLINK comment="" id="11" relType="IDENTITY">
      <source id="13" />
      <target id="11" />
    </TLINK>
    <TLINK comment="" id="12" relType="BEFORE">
      <source id="13" />
      <target id="15" />
    </TLINK>
    <TLINK comment="" id="13" relType="IS_INCLUDED">
      <source id="14" />
      <target id="0" />
    </TLINK>
    <TLINK comment="" id="14" relType="INCLUDES">
      <source id="16" />
      <target id="0" />
    </TLINK>
    <TLINK comment="" id="15" relType="INCLUDES">
      <source id="17" />
      <target id="0" />
    </TLINK>
    <TLINK comment="" id="16" relType="INCLUDES">
      <source id="18" />
      <target id="0" />
    </TLINK>
    <TLINK comment="" id="17" relType="AFTER">
      <source id="19" />
      <target id="0" />
    </TLINK>
    <TLINK comment="" id="18" relType="IS_INCLUDED">
      <source id="20" />
      <target id="21" />
    </TLINK>
  </Relations>
  <token id="1" number="0" sentence="0">BLOCKBUSTER</token>
  <token id="2" number="1" sentence="0">ENTERTAINMENT</token>
  <token id="3" number="2" sentence="0">CORP</token>
  <token id="4" number="3" sentence="0">.</token>
  <token id="5" number="4" sentence="1">said</token>
  <token id="6" number="5" sentence="1">it</token>
  <token id="7" number="6" sentence="1">raised</token>
  <token id="8" number="7" sentence="1">$</token>
  <token id="9" number="8" sentence="1">92</token>
  <token id="10" number="9" sentence="1">million</token>
  <token id="11" number="10" sentence="1">from</token>
  <token id="12" number="11" sentence="1">an</token>
  <token id="13" number="12" sentence="1">offering</token>
  <token id="14" number="13" sentence="1">of</token>
  <token id="15" number="14" sentence="1">liquid</token>
  <token id="16" number="15" sentence="1">yield</token>
  <token id="17" number="16" sentence="1">option</token>
  <token id="18" number="17" sentence="1">notes</token>
  <token id="19" number="18" sentence="1">.</token>
  <token id="20" number="19" sentence="2">The</token>
  <token id="21" number="20" sentence="2">gross</token>
  <token id="22" number="21" sentence="2">proceeds</token>
  <token id="23" number="22" sentence="2">from</token>
  <token id="24" number="23" sentence="2">the</token>
  <token id="25" number="24" sentence="2">sale</token>
  <token id="26" number="25" sentence="2">of</token>
  <token id="27" number="26" sentence="2">the</token>
  <token id="28" number="27" sentence="2">notes</token>
  <token id="29" number="28" sentence="2">,</token>
  <token id="30" number="29" sentence="2">which</token>
  <token id="31" number="30" sentence="2">will</token>
  <token id="32" number="31" sentence="2">be</token>
  <token id="33" number="32" sentence="2">due</token>
  <token id="34" number="33" sentence="2">on</token>
  <token id="35" number="34" sentence="2">Nov</token>
  <token id="36" number="35" sentence="2">.</token>
  <token id="37" number="36" sentence="2">1</token>
  <token id="38" number="37" sentence="2">,</token>
  <token id="39" number="38" sentence="2">2004</token>
  <token id="40" number="39" sentence="2">,</token>
  <token id="41" number="40" sentence="2">will</token>
  <token id="42" number="41" sentence="2">be</token>
  <token id="43" number="42" sentence="2">used</token>
  <token id="44" number="43" sentence="2">to</token>
  <token id="45" number="44" sentence="2">reduce</token>
  <token id="46" number="45" sentence="2">existing</token>
  <token id="47" number="46" sentence="2">debt</token>
  <token id="48" number="47" sentence="2">and</token>
  <token id="49" number="48" sentence="2">for</token>
  <token id="50" number="49" sentence="2">general</token>
  <token id="51" number="50" sentence="2">corporate</token>
  <token id="52" number="51" sentence="2">purposes</token>
  <token id="53" number="52" sentence="2">,</token>
  <token id="54" number="53" sentence="2">the</token>
  <token id="55" number="54" sentence="2">company</token>
  <token id="56" number="55" sentence="2">said</token>
  <token id="57" number="56" sentence="2">.</token>
  <token id="58" number="57" sentence="3">The</token>
  <token id="59" number="58" sentence="3">debt</token>
  <token id="60" number="59" sentence="3">reduction</token>
  <token id="61" number="60" sentence="3">is</token>
  <token id="62" number="61" sentence="3">expected</token>
  <token id="63" number="62" sentence="3">to</token>
  <token id="64" number="63" sentence="3">save</token>
  <token id="65" number="64" sentence="3">the</token>
  <token id="66" number="65" sentence="3">Fort</token>
  <token id="67" number="66" sentence="3">Lauderdale</token>
  <token id="68" number="67" sentence="3">,</token>
  <token id="69" number="68" sentence="3">Fla</token>
  <token id="70" number="69" sentence="3">.</token>
  <token id="71" number="70" sentence="4">home</token>
  <token id="72" number="71" sentence="4">video</token>
  <token id="73" number="72" sentence="4">concern</token>
  <token id="74" number="73" sentence="4">about</token>
  <token id="75" number="74" sentence="4">$</token>
  <token id="76" number="75" sentence="4">2</token>
  <token id="77" number="76" sentence="4">million</token>
  <token id="78" number="77" sentence="4">a</token>
  <token id="79" number="78" sentence="4">year</token>
  <token id="80" number="79" sentence="4">in</token>
  <token id="81" number="80" sentence="4">interest</token>
  <token id="82" number="81" sentence="4">expense</token>
  <token id="83" number="82" sentence="4">.</token>
  <token id="84" number="83" sentence="5">The</token>
  <token id="85" number="84" sentence="5">zero-coupon</token>
  <token id="86" number="85" sentence="5">subordinated</token>
  <token id="87" number="86" sentence="5">notes</token>
  <token id="88" number="87" sentence="5">have</token>
  <token id="89" number="88" sentence="5">no</token>
  <token id="90" number="89" sentence="5">periodic</token>
  <token id="91" number="90" sentence="5">interest</token>
  <token id="92" number="91" sentence="5">payments</token>
  <token id="93" number="92" sentence="5">.</token>
  <token id="94" number="93" sentence="6">Each</token>
  <token id="95" number="94" sentence="6">note</token>
  <token id="96" number="95" sentence="6">is</token>
  <token id="97" number="96" sentence="6">being</token>
  <token id="98" number="97" sentence="6">offered</token>
  <token id="99" number="98" sentence="6">at</token>
  <token id="100" number="99" sentence="6">$</token>
  <token id="101" number="100" sentence="6">308.32</token>
  <token id="102" number="101" sentence="6">per</token>
  <token id="103" number="102" sentence="6">$</token>
  <token id="104" number="103" sentence="6">1,000</token>
  <token id="105" number="104" sentence="6">principal</token>
  <token id="106" number="105" sentence="6">amount</token>
  <token id="107" number="106" sentence="6">at</token>
  <token id="108" number="107" sentence="6">maturity</token>
  <token id="109" number="108" sentence="6">,</token>
  <token id="110" number="109" sentence="6">representing</token>
  <token id="111" number="110" sentence="6">an</token>
  <token id="112" number="111" sentence="6">8</token>
  <token id="113" number="112" sentence="6">%</token>
  <token id="114" number="113" sentence="6">yield</token>
  <token id="115" number="114" sentence="6">to</token>
  <token id="116" number="115" sentence="6">maturity</token>
  <token id="117" number="116" sentence="6">.</token>
  <token id="118" number="117" sentence="7">In</token>
  <token id="119" number="118" sentence="7">addition</token>
  <token id="120" number="119" sentence="7">,</token>
  <token id="121" number="120" sentence="7">each</token>
  <token id="122" number="121" sentence="7">note</token>
  <token id="123" number="122" sentence="7">can</token>
  <token id="124" number="123" sentence="7">be</token>
  <token id="125" number="124" sentence="7">converted</token>
  <token id="126" number="125" sentence="7">into</token>
  <token id="127" number="126" sentence="7">Blockbuster</token>
  <token id="128" number="127" sentence="7">Entertainment</token>
  <token id="129" number="128" sentence="7">common</token>
  <token id="130" number="129" sentence="7">stock</token>
  <token id="131" number="130" sentence="7">at</token>
  <token id="132" number="131" sentence="7">a</token>
  <token id="133" number="132" sentence="7">rate</token>
  <token id="134" number="133" sentence="7">of</token>
  <token id="135" number="134" sentence="7">13.851</token>
  <token id="136" number="135" sentence="7">shares</token>
  <token id="137" number="136" sentence="7">per</token>
  <token id="138" number="137" sentence="7">note</token>
  <token id="139" number="138" sentence="7">.</token>
  <token id="140" number="139" sentence="8">Merrill</token>
  <token id="141" number="140" sentence="8">Lynch</token>
  <token id="142" number="141" sentence="8">Capital</token>
  <token id="143" number="142" sentence="8">Markets</token>
  <token id="144" number="143" sentence="8">Inc.</token>
  <token id="145" number="144" sentence="8">is</token>
  <token id="146" number="145" sentence="8">the</token>
  <token id="147" number="146" sentence="8">sole</token>
  <token id="148" number="147" sentence="8">underwriter</token>
  <token id="149" number="148" sentence="8">for</token>
  <token id="150" number="149" sentence="8">the</token>
  <token id="151" number="150" sentence="8">offering</token>
  <token id="152" number="151" sentence="8">.</token>
  <token id="153" number="152" sentence="9">The</token>
  <token id="154" number="153" sentence="9">notes</token>
  <token id="155" number="154" sentence="9">will</token>
  <token id="156" number="155" sentence="9">have</token>
  <token id="157" number="156" sentence="9">a</token>
  <token id="158" number="157" sentence="9">principal</token>
  <token id="159" number="158" sentence="9">amount</token>
  <token id="160" number="159" sentence="9">of</token>
  <token id="161" number="160" sentence="9">$</token>
  <token id="162" number="161" sentence="9">300</token>
  <token id="163" number="162" sentence="9">million</token>
  <token id="164" number="163" sentence="9">at</token>
  <token id="165" number="164" sentence="9">maturity</token>
  <token id="166" number="165" sentence="9">.</token>
  <token id="167" number="166" sentence="10">Blockbuster</token>
  <token id="168" number="167" sentence="10">shares</token>
  <token id="169" number="168" sentence="10">closed</token>
  <token id="170" number="169" sentence="10">yesterday</token>
  <token id="171" number="170" sentence="10">at</token>
  <token id="172" number="171" sentence="10">$</token>
  <token id="173" number="172" sentence="10">18.75</token>
  <token id="174" number="173" sentence="10">,</token>
  <token id="175" number="174" sentence="10">down</token>
  <token id="176" number="175" sentence="10">$</token>
  <token id="177" number="176" sentence="10">1.125</token>
  <token id="178" number="177" sentence="10">,</token>
  <token id="179" number="178" sentence="10">in</token>
  <token id="180" number="179" sentence="10">New</token>
  <token id="181" number="180" sentence="10">York</token>
  <token id="182" number="181" sentence="10">Stock</token>
  <token id="183" number="182" sentence="10">Exchange</token>
  <token id="184" number="183" sentence="10">trading</token>
  <token id="185" number="184" sentence="10">.</token>
</Document>
