<Document doc_name="wsj_0768">
  <Markables>
    <TIMEX3 RELATED_TO="" TAG_DESCRIPTOR="Empty_Mark" beginPoint="" comment="" endPoint="" freq="" functionInDocument="CREATION_TIME" id="0" quant="" type="DATE" value="1989-10-27" />
    <EVENT aspect="PROGRESSIVE" certainty="" class="OCCURRENCE" comment="" factuality="" id="1" modality="NONE" polarity="POS" pos="VERB" tense="PRESENT">
      <token_anchor id="7" />
    </EVENT>
    <EVENT aspect="NONE" certainty="" class="OCCURRENCE" comment="" factuality="" id="2" modality="NONE" polarity="POS" pos="VERB" tense="PRESPART">
      <token_anchor id="17" />
    </EVENT>
    <TIMEX3 anchorTimeID="0" beginPoint="" comment="" endPoint="" freq="" functionInDocument="NONE" id="3" quant="" type="DATE" value="1989-WXX">
      <token_anchor id="29" />
      <token_anchor id="30" />
    </TIMEX3>
    <EVENT aspect="NONE" certainty="" class="OCCURRENCE" comment="" factuality="" id="4" modality="NONE" polarity="POS" pos="VERB" tense="PAST">
      <token_anchor id="38" />
    </EVENT>
    <EVENT aspect="NONE" certainty="" class="REPORTING" comment="" factuality="" id="5" modality="NONE" polarity="POS" pos="VERB" tense="PRESPART">
      <token_anchor id="54" />
    </EVENT>
    <TIMEX3 beginPoint="" comment="" endPoint="" freq="" functionInDocument="NONE" id="6" quant="" type="DURATION" value="P2M">
      <token_anchor id="68" />
      <token_anchor id="69" />
      <token_anchor id="70" />
      <token_anchor id="71" />
    </TIMEX3>
    <EVENT aspect="PERFECTIVE" certainty="" class="OCCURRENCE" comment="" factuality="" id="7" modality="NONE" polarity="POS" pos="VERB" tense="PRESENT">
      <token_anchor id="79" />
    </EVENT>
    <EVENT aspect="NONE" certainty="" class="OCCURRENCE" comment="" factuality="" id="8" modality="NONE" polarity="POS" pos="NOUN" tense="NONE">
      <token_anchor id="96" />
    </EVENT>
    <EVENT aspect="NONE" certainty="" class="OCCURRENCE" comment="" factuality="" id="9" modality="NONE" polarity="POS" pos="NOUN" tense="NONE">
      <token_anchor id="98" />
    </EVENT>
    <EVENT aspect="NONE" certainty="" class="REPORTING" comment="" factuality="" id="10" modality="NONE" polarity="POS" pos="VERB" tense="PRESENT">
      <token_anchor id="104" />
    </EVENT>
    <EVENT aspect="NONE" certainty="" class="OCCURRENCE" comment="" factuality="" id="11" modality="NONE" polarity="POS" pos="NOUN" tense="NONE">
      <token_anchor id="123" />
    </EVENT>
    <EVENT aspect="NONE" certainty="" class="REPORTING" comment="" factuality="" id="12" modality="NONE" polarity="POS" pos="VERB" tense="PRESENT">
      <token_anchor id="143" />
    </EVENT>
    <EVENT aspect="NONE" certainty="" class="OCCURRENCE" comment="" factuality="" id="13" modality="NONE" polarity="POS" pos="NOUN" tense="NONE">
      <token_anchor id="145" />
    </EVENT>
    <EVENT aspect="PERFECTIVE" certainty="" class="OCCURRENCE" comment="" factuality="" id="14" modality="NONE" polarity="POS" pos="VERB" tense="PRESENT">
      <token_anchor id="154" />
    </EVENT>
    <TIMEX3 beginPoint="" comment="" endPoint="" freq="" functionInDocument="NONE" id="15" quant="" type="DURATION" value="P2M">
      <token_anchor id="172" />
      <token_anchor id="173" />
      <token_anchor id="174" />
      <token_anchor id="175" />
    </TIMEX3>
    <EVENT aspect="NONE" certainty="" class="REPORTING" comment="" factuality="" id="16" modality="NONE" polarity="POS" pos="VERB" tense="PRESENT">
      <token_anchor id="180" />
    </EVENT>
    <EVENT aspect="PERFECTIVE" certainty="" class="OCCURRENCE" comment="" factuality="" id="17" modality="NONE" polarity="POS" pos="VERB" tense="PRESENT">
      <token_anchor id="184" />
    </EVENT>
    <TIMEX3 anchorTimeID="0" beginPoint="" comment="" endPoint="" freq="" functionInDocument="NONE" id="18" quant="" type="DATE" value="PAST_REF">
      <token_anchor id="189" />
    </TIMEX3>
    <EVENT aspect="NONE" certainty="" class="OCCURRENCE" comment="" factuality="" id="19" modality="NONE" polarity="POS" pos="NOUN" tense="NONE">
      <token_anchor id="190" />
    </EVENT>
    <EVENT aspect="NONE" certainty="" class="REPORTING" comment="" factuality="" id="20" modality="NONE" polarity="POS" pos="VERB" tense="PRESENT">
      <token_anchor id="223" />
    </EVENT>
    <EVENT aspect="NONE" certainty="" class="OCCURRENCE" comment="" factuality="" id="21" modality="NONE" polarity="POS" pos="NOUN" tense="NONE">
      <token_anchor id="238" />
    </EVENT>
    <EVENT aspect="NONE" certainty="" class="STATE" comment="" factuality="" id="22" modality="could" polarity="POS" pos="VERB" tense="NONE">
      <token_anchor id="240" />
    </EVENT>
    <EVENT aspect="NONE" certainty="" class="OCCURRENCE" comment="" factuality="" id="23" modality="NONE" polarity="POS" pos="NOUN" tense="NONE">
      <token_anchor id="253" />
    </EVENT>
    <EVENT aspect="NONE" certainty="" class="ASPECTUAL" comment="" factuality="" id="24" modality="NONE" polarity="POS" pos="VERB" tense="PRESENT">
      <token_anchor id="254" />
    </EVENT>
    <EVENT aspect="NONE" certainty="" class="I_ACTION" comment="" factuality="" id="25" modality="NONE" polarity="POS" pos="VERB" tense="FUTURE">
      <token_anchor id="259" />
    </EVENT>
    <EVENT aspect="NONE" certainty="" class="STATE" comment="" factuality="" id="26" modality="NONE" polarity="POS" pos="NOUN" tense="NONE">
      <token_anchor id="261" />
    </EVENT>
    <EVENT aspect="NONE" certainty="" class="OCCURRENCE" comment="" factuality="" id="27" modality="NONE" polarity="POS" pos="VERB" tense="INFINITIVE">
      <token_anchor id="263" />
    </EVENT>
    <EVENT aspect="NONE" certainty="" class="OCCURRENCE" comment="" factuality="" id="28" modality="NONE" polarity="POS" pos="VERB" tense="INFINITIVE">
      <token_anchor id="270" />
    </EVENT>
    <TIMEX3 beginPoint="" comment="" endPoint="" freq="" functionInDocument="NONE" id="29" quant="" type="DURATION" value="PXW">
      <token_anchor id="274" />
      <token_anchor id="275" />
      <token_anchor id="276" />
    </TIMEX3>
    <EVENT aspect="NONE" certainty="" class="OCCURRENCE" comment="" factuality="" id="30" modality="NONE" polarity="POS" pos="NOUN" tense="NONE">
      <token_anchor id="279" />
    </EVENT>
    <EVENT aspect="NONE" certainty="" class="OCCURRENCE" comment="" factuality="" id="31" modality="could" polarity="POS" pos="VERB" tense="NONE">
      <token_anchor id="281" />
    </EVENT>
    <EVENT aspect="NONE" certainty="" class="OCCURRENCE" comment="" factuality="" id="32" modality="NONE" polarity="POS" pos="VERB" tense="PASTPART">
      <token_anchor id="289" />
    </EVENT>
    <EVENT aspect="PERFECTIVE" certainty="" class="OCCURRENCE" comment="" factuality="" id="33" modality="NONE" polarity="NEG" pos="VERB" tense="PRESENT">
      <token_anchor id="303" />
    </EVENT>
    <EVENT aspect="NONE" certainty="" class="REPORTING" comment="" factuality="" id="34" modality="NONE" polarity="POS" pos="VERB" tense="PRESENT">
      <token_anchor id="312" />
    </EVENT>
    <EVENT aspect="NONE" certainty="" class="REPORTING" comment="" factuality="" id="35" modality="NONE" polarity="POS" pos="VERB" tense="PRESENT">
      <token_anchor id="323" />
    </EVENT>
    <EVENT aspect="PERFECTIVE" certainty="" class="OCCURRENCE" comment="" factuality="" id="36" modality="NONE" polarity="POS" pos="VERB" tense="PRESENT">
      <token_anchor id="327" />
    </EVENT>
    <C-SIGNAL id="37">
      <token_anchor id="346" />
    </C-SIGNAL>
    <EVENT aspect="NONE" certainty="" class="OCCURRENCE" comment="" factuality="" id="38" modality="NONE" polarity="POS" pos="NOUN" tense="NONE">
      <token_anchor id="348" />
    </EVENT>
    <EVENT aspect="NONE" certainty="" class="OCCURRENCE" comment="" factuality="" id="39" modality="NONE" polarity="POS" pos="NOUN" tense="NONE">
      <token_anchor id="366" />
    </EVENT>
    <EVENT aspect="PERFECTIVE" certainty="" class="OCCURRENCE" comment="" factuality="" id="40" modality="NONE" polarity="POS" pos="VERB" tense="PRESENT">
      <token_anchor id="376" />
    </EVENT>
    <EVENT aspect="NONE" certainty="" class="I_ACTION" comment="" factuality="" id="41" modality="NONE" polarity="POS" pos="VERB" tense="INFINITIVE">
      <token_anchor id="378" />
    </EVENT>
    <EVENT aspect="NONE" certainty="" class="OCCURRENCE" comment="" factuality="" id="42" modality="NONE" polarity="POS" pos="NOUN" tense="NONE">
      <token_anchor id="381" />
    </EVENT>
    <TIMEX3 anchorTimeID="0" beginPoint="" comment="" endPoint="" freq="" functionInDocument="NONE" id="43" quant="" type="DATE" value="PAST_REF">
      <token_anchor id="383" />
      <token_anchor id="384" />
    </TIMEX3>
    <EVENT aspect="PERFECTIVE" certainty="" class="OCCURRENCE" comment="" factuality="" id="44" modality="NONE" polarity="POS" pos="VERB" tense="PRESENT">
      <token_anchor id="451" />
    </EVENT>
    <TIMEX3 beginPoint="" comment="" endPoint="" freq="" functionInDocument="NONE" id="45" quant="" type="DURATION" value="P2M">
      <token_anchor id="458" />
      <token_anchor id="459" />
      <token_anchor id="460" />
      <token_anchor id="461" />
    </TIMEX3>
    <EVENT aspect="NONE" certainty="" class="OCCURRENCE" comment="" factuality="" id="46" modality="NONE" polarity="POS" pos="VERB" tense="PAST">
      <token_anchor id="467" />
    </EVENT>
    <TIMEX3 anchorTimeID="0" beginPoint="" comment="" endPoint="" freq="" functionInDocument="NONE" id="47" quant="" type="DATE" value="1989-WXX">
      <token_anchor id="469" />
      <token_anchor id="470" />
    </TIMEX3>
    <TIMEX3 anchorTimeID="47" beginPoint="" comment="" endPoint="" freq="" functionInDocument="NONE" id="48" quant="" type="DATE" value="1989-WXX">
      <token_anchor id="478" />
    </TIMEX3>
    <TIMEX3 anchorTimeID="0" beginPoint="" comment="" endPoint="" freq="" functionInDocument="NONE" id="49" quant="" type="DATE" value="1989-09">
      <token_anchor id="480" />
      <token_anchor id="481" />
    </TIMEX3>
    <EVENT aspect="NONE" certainty="" class="OCCURRENCE" comment="" factuality="" id="50" modality="NONE" polarity="POS" pos="NOUN" tense="NONE">
      <token_anchor id="486" />
    </EVENT>
    <EVENT aspect="NONE" certainty="" class="OCCURRENCE" comment="" factuality="" id="51" modality="NONE" polarity="POS" pos="VERB" tense="PAST">
      <token_anchor id="495" />
    </EVENT>
    <EVENT aspect="NONE" certainty="" class="REPORTING" comment="" factuality="" id="52" modality="NONE" polarity="POS" pos="VERB" tense="PRESENT">
      <token_anchor id="501" />
    </EVENT>
    <EVENT aspect="NONE" certainty="" class="OCCURRENCE" comment="" factuality="" id="53" modality="NONE" polarity="POS" pos="VERB" tense="PRESPART">
      <token_anchor id="514" />
    </EVENT>
    <EVENT aspect="NONE" certainty="" class="REPORTING" comment="" factuality="" id="54" modality="NONE" polarity="POS" pos="VERB" tense="PRESENT">
      <token_anchor id="549" />
    </EVENT>
    <EVENT aspect="NONE" certainty="" class="REPORTING" comment="" factuality="" id="55" modality="NONE" polarity="POS" pos="VERB" tense="PRESENT">
      <token_anchor id="585" />
    </EVENT>
    <EVENT aspect="NONE" certainty="" class="STATE" comment="" factuality="" id="56" modality="NONE" polarity="POS" pos="NOUN" tense="NONE">
      <token_anchor id="596" />
    </EVENT>
    <TIMEX3 beginPoint="" comment="" endPoint="" freq="" functionInDocument="NONE" id="57" quant="" type="SET" value="P1M">
      <token_anchor id="597" />
      <token_anchor id="598" />
    </TIMEX3>
    <TIMEX3 beginPoint="" comment="" endPoint="" freq="" functionInDocument="NONE" id="58" quant="" type="DURATION" value="P3Y">
      <token_anchor id="600" />
      <token_anchor id="601" />
      <token_anchor id="602" />
      <token_anchor id="603" />
    </TIMEX3>
    <TIMEX3 anchorTimeID="0" beginPoint="" comment="" endPoint="" freq="" functionInDocument="NONE" id="59" quant="" type="DATE" value="1989-10">
      <token_anchor id="606" />
      <token_anchor id="607" />
    </TIMEX3>
    <EVENT aspect="PERFECTIVE" certainty="" class="PERCEPTION" comment="" factuality="" id="60" modality="NONE" polarity="POS" pos="VERB" tense="PRESENT">
      <token_anchor id="620" />
    </EVENT>
    <EVENT aspect="NONE" certainty="" class="OCCURRENCE" comment="" factuality="" id="61" modality="NONE" polarity="POS" pos="VERB" tense="PAST">
      <token_anchor id="624" />
    </EVENT>
    <TIMEX3 anchorTimeID="0" beginPoint="" comment="" endPoint="" freq="" functionInDocument="NONE" id="62" quant="" type="DATE" value="1989-09">
      <token_anchor id="627" />
      <token_anchor id="628" />
    </TIMEX3>
    <EVENT aspect="NONE" certainty="" class="OCCURRENCE" comment="" factuality="" id="63" modality="NONE" polarity="POS" pos="VERB" tense="PAST">
      <token_anchor id="635" />
    </EVENT>
    <TIMEX3 beginPoint="" comment="" endPoint="" freq="" functionInDocument="NONE" id="64" quant="" type="DATE" value="1989-10-13">
      <token_anchor id="637" />
      <token_anchor id="638" />
      <token_anchor id="639" />
    </TIMEX3>
    <EVENT aspect="NONE" certainty="" class="OCCURRENCE" comment="" factuality="" id="65" modality="NONE" polarity="POS" pos="NOUN" tense="NONE">
      <token_anchor id="647" />
    </EVENT>
    <EVENT aspect="PERFECTIVE" certainty="" class="OCCURRENCE" comment="" factuality="" id="66" modality="NONE" polarity="POS" pos="VERB" tense="PRESENT">
      <token_anchor id="650" />
    </EVENT>
    <EVENT aspect="NONE" certainty="" class="REPORTING" comment="" factuality="" id="67" modality="NONE" polarity="POS" pos="VERB" tense="PRESENT">
      <token_anchor id="656" />
    </EVENT>
    <TIMEX3 anchorTimeID="0" beginPoint="" comment="" endPoint="" freq="" functionInDocument="NONE" id="68" quant="" type="DATE" value="PRESENT_REF">
      <token_anchor id="666" />
    </TIMEX3>
    <EVENT aspect="NONE" certainty="" class="STATE" comment="" factuality="" id="69" modality="NONE" polarity="POS" pos="VERB" tense="PRESENT">
      <token_anchor id="667" />
    </EVENT>
    <EVENT aspect="NONE" certainty="" class="OCCURRENCE" comment="" factuality="" id="70" modality="NONE" polarity="POS" pos="VERB" tense="PAST">
      <token_anchor id="689" />
    </EVENT>
    <TIMEX3 beginPoint="" comment="" endPoint="" freq="" functionInDocument="NONE" id="71" quant="" type="DURATION" value="P2M">
      <token_anchor id="696" />
      <token_anchor id="697" />
      <token_anchor id="698" />
      <token_anchor id="699" />
    </TIMEX3>
    <EVENT aspect="NONE" certainty="" class="OCCURRENCE" comment="" factuality="" id="72" modality="NONE" polarity="POS" pos="NOUN" tense="NONE">
      <token_anchor id="702" />
    </EVENT>
    <EVENT aspect="NONE" certainty="" class="OCCURRENCE" comment="" factuality="" id="73" modality="NONE" polarity="POS" pos="VERB" tense="PAST">
      <token_anchor id="708" />
    </EVENT>
    <EVENT aspect="NONE" certainty="" class="OCCURRENCE" comment="" factuality="" id="74" modality="NONE" polarity="POS" pos="NOUN" tense="NONE">
      <token_anchor id="718" />
    </EVENT>
    <TIMEX3 anchorTimeID="0" beginPoint="" comment="" endPoint="" freq="" functionInDocument="NONE" id="75" quant="" type="DATE" value="1989">
      <token_anchor id="725" />
      <token_anchor id="726" />
    </TIMEX3>
    <TIMEX3 anchorTimeID="0" beginPoint="" comment="" endPoint="" freq="" functionInDocument="NONE" id="76" quant="" type="DATE" value="1989-08">
      <token_anchor id="728" />
    </TIMEX3>
    <TIMEX3 beginPoint="" comment="" endPoint="" freq="" functionInDocument="NONE" id="77" quant="" type="DURATION" value="P2M">
      <token_anchor id="731" />
      <token_anchor id="732" />
      <token_anchor id="733" />
      <token_anchor id="734" />
    </TIMEX3>
    <EVENT aspect="PERFECTIVE" certainty="" class="OCCURRENCE" comment="" factuality="" id="78" modality="NONE" polarity="POS" pos="NOUN" tense="PRESENT">
      <token_anchor id="740" />
    </EVENT>
    <EVENT aspect="NONE" certainty="" class="REPORTING" comment="" factuality="" id="79" modality="NONE" polarity="POS" pos="VERB" tense="PRESENT">
      <token_anchor id="743" />
    </EVENT>
    <EVENT aspect="PERFECTIVE" certainty="" class="OCCURRENCE" comment="" factuality="" id="80" modality="NONE" polarity="POS" pos="VERB" tense="PRESENT">
      <token_anchor id="755" />
    </EVENT>
    <TIMEX3 anchorTimeID="0" beginPoint="" comment="" endPoint="" freq="" functionInDocument="NONE" id="81" quant="" type="DATE" value="1989">
      <token_anchor id="757" />
      <token_anchor id="758" />
    </TIMEX3>
    <C-SIGNAL id="82">
      <token_anchor id="760" />
    </C-SIGNAL>
    <EVENT aspect="NONE" certainty="" class="OCCURRENCE" comment="" factuality="" id="83" modality="NONE" polarity="POS" pos="VERB" tense="PASTPART">
      <token_anchor id="765" />
    </EVENT>
    <TIMEX3 anchorTimeID="0" beginPoint="" comment="" endPoint="" freq="" functionInDocument="NONE" id="84" quant="" type="DATE" value="1989-10-19">
      <token_anchor id="772" />
      <token_anchor id="773" />
      <token_anchor id="774" />
    </TIMEX3>
    <EVENT aspect="NONE" certainty="" class="STATE" comment="" factuality="" id="85" modality="NONE" polarity="POS" pos="VERB" tense="PAST">
      <token_anchor id="778" />
    </EVENT>
    <EVENT aspect="NONE" certainty="" class="REPORTING" comment="" factuality="" id="86" modality="NONE" polarity="POS" pos="VERB" tense="PRESPART">
      <token_anchor id="796" />
    </EVENT>
    <EVENT aspect="PERFECTIVE" certainty="" class="OCCURRENCE" comment="" factuality="" id="87" modality="NONE" polarity="POS" pos="VERB" tense="PRESENT">
      <token_anchor id="826" />
    </EVENT>
    <TIMEX3 anchorTimeID="0" beginPoint="" comment="" endPoint="" freq="" functionInDocument="NONE" id="88" quant="" type="DATE" value="1989">
      <token_anchor id="829" />
      <token_anchor id="830" />
    </TIMEX3>
    <TIMEX3 anchorTimeID="0" beginPoint="" comment="" endPoint="" freq="" functionInDocument="NONE" id="89" quant="" type="DATE" value="1989-10-19">
      <token_anchor id="832" />
      <token_anchor id="833" />
      <token_anchor id="834" />
    </TIMEX3>
    <EVENT aspect="NONE" certainty="" class="REPORTING" comment="" factuality="" id="90" modality="NONE" polarity="POS" pos="VERB" tense="PRESENT">
      <token_anchor id="837" />
    </EVENT>
    <EVENT aspect="NONE" certainty="" class="OCCURRENCE" comment="" factuality="" id="91" modality="NONE" polarity="POS" pos="VERB" tense="PAST">
      <token_anchor id="842" />
    </EVENT>
    <EVENT aspect="NONE" certainty="" class="OCCURRENCE" comment="" factuality="" id="92" modality="NONE" polarity="POS" pos="VERB" tense="PAST">
      <token_anchor id="852" />
    </EVENT>
    <EVENT aspect="NONE" certainty="" class="STATE" comment="" factuality="" id="93" modality="NONE" polarity="POS" pos="VERB" tense="PRESENT">
      <token_anchor id="859" />
    </EVENT>
    <TIMEX3 beginPoint="" comment="" endPoint="" freq="" functionInDocument="NONE" id="94" quant="" type="DATE" value="PRESENT_REF">
      <token_anchor id="863" />
    </TIMEX3>
    <EVENT aspect="NONE" certainty="" class="OCCURRENCE" comment="" factuality="" id="95" modality="could" polarity="POS" pos="VERB" tense="NONE">
      <token_anchor id="865" />
    </EVENT>
    <EVENT aspect="NONE" certainty="" class="STATE" comment="" factuality="" id="96" modality="NONE" polarity="POS" pos="VERB" tense="PASTPART">
      <token_anchor id="866" />
    </EVENT>
    <EVENT aspect="NONE" certainty="" class="REPORTING" comment="" factuality="" id="97" modality="NONE" polarity="POS" pos="VERB" tense="PRESENT">
      <token_anchor id="874" />
    </EVENT>
    <TIMEX3 anchorTimeID="0" beginPoint="" comment="" endPoint="" freq="" functionInDocument="NONE" id="98" quant="" type="DATE" value="PAST_REF">
      <token_anchor id="879" />
      <token_anchor id="880" />
      <token_anchor id="881" />
      <token_anchor id="882" />
    </TIMEX3>
    <EVENT aspect="PERFECTIVE_PROGRESSIVE" certainty="" class="OCCURRENCE" comment="" factuality="" id="99" modality="NONE" polarity="POS" pos="VERB" tense="PRESENT">
      <token_anchor id="885" />
    </EVENT>
    <EVENT aspect="NONE" certainty="" class="OCCURRENCE" comment="" factuality="" id="100" modality="NONE" polarity="POS" pos="VERB" tense="INFINITIVE">
      <token_anchor id="897" />
    </EVENT>
    <EVENT aspect="NONE" certainty="" class="OCCURRENCE" comment="" factuality="" id="101" modality="NONE" polarity="POS" pos="VERB" tense="INFINITIVE">
      <token_anchor id="900" />
    </EVENT>
    <EVENT aspect="NONE" certainty="" class="OCCURRENCE" comment="" factuality="" id="102" modality="NONE" polarity="POS" pos="NOUN" tense="NONE">
      <token_anchor id="902" />
    </EVENT>
    <EVENT aspect="NONE" certainty="" class="I_STATE" comment="" factuality="" id="103" modality="might" polarity="POS" pos="VERB" tense="NONE">
      <token_anchor id="907" />
    </EVENT>
    <EVENT aspect="NONE" certainty="" class="I_ACTION" comment="" factuality="" id="104" modality="NONE" polarity="POS" pos="VERB" tense="INFINITIVE">
      <token_anchor id="909" />
    </EVENT>
    <EVENT aspect="NONE" certainty="" class="I_ACTION" comment="" factuality="" id="105" modality="NONE" polarity="POS" pos="VERB" tense="PRESENT">
      <token_anchor id="914" />
    </EVENT>
    <EVENT aspect="NONE" certainty="" class="OCCURRENCE" comment="" factuality="" id="106" modality="NONE" polarity="POS" pos="NOUN" tense="NONE">
      <token_anchor id="916" />
    </EVENT>
    <EVENT aspect="NONE" certainty="" class="OCCURRENCE" comment="" factuality="" id="107" modality="could" polarity="POS" pos="NOUN" tense="NONE">
      <token_anchor id="933" />
    </EVENT>
  </Markables>
  <Relations>
    <TLINK comment="" id="1" relType="INCLUDES">
      <source id="1" />
      <target id="0" />
    </TLINK>
    <TLINK comment="" id="2" relType="SIMULTANEOUS">
      <source id="1" />
      <target id="2" />
    </TLINK>
    <TLINK comment="" id="3" relType="INCLUDES">
      <source id="3" />
      <target id="4" />
    </TLINK>
    <TLINK comment="" id="4" relType="BEFORE">
      <source id="4" />
      <target id="0" />
    </TLINK>
    <TLINK comment="" id="5" relType="IS_INCLUDED">
      <source id="5" />
      <target id="0" />
    </TLINK>
    <TLINK comment="" id="6" relType="BEFORE">
      <source id="7" />
      <target id="0" />
    </TLINK>
    <TLINK comment="" id="7" relType="IS_INCLUDED">
      <source id="7" />
      <target id="6" />
    </TLINK>
    <TLINK comment="" id="8" relType="BEFORE">
      <source id="8" />
      <target id="7" />
    </TLINK>
    <TLINK comment="" id="9" relType="BEFORE">
      <source id="9" />
      <target id="7" />
    </TLINK>
    <TLINK comment="" id="10" relType="IS_INCLUDED">
      <source id="10" />
      <target id="0" />
    </TLINK>
    <TLINK comment="" id="11" relType="BEFORE">
      <source id="11" />
      <target id="0" />
    </TLINK>
    <TLINK comment="" id="12" relType="BEGINS">
      <source id="11" />
      <target id="12" />
    </TLINK>
    <TLINK comment="" id="13" relType="BEFORE">
      <source id="14" />
      <target id="0" />
    </TLINK>
    <TLINK comment="" id="14" relType="IS_INCLUDED">
      <source id="14" />
      <target id="15" />
    </TLINK>
    <TLINK comment="" id="15" relType="IS_INCLUDED">
      <source id="14" />
      <target id="21" />
    </TLINK>
    <TLINK comment="" id="16" relType="INCLUDES">
      <source id="16" />
      <target id="20" />
    </TLINK>
    <TLINK comment="" id="17" relType="BEFORE">
      <source id="19" />
      <target id="17" />
    </TLINK>
    <TLINK comment="" id="18" relType="IS_INCLUDED">
      <source id="19" />
      <target id="18" />
    </TLINK>
    <TLINK comment="" id="19" relType="IDENTITY">
      <source id="21" />
      <target id="1" />
    </TLINK>
    <TLINK comment="" id="20" relType="BEFORE">
      <source id="21" />
      <target id="22" />
    </TLINK>
    <TLINK comment="" id="21" relType="AFTER">
      <source id="22" />
      <target id="0" />
    </TLINK>
    <TLINK comment="" id="22" relType="IS_INCLUDED">
      <source id="23" />
      <target id="21" />
    </TLINK>
    <TLINK comment="" id="23" relType="BEFORE">
      <source id="24" />
      <target id="25" />
    </TLINK>
    <TLINK comment="" id="24" relType="IS_INCLUDED">
      <source id="28" />
      <target id="29" />
    </TLINK>
    <TLINK comment="" id="25" relType="IDENTITY">
      <source id="30" />
      <target id="27" />
    </TLINK>
    <TLINK comment="" id="26" relType="BEFORE">
      <source id="30" />
      <target id="31" />
    </TLINK>
    <TLINK comment="" id="27" relType="BEFORE">
      <source id="32" />
      <target id="0" />
    </TLINK>
    <TLINK comment="" id="28" relType="BEFORE">
      <source id="33" />
      <target id="0" />
    </TLINK>
    <TLINK comment="" id="29" relType="IS_INCLUDED">
      <source id="34" />
      <target id="0" />
    </TLINK>
    <TLINK comment="" id="30" relType="IS_INCLUDED">
      <source id="35" />
      <target id="0" />
    </TLINK>
    <TLINK comment="" id="31" relType="AFTER">
      <source id="38" />
      <target id="0" />
    </TLINK>
    <CLINK comment="" id="32">
      <source id="39" />
      <target id="41" />
    </CLINK>
    <TLINK comment="" id="33" relType="BEFORE">
      <source id="40" />
      <target id="0" />
    </TLINK>
    <TLINK comment="" id="34" relType="BEFORE">
      <source id="41" />
      <target id="42" />
    </TLINK>
    <TLINK comment="" id="35" relType="IS_INCLUDED">
      <source id="42" />
      <target id="43" />
    </TLINK>
    <TLINK comment="" id="36" relType="BEFORE">
      <source id="44" />
      <target id="0" />
    </TLINK>
    <TLINK comment="" id="37" relType="IS_INCLUDED">
      <source id="44" />
      <target id="45" />
    </TLINK>
    <TLINK comment="" id="38" relType="INCLUDES">
      <source id="44" />
      <target id="51" />
    </TLINK>
    <TLINK comment="" id="39" relType="IS_INCLUDED">
      <source id="46" />
      <target id="47" />
    </TLINK>
    <TLINK comment="" id="40" relType="BEGINS">
      <source id="50" />
      <target id="48" />
    </TLINK>
    <TLINK comment="" id="41" relType="IS_INCLUDED">
      <source id="50" />
      <target id="49" />
    </TLINK>
    <TLINK comment="" id="42" relType="SIMULTANEOUS">
      <source id="54" />
      <target id="52" />
    </TLINK>
    <TLINK comment="" id="43" relType="IS_INCLUDED">
      <source id="56" />
      <target id="57" />
    </TLINK>
    <TLINK comment="" id="44" relType="ENDED_BY">
      <source id="56" />
      <target id="59" />
    </TLINK>
    <TLINK comment="" id="45" relType="IS_INCLUDED">
      <source id="57" />
      <target id="58" />
    </TLINK>
    <TLINK comment="" id="46" relType="BEGINS">
      <source id="60" />
      <target id="62" />
    </TLINK>
    <TLINK comment="" id="47" relType="INCLUDES">
      <source id="61" />
      <target id="63" />
    </TLINK>
    <TLINK comment="" id="48" relType="IS_INCLUDED">
      <source id="63" />
      <target id="64" />
    </TLINK>
    <TLINK comment="" id="49" relType="IDENTITY">
      <source id="65" />
      <target id="61" />
    </TLINK>
    <TLINK comment="" id="50" relType="IS_INCLUDED">
      <source id="66" />
      <target id="61" />
    </TLINK>
    <TLINK comment="" id="51" relType="IS_INCLUDED">
      <source id="67" />
      <target id="0" />
    </TLINK>
    <TLINK comment="" id="52" relType="INCLUDES">
      <source id="69" />
      <target id="0" />
    </TLINK>
    <TLINK comment="" id="53" relType="AFTER">
      <source id="69" />
      <target id="65" />
    </TLINK>
    <TLINK comment="" id="54" relType="SIMULTANEOUS">
      <source id="69" />
      <target id="68" />
    </TLINK>
    <TLINK comment="" id="55" relType="IS_INCLUDED">
      <source id="70" />
      <target id="71" />
    </TLINK>
    <TLINK comment="" id="56" relType="IDENTITY">
      <source id="72" />
      <target id="70" />
    </TLINK>
    <TLINK comment="" id="57" relType="AFTER">
      <source id="72" />
      <target id="74" />
    </TLINK>
    <TLINK comment="" id="58" relType="IS_INCLUDED">
      <source id="73" />
      <target id="72" />
    </TLINK>
    <TLINK comment="" id="59" relType="IS_INCLUDED">
      <source id="74" />
      <target id="75" />
    </TLINK>
    <TLINK comment="" id="60" relType="ENDS">
      <source id="74" />
      <target id="76" />
    </TLINK>
    <CLINK comment="" id="61">
      <source id="74" />
      <target id="72" />
    </CLINK>
    <TLINK comment="" id="62" relType="DURING">
      <source id="78" />
      <target id="77" />
    </TLINK>
    <TLINK comment="" id="63" relType="IS_INCLUDED">
      <source id="79" />
      <target id="0" />
    </TLINK>
    <TLINK comment="" id="64" relType="IS_INCLUDED">
      <source id="80" />
      <target id="81" />
    </TLINK>
    <TLINK comment="" id="65" relType="SIMULTANEOUS">
      <source id="80" />
      <target id="83" />
    </TLINK>
    <CLINK c-signalID="82" comment="" id="66">
      <source id="83" />
      <target id="80" />
    </CLINK>
    <TLINK comment="" id="67" relType="ENDS">
      <source id="85" />
      <target id="84" />
    </TLINK>
    <TLINK comment="" id="68" relType="IS_INCLUDED">
      <source id="87" />
      <target id="88" />
    </TLINK>
    <TLINK comment="" id="69" relType="ENDS">
      <source id="87" />
      <target id="89" />
    </TLINK>
    <TLINK comment="" id="70" relType="SIMULTANEOUS">
      <source id="90" />
      <target id="86" />
    </TLINK>
    <TLINK comment="" id="71" relType="BEFORE">
      <source id="91" />
      <target id="0" />
    </TLINK>
    <TLINK comment="" id="72" relType="SIMULTANEOUS">
      <source id="91" />
      <target id="92" />
    </TLINK>
    <TLINK comment="" id="73" relType="SIMULTANEOUS">
      <source id="93" />
      <target id="94" />
    </TLINK>
    <TLINK comment="" id="74" relType="BEFORE">
      <source id="93" />
      <target id="95" />
    </TLINK>
    <TLINK comment="" id="75" relType="BEGINS">
      <source id="95" />
      <target id="96" />
    </TLINK>
    <TLINK comment="" id="76" relType="IS_INCLUDED">
      <source id="97" />
      <target id="0" />
    </TLINK>
    <TLINK comment="" id="77" relType="IS_INCLUDED">
      <source id="99" />
      <target id="98" />
    </TLINK>
    <TLINK comment="" id="78" relType="BEFORE">
      <source id="103" />
      <target id="107" />
    </TLINK>
  </Relations>
  <token id="1" number="0" sentence="0">Billions</token>
  <token id="2" number="1" sentence="0">of</token>
  <token id="3" number="2" sentence="0">investors</token>
  <token id="4" number="3" sentence="0">'</token>
  <token id="5" number="4" sentence="0">dollars</token>
  <token id="6" number="5" sentence="0">are</token>
  <token id="7" number="6" sentence="0">pouring</token>
  <token id="8" number="7" sentence="0">out</token>
  <token id="9" number="8" sentence="0">of</token>
  <token id="10" number="9" sentence="0">the</token>
  <token id="11" number="10" sentence="0">nation</token>
  <token id="12" number="11" sentence="0">'s</token>
  <token id="13" number="12" sentence="0">junk-bond</token>
  <token id="14" number="13" sentence="0">mutual</token>
  <token id="15" number="14" sentence="0">funds</token>
  <token id="16" number="15" sentence="0">,</token>
  <token id="17" number="16" sentence="0">undermining</token>
  <token id="18" number="17" sentence="0">a</token>
  <token id="19" number="18" sentence="0">pillar</token>
  <token id="20" number="19" sentence="0">of</token>
  <token id="21" number="20" sentence="0">support</token>
  <token id="22" number="21" sentence="0">in</token>
  <token id="23" number="22" sentence="0">the</token>
  <token id="24" number="23" sentence="0">already</token>
  <token id="25" number="24" sentence="0">reeling</token>
  <token id="26" number="25" sentence="0">junk</token>
  <token id="27" number="26" sentence="0">market</token>
  <token id="28" number="27" sentence="0">.</token>
  <token id="29" number="28" sentence="1">Last</token>
  <token id="30" number="29" sentence="1">week</token>
  <token id="31" number="30" sentence="1">alone</token>
  <token id="32" number="31" sentence="1">,</token>
  <token id="33" number="32" sentence="1">an</token>
  <token id="34" number="33" sentence="1">eye-popping</token>
  <token id="35" number="34" sentence="1">$</token>
  <token id="36" number="35" sentence="1">1.6</token>
  <token id="37" number="36" sentence="1">billion</token>
  <token id="38" number="37" sentence="1">flowed</token>
  <token id="39" number="38" sentence="1">out</token>
  <token id="40" number="39" sentence="1">of</token>
  <token id="41" number="40" sentence="1">the</token>
  <token id="42" number="41" sentence="1">junk</token>
  <token id="43" number="42" sentence="1">funds</token>
  <token id="44" number="43" sentence="1">,</token>
  <token id="45" number="44" sentence="1">or</token>
  <token id="46" number="45" sentence="1">nearly</token>
  <token id="47" number="46" sentence="1">5</token>
  <token id="48" number="47" sentence="1">%</token>
  <token id="49" number="48" sentence="1">of</token>
  <token id="50" number="49" sentence="1">their</token>
  <token id="51" number="50" sentence="1">total</token>
  <token id="52" number="51" sentence="1">assets</token>
  <token id="53" number="52" sentence="1">,</token>
  <token id="54" number="53" sentence="1">according</token>
  <token id="55" number="54" sentence="1">to</token>
  <token id="56" number="55" sentence="1">estimates</token>
  <token id="57" number="56" sentence="1">by</token>
  <token id="58" number="57" sentence="1">Dalbar</token>
  <token id="59" number="58" sentence="1">Financial</token>
  <token id="60" number="59" sentence="1">Services</token>
  <token id="61" number="60" sentence="1">Inc.,</token>
  <token id="62" number="61" sentence="1">a</token>
  <token id="63" number="62" sentence="1">Boston</token>
  <token id="64" number="63" sentence="1">research</token>
  <token id="65" number="64" sentence="1">firm</token>
  <token id="66" number="65" sentence="1">.</token>
  <token id="67" number="66" sentence="2">In</token>
  <token id="68" number="67" sentence="2">the</token>
  <token id="69" number="68" sentence="2">past</token>
  <token id="70" number="69" sentence="2">two</token>
  <token id="71" number="70" sentence="2">months</token>
  <token id="72" number="71" sentence="2">the</token>
  <token id="73" number="72" sentence="2">nation</token>
  <token id="74" number="73" sentence="2">'s</token>
  <token id="75" number="74" sentence="2">88</token>
  <token id="76" number="75" sentence="2">junk</token>
  <token id="77" number="76" sentence="2">funds</token>
  <token id="78" number="77" sentence="2">have</token>
  <token id="79" number="78" sentence="2">lost</token>
  <token id="80" number="79" sentence="2">a</token>
  <token id="81" number="80" sentence="2">total</token>
  <token id="82" number="81" sentence="2">of</token>
  <token id="83" number="82" sentence="2">about</token>
  <token id="84" number="83" sentence="2">$</token>
  <token id="85" number="84" sentence="2">6</token>
  <token id="86" number="85" sentence="2">billion</token>
  <token id="87" number="86" sentence="2">--</token>
  <token id="88" number="87" sentence="2">more</token>
  <token id="89" number="88" sentence="2">than</token>
  <token id="90" number="89" sentence="2">15</token>
  <token id="91" number="90" sentence="2">%</token>
  <token id="92" number="91" sentence="2">of</token>
  <token id="93" number="92" sentence="2">assets</token>
  <token id="94" number="93" sentence="2">--</token>
  <token id="95" number="94" sentence="2">through</token>
  <token id="96" number="95" sentence="2">sales</token>
  <token id="97" number="96" sentence="2">or</token>
  <token id="98" number="97" sentence="2">transfers</token>
  <token id="99" number="98" sentence="2">of</token>
  <token id="100" number="99" sentence="2">junk-fund</token>
  <token id="101" number="100" sentence="2">shares</token>
  <token id="102" number="101" sentence="2">,</token>
  <token id="103" number="102" sentence="2">Dalbar</token>
  <token id="104" number="103" sentence="2">says</token>
  <token id="105" number="104" sentence="2">.</token>
  <token id="106" number="105" sentence="3">It</token>
  <token id="107" number="106" sentence="3">made</token>
  <token id="108" number="107" sentence="3">the</token>
  <token id="109" number="108" sentence="3">estimates</token>
  <token id="110" number="109" sentence="3">based</token>
  <token id="111" number="110" sentence="3">on</token>
  <token id="112" number="111" sentence="3">data</token>
  <token id="113" number="112" sentence="3">collected</token>
  <token id="114" number="113" sentence="3">from</token>
  <token id="115" number="114" sentence="3">more</token>
  <token id="116" number="115" sentence="3">than</token>
  <token id="117" number="116" sentence="3">a</token>
  <token id="118" number="117" sentence="3">dozen</token>
  <token id="119" number="118" sentence="3">big</token>
  <token id="120" number="119" sentence="3">junk</token>
  <token id="121" number="120" sentence="3">funds</token>
  <token id="122" number="121" sentence="3">.</token>
  <token id="123" number="122" sentence="4">Interviews</token>
  <token id="124" number="123" sentence="4">with</token>
  <token id="125" number="124" sentence="4">three</token>
  <token id="126" number="125" sentence="4">major</token>
  <token id="127" number="126" sentence="4">fund</token>
  <token id="128" number="127" sentence="4">groups</token>
  <token id="129" number="128" sentence="4">--</token>
  <token id="130" number="129" sentence="4">Fidelity</token>
  <token id="131" number="130" sentence="4">Investments</token>
  <token id="132" number="131" sentence="4">,</token>
  <token id="133" number="132" sentence="4">Vanguard</token>
  <token id="134" number="133" sentence="4">Group</token>
  <token id="135" number="134" sentence="4">Inc.</token>
  <token id="136" number="135" sentence="4">and</token>
  <token id="137" number="136" sentence="4">T.</token>
  <token id="138" number="137" sentence="4">Rowe</token>
  <token id="139" number="138" sentence="4">Price</token>
  <token id="140" number="139" sentence="4">Associates</token>
  <token id="141" number="140" sentence="4">Inc.</token>
  <token id="142" number="141" sentence="4">--</token>
  <token id="143" number="142" sentence="4">confirm</token>
  <token id="144" number="143" sentence="4">the</token>
  <token id="145" number="144" sentence="4">trend</token>
  <token id="146" number="145" sentence="4">.</token>
  <token id="147" number="146" sentence="5">Their</token>
  <token id="148" number="147" sentence="5">junk</token>
  <token id="149" number="148" sentence="5">funds</token>
  <token id="150" number="149" sentence="5">combined</token>
  <token id="151" number="150" sentence="5">have</token>
  <token id="152" number="151" sentence="5">had</token>
  <token id="153" number="152" sentence="5">net</token>
  <token id="154" number="153" sentence="5">outflows</token>
  <token id="155" number="154" sentence="5">totaling</token>
  <token id="156" number="155" sentence="5">nearly</token>
  <token id="157" number="156" sentence="5">$</token>
  <token id="158" number="157" sentence="5">500</token>
  <token id="159" number="158" sentence="5">million</token>
  <token id="160" number="159" sentence="5">,</token>
  <token id="161" number="160" sentence="5">or</token>
  <token id="162" number="161" sentence="5">about</token>
  <token id="163" number="162" sentence="5">13</token>
  <token id="164" number="163" sentence="5">%</token>
  <token id="165" number="164" sentence="5">of</token>
  <token id="166" number="165" sentence="5">their</token>
  <token id="167" number="166" sentence="5">junk</token>
  <token id="168" number="167" sentence="5">fund</token>
  <token id="169" number="168" sentence="5">assets</token>
  <token id="170" number="169" sentence="5">,</token>
  <token id="171" number="170" sentence="5">in</token>
  <token id="172" number="171" sentence="5">the</token>
  <token id="173" number="172" sentence="5">past</token>
  <token id="174" number="173" sentence="5">two</token>
  <token id="175" number="174" sentence="5">months</token>
  <token id="176" number="175" sentence="5">.</token>
  <token id="177" number="176" sentence="6">Some</token>
  <token id="178" number="177" sentence="6">fund</token>
  <token id="179" number="178" sentence="6">managers</token>
  <token id="180" number="179" sentence="6">say</token>
  <token id="181" number="180" sentence="6">negative</token>
  <token id="182" number="181" sentence="6">publicity</token>
  <token id="183" number="182" sentence="6">has</token>
  <token id="184" number="183" sentence="6">exacerbated</token>
  <token id="185" number="184" sentence="6">investors</token>
  <token id="186" number="185" sentence="6">'</token>
  <token id="187" number="186" sentence="6">concern</token>
  <token id="188" number="187" sentence="6">about</token>
  <token id="189" number="188" sentence="6">recent</token>
  <token id="190" number="189" sentence="6">declines</token>
  <token id="191" number="190" sentence="6">in</token>
  <token id="192" number="191" sentence="6">junk-bond</token>
  <token id="193" number="192" sentence="6">prices</token>
  <token id="194" number="193" sentence="6">.</token>
  <token id="195" number="194" sentence="7">"</token>
  <token id="196" number="195" sentence="7">People</token>
  <token id="197" number="196" sentence="7">have</token>
  <token id="198" number="197" sentence="7">been</token>
  <token id="199" number="198" sentence="7">seeing</token>
  <token id="200" number="199" sentence="7">headline</token>
  <token id="201" number="200" sentence="7">after</token>
  <token id="202" number="201" sentence="7">headline</token>
  <token id="203" number="202" sentence="7">after</token>
  <token id="204" number="203" sentence="7">headline</token>
  <token id="205" number="204" sentence="7">and</token>
  <token id="206" number="205" sentence="7">saying</token>
  <token id="207" number="206" sentence="7">:</token>
  <token id="208" number="207" sentence="7">`</token>
  <token id="209" number="208" sentence="7">I</token>
  <token id="210" number="209" sentence="7">ca</token>
  <token id="211" number="210" sentence="7">n't</token>
  <token id="212" number="211" sentence="7">take</token>
  <token id="213" number="212" sentence="7">it</token>
  <token id="214" number="213" sentence="7">anymore</token>
  <token id="215" number="214" sentence="7">--</token>
  <token id="216" number="215" sentence="7">I</token>
  <token id="217" number="216" sentence="7">'m</token>
  <token id="218" number="217" sentence="7">getting</token>
  <token id="219" number="218" sentence="7">out</token>
  <token id="220" number="219" sentence="7">,</token>
  <token id="221" number="220" sentence="7">'</token>
  <token id="222" number="221" sentence="7">"</token>
  <token id="223" number="222" sentence="7">says</token>
  <token id="224" number="223" sentence="7">Kurt</token>
  <token id="225" number="224" sentence="7">Brouwer</token>
  <token id="226" number="225" sentence="7">of</token>
  <token id="227" number="226" sentence="7">Brouwer</token>
  <token id="228" number="227" sentence="7">amp</token>
  <token id="229" number="228" sentence="7">Janachowski</token>
  <token id="230" number="229" sentence="7">,</token>
  <token id="231" number="230" sentence="7">a</token>
  <token id="232" number="231" sentence="7">San</token>
  <token id="233" number="232" sentence="7">Francisco</token>
  <token id="234" number="233" sentence="7">investment</token>
  <token id="235" number="234" sentence="7">adviser</token>
  <token id="236" number="235" sentence="7">.</token>
  <token id="237" number="236" sentence="8">The</token>
  <token id="238" number="237" sentence="8">withdrawals</token>
  <token id="239" number="238" sentence="8">could</token>
  <token id="240" number="239" sentence="8">spell</token>
  <token id="241" number="240" sentence="8">trouble</token>
  <token id="242" number="241" sentence="8">for</token>
  <token id="243" number="242" sentence="8">the</token>
  <token id="244" number="243" sentence="8">$</token>
  <token id="245" number="244" sentence="8">200</token>
  <token id="246" number="245" sentence="8">billion</token>
  <token id="247" number="246" sentence="8">junk</token>
  <token id="248" number="247" sentence="8">market</token>
  <token id="249" number="248" sentence="8">.</token>
  <token id="250" number="249" sentence="9">If</token>
  <token id="251" number="250" sentence="9">the</token>
  <token id="252" number="251" sentence="9">heavy</token>
  <token id="253" number="252" sentence="9">outflows</token>
  <token id="254" number="253" sentence="9">continue</token>
  <token id="255" number="254" sentence="9">,</token>
  <token id="256" number="255" sentence="9">fund</token>
  <token id="257" number="256" sentence="9">managers</token>
  <token id="258" number="257" sentence="9">will</token>
  <token id="259" number="258" sentence="9">face</token>
  <token id="260" number="259" sentence="9">increasing</token>
  <token id="261" number="260" sentence="9">pressure</token>
  <token id="262" number="261" sentence="9">to</token>
  <token id="263" number="262" sentence="9">sell</token>
  <token id="264" number="263" sentence="9">off</token>
  <token id="265" number="264" sentence="9">some</token>
  <token id="266" number="265" sentence="9">of</token>
  <token id="267" number="266" sentence="9">their</token>
  <token id="268" number="267" sentence="9">junk</token>
  <token id="269" number="268" sentence="9">to</token>
  <token id="270" number="269" sentence="9">pay</token>
  <token id="271" number="270" sentence="9">departing</token>
  <token id="272" number="271" sentence="9">investors</token>
  <token id="273" number="272" sentence="9">in</token>
  <token id="274" number="273" sentence="9">the</token>
  <token id="275" number="274" sentence="9">weeks</token>
  <token id="276" number="275" sentence="9">ahead</token>
  <token id="277" number="276" sentence="9">.</token>
  <token id="278" number="277" sentence="10">Such</token>
  <token id="279" number="278" sentence="10">selling</token>
  <token id="280" number="279" sentence="10">could</token>
  <token id="281" number="280" sentence="10">erode</token>
  <token id="282" number="281" sentence="10">prices</token>
  <token id="283" number="282" sentence="10">of</token>
  <token id="284" number="283" sentence="10">high-yield</token>
  <token id="285" number="284" sentence="10">junk</token>
  <token id="286" number="285" sentence="10">bonds</token>
  <token id="287" number="286" sentence="10">,</token>
  <token id="288" number="287" sentence="10">already</token>
  <token id="289" number="288" sentence="10">weakened</token>
  <token id="290" number="289" sentence="10">by</token>
  <token id="291" number="290" sentence="10">a</token>
  <token id="292" number="291" sentence="10">rash</token>
  <token id="293" number="292" sentence="10">of</token>
  <token id="294" number="293" sentence="10">corporate</token>
  <token id="295" number="294" sentence="10">credit</token>
  <token id="296" number="295" sentence="10">problems</token>
  <token id="297" number="296" sentence="10">.</token>
  <token id="298" number="297" sentence="11">Mutual</token>
  <token id="299" number="298" sentence="11">fund</token>
  <token id="300" number="299" sentence="11">groups</token>
  <token id="301" number="300" sentence="11">have</token>
  <token id="302" number="301" sentence="11">n't</token>
  <token id="303" number="302" sentence="11">lost</token>
  <token id="304" number="303" sentence="11">control</token>
  <token id="305" number="304" sentence="11">of</token>
  <token id="306" number="305" sentence="11">much</token>
  <token id="307" number="306" sentence="11">of</token>
  <token id="308" number="307" sentence="11">the</token>
  <token id="309" number="308" sentence="11">outgoing</token>
  <token id="310" number="309" sentence="11">money</token>
  <token id="311" number="310" sentence="11">,</token>
  <token id="312" number="311" sentence="11">says</token>
  <token id="313" number="312" sentence="11">Louis</token>
  <token id="314" number="313" sentence="11">Harvey</token>
  <token id="315" number="314" sentence="11">,</token>
  <token id="316" number="315" sentence="11">Dalbar</token>
  <token id="317" number="316" sentence="11">'s</token>
  <token id="318" number="317" sentence="11">president</token>
  <token id="319" number="318" sentence="11">.</token>
  <token id="320" number="319" sentence="12">Mutual</token>
  <token id="321" number="320" sentence="12">fund</token>
  <token id="322" number="321" sentence="12">officials</token>
  <token id="323" number="322" sentence="12">say</token>
  <token id="324" number="323" sentence="12">that</token>
  <token id="325" number="324" sentence="12">investors</token>
  <token id="326" number="325" sentence="12">have</token>
  <token id="327" number="326" sentence="12">transferred</token>
  <token id="328" number="327" sentence="12">most</token>
  <token id="329" number="328" sentence="12">of</token>
  <token id="330" number="329" sentence="12">it</token>
  <token id="331" number="330" sentence="12">into</token>
  <token id="332" number="331" sentence="12">their</token>
  <token id="333" number="332" sentence="12">money</token>
  <token id="334" number="333" sentence="12">market</token>
  <token id="335" number="334" sentence="12">accounts</token>
  <token id="336" number="335" sentence="12">,</token>
  <token id="337" number="336" sentence="12">and</token>
  <token id="338" number="337" sentence="12">to</token>
  <token id="339" number="338" sentence="12">a</token>
  <token id="340" number="339" sentence="12">lesser</token>
  <token id="341" number="340" sentence="12">extent</token>
  <token id="342" number="341" sentence="12">,</token>
  <token id="343" number="342" sentence="12">government-bond</token>
  <token id="344" number="343" sentence="12">funds</token>
  <token id="345" number="344" sentence="12">.</token>
  <token id="346" number="345" sentence="13">So</token>
  <token id="347" number="346" sentence="13">the</token>
  <token id="348" number="347" sentence="13">impact</token>
  <token id="349" number="348" sentence="13">on</token>
  <token id="350" number="349" sentence="13">the</token>
  <token id="351" number="350" sentence="13">$</token>
  <token id="352" number="351" sentence="13">950</token>
  <token id="353" number="352" sentence="13">billion</token>
  <token id="354" number="353" sentence="13">mutual</token>
  <token id="355" number="354" sentence="13">fund</token>
  <token id="356" number="355" sentence="13">industry</token>
  <token id="357" number="356" sentence="13">as</token>
  <token id="358" number="357" sentence="13">a</token>
  <token id="359" number="358" sentence="13">whole</token>
  <token id="360" number="359" sentence="13">probably</token>
  <token id="361" number="360" sentence="13">will</token>
  <token id="362" number="361" sentence="13">be</token>
  <token id="363" number="362" sentence="13">slight</token>
  <token id="364" number="363" sentence="13">.</token>
  <token id="365" number="364" sentence="14">But</token>
  <token id="366" number="365" sentence="14">tremors</token>
  <token id="367" number="366" sentence="14">are</token>
  <token id="368" number="367" sentence="14">likely</token>
  <token id="369" number="368" sentence="14">in</token>
  <token id="370" number="369" sentence="14">the</token>
  <token id="371" number="370" sentence="14">junk-bond</token>
  <token id="372" number="371" sentence="14">market</token>
  <token id="373" number="372" sentence="14">,</token>
  <token id="374" number="373" sentence="14">which</token>
  <token id="375" number="374" sentence="14">has</token>
  <token id="376" number="375" sentence="14">helped</token>
  <token id="377" number="376" sentence="14">to</token>
  <token id="378" number="377" sentence="14">finance</token>
  <token id="379" number="378" sentence="14">the</token>
  <token id="380" number="379" sentence="14">takeover</token>
  <token id="381" number="380" sentence="14">boom</token>
  <token id="382" number="381" sentence="14">of</token>
  <token id="383" number="382" sentence="14">recent</token>
  <token id="384" number="383" sentence="14">years</token>
  <token id="385" number="384" sentence="14">.</token>
  <token id="386" number="385" sentence="15">Mutual</token>
  <token id="387" number="386" sentence="15">funds</token>
  <token id="388" number="387" sentence="15">are</token>
  <token id="389" number="388" sentence="15">the</token>
  <token id="390" number="389" sentence="15">among</token>
  <token id="391" number="390" sentence="15">the</token>
  <token id="392" number="391" sentence="15">largest</token>
  <token id="393" number="392" sentence="15">holders</token>
  <token id="394" number="393" sentence="15">of</token>
  <token id="395" number="394" sentence="15">junk</token>
  <token id="396" number="395" sentence="15">,</token>
  <token id="397" number="396" sentence="15">accounting</token>
  <token id="398" number="397" sentence="15">for</token>
  <token id="399" number="398" sentence="15">more</token>
  <token id="400" number="399" sentence="15">than</token>
  <token id="401" number="400" sentence="15">a</token>
  <token id="402" number="401" sentence="15">quarter</token>
  <token id="403" number="402" sentence="15">of</token>
  <token id="404" number="403" sentence="15">the</token>
  <token id="405" number="404" sentence="15">entire</token>
  <token id="406" number="405" sentence="15">high-yield</token>
  <token id="407" number="406" sentence="15">,</token>
  <token id="408" number="407" sentence="15">high-risk</token>
  <token id="409" number="408" sentence="15">market</token>
  <token id="410" number="409" sentence="15">.</token>
  <token id="411" number="410" sentence="16">The</token>
  <token id="412" number="411" sentence="16">88</token>
  <token id="413" number="412" sentence="16">mutual</token>
  <token id="414" number="413" sentence="16">funds</token>
  <token id="415" number="414" sentence="16">investing</token>
  <token id="416" number="415" sentence="16">solely</token>
  <token id="417" number="416" sentence="16">in</token>
  <token id="418" number="417" sentence="16">junk</token>
  <token id="419" number="418" sentence="16">bonds</token>
  <token id="420" number="419" sentence="16">hold</token>
  <token id="421" number="420" sentence="16">assets</token>
  <token id="422" number="421" sentence="16">of</token>
  <token id="423" number="422" sentence="16">about</token>
  <token id="424" number="423" sentence="16">$</token>
  <token id="425" number="424" sentence="16">32</token>
  <token id="426" number="425" sentence="16">billion</token>
  <token id="427" number="426" sentence="16">.</token>
  <token id="428" number="427" sentence="17">Other</token>
  <token id="429" number="428" sentence="17">funds</token>
  <token id="430" number="429" sentence="17">hold</token>
  <token id="431" number="430" sentence="17">a</token>
  <token id="432" number="431" sentence="17">smattering</token>
  <token id="433" number="432" sentence="17">of</token>
  <token id="434" number="433" sentence="17">junk</token>
  <token id="435" number="434" sentence="17">bonds</token>
  <token id="436" number="435" sentence="17">,</token>
  <token id="437" number="436" sentence="17">too</token>
  <token id="438" number="437" sentence="17">.</token>
  <token id="439" number="438" sentence="18">The</token>
  <token id="440" number="439" sentence="18">$</token>
  <token id="441" number="440" sentence="18">1.5</token>
  <token id="442" number="441" sentence="18">billion</token>
  <token id="443" number="442" sentence="18">Fidelity</token>
  <token id="444" number="443" sentence="18">High</token>
  <token id="445" number="444" sentence="18">Income</token>
  <token id="446" number="445" sentence="18">Fund</token>
  <token id="447" number="446" sentence="18">has</token>
  <token id="448" number="447" sentence="18">had</token>
  <token id="449" number="448" sentence="18">a</token>
  <token id="450" number="449" sentence="18">net</token>
  <token id="451" number="450" sentence="18">outflow</token>
  <token id="452" number="451" sentence="18">of</token>
  <token id="453" number="452" sentence="18">about</token>
  <token id="454" number="453" sentence="18">$</token>
  <token id="455" number="454" sentence="18">150</token>
  <token id="456" number="455" sentence="18">million</token>
  <token id="457" number="456" sentence="18">in</token>
  <token id="458" number="457" sentence="18">the</token>
  <token id="459" number="458" sentence="18">past</token>
  <token id="460" number="459" sentence="18">two</token>
  <token id="461" number="460" sentence="18">months</token>
  <token id="462" number="461" sentence="18">.</token>
  <token id="463" number="462" sentence="19">About</token>
  <token id="464" number="463" sentence="19">$</token>
  <token id="465" number="464" sentence="19">60</token>
  <token id="466" number="465" sentence="19">million</token>
  <token id="467" number="466" sentence="19">streamed</token>
  <token id="468" number="467" sentence="19">out</token>
  <token id="469" number="468" sentence="19">last</token>
  <token id="470" number="469" sentence="19">week</token>
  <token id="471" number="470" sentence="19">alone</token>
  <token id="472" number="471" sentence="19">,</token>
  <token id="473" number="472" sentence="19">double</token>
  <token id="474" number="473" sentence="19">the</token>
  <token id="475" number="474" sentence="19">level</token>
  <token id="476" number="475" sentence="19">of</token>
  <token id="477" number="476" sentence="19">the</token>
  <token id="478" number="477" sentence="19">week</token>
  <token id="479" number="478" sentence="19">following</token>
  <token id="480" number="479" sentence="19">last</token>
  <token id="481" number="480" sentence="19">month</token>
  <token id="482" number="481" sentence="19">'s</token>
  <token id="483" number="482" sentence="19">Campeau</token>
  <token id="484" number="483" sentence="19">Corp.</token>
  <token id="485" number="484" sentence="19">credit</token>
  <token id="486" number="485" sentence="19">squeeze</token>
  <token id="487" number="486" sentence="19">.</token>
  <token id="488" number="487" sentence="20">About</token>
  <token id="489" number="488" sentence="20">98</token>
  <token id="490" number="489" sentence="20">%</token>
  <token id="491" number="490" sentence="20">of</token>
  <token id="492" number="491" sentence="20">the</token>
  <token id="493" number="492" sentence="20">outflow</token>
  <token id="494" number="493" sentence="20">was</token>
  <token id="495" number="494" sentence="20">transferred</token>
  <token id="496" number="495" sentence="20">to</token>
  <token id="497" number="496" sentence="20">other</token>
  <token id="498" number="497" sentence="20">Fidelity</token>
  <token id="499" number="498" sentence="20">funds</token>
  <token id="500" number="499" sentence="20">,</token>
  <token id="501" number="500" sentence="20">says</token>
  <token id="502" number="501" sentence="20">Neal</token>
  <token id="503" number="502" sentence="20">Litvack</token>
  <token id="504" number="503" sentence="20">,</token>
  <token id="505" number="504" sentence="20">a</token>
  <token id="506" number="505" sentence="20">Fidelity</token>
  <token id="507" number="506" sentence="20">vice</token>
  <token id="508" number="507" sentence="20">president</token>
  <token id="509" number="508" sentence="20">,</token>
  <token id="510" number="509" sentence="20">marketing</token>
  <token id="511" number="510" sentence="20">,</token>
  <token id="512" number="511" sentence="20">with</token>
  <token id="513" number="512" sentence="20">most</token>
  <token id="514" number="513" sentence="20">going</token>
  <token id="515" number="514" sentence="20">into</token>
  <token id="516" number="515" sentence="20">money</token>
  <token id="517" number="516" sentence="20">market</token>
  <token id="518" number="517" sentence="20">funds</token>
  <token id="519" number="518" sentence="20">.</token>
  <token id="520" number="519" sentence="21">"</token>
  <token id="521" number="520" sentence="21">You</token>
  <token id="522" number="521" sentence="21">get</token>
  <token id="523" number="522" sentence="21">a</token>
  <token id="524" number="523" sentence="21">news</token>
  <token id="525" number="524" sentence="21">item</token>
  <token id="526" number="525" sentence="21">,</token>
  <token id="527" number="526" sentence="21">it</token>
  <token id="528" number="527" sentence="21">hits</token>
  <token id="529" number="528" sentence="21">,</token>
  <token id="530" number="529" sentence="21">you</token>
  <token id="531" number="530" sentence="21">have</token>
  <token id="532" number="531" sentence="21">strong</token>
  <token id="533" number="532" sentence="21">redemptions</token>
  <token id="534" number="533" sentence="21">that</token>
  <token id="535" number="534" sentence="21">day</token>
  <token id="536" number="535" sentence="21">and</token>
  <token id="537" number="536" sentence="21">for</token>
  <token id="538" number="537" sentence="21">two</token>
  <token id="539" number="538" sentence="21">days</token>
  <token id="540" number="539" sentence="21">following</token>
  <token id="541" number="540" sentence="21">--</token>
  <token id="542" number="541" sentence="21">then</token>
  <token id="543" number="542" sentence="21">go</token>
  <token id="544" number="543" sentence="21">back</token>
  <token id="545" number="544" sentence="21">to</token>
  <token id="546" number="545" sentence="21">normal</token>
  <token id="547" number="546" sentence="21">,</token>
  <token id="548" number="547" sentence="21">"</token>
  <token id="549" number="548" sentence="21">says</token>
  <token id="550" number="549" sentence="21">Mr.</token>
  <token id="551" number="550" sentence="21">Litvack</token>
  <token id="552" number="551" sentence="21">.</token>
  <token id="553" number="552" sentence="22">The</token>
  <token id="554" number="553" sentence="22">fund</token>
  <token id="555" number="554" sentence="22">,</token>
  <token id="556" number="555" sentence="22">with</token>
  <token id="557" number="556" sentence="22">a</token>
  <token id="558" number="557" sentence="22">cash</token>
  <token id="559" number="558" sentence="22">cushion</token>
  <token id="560" number="559" sentence="22">of</token>
  <token id="561" number="560" sentence="22">more</token>
  <token id="562" number="561" sentence="22">than</token>
  <token id="563" number="562" sentence="22">10</token>
  <token id="564" number="563" sentence="22">%</token>
  <token id="565" number="564" sentence="22">,</token>
  <token id="566" number="565" sentence="22">has</token>
  <token id="567" number="566" sentence="22">"</token>
  <token id="568" number="567" sentence="22">met</token>
  <token id="569" number="568" sentence="22">all</token>
  <token id="570" number="569" sentence="22">the</token>
  <token id="571" number="570" sentence="22">redemptions</token>
  <token id="572" number="571" sentence="22">without</token>
  <token id="573" number="572" sentence="22">having</token>
  <token id="574" number="573" sentence="22">to</token>
  <token id="575" number="574" sentence="22">sell</token>
  <token id="576" number="575" sentence="22">one</token>
  <token id="577" number="576" sentence="22">thing</token>
  <token id="578" number="577" sentence="22">,</token>
  <token id="579" number="578" sentence="22">"</token>
  <token id="580" number="579" sentence="22">Mr.</token>
  <token id="581" number="580" sentence="22">Litvack</token>
  <token id="582" number="581" sentence="22">says</token>
  <token id="583" number="582" sentence="22">.</token>
  <token id="584" number="583" sentence="23">He</token>
  <token id="585" number="584" sentence="23">adds</token>
  <token id="586" number="585" sentence="23">:</token>
  <token id="587" number="586" sentence="23">"</token>
  <token id="588" number="587" sentence="23">Our</token>
  <token id="589" number="588" sentence="23">fund</token>
  <token id="590" number="589" sentence="23">has</token>
  <token id="591" number="590" sentence="23">had</token>
  <token id="592" number="591" sentence="23">{</token>
  <token id="593" number="592" sentence="23">positive</token>
  <token id="594" number="593" sentence="23">}</token>
  <token id="595" number="594" sentence="23">net</token>
  <token id="596" number="595" sentence="23">sales</token>
  <token id="597" number="596" sentence="23">every</token>
  <token id="598" number="597" sentence="23">month</token>
  <token id="599" number="598" sentence="23">for</token>
  <token id="600" number="599" sentence="23">the</token>
  <token id="601" number="600" sentence="23">last</token>
  <token id="602" number="601" sentence="23">three</token>
  <token id="603" number="602" sentence="23">years</token>
  <token id="604" number="603" sentence="23">--</token>
  <token id="605" number="604" sentence="23">until</token>
  <token id="606" number="605" sentence="23">this</token>
  <token id="607" number="606" sentence="23">month</token>
  <token id="608" number="607" sentence="23">.</token>
  <token id="609" number="608" sentence="23">"</token>
  <token id="610" number="609" sentence="24">Vanguard</token>
  <token id="611" number="610" sentence="24">'s</token>
  <token id="612" number="611" sentence="24">$</token>
  <token id="613" number="612" sentence="24">1</token>
  <token id="614" number="613" sentence="24">billion</token>
  <token id="615" number="614" sentence="24">High</token>
  <token id="616" number="615" sentence="24">Yield</token>
  <token id="617" number="616" sentence="24">Bond</token>
  <token id="618" number="617" sentence="24">Portfolio</token>
  <token id="619" number="618" sentence="24">has</token>
  <token id="620" number="619" sentence="24">seen</token>
  <token id="621" number="620" sentence="24">$</token>
  <token id="622" number="621" sentence="24">161</token>
  <token id="623" number="622" sentence="24">million</token>
  <token id="624" number="623" sentence="24">flow</token>
  <token id="625" number="624" sentence="24">out</token>
  <token id="626" number="625" sentence="24">since</token>
  <token id="627" number="626" sentence="24">early</token>
  <token id="628" number="627" sentence="24">September</token>
  <token id="629" number="628" sentence="24">;</token>
  <token id="630" number="629" sentence="25">$</token>
  <token id="631" number="630" sentence="25">14</token>
  <token id="632" number="631" sentence="25">million</token>
  <token id="633" number="632" sentence="25">of</token>
  <token id="634" number="633" sentence="25">that</token>
  <token id="635" number="634" sentence="25">seeped</token>
  <token id="636" number="635" sentence="25">out</token>
  <token id="637" number="636" sentence="25">Friday</token>
  <token id="638" number="637" sentence="25">Oct.</token>
  <token id="639" number="638" sentence="25">13</token>
  <token id="640" number="639" sentence="25">alone</token>
  <token id="641" number="640" sentence="25">.</token>
  <token id="642" number="641" sentence="26">Still</token>
  <token id="643" number="642" sentence="26">,</token>
  <token id="644" number="643" sentence="26">two-thirds</token>
  <token id="645" number="644" sentence="26">of</token>
  <token id="646" number="645" sentence="26">the</token>
  <token id="647" number="646" sentence="26">outflow</token>
  <token id="648" number="647" sentence="26">has</token>
  <token id="649" number="648" sentence="26">been</token>
  <token id="650" number="649" sentence="26">steered</token>
  <token id="651" number="650" sentence="26">into</token>
  <token id="652" number="651" sentence="26">other</token>
  <token id="653" number="652" sentence="26">Vanguard</token>
  <token id="654" number="653" sentence="26">portfolios</token>
  <token id="655" number="654" sentence="26">,</token>
  <token id="656" number="655" sentence="26">says</token>
  <token id="657" number="656" sentence="26">Brian</token>
  <token id="658" number="657" sentence="26">Mattes</token>
  <token id="659" number="658" sentence="26">,</token>
  <token id="660" number="659" sentence="26">a</token>
  <token id="661" number="660" sentence="26">vice</token>
  <token id="662" number="661" sentence="26">president</token>
  <token id="663" number="662" sentence="26">.</token>
  <token id="664" number="663" sentence="27">The</token>
  <token id="665" number="664" sentence="27">fund</token>
  <token id="666" number="665" sentence="27">now</token>
  <token id="667" number="666" sentence="27">holds</token>
  <token id="668" number="667" sentence="27">a</token>
  <token id="669" number="668" sentence="27">cash</token>
  <token id="670" number="669" sentence="27">position</token>
  <token id="671" number="670" sentence="27">of</token>
  <token id="672" number="671" sentence="27">about</token>
  <token id="673" number="672" sentence="27">15</token>
  <token id="674" number="673" sentence="27">%</token>
  <token id="675" number="674" sentence="27">.</token>
  <token id="676" number="675" sentence="28">At</token>
  <token id="677" number="676" sentence="28">the</token>
  <token id="678" number="677" sentence="28">$</token>
  <token id="679" number="678" sentence="28">932</token>
  <token id="680" number="679" sentence="28">million</token>
  <token id="681" number="680" sentence="28">T.</token>
  <token id="682" number="681" sentence="28">Rowe</token>
  <token id="683" number="682" sentence="28">Price</token>
  <token id="684" number="683" sentence="28">High</token>
  <token id="685" number="684" sentence="28">Yield</token>
  <token id="686" number="685" sentence="28">Fund</token>
  <token id="687" number="686" sentence="28">,</token>
  <token id="688" number="687" sentence="28">investors</token>
  <token id="689" number="688" sentence="28">yanked</token>
  <token id="690" number="689" sentence="28">out</token>
  <token id="691" number="690" sentence="28">about</token>
  <token id="692" number="691" sentence="28">$</token>
  <token id="693" number="692" sentence="28">182</token>
  <token id="694" number="693" sentence="28">million</token>
  <token id="695" number="694" sentence="28">in</token>
  <token id="696" number="695" sentence="28">the</token>
  <token id="697" number="696" sentence="28">past</token>
  <token id="698" number="697" sentence="28">two</token>
  <token id="699" number="698" sentence="28">months</token>
  <token id="700" number="699" sentence="28">.</token>
  <token id="701" number="700" sentence="29">Those</token>
  <token id="702" number="701" sentence="29">withdrawals</token>
  <token id="703" number="702" sentence="29">,</token>
  <token id="704" number="703" sentence="29">most</token>
  <token id="705" number="704" sentence="29">of</token>
  <token id="706" number="705" sentence="29">which</token>
  <token id="707" number="706" sentence="29">were</token>
  <token id="708" number="707" sentence="29">transferred</token>
  <token id="709" number="708" sentence="29">to</token>
  <token id="710" number="709" sentence="29">other</token>
  <token id="711" number="710" sentence="29">T.</token>
  <token id="712" number="711" sentence="29">Rowe</token>
  <token id="713" number="712" sentence="29">Price</token>
  <token id="714" number="713" sentence="29">funds</token>
  <token id="715" number="714" sentence="29">,</token>
  <token id="716" number="715" sentence="29">followed</token>
  <token id="717" number="716" sentence="29">little</token>
  <token id="718" number="717" sentence="29">change</token>
  <token id="719" number="718" sentence="29">in</token>
  <token id="720" number="719" sentence="29">the</token>
  <token id="721" number="720" sentence="29">fund</token>
  <token id="722" number="721" sentence="29">'s</token>
  <token id="723" number="722" sentence="29">sales</token>
  <token id="724" number="723" sentence="29">picture</token>
  <token id="725" number="724" sentence="29">this</token>
  <token id="726" number="725" sentence="29">year</token>
  <token id="727" number="726" sentence="29">through</token>
  <token id="728" number="727" sentence="29">August</token>
  <token id="729" number="728" sentence="29">.</token>
  <token id="730" number="729" sentence="29">"</token>
  <token id="731" number="730" sentence="30">The</token>
  <token id="732" number="731" sentence="30">last</token>
  <token id="733" number="732" sentence="30">two</token>
  <token id="734" number="733" sentence="30">months</token>
  <token id="735" number="734" sentence="30">have</token>
  <token id="736" number="735" sentence="30">been</token>
  <token id="737" number="736" sentence="30">the</token>
  <token id="738" number="737" sentence="30">whole</token>
  <token id="739" number="738" sentence="30">ball</token>
  <token id="740" number="739" sentence="30">game</token>
  <token id="741" number="740" sentence="30">,</token>
  <token id="742" number="741" sentence="30">"</token>
  <token id="743" number="742" sentence="30">says</token>
  <token id="744" number="743" sentence="30">Steven</token>
  <token id="745" number="744" sentence="30">Norwitz</token>
  <token id="746" number="745" sentence="30">,</token>
  <token id="747" number="746" sentence="30">a</token>
  <token id="748" number="747" sentence="30">vice</token>
  <token id="749" number="748" sentence="30">president</token>
  <token id="750" number="749" sentence="30">.</token>
  <token id="751" number="750" sentence="31">Junk-fund</token>
  <token id="752" number="751" sentence="31">holders</token>
  <token id="753" number="752" sentence="31">have</token>
  <token id="754" number="753" sentence="31">barely</token>
  <token id="755" number="754" sentence="31">broken</token>
  <token id="756" number="755" sentence="31">even</token>
  <token id="757" number="756" sentence="31">this</token>
  <token id="758" number="757" sentence="31">year</token>
  <token id="759" number="758" sentence="31">,</token>
  <token id="760" number="759" sentence="31">as</token>
  <token id="761" number="760" sentence="31">fat</token>
  <token id="762" number="761" sentence="31">interest</token>
  <token id="763" number="762" sentence="31">payments</token>
  <token id="764" number="763" sentence="31">barely</token>
  <token id="765" number="764" sentence="31">managed</token>
  <token id="766" number="765" sentence="31">to</token>
  <token id="767" number="766" sentence="31">offset</token>
  <token id="768" number="767" sentence="31">declining</token>
  <token id="769" number="768" sentence="31">prices</token>
  <token id="770" number="769" sentence="31">.</token>
  <token id="771" number="770" sentence="32">Through</token>
  <token id="772" number="771" sentence="32">Oct</token>
  <token id="773" number="772" sentence="32">.</token>
  <token id="774" number="773" sentence="32">19</token>
  <token id="775" number="774" sentence="32">,</token>
  <token id="776" number="775" sentence="32">high-yield</token>
  <token id="777" number="776" sentence="32">funds</token>
  <token id="778" number="777" sentence="32">had</token>
  <token id="779" number="778" sentence="32">an</token>
  <token id="780" number="779" sentence="32">average</token>
  <token id="781" number="780" sentence="32">0.85</token>
  <token id="782" number="781" sentence="32">%</token>
  <token id="783" number="782" sentence="32">total</token>
  <token id="784" number="783" sentence="32">return</token>
  <token id="785" number="784" sentence="32">(</token>
  <token id="786" number="785" sentence="32">the</token>
  <token id="787" number="786" sentence="32">price</token>
  <token id="788" number="787" sentence="32">change</token>
  <token id="789" number="788" sentence="32">plus</token>
  <token id="790" number="789" sentence="32">dividends</token>
  <token id="791" number="790" sentence="32">on</token>
  <token id="792" number="791" sentence="32">fund</token>
  <token id="793" number="792" sentence="32">shares</token>
  <token id="794" number="793" sentence="32">)</token>
  <token id="795" number="794" sentence="32">,</token>
  <token id="796" number="795" sentence="32">according</token>
  <token id="797" number="796" sentence="32">to</token>
  <token id="798" number="797" sentence="32">Lipper</token>
  <token id="799" number="798" sentence="32">Analytical</token>
  <token id="800" number="799" sentence="32">Services</token>
  <token id="801" number="800" sentence="32">Inc.</token>
  <token id="802" number="801" sentence="33">That</token>
  <token id="803" number="802" sentence="33">'s</token>
  <token id="804" number="803" sentence="33">even</token>
  <token id="805" number="804" sentence="33">less</token>
  <token id="806" number="805" sentence="33">than</token>
  <token id="807" number="806" sentence="33">the</token>
  <token id="808" number="807" sentence="33">4.35</token>
  <token id="809" number="808" sentence="33">%</token>
  <token id="810" number="809" sentence="33">total</token>
  <token id="811" number="810" sentence="33">return</token>
  <token id="812" number="811" sentence="33">of</token>
  <token id="813" number="812" sentence="33">the</token>
  <token id="814" number="813" sentence="33">Merrill</token>
  <token id="815" number="814" sentence="33">Lynch</token>
  <token id="816" number="815" sentence="33">High</token>
  <token id="817" number="816" sentence="33">-</token>
  <token id="818" number="817" sentence="33">Yield</token>
  <token id="819" number="818" sentence="33">Index</token>
  <token id="820" number="819" sentence="33">.</token>
  <token id="821" number="820" sentence="34">Fidelity</token>
  <token id="822" number="821" sentence="34">'s</token>
  <token id="823" number="822" sentence="34">junk</token>
  <token id="824" number="823" sentence="34">fund</token>
  <token id="825" number="824" sentence="34">has</token>
  <token id="826" number="825" sentence="34">fallen</token>
  <token id="827" number="826" sentence="34">2.08</token>
  <token id="828" number="827" sentence="34">%</token>
  <token id="829" number="828" sentence="34">this</token>
  <token id="830" number="829" sentence="34">year</token>
  <token id="831" number="830" sentence="34">through</token>
  <token id="832" number="831" sentence="34">Oct</token>
  <token id="833" number="832" sentence="34">.</token>
  <token id="834" number="833" sentence="34">19</token>
  <token id="835" number="834" sentence="34">,</token>
  <token id="836" number="835" sentence="34">Lipper</token>
  <token id="837" number="836" sentence="34">says</token>
  <token id="838" number="837" sentence="34">;</token>
  <token id="839" number="838" sentence="35">the</token>
  <token id="840" number="839" sentence="35">Vanguard</token>
  <token id="841" number="840" sentence="35">fund</token>
  <token id="842" number="841" sentence="35">rose</token>
  <token id="843" number="842" sentence="35">1.84</token>
  <token id="844" number="843" sentence="35">%</token>
  <token id="845" number="844" sentence="35">;</token>
  <token id="846" number="845" sentence="36">and</token>
  <token id="847" number="846" sentence="36">the</token>
  <token id="848" number="847" sentence="36">T.</token>
  <token id="849" number="848" sentence="36">Rowe</token>
  <token id="850" number="849" sentence="36">Price</token>
  <token id="851" number="850" sentence="36">fund</token>
  <token id="852" number="851" sentence="36">edged</token>
  <token id="853" number="852" sentence="36">up</token>
  <token id="854" number="853" sentence="36">0.66</token>
  <token id="855" number="854" sentence="36">%</token>
  <token id="856" number="855" sentence="36">.</token>
  <token id="857" number="856" sentence="37">People</token>
  <token id="858" number="857" sentence="37">who</token>
  <token id="859" number="858" sentence="37">remain</token>
  <token id="860" number="859" sentence="37">in</token>
  <token id="861" number="860" sentence="37">junk</token>
  <token id="862" number="861" sentence="37">funds</token>
  <token id="863" number="862" sentence="37">now</token>
  <token id="864" number="863" sentence="37">could</token>
  <token id="865" number="864" sentence="37">get</token>
  <token id="866" number="865" sentence="37">hit</token>
  <token id="867" number="866" sentence="37">again</token>
  <token id="868" number="867" sentence="37">,</token>
  <token id="869" number="868" sentence="37">some</token>
  <token id="870" number="869" sentence="37">analysts</token>
  <token id="871" number="870" sentence="37">and</token>
  <token id="872" number="871" sentence="37">fund</token>
  <token id="873" number="872" sentence="37">specialists</token>
  <token id="874" number="873" sentence="37">say</token>
  <token id="875" number="874" sentence="37">.</token>
  <token id="876" number="875" sentence="38">Many</token>
  <token id="877" number="876" sentence="38">funds</token>
  <token id="878" number="877" sentence="38">in</token>
  <token id="879" number="878" sentence="38">recent</token>
  <token id="880" number="879" sentence="38">weeks</token>
  <token id="881" number="880" sentence="38">and</token>
  <token id="882" number="881" sentence="38">months</token>
  <token id="883" number="882" sentence="38">have</token>
  <token id="884" number="883" sentence="38">been</token>
  <token id="885" number="884" sentence="38">selling</token>
  <token id="886" number="885" sentence="38">their</token>
  <token id="887" number="886" sentence="38">highest-quality</token>
  <token id="888" number="887" sentence="38">junk</token>
  <token id="889" number="888" sentence="38">issues</token>
  <token id="890" number="889" sentence="38">,</token>
  <token id="891" number="890" sentence="38">such</token>
  <token id="892" number="891" sentence="38">as</token>
  <token id="893" number="892" sentence="38">RJR</token>
  <token id="894" number="893" sentence="38">Nabisco</token>
  <token id="895" number="894" sentence="38">,</token>
  <token id="896" number="895" sentence="38">to</token>
  <token id="897" number="896" sentence="38">raise</token>
  <token id="898" number="897" sentence="38">cash</token>
  <token id="899" number="898" sentence="38">to</token>
  <token id="900" number="899" sentence="38">meet</token>
  <token id="901" number="900" sentence="38">expected</token>
  <token id="902" number="901" sentence="38">redemptions</token>
  <token id="903" number="902" sentence="38">.</token>
  <token id="904" number="903" sentence="39">Funds</token>
  <token id="905" number="904" sentence="39">might</token>
  <token id="906" number="905" sentence="39">be</token>
  <token id="907" number="906" sentence="39">forced</token>
  <token id="908" number="907" sentence="39">to</token>
  <token id="909" number="908" sentence="39">accept</token>
  <token id="910" number="909" sentence="39">lower</token>
  <token id="911" number="910" sentence="39">prices</token>
  <token id="912" number="911" sentence="39">if</token>
  <token id="913" number="912" sentence="39">they</token>
  <token id="914" number="913" sentence="39">expand</token>
  <token id="915" number="914" sentence="39">their</token>
  <token id="916" number="915" sentence="39">selling</token>
  <token id="917" number="916" sentence="39">to</token>
  <token id="918" number="917" sentence="39">the</token>
  <token id="919" number="918" sentence="39">securities</token>
  <token id="920" number="919" sentence="39">of</token>
  <token id="921" number="920" sentence="39">less-creditworthy</token>
  <token id="922" number="921" sentence="39">borrowers</token>
  <token id="923" number="922" sentence="39">.</token>
  <token id="924" number="923" sentence="40">And</token>
  <token id="925" number="924" sentence="40">then</token>
  <token id="926" number="925" sentence="40">,</token>
  <token id="927" number="926" sentence="40">asset</token>
  <token id="928" number="927" sentence="40">values</token>
  <token id="929" number="928" sentence="40">of</token>
  <token id="930" number="929" sentence="40">the</token>
  <token id="931" number="930" sentence="40">funds</token>
  <token id="932" number="931" sentence="40">could</token>
  <token id="933" number="932" sentence="40">plunge</token>
  <token id="934" number="933" sentence="40">more</token>
  <token id="935" number="934" sentence="40">than</token>
  <token id="936" number="935" sentence="40">they</token>
  <token id="937" number="936" sentence="40">have</token>
  <token id="938" number="937" sentence="40">so</token>
  <token id="939" number="938" sentence="40">far</token>
  <token id="940" number="939" sentence="40">.</token>
  <token id="941" number="940" sentence="41">Says</token>
  <token id="942" number="941" sentence="41">Michael</token>
  <token id="943" number="942" sentence="41">Hirsch</token>
  <token id="944" number="943" sentence="41">,</token>
  <token id="945" number="944" sentence="41">chief</token>
  <token id="946" number="945" sentence="41">investment</token>
  <token id="947" number="946" sentence="41">officer</token>
  <token id="948" number="947" sentence="41">of</token>
  <token id="949" number="948" sentence="41">Republic</token>
  <token id="950" number="949" sentence="41">National</token>
  <token id="951" number="950" sentence="41">Bank</token>
  <token id="952" number="951" sentence="41">and</token>
  <token id="953" number="952" sentence="41">manager</token>
  <token id="954" number="953" sentence="41">of</token>
  <token id="955" number="954" sentence="41">the</token>
  <token id="956" number="955" sentence="41">FundTrust</token>
  <token id="957" number="956" sentence="41">Group</token>
  <token id="958" number="957" sentence="41">in</token>
  <token id="959" number="958" sentence="41">New</token>
  <token id="960" number="959" sentence="41">York</token>
  <token id="961" number="960" sentence="41">:</token>
  <token id="962" number="961" sentence="41">"</token>
  <token id="963" number="962" sentence="41">It</token>
  <token id="964" number="963" sentence="41">'s</token>
  <token id="965" number="964" sentence="41">a</token>
  <token id="966" number="965" sentence="41">time</token>
  <token id="967" number="966" sentence="41">bomb</token>
  <token id="968" number="967" sentence="41">just</token>
  <token id="969" number="968" sentence="41">waiting</token>
  <token id="970" number="969" sentence="41">to</token>
  <token id="971" number="970" sentence="41">go</token>
  <token id="972" number="971" sentence="41">off</token>
  <token id="973" number="972" sentence="41">.</token>
  <token id="974" number="973" sentence="41">"</token>
</Document>
