<Document doc_name="wsj_1013">
  <Markables>
    <TIMEX3 RELATED_TO="" TAG_DESCRIPTOR="Empty_Mark" beginPoint="" comment="" endPoint="" freq="" functionInDocument="CREATION_TIME" id="0" quant="" type="DATE" value="1989-10-26" />
    <EVENT aspect="NONE" certainty="" class="OCCURRENCE" comment="" factuality="" id="1" modality="NONE" polarity="POS" pos="VERB" tense="PRESPART">
      <token_anchor id="7" />
    </EVENT>
    <C-SIGNAL id="2">
      <token_anchor id="8" />
    </C-SIGNAL>
    <EVENT aspect="NONE" certainty="" class="OCCURRENCE" comment="" factuality="" id="3" modality="NONE" polarity="POS" pos="NOUN" tense="NONE">
      <token_anchor id="10" />
    </EVENT>
    <EVENT aspect="NONE" certainty="" class="OCCURRENCE" comment="" factuality="" id="4" modality="NONE" polarity="POS" pos="VERB" tense="PASTPART">
      <token_anchor id="11" />
    </EVENT>
    <EVENT aspect="NONE" certainty="" class="OCCURRENCE" comment="" factuality="" id="5" modality="NONE" polarity="POS" pos="NOUN" tense="NONE">
      <token_anchor id="17" />
    </EVENT>
    <EVENT aspect="NONE" certainty="" class="REPORTING" comment="" factuality="" id="6" modality="NONE" polarity="POS" pos="VERB" tense="PAST">
      <token_anchor id="23" />
    </EVENT>
    <EVENT aspect="NONE" certainty="" class="OCCURRENCE" comment="" factuality="" id="7" modality="NONE" polarity="POS" pos="NOUN" tense="NONE">
      <token_anchor id="25" />
    </EVENT>
    <TIMEX3 anchorTimeID="0" beginPoint="" comment="" endPoint="" freq="" functionInDocument="NONE" id="8" quant="" type="DATE" value="1989-Q3">
      <token_anchor id="27" />
      <token_anchor id="28" />
      <token_anchor id="29" />
    </TIMEX3>
    <TIMEX3 anchorTimeID="8" beginPoint="" comment="" endPoint="" freq="" functionInDocument="NONE" id="9" quant="" type="DATE" value="1988-Q3">
      <token_anchor id="42" />
      <token_anchor id="43" />
      <token_anchor id="44" />
      <token_anchor id="45" />
      <token_anchor id="46" />
    </TIMEX3>
    <EVENT aspect="NONE" certainty="" class="REPORTING" comment="" factuality="" id="10" modality="NONE" polarity="POS" pos="VERB" tense="PAST">
      <token_anchor id="49" />
    </EVENT>
    <EVENT aspect="NONE" certainty="" class="OCCURRENCE" comment="" factuality="" id="11" modality="NONE" polarity="POS" pos="VERB" tense="PAST">
      <token_anchor id="64" />
    </EVENT>
    <TIMEX3 anchorTimeID="0" beginPoint="" comment="" endPoint="" freq="" functionInDocument="NONE" id="12" quant="" type="DATE" value="1989-QX">
      <token_anchor id="70" />
      <token_anchor id="71" />
      <token_anchor id="72" />
    </TIMEX3>
    <TIMEX3 anchorTimeID="12" beginPoint="" comment="" endPoint="" freq="" functionInDocument="NONE" id="13" quant="" type="DATE" value="1988-QX">
      <token_anchor id="77" />
      <token_anchor id="78" />
      <token_anchor id="79" />
    </TIMEX3>
    <EVENT aspect="NONE" certainty="" class="OCCURRENCE" comment="" factuality="" id="14" modality="NONE" polarity="POS" pos="NOUN" tense="NONE">
      <token_anchor id="82" />
    </EVENT>
    <EVENT aspect="NONE" certainty="" class="OCCURRENCE" comment="" factuality="" id="15" modality="NONE" polarity="POS" pos="VERB" tense="PRESENT">
      <token_anchor id="83" />
    </EVENT>
    <EVENT aspect="NONE" certainty="" class="OCCURRENCE" comment="" factuality="" id="16" modality="NONE" polarity="POS" pos="NOUN" tense="NONE">
      <token_anchor id="89" />
    </EVENT>
    <EVENT aspect="NONE" certainty="" class="OCCURRENCE" comment="" factuality="" id="17" modality="NONE" polarity="POS" pos="VERB" tense="PRESENT">
      <token_anchor id="123" />
    </EVENT>
    <EVENT aspect="NONE" certainty="" class="OCCURRENCE" comment="" factuality="" id="18" modality="NONE" polarity="POS" pos="NOUN" tense="NONE">
      <token_anchor id="126" />
    </EVENT>
    <TIMEX3 anchorTimeID="0" beginPoint="" comment="" endPoint="" freq="" functionInDocument="NONE" id="19" quant="" type="DATE" value="PAST_REF">
      <token_anchor id="128" />
      <token_anchor id="129" />
    </TIMEX3>
    <EVENT aspect="NONE" certainty="" class="OCCURRENCE" comment="" factuality="" id="20" modality="NONE" polarity="POS" pos="NOUN" tense="NONE">
      <token_anchor id="147" />
    </EVENT>
    <EVENT aspect="PERFECTIVE" certainty="" class="OCCURRENCE" comment="" factuality="" id="21" modality="NONE" polarity="POS" pos="VERB" tense="PRESENT">
      <token_anchor id="150" />
    </EVENT>
    <TIMEX3 beginPoint="" comment="" endPoint="" freq="" functionInDocument="NONE" id="22" quant="" type="DURATION" value="P9M">
      <token_anchor id="166" />
      <token_anchor id="167" />
      <token_anchor id="168" />
    </TIMEX3>
    <EVENT aspect="NONE" certainty="" class="OCCURRENCE" comment="" factuality="" id="23" modality="NONE" polarity="POS" pos="VERB" tense="PAST">
      <token_anchor id="171" />
    </EVENT>
    <TIMEX3 anchorTimeID="0" beginPoint="" comment="" endPoint="" freq="" functionInDocument="NONE" id="24" quant="" type="DATE" value="1988">
      <token_anchor id="197" />
      <token_anchor id="198" />
      <token_anchor id="199" />
    </TIMEX3>
    <EVENT aspect="NONE" certainty="" class="OCCURRENCE" comment="" factuality="" id="25" modality="NONE" polarity="POS" pos="VERB" tense="PAST">
      <token_anchor id="228" />
    </EVENT>
    <EVENT aspect="NONE" certainty="" class="OCCURRENCE" comment="" factuality="" id="26" modality="NONE" polarity="POS" pos="NOUN" tense="NONE">
      <token_anchor id="235" />
    </EVENT>
    <EVENT aspect="NONE" certainty="" class="OCCURRENCE" comment="" factuality="" id="27" modality="NONE" polarity="POS" pos="VERB" tense="PRESPART">
      <token_anchor id="240" />
    </EVENT>
    <TIMEX3 anchorTimeID="0" beginPoint="" comment="" endPoint="" freq="" functionInDocument="NONE" id="28" quant="" type="DATE" value="1989-09-30">
      <token_anchor id="259" />
      <token_anchor id="260" />
      <token_anchor id="261" />
    </TIMEX3>
    <TIMEX3 anchorTimeID="0" beginPoint="" comment="" endPoint="" freq="" functionInDocument="NONE" id="29" quant="" type="DATE" value="1989-06-30">
      <token_anchor id="264" />
      <token_anchor id="265" />
    </TIMEX3>
    <EVENT aspect="NONE" certainty="" class="OCCURRENCE" comment="" factuality="" id="30" modality="NONE" polarity="POS" pos="VERB" tense="PAST">
      <token_anchor id="269" />
    </EVENT>
    <EVENT aspect="NONE" certainty="" class="REPORTING" comment="" factuality="" id="31" modality="NONE" polarity="POS" pos="VERB" tense="PAST">
      <token_anchor id="277" />
    </EVENT>
    <EVENT aspect="NONE" certainty="" class="OCCURRENCE" comment="" factuality="" id="32" modality="NONE" polarity="POS" pos="VERB" tense="FUTURE">
      <token_anchor id="285" />
    </EVENT>
    <EVENT aspect="NONE" certainty="" class="OCCURRENCE" comment="" factuality="" id="33" modality="NONE" polarity="POS" pos="VERB" tense="FUTURE">
      <token_anchor id="289" />
    </EVENT>
    <EVENT aspect="NONE" certainty="" class="OCCURRENCE" comment="" factuality="" id="34" modality="NONE" polarity="POS" pos="VERB" tense="PRESENT">
      <token_anchor id="300" />
    </EVENT>
    <EVENT aspect="NONE" certainty="" class="OCCURRENCE" comment="" factuality="" id="35" modality="NONE" polarity="POS" pos="ADJECTIVE" tense="NONE">
      <token_anchor id="304" />
    </EVENT>
    <EVENT aspect="NONE" certainty="" class="OCCURRENCE" comment="" factuality="" id="36" modality="NONE" polarity="POS" pos="VERB" tense="PRESENT">
      <token_anchor id="310" />
    </EVENT>
    <EVENT aspect="NONE" certainty="" class="OCCURRENCE" comment="" factuality="" id="37" modality="NONE" polarity="POS" pos="VERB" tense="INFINITIVE">
      <token_anchor id="313" />
    </EVENT>
    <TIMEX3 beginPoint="" comment="" endPoint="" freq="" functionInDocument="NONE" id="38" quant="" type="DATE" value="1994">
      <token_anchor id="319" />
    </TIMEX3>
    <EVENT aspect="NONE" certainty="" class="OCCURRENCE" comment="" factuality="" id="39" modality="have to" polarity="NEG" pos="VERB" tense="PAST">
      <token_anchor id="328" />
    </EVENT>
    <EVENT aspect="NONE" certainty="" class="OCCURRENCE" comment="" factuality="" id="40" modality="NONE" polarity="POS" pos="VERB" tense="INFINITIVE">
      <token_anchor id="337" />
    </EVENT>
    <EVENT aspect="NONE" certainty="" class="OCCURRENCE" comment="" factuality="" id="41" modality="NONE" polarity="POS" pos="NOUN" tense="NONE">
      <token_anchor id="338" />
    </EVENT>
    <C-SIGNAL id="42">
      <token_anchor id="343" />
    </C-SIGNAL>
    <EVENT aspect="NONE" certainty="" class="OCCURRENCE" comment="" factuality="" id="43" modality="NONE" polarity="POS" pos="VERB" tense="PAST">
      <token_anchor id="345" />
    </EVENT>
    <C-SIGNAL id="44">
      <token_anchor id="352" />
    </C-SIGNAL>
    <TIMEX3 anchorTimeID="0" beginPoint="" comment="" endPoint="" freq="" functionInDocument="NONE" id="45" quant="" type="DATE" value="PRESENT_REF">
      <token_anchor id="354" />
    </TIMEX3>
    <EVENT aspect="NONE" certainty="" class="OCCURRENCE" comment="" factuality="" id="46" modality="must" polarity="POS" pos="VERB" tense="NONE">
      <token_anchor id="356" />
    </EVENT>
    <TIMEX3 beginPoint="" comment="" endPoint="" freq="" functionInDocument="NONE" id="47" quant="" type="DURATION" value="P5Y">
      <token_anchor id="360" />
      <token_anchor id="361" />
    </TIMEX3>
    <EVENT aspect="NONE" certainty="" class="OCCURRENCE" comment="" factuality="" id="48" modality="NONE" polarity="POS" pos="VERB" tense="PRESENT">
      <token_anchor id="365" />
    </EVENT>
    <EVENT aspect="NONE" certainty="" class="OCCURRENCE" comment="" factuality="" id="49" modality="NONE" polarity="POS" pos="VERB" tense="INFINITIVE">
      <token_anchor id="369" />
    </EVENT>
    <EVENT aspect="NONE" certainty="" class="REPORTING" comment="" factuality="" id="50" modality="NONE" polarity="POS" pos="VERB" tense="PAST">
      <token_anchor id="388" />
    </EVENT>
    <EVENT aspect="NONE" certainty="" class="OCCURRENCE" comment="" factuality="" id="51" modality="NONE" polarity="POS" pos="VERB" tense="FUTURE">
      <token_anchor id="392" />
    </EVENT>
    <EVENT aspect="NONE" certainty="" class="OCCURRENCE" comment="" factuality="" id="52" modality="NONE" polarity="POS" pos="VERB" tense="FUTURE">
      <token_anchor id="405" />
    </EVENT>
    <EVENT aspect="NONE" certainty="" class="OCCURRENCE" comment="" factuality="" id="53" modality="NONE" polarity="POS" pos="VERB" tense="PAST">
      <token_anchor id="416" />
    </EVENT>
    <EVENT aspect="NONE" certainty="" class="REPORTING" comment="" factuality="" id="54" modality="NONE" polarity="POS" pos="VERB" tense="PAST">
      <token_anchor id="437" />
    </EVENT>
    <EVENT aspect="NONE" certainty="" class="OCCURRENCE" comment="" factuality="" id="55" modality="NONE" polarity="POS" pos="VERB" tense="PAST">
      <token_anchor id="446" />
    </EVENT>
    <EVENT aspect="NONE" certainty="" class="OCCURRENCE" comment="" factuality="" id="56" modality="NONE" polarity="POS" pos="NOUN" tense="NONE">
      <token_anchor id="454" />
    </EVENT>
    <EVENT aspect="NONE" certainty="" class="REPORTING" comment="" factuality="" id="57" modality="NONE" polarity="POS" pos="VERB" tense="PAST">
      <token_anchor id="458" />
    </EVENT>
    <EVENT aspect="NONE" certainty="" class="STATE" comment="" factuality="" id="58" modality="NONE" polarity="POS" pos="VERB" tense="PRESENT">
      <token_anchor id="460" />
    </EVENT>
    <EVENT aspect="NONE" certainty="" class="REPORTING" comment="" factuality="" id="59" modality="NONE" polarity="POS" pos="VERB" tense="PAST">
      <token_anchor id="487" />
    </EVENT>
    <EVENT aspect="NONE" certainty="" class="OCCURRENCE" comment="" factuality="" id="60" modality="NONE" polarity="POS" pos="ADJECTIVE" tense="NONE">
      <token_anchor id="492" />
    </EVENT>
    <EVENT aspect="NONE" certainty="" class="OCCURRENCE" comment="" factuality="" id="61" modality="NONE" polarity="POS" pos="VERB" tense="PAST">
      <token_anchor id="500" />
    </EVENT>
    <EVENT aspect="PERFECTIVE" certainty="" class="OCCURRENCE" comment="" factuality="" id="62" modality="NONE" polarity="POS" pos="VERB" tense="PRESENT">
      <token_anchor id="524" />
    </EVENT>
    <TIMEX3 anchorTimeID="0" beginPoint="" comment="" endPoint="" freq="" functionInDocument="NONE" id="63" quant="" type="DATE" value="1989-08">
      <token_anchor id="529" />
    </TIMEX3>
    <EVENT aspect="NONE" certainty="" class="OCCURRENCE" comment="" factuality="" id="64" modality="NONE" polarity="POS" pos="VERB" tense="PAST">
      <token_anchor id="533" />
    </EVENT>
    <C-SIGNAL id="65">
      <token_anchor id="539" />
    </C-SIGNAL>
    <EVENT aspect="NONE" certainty="" class="OCCURRENCE" comment="" factuality="" id="66" modality="NONE" polarity="POS" pos="VERB" tense="PAST">
      <token_anchor id="542" />
    </EVENT>
    <EVENT aspect="PERFECTIVE" certainty="" class="OCCURRENCE" comment="" factuality="" id="67" modality="would" polarity="POS" pos="VERB" tense="NONE">
      <token_anchor id="548" />
    </EVENT>
    <EVENT aspect="NONE" certainty="" class="OCCURRENCE" comment="" factuality="" id="68" modality="NONE" polarity="POS" pos="VERB" tense="INFINITIVE">
      <token_anchor id="550" />
    </EVENT>
    <EVENT aspect="NONE" certainty="" class="OCCURRENCE" comment="" factuality="" id="69" modality="NONE" polarity="POS" pos="NOUN" tense="NONE">
      <token_anchor id="558" />
    </EVENT>
    <EVENT aspect="NONE" certainty="" class="OCCURRENCE" comment="" factuality="" id="70" modality="NONE" polarity="POS" pos="VERB" tense="PAST">
      <token_anchor id="559" />
    </EVENT>
    <TIMEX3 beginPoint="" comment="" endPoint="" freq="" functionInDocument="NONE" id="71" quant="" type="DURATION" value="P2W">
      <token_anchor id="561" />
      <token_anchor id="562" />
      <token_anchor id="563" />
      <token_anchor id="564" />
    </TIMEX3>
    <TIMEX3 anchorTimeID="0" beginPoint="" comment="" endPoint="" freq="" functionInDocument="NONE" id="72" quant="" type="DATE" value="1989-10-09">
      <token_anchor id="575" />
      <token_anchor id="576" />
      <token_anchor id="577" />
    </TIMEX3>
    <EVENT aspect="NONE" certainty="" class="REPORTING" comment="" factuality="" id="73" modality="NONE" polarity="POS" pos="VERB" tense="PAST">
      <token_anchor id="581" />
    </EVENT>
    <EVENT aspect="NONE" certainty="" class="OCCURRENCE" comment="" factuality="" id="74" modality="NONE" polarity="NEG" pos="VERB" tense="PRESENT">
      <token_anchor id="585" />
    </EVENT>
    <EVENT aspect="NONE" certainty="" class="OCCURRENCE" comment="" factuality="" id="75" modality="NONE" polarity="POS" pos="VERB" tense="FUTURE">
      <token_anchor id="590" />
    </EVENT>
    <C-SIGNAL id="76">
      <token_anchor id="598" />
    </C-SIGNAL>
    <EVENT aspect="NONE" certainty="" class="OCCURRENCE" comment="" factuality="" id="77" modality="would" polarity="POS" pos="VERB" tense="NONE">
      <token_anchor id="607" />
    </EVENT>
    <EVENT aspect="NONE" certainty="" class="ASPECTUAL" comment="" factuality="" id="78" modality="NONE" polarity="POS" pos="VERB" tense="INFINITIVE">
      <token_anchor id="610" />
    </EVENT>
    <EVENT aspect="NONE" certainty="" class="OCCURRENCE" comment="" factuality="" id="79" modality="NONE" polarity="POS" pos="VERB" tense="PRESPART">
      <token_anchor id="611" />
    </EVENT>
    <EVENT aspect="PERFECTIVE" certainty="" class="ASPECTUAL" comment="" factuality="" id="80" modality="NONE" polarity="NEG" pos="VERB" tense="PRESENT">
      <token_anchor id="623" />
    </EVENT>
    <EVENT aspect="NONE" certainty="" class="REPORTING" comment="" factuality="" id="81" modality="NONE" polarity="POS" pos="VERB" tense="PAST">
      <token_anchor id="628" />
    </EVENT>
    <EVENT aspect="NONE" certainty="" class="OCCURRENCE" comment="" factuality="" id="82" modality="should" polarity="NEG" pos="VERB" tense="NONE">
      <token_anchor id="633" />
    </EVENT>
    <TIMEX3 anchorTimeID="0" beginPoint="" comment="" endPoint="" freq="" functionInDocument="NONE" id="83" quant="" type="DATE" value="1989">
      <token_anchor id="656" />
      <token_anchor id="657" />
      <token_anchor id="658" />
    </TIMEX3>
    <TIMEX3 anchorTimeID="0" beginPoint="" comment="" endPoint="" freq="" functionInDocument="NONE" id="84" quant="" type="DATE" value="1989-09-30">
      <token_anchor id="670" />
      <token_anchor id="671" />
      <token_anchor id="672" />
    </TIMEX3>
    <EVENT aspect="NONE" certainty="" class="REPORTING" comment="" factuality="" id="85" modality="NONE" polarity="POS" pos="VERB" tense="PAST">
      <token_anchor id="687" />
    </EVENT>
    <EVENT aspect="NONE" certainty="" class="STATE" comment="" factuality="" id="86" modality="NONE" polarity="POS" pos="VERB" tense="PRESENT">
      <token_anchor id="690" />
    </EVENT>
    <EVENT aspect="NONE" certainty="" class="OCCURRENCE" comment="" factuality="" id="87" modality="NONE" polarity="POS" pos="VERB" tense="PASTPART">
      <token_anchor id="697" />
    </EVENT>
    <EVENT aspect="NONE" certainty="" class="OCCURRENCE" comment="" factuality="" id="88" modality="NONE" polarity="POS" pos="NOUN" tense="NONE">
      <token_anchor id="705" />
    </EVENT>
    <EVENT aspect="NONE" certainty="" class="STATE" comment="" factuality="" id="89" modality="NONE" polarity="POS" pos="VERB" tense="PRESENT">
      <token_anchor id="708" />
    </EVENT>
    <EVENT aspect="PERFECTIVE" certainty="" class="OCCURRENCE" comment="" factuality="" id="90" modality="NONE" polarity="NEG" pos="VERB" tense="PRESENT">
      <token_anchor id="729" />
    </EVENT>
    <EVENT aspect="NONE" certainty="" class="REPORTING" comment="" factuality="" id="91" modality="NONE" polarity="POS" pos="VERB" tense="PAST">
      <token_anchor id="732" />
    </EVENT>
    <EVENT aspect="NONE" certainty="" class="OCCURRENCE" comment="" factuality="" id="92" modality="NONE" polarity="POS" pos="NOUN" tense="NONE">
      <token_anchor id="738" />
    </EVENT>
    <EVENT aspect="NONE" certainty="" class="STATE" comment="" factuality="" id="93" modality="NONE" polarity="POS" pos="VERB" tense="FUTURE">
      <token_anchor id="743" />
    </EVENT>
    <EVENT aspect="NONE" certainty="" class="STATE" comment="" factuality="" id="94" modality="NONE" polarity="POS" pos="VERB" tense="PRESENT">
      <token_anchor id="755" />
    </EVENT>
    <EVENT aspect="NONE" certainty="" class="OCCURRENCE" comment="" factuality="" id="95" modality="NONE" polarity="POS" pos="VERB" tense="PAST">
      <token_anchor id="777" />
    </EVENT>
  </Markables>
  <Relations>
    <TLINK comment="" id="1" relType="BEFORE">
      <source id="1" />
      <target id="0" />
    </TLINK>
    <TLINK comment="" id="2" relType="INCLUDES">
      <source id="1" />
      <target id="6" />
    </TLINK>
    <TLINK comment="" id="3" relType="BEFORE">
      <source id="3" />
      <target id="1" />
    </TLINK>
    <CLINK c-signalID="2" comment="" id="4">
      <source id="3" />
      <target id="1" />
    </CLINK>
    <TLINK comment="" id="5" relType="BEFORE">
      <source id="4" />
      <target id="3" />
    </TLINK>
    <TLINK comment="" id="6" relType="BEFORE">
      <source id="5" />
      <target id="1" />
    </TLINK>
    <TLINK comment="" id="7" relType="ENDED_BY">
      <source id="8" />
      <target id="7" />
    </TLINK>
    <TLINK comment="" id="8" relType="BEFORE">
      <source id="9" />
      <target id="8" />
    </TLINK>
    <TLINK comment="" id="9" relType="AFTER">
      <source id="10" />
      <target id="9" />
    </TLINK>
    <TLINK comment="" id="10" relType="ENDS">
      <source id="11" />
      <target id="12" />
    </TLINK>
    <TLINK comment="" id="11" relType="SIMULTANEOUS">
      <source id="15" />
      <target id="14" />
    </TLINK>
    <TLINK comment="" id="12" relType="BEFORE">
      <source id="16" />
      <target id="14" />
    </TLINK>
    <CLINK comment="" id="13">
      <source id="16" />
      <target id="14" />
    </CLINK>
    <TLINK comment="" id="14" relType="DURING">
      <source id="17" />
      <target id="0" />
    </TLINK>
    <TLINK comment="" id="15" relType="IS_INCLUDED">
      <source id="18" />
      <target id="19" />
    </TLINK>
    <TLINK comment="" id="16" relType="DURING">
      <source id="20" />
      <target id="0" />
    </TLINK>
    <TLINK comment="" id="17" relType="SIMULTANEOUS">
      <source id="20" />
      <target id="21" />
    </TLINK>
    <TLINK comment="" id="18" relType="ENDED_BY">
      <source id="22" />
      <target id="23" />
    </TLINK>
    <TLINK comment="" id="19" relType="AFTER">
      <source id="25" />
      <target id="26" />
    </TLINK>
    <TLINK comment="" id="20" relType="SIMULTANEOUS">
      <source id="27" />
      <target id="25" />
    </TLINK>
    <TLINK comment="" id="21" relType="IS_INCLUDED">
      <source id="30" />
      <target id="29" />
    </TLINK>
    <TLINK comment="" id="22" relType="BEFORE">
      <source id="31" />
      <target id="0" />
    </TLINK>
    <CLINK comment="" id="23">
      <source id="35" />
      <target id="32" />
    </CLINK>
    <TLINK comment="" id="24" relType="IS_INCLUDED">
      <source id="36" />
      <target id="0" />
    </TLINK>
    <TLINK comment="" id="25" relType="BEFORE">
      <source id="37" />
      <target id="38" />
    </TLINK>
    <TLINK comment="" id="26" relType="BEFORE">
      <source id="41" />
      <target id="40" />
    </TLINK>
    <TLINK comment="" id="27" relType="BEFORE">
      <source id="43" />
      <target id="39" />
    </TLINK>
    <CLINK c-signalID="42" comment="" id="28">
      <source id="43" />
      <target id="39" />
    </CLINK>
    <TLINK comment="" id="29" relType="DURING">
      <source id="46" />
      <target id="45" />
    </TLINK>
    <TLINK comment="" id="30" relType="IS_INCLUDED">
      <source id="46" />
      <target id="47" />
    </TLINK>
    <CLINK c-signalID="44" comment="" id="31">
      <source id="46" />
      <target id="48" />
    </CLINK>
    <TLINK comment="" id="32" relType="BEGUN_BY">
      <source id="47" />
      <target id="0" />
    </TLINK>
    <TLINK comment="" id="33" relType="DURING">
      <source id="48" />
      <target id="0" />
    </TLINK>
    <TLINK comment="" id="34" relType="BEFORE">
      <source id="50" />
      <target id="0" />
    </TLINK>
    <TLINK comment="" id="35" relType="BEFORE">
      <source id="51" />
      <target id="52" />
    </TLINK>
    <TLINK comment="" id="36" relType="BEFORE">
      <source id="56" />
      <target id="55" />
    </TLINK>
    <TLINK comment="" id="37" relType="AFTER">
      <source id="59" />
      <target id="60" />
    </TLINK>
    <TLINK comment="" id="38" relType="IDENTITY">
      <source id="61" />
      <target id="60" />
    </TLINK>
    <TLINK comment="" id="39" relType="AFTER">
      <source id="62" />
      <target id="63" />
    </TLINK>
    <TLINK comment="" id="40" relType="INCLUDES">
      <source id="63" />
      <target id="64" />
    </TLINK>
    <TLINK comment="" id="41" relType="BEFORE">
      <source id="66" />
      <target id="62" />
    </TLINK>
    <CLINK c-signalID="65" comment="" id="42">
      <source id="66" />
      <target id="62" />
    </CLINK>
    <TLINK comment="" id="43" relType="AFTER">
      <source id="67" />
      <target id="63" />
    </TLINK>
    <TLINK comment="" id="44" relType="INCLUDES">
      <source id="69" />
      <target id="70" />
    </TLINK>
    <TLINK comment="" id="45" relType="IS_INCLUDED">
      <source id="70" />
      <target id="71" />
    </TLINK>
    <TLINK comment="" id="46" relType="BEFORE">
      <source id="73" />
      <target id="0" />
    </TLINK>
    <TLINK comment="" id="47" relType="AFTER">
      <source id="75" />
      <target id="0" />
    </TLINK>
    <TLINK comment="" id="48" relType="IS_INCLUDED">
      <source id="77" />
      <target id="79" />
    </TLINK>
    <TLINK comment="" id="49" relType="INCLUDES">
      <source id="79" />
      <target id="78" />
    </TLINK>
    <TLINK comment="" id="50" relType="IS_INCLUDED">
      <source id="80" />
      <target id="0" />
    </TLINK>
    <CLINK c-signalID="76" comment="" id="51">
      <source id="80" />
      <target id="74" />
    </CLINK>
    <TLINK comment="" id="52" relType="BEFORE">
      <source id="87" />
      <target id="86" />
    </TLINK>
    <TLINK comment="" id="53" relType="BEFORE">
      <source id="88" />
      <target id="86" />
    </TLINK>
    <TLINK comment="" id="54" relType="DURING">
      <source id="89" />
      <target id="85" />
    </TLINK>
    <TLINK comment="" id="55" relType="IDENTITY">
      <source id="91" />
      <target id="81" />
    </TLINK>
    <TLINK comment="" id="56" relType="DURING">
      <source id="94" />
      <target id="0" />
    </TLINK>
    <TLINK comment="" id="57" relType="BEFORE">
      <source id="95" />
      <target id="0" />
    </TLINK>
  </Relations>
  <token id="1" number="0" sentence="0">Columbia</token>
  <token id="2" number="1" sentence="0">Savings</token>
  <token id="3" number="2" sentence="0">amp</token>
  <token id="4" number="3" sentence="0">Loan</token>
  <token id="5" number="4" sentence="0">Association</token>
  <token id="6" number="5" sentence="0">,</token>
  <token id="7" number="6" sentence="0">reeling</token>
  <token id="8" number="7" sentence="0">from</token>
  <token id="9" number="8" sentence="0">thrift-accounting</token>
  <token id="10" number="9" sentence="0">changes</token>
  <token id="11" number="10" sentence="0">mandated</token>
  <token id="12" number="11" sentence="0">by</token>
  <token id="13" number="12" sentence="0">Congress</token>
  <token id="14" number="13" sentence="0">and</token>
  <token id="15" number="14" sentence="0">the</token>
  <token id="16" number="15" sentence="0">recent</token>
  <token id="17" number="16" sentence="0">collapse</token>
  <token id="18" number="17" sentence="0">of</token>
  <token id="19" number="18" sentence="0">the</token>
  <token id="20" number="19" sentence="0">junk-bond</token>
  <token id="21" number="20" sentence="0">market</token>
  <token id="22" number="21" sentence="0">,</token>
  <token id="23" number="22" sentence="0">announced</token>
  <token id="24" number="23" sentence="0">a</token>
  <token id="25" number="24" sentence="0">loss</token>
  <token id="26" number="25" sentence="0">for</token>
  <token id="27" number="26" sentence="0">the</token>
  <token id="28" number="27" sentence="0">third</token>
  <token id="29" number="28" sentence="0">quarter</token>
  <token id="30" number="29" sentence="0">of</token>
  <token id="31" number="30" sentence="0">$</token>
  <token id="32" number="31" sentence="0">226.3</token>
  <token id="33" number="32" sentence="0">million</token>
  <token id="34" number="33" sentence="0">,</token>
  <token id="35" number="34" sentence="0">or</token>
  <token id="36" number="35" sentence="0">$</token>
  <token id="37" number="36" sentence="0">11.57</token>
  <token id="38" number="37" sentence="0">a</token>
  <token id="39" number="38" sentence="0">share</token>
  <token id="40" number="39" sentence="0">.</token>
  <token id="41" number="40" sentence="1">For</token>
  <token id="42" number="41" sentence="1">the</token>
  <token id="43" number="42" sentence="1">quarter</token>
  <token id="44" number="43" sentence="1">a</token>
  <token id="45" number="44" sentence="1">year</token>
  <token id="46" number="45" sentence="1">ago</token>
  <token id="47" number="46" sentence="1">,</token>
  <token id="48" number="47" sentence="1">Columbia</token>
  <token id="49" number="48" sentence="1">reported</token>
  <token id="50" number="49" sentence="1">earnings</token>
  <token id="51" number="50" sentence="1">of</token>
  <token id="52" number="51" sentence="1">$</token>
  <token id="53" number="52" sentence="1">16.3</token>
  <token id="54" number="53" sentence="1">million</token>
  <token id="55" number="54" sentence="1">,</token>
  <token id="56" number="55" sentence="1">or</token>
  <token id="57" number="56" sentence="1">37</token>
  <token id="58" number="57" sentence="1">cents</token>
  <token id="59" number="58" sentence="1">a</token>
  <token id="60" number="59" sentence="1">share</token>
  <token id="61" number="60" sentence="1">.</token>
  <token id="62" number="61" sentence="2">Total</token>
  <token id="63" number="62" sentence="2">assets</token>
  <token id="64" number="63" sentence="2">increased</token>
  <token id="65" number="64" sentence="2">to</token>
  <token id="66" number="65" sentence="2">$</token>
  <token id="67" number="66" sentence="2">12.7</token>
  <token id="68" number="67" sentence="2">billion</token>
  <token id="69" number="68" sentence="2">in</token>
  <token id="70" number="69" sentence="2">the</token>
  <token id="71" number="70" sentence="2">latest</token>
  <token id="72" number="71" sentence="2">quarter</token>
  <token id="73" number="72" sentence="2">from</token>
  <token id="74" number="73" sentence="2">$</token>
  <token id="75" number="74" sentence="2">12.4</token>
  <token id="76" number="75" sentence="2">billion</token>
  <token id="77" number="76" sentence="2">a</token>
  <token id="78" number="77" sentence="2">year</token>
  <token id="79" number="78" sentence="2">earlier</token>
  <token id="80" number="79" sentence="2">.</token>
  <token id="81" number="80" sentence="3">The</token>
  <token id="82" number="81" sentence="3">loss</token>
  <token id="83" number="82" sentence="3">stems</token>
  <token id="84" number="83" sentence="3">from</token>
  <token id="85" number="84" sentence="3">$</token>
  <token id="86" number="85" sentence="3">357.5</token>
  <token id="87" number="86" sentence="3">million</token>
  <token id="88" number="87" sentence="3">of</token>
  <token id="89" number="88" sentence="3">write-downs</token>
  <token id="90" number="89" sentence="3">on</token>
  <token id="91" number="90" sentence="3">Columbia</token>
  <token id="92" number="91" sentence="3">'s</token>
  <token id="93" number="92" sentence="3">$</token>
  <token id="94" number="93" sentence="3">4.4</token>
  <token id="95" number="94" sentence="3">billion</token>
  <token id="96" number="95" sentence="3">high-yield</token>
  <token id="97" number="96" sentence="3">investment</token>
  <token id="98" number="97" sentence="3">securities</token>
  <token id="99" number="98" sentence="3">portfolio</token>
  <token id="100" number="99" sentence="3">,</token>
  <token id="101" number="100" sentence="3">which</token>
  <token id="102" number="101" sentence="3">includes</token>
  <token id="103" number="102" sentence="3">about</token>
  <token id="104" number="103" sentence="3">$</token>
  <token id="105" number="104" sentence="3">3.7</token>
  <token id="106" number="105" sentence="3">billion</token>
  <token id="107" number="106" sentence="3">of</token>
  <token id="108" number="107" sentence="3">junk</token>
  <token id="109" number="108" sentence="3">bonds</token>
  <token id="110" number="109" sentence="3">,</token>
  <token id="111" number="110" sentence="3">$</token>
  <token id="112" number="111" sentence="3">400</token>
  <token id="113" number="112" sentence="3">million</token>
  <token id="114" number="113" sentence="3">of</token>
  <token id="115" number="114" sentence="3">preferred</token>
  <token id="116" number="115" sentence="3">stock</token>
  <token id="117" number="116" sentence="3">,</token>
  <token id="118" number="117" sentence="3">and</token>
  <token id="119" number="118" sentence="3">Treasury</token>
  <token id="120" number="119" sentence="3">securities</token>
  <token id="121" number="120" sentence="3">.</token>
  <token id="122" number="121" sentence="4">Columbia</token>
  <token id="123" number="122" sentence="4">owes</token>
  <token id="124" number="123" sentence="4">its</token>
  <token id="125" number="124" sentence="4">spectacular</token>
  <token id="126" number="125" sentence="4">growth</token>
  <token id="127" number="126" sentence="4">in</token>
  <token id="128" number="127" sentence="4">recent</token>
  <token id="129" number="128" sentence="4">years</token>
  <token id="130" number="129" sentence="4">to</token>
  <token id="131" number="130" sentence="4">its</token>
  <token id="132" number="131" sentence="4">junk-bond</token>
  <token id="133" number="132" sentence="4">portfolio</token>
  <token id="134" number="133" sentence="4">,</token>
  <token id="135" number="134" sentence="4">the</token>
  <token id="136" number="135" sentence="4">largest</token>
  <token id="137" number="136" sentence="4">of</token>
  <token id="138" number="137" sentence="4">any</token>
  <token id="139" number="138" sentence="4">U.S.</token>
  <token id="140" number="139" sentence="4">thrift</token>
  <token id="141" number="140" sentence="4">.</token>
  <token id="142" number="141" sentence="5">Much</token>
  <token id="143" number="142" sentence="5">of</token>
  <token id="144" number="143" sentence="5">Columbia</token>
  <token id="145" number="144" sentence="5">'s</token>
  <token id="146" number="145" sentence="5">junk-bond</token>
  <token id="147" number="146" sentence="5">trading</token>
  <token id="148" number="147" sentence="5">has</token>
  <token id="149" number="148" sentence="5">been</token>
  <token id="150" number="149" sentence="5">done</token>
  <token id="151" number="150" sentence="5">through</token>
  <token id="152" number="151" sentence="5">the</token>
  <token id="153" number="152" sentence="5">high-yield</token>
  <token id="154" number="153" sentence="5">department</token>
  <token id="155" number="154" sentence="5">of</token>
  <token id="156" number="155" sentence="5">its</token>
  <token id="157" number="156" sentence="5">Beverly</token>
  <token id="158" number="157" sentence="5">Hills</token>
  <token id="159" number="158" sentence="5">neighbor</token>
  <token id="160" number="159" sentence="5">,</token>
  <token id="161" number="160" sentence="5">Drexel</token>
  <token id="162" number="161" sentence="5">Burnham</token>
  <token id="163" number="162" sentence="5">Lambert</token>
  <token id="164" number="163" sentence="5">Inc.</token>
  <token id="165" number="164" sentence="6">For</token>
  <token id="166" number="165" sentence="6">the</token>
  <token id="167" number="166" sentence="6">nine</token>
  <token id="168" number="167" sentence="6">months</token>
  <token id="169" number="168" sentence="6">,</token>
  <token id="170" number="169" sentence="6">losses</token>
  <token id="171" number="170" sentence="6">totaled</token>
  <token id="172" number="171" sentence="6">$</token>
  <token id="173" number="172" sentence="6">212</token>
  <token id="174" number="173" sentence="6">million</token>
  <token id="175" number="174" sentence="6">,</token>
  <token id="176" number="175" sentence="6">or</token>
  <token id="177" number="176" sentence="6">$</token>
  <token id="178" number="177" sentence="6">10.83</token>
  <token id="179" number="178" sentence="6">a</token>
  <token id="180" number="179" sentence="6">share</token>
  <token id="181" number="180" sentence="6">,</token>
  <token id="182" number="181" sentence="6">compared</token>
  <token id="183" number="182" sentence="6">with</token>
  <token id="184" number="183" sentence="6">net</token>
  <token id="185" number="184" sentence="6">income</token>
  <token id="186" number="185" sentence="6">of</token>
  <token id="187" number="186" sentence="6">$</token>
  <token id="188" number="187" sentence="6">48.7</token>
  <token id="189" number="188" sentence="6">million</token>
  <token id="190" number="189" sentence="6">,</token>
  <token id="191" number="190" sentence="6">or</token>
  <token id="192" number="191" sentence="6">$</token>
  <token id="193" number="192" sentence="6">1.11</token>
  <token id="194" number="193" sentence="6">a</token>
  <token id="195" number="194" sentence="6">share</token>
  <token id="196" number="195" sentence="6">,</token>
  <token id="197" number="196" sentence="6">a</token>
  <token id="198" number="197" sentence="6">year</token>
  <token id="199" number="198" sentence="6">earlier</token>
  <token id="200" number="199" sentence="6">.</token>
  <token id="201" number="200" sentence="7">The</token>
  <token id="202" number="201" sentence="7">results</token>
  <token id="203" number="202" sentence="7">include</token>
  <token id="204" number="203" sentence="7">a</token>
  <token id="205" number="204" sentence="7">$</token>
  <token id="206" number="205" sentence="7">130.2</token>
  <token id="207" number="206" sentence="7">million</token>
  <token id="208" number="207" sentence="7">write-down</token>
  <token id="209" number="208" sentence="7">of</token>
  <token id="210" number="209" sentence="7">the</token>
  <token id="211" number="210" sentence="7">securities</token>
  <token id="212" number="211" sentence="7">in</token>
  <token id="213" number="212" sentence="7">the</token>
  <token id="214" number="213" sentence="7">high-yield</token>
  <token id="215" number="214" sentence="7">portfolio</token>
  <token id="216" number="215" sentence="7">to</token>
  <token id="217" number="216" sentence="7">the</token>
  <token id="218" number="217" sentence="7">lower</token>
  <token id="219" number="218" sentence="7">of</token>
  <token id="220" number="219" sentence="7">their</token>
  <token id="221" number="220" sentence="7">cost</token>
  <token id="222" number="221" sentence="7">or</token>
  <token id="223" number="222" sentence="7">market</token>
  <token id="224" number="223" sentence="7">value</token>
  <token id="225" number="224" sentence="7">.</token>
  <token id="226" number="225" sentence="8">Columbia</token>
  <token id="227" number="226" sentence="8">also</token>
  <token id="228" number="227" sentence="8">added</token>
  <token id="229" number="228" sentence="8">$</token>
  <token id="230" number="229" sentence="8">227.3</token>
  <token id="231" number="230" sentence="8">million</token>
  <token id="232" number="231" sentence="8">to</token>
  <token id="233" number="232" sentence="8">reserves</token>
  <token id="234" number="233" sentence="8">for</token>
  <token id="235" number="234" sentence="8">losses</token>
  <token id="236" number="235" sentence="8">on</token>
  <token id="237" number="236" sentence="8">the</token>
  <token id="238" number="237" sentence="8">portfolio</token>
  <token id="239" number="238" sentence="8">,</token>
  <token id="240" number="239" sentence="8">increasing</token>
  <token id="241" number="240" sentence="8">general</token>
  <token id="242" number="241" sentence="8">reserves</token>
  <token id="243" number="242" sentence="8">to</token>
  <token id="244" number="243" sentence="8">$</token>
  <token id="245" number="244" sentence="8">300</token>
  <token id="246" number="245" sentence="8">million</token>
  <token id="247" number="246" sentence="8">,</token>
  <token id="248" number="247" sentence="8">or</token>
  <token id="249" number="248" sentence="8">about</token>
  <token id="250" number="249" sentence="8">6.7</token>
  <token id="251" number="250" sentence="8">%</token>
  <token id="252" number="251" sentence="8">of</token>
  <token id="253" number="252" sentence="8">the</token>
  <token id="254" number="253" sentence="8">total</token>
  <token id="255" number="254" sentence="8">portfolio</token>
  <token id="256" number="255" sentence="8">,</token>
  <token id="257" number="256" sentence="8">as</token>
  <token id="258" number="257" sentence="8">of</token>
  <token id="259" number="258" sentence="8">Sept</token>
  <token id="260" number="259" sentence="8">.</token>
  <token id="261" number="260" sentence="8">30</token>
  <token id="262" number="261" sentence="8">.</token>
  <token id="263" number="262" sentence="9">On</token>
  <token id="264" number="263" sentence="9">June</token>
  <token id="265" number="264" sentence="9">30</token>
  <token id="266" number="265" sentence="9">,</token>
  <token id="267" number="266" sentence="9">loss</token>
  <token id="268" number="267" sentence="9">reserves</token>
  <token id="269" number="268" sentence="9">stood</token>
  <token id="270" number="269" sentence="9">at</token>
  <token id="271" number="270" sentence="9">$</token>
  <token id="272" number="271" sentence="9">108.3</token>
  <token id="273" number="272" sentence="9">million</token>
  <token id="274" number="273" sentence="9">.</token>
  <token id="275" number="274" sentence="10">Thrift</token>
  <token id="276" number="275" sentence="10">officials</token>
  <token id="277" number="276" sentence="10">said</token>
  <token id="278" number="277" sentence="10">the</token>
  <token id="279" number="278" sentence="10">$</token>
  <token id="280" number="279" sentence="10">300</token>
  <token id="281" number="280" sentence="10">million</token>
  <token id="282" number="281" sentence="10">reserve</token>
  <token id="283" number="282" sentence="10">will</token>
  <token id="284" number="283" sentence="10">be</token>
  <token id="285" number="284" sentence="10">adjusted</token>
  <token id="286" number="285" sentence="10">quarterly</token>
  <token id="287" number="286" sentence="10">and</token>
  <token id="288" number="287" sentence="10">will</token>
  <token id="289" number="288" sentence="10">reflect</token>
  <token id="290" number="289" sentence="10">the</token>
  <token id="291" number="290" sentence="10">rate</token>
  <token id="292" number="291" sentence="10">of</token>
  <token id="293" number="292" sentence="10">dispositions</token>
  <token id="294" number="293" sentence="10">and</token>
  <token id="295" number="294" sentence="10">market</token>
  <token id="296" number="295" sentence="10">conditions</token>
  <token id="297" number="296" sentence="10">.</token>
  <token id="298" number="297" sentence="11">The</token>
  <token id="299" number="298" sentence="11">adjustments</token>
  <token id="300" number="299" sentence="11">result</token>
  <token id="301" number="300" sentence="11">from</token>
  <token id="302" number="301" sentence="11">the</token>
  <token id="303" number="302" sentence="11">recently</token>
  <token id="304" number="303" sentence="11">passed</token>
  <token id="305" number="304" sentence="11">thrift-industry</token>
  <token id="306" number="305" sentence="11">bailout</token>
  <token id="307" number="306" sentence="11">legislation</token>
  <token id="308" number="307" sentence="11">,</token>
  <token id="309" number="308" sentence="11">which</token>
  <token id="310" number="309" sentence="11">requires</token>
  <token id="311" number="310" sentence="11">thrifts</token>
  <token id="312" number="311" sentence="11">to</token>
  <token id="313" number="312" sentence="11">divest</token>
  <token id="314" number="313" sentence="11">all</token>
  <token id="315" number="314" sentence="11">high-yield</token>
  <token id="316" number="315" sentence="11">bond</token>
  <token id="317" number="316" sentence="11">investments</token>
  <token id="318" number="317" sentence="11">by</token>
  <token id="319" number="318" sentence="11">1994</token>
  <token id="320" number="319" sentence="11">.</token>
  <token id="321" number="320" sentence="12">Previously</token>
  <token id="322" number="321" sentence="12">,</token>
  <token id="323" number="322" sentence="12">Columbia</token>
  <token id="324" number="323" sentence="12">did</token>
  <token id="325" number="324" sentence="12">n't</token>
  <token id="326" number="325" sentence="12">have</token>
  <token id="327" number="326" sentence="12">to</token>
  <token id="328" number="327" sentence="12">adjust</token>
  <token id="329" number="328" sentence="12">the</token>
  <token id="330" number="329" sentence="12">book</token>
  <token id="331" number="330" sentence="12">value</token>
  <token id="332" number="331" sentence="12">of</token>
  <token id="333" number="332" sentence="12">its</token>
  <token id="334" number="333" sentence="12">junk-bond</token>
  <token id="335" number="334" sentence="12">holdings</token>
  <token id="336" number="335" sentence="12">to</token>
  <token id="337" number="336" sentence="12">reflect</token>
  <token id="338" number="337" sentence="12">declines</token>
  <token id="339" number="338" sentence="12">in</token>
  <token id="340" number="339" sentence="12">market</token>
  <token id="341" number="340" sentence="12">prices</token>
  <token id="342" number="341" sentence="12">,</token>
  <token id="343" number="342" sentence="12">because</token>
  <token id="344" number="343" sentence="12">it</token>
  <token id="345" number="344" sentence="12">held</token>
  <token id="346" number="345" sentence="12">the</token>
  <token id="347" number="346" sentence="12">bonds</token>
  <token id="348" number="347" sentence="12">as</token>
  <token id="349" number="348" sentence="12">long-term</token>
  <token id="350" number="349" sentence="12">investments</token>
  <token id="351" number="350" sentence="12">.</token>
  <token id="352" number="351" sentence="13">Because</token>
  <token id="353" number="352" sentence="13">Columbia</token>
  <token id="354" number="353" sentence="13">now</token>
  <token id="355" number="354" sentence="13">must</token>
  <token id="356" number="355" sentence="13">sell</token>
  <token id="357" number="356" sentence="13">the</token>
  <token id="358" number="357" sentence="13">bonds</token>
  <token id="359" number="358" sentence="13">within</token>
  <token id="360" number="359" sentence="13">five</token>
  <token id="361" number="360" sentence="13">years</token>
  <token id="362" number="361" sentence="13">,</token>
  <token id="363" number="362" sentence="13">accounting</token>
  <token id="364" number="363" sentence="13">rules</token>
  <token id="365" number="364" sentence="13">require</token>
  <token id="366" number="365" sentence="13">the</token>
  <token id="367" number="366" sentence="13">thrift</token>
  <token id="368" number="367" sentence="13">to</token>
  <token id="369" number="368" sentence="13">value</token>
  <token id="370" number="369" sentence="13">the</token>
  <token id="371" number="370" sentence="13">bonds</token>
  <token id="372" number="371" sentence="13">at</token>
  <token id="373" number="372" sentence="13">the</token>
  <token id="374" number="373" sentence="13">lower</token>
  <token id="375" number="374" sentence="13">of</token>
  <token id="376" number="375" sentence="13">cost</token>
  <token id="377" number="376" sentence="13">or</token>
  <token id="378" number="377" sentence="13">market</token>
  <token id="379" number="378" sentence="13">prices</token>
  <token id="380" number="379" sentence="13">.</token>
  <token id="381" number="380" sentence="14">For</token>
  <token id="382" number="381" sentence="14">its</token>
  <token id="383" number="382" sentence="14">future</token>
  <token id="384" number="383" sentence="14">strategy</token>
  <token id="385" number="384" sentence="14">,</token>
  <token id="386" number="385" sentence="14">Columbia</token>
  <token id="387" number="386" sentence="14">officials</token>
  <token id="388" number="387" sentence="14">said</token>
  <token id="389" number="388" sentence="14">the</token>
  <token id="390" number="389" sentence="14">thrift</token>
  <token id="391" number="390" sentence="14">may</token>
  <token id="392" number="391" sentence="14">branch</token>
  <token id="393" number="392" sentence="14">out</token>
  <token id="394" number="393" sentence="14">into</token>
  <token id="395" number="394" sentence="14">commercial</token>
  <token id="396" number="395" sentence="14">lending</token>
  <token id="397" number="396" sentence="14">or</token>
  <token id="398" number="397" sentence="14">managing</token>
  <token id="399" number="398" sentence="14">outside</token>
  <token id="400" number="399" sentence="14">investments</token>
  <token id="401" number="400" sentence="14">,</token>
  <token id="402" number="401" sentence="14">as</token>
  <token id="403" number="402" sentence="14">well</token>
  <token id="404" number="403" sentence="14">as</token>
  <token id="405" number="404" sentence="14">beefing</token>
  <token id="406" number="405" sentence="14">up</token>
  <token id="407" number="406" sentence="14">more</token>
  <token id="408" number="407" sentence="14">traditional</token>
  <token id="409" number="408" sentence="14">thrift</token>
  <token id="410" number="409" sentence="14">activities</token>
  <token id="411" number="410" sentence="14">.</token>
  <token id="412" number="411" sentence="15">The</token>
  <token id="413" number="412" sentence="15">quarterly</token>
  <token id="414" number="413" sentence="15">results</token>
  <token id="415" number="414" sentence="15">also</token>
  <token id="416" number="415" sentence="15">reflected</token>
  <token id="417" number="416" sentence="15">$</token>
  <token id="418" number="417" sentence="15">21.4</token>
  <token id="419" number="418" sentence="15">million</token>
  <token id="420" number="419" sentence="15">in</token>
  <token id="421" number="420" sentence="15">non-recurring</token>
  <token id="422" number="421" sentence="15">losses</token>
  <token id="423" number="422" sentence="15">from</token>
  <token id="424" number="423" sentence="15">commercial</token>
  <token id="425" number="424" sentence="15">real-estate</token>
  <token id="426" number="425" sentence="15">activities</token>
  <token id="427" number="426" sentence="15">in</token>
  <token id="428" number="427" sentence="15">California</token>
  <token id="429" number="428" sentence="15">.</token>
  <token id="430" number="429" sentence="16">Thomas</token>
  <token id="431" number="430" sentence="16">Spiegel</token>
  <token id="432" number="431" sentence="16">,</token>
  <token id="433" number="432" sentence="16">Columbia</token>
  <token id="434" number="433" sentence="16">'s</token>
  <token id="435" number="434" sentence="16">chairman</token>
  <token id="436" number="435" sentence="16">,</token>
  <token id="437" number="436" sentence="16">said</token>
  <token id="438" number="437" sentence="16">in</token>
  <token id="439" number="438" sentence="16">a</token>
  <token id="440" number="439" sentence="16">statement</token>
  <token id="441" number="440" sentence="16">that</token>
  <token id="442" number="441" sentence="16">the</token>
  <token id="443" number="442" sentence="16">thrift</token>
  <token id="444" number="443" sentence="16">was</token>
  <token id="445" number="444" sentence="16">"</token>
  <token id="446" number="445" sentence="16">disappointed</token>
  <token id="447" number="446" sentence="16">"</token>
  <token id="448" number="447" sentence="16">by</token>
  <token id="449" number="448" sentence="16">the</token>
  <token id="450" number="449" sentence="16">effects</token>
  <token id="451" number="450" sentence="16">of</token>
  <token id="452" number="451" sentence="16">the</token>
  <token id="453" number="452" sentence="16">accounting</token>
  <token id="454" number="453" sentence="16">changes</token>
  <token id="455" number="454" sentence="16">.</token>
  <token id="456" number="455" sentence="17">But</token>
  <token id="457" number="456" sentence="17">he</token>
  <token id="458" number="457" sentence="17">said</token>
  <token id="459" number="458" sentence="17">Columbia</token>
  <token id="460" number="459" sentence="17">remains</token>
  <token id="461" number="460" sentence="17">"</token>
  <token id="462" number="461" sentence="17">one</token>
  <token id="463" number="462" sentence="17">of</token>
  <token id="464" number="463" sentence="17">the</token>
  <token id="465" number="464" sentence="17">most</token>
  <token id="466" number="465" sentence="17">strongly</token>
  <token id="467" number="466" sentence="17">capitalized</token>
  <token id="468" number="467" sentence="17">thrifts</token>
  <token id="469" number="468" sentence="17">in</token>
  <token id="470" number="469" sentence="17">the</token>
  <token id="471" number="470" sentence="17">industry</token>
  <token id="472" number="471" sentence="17">,</token>
  <token id="473" number="472" sentence="17">"</token>
  <token id="474" number="473" sentence="17">based</token>
  <token id="475" number="474" sentence="17">on</token>
  <token id="476" number="475" sentence="17">the</token>
  <token id="477" number="476" sentence="17">economic</token>
  <token id="478" number="477" sentence="17">value</token>
  <token id="479" number="478" sentence="17">of</token>
  <token id="480" number="479" sentence="17">its</token>
  <token id="481" number="480" sentence="17">assets</token>
  <token id="482" number="481" sentence="17">and</token>
  <token id="483" number="482" sentence="17">tangible</token>
  <token id="484" number="483" sentence="17">capital</token>
  <token id="485" number="484" sentence="17">.</token>
  <token id="486" number="485" sentence="18">Columbia</token>
  <token id="487" number="486" sentence="18">announced</token>
  <token id="488" number="487" sentence="18">the</token>
  <token id="489" number="488" sentence="18">results</token>
  <token id="490" number="489" sentence="18">after</token>
  <token id="491" number="490" sentence="18">the</token>
  <token id="492" number="491" sentence="18">close</token>
  <token id="493" number="492" sentence="18">of</token>
  <token id="494" number="493" sentence="18">the</token>
  <token id="495" number="494" sentence="18">stock</token>
  <token id="496" number="495" sentence="18">market</token>
  <token id="497" number="496" sentence="18">.</token>
  <token id="498" number="497" sentence="19">Its</token>
  <token id="499" number="498" sentence="19">shares</token>
  <token id="500" number="499" sentence="19">closed</token>
  <token id="501" number="500" sentence="19">at</token>
  <token id="502" number="501" sentence="19">$</token>
  <token id="503" number="502" sentence="19">5.125</token>
  <token id="504" number="503" sentence="19">each</token>
  <token id="505" number="504" sentence="19">in</token>
  <token id="506" number="505" sentence="19">composite</token>
  <token id="507" number="506" sentence="19">New</token>
  <token id="508" number="507" sentence="19">York</token>
  <token id="509" number="508" sentence="19">Stock</token>
  <token id="510" number="509" sentence="19">Exchange</token>
  <token id="511" number="510" sentence="19">trading</token>
  <token id="512" number="511" sentence="19">,</token>
  <token id="513" number="512" sentence="19">down</token>
  <token id="514" number="513" sentence="19">37.5</token>
  <token id="515" number="514" sentence="19">cents</token>
  <token id="516" number="515" sentence="19">.</token>
  <token id="517" number="516" sentence="20">The</token>
  <token id="518" number="517" sentence="20">price</token>
  <token id="519" number="518" sentence="20">of</token>
  <token id="520" number="519" sentence="20">Columbia</token>
  <token id="521" number="520" sentence="20">shares</token>
  <token id="522" number="521" sentence="20">has</token>
  <token id="523" number="522" sentence="20">been</token>
  <token id="524" number="523" sentence="20">cut</token>
  <token id="525" number="524" sentence="20">nearly</token>
  <token id="526" number="525" sentence="20">in</token>
  <token id="527" number="526" sentence="20">half</token>
  <token id="528" number="527" sentence="20">since</token>
  <token id="529" number="528" sentence="20">August</token>
  <token id="530" number="529" sentence="20">,</token>
  <token id="531" number="530" sentence="20">when</token>
  <token id="532" number="531" sentence="20">they</token>
  <token id="533" number="532" sentence="20">traded</token>
  <token id="534" number="533" sentence="20">at</token>
  <token id="535" number="534" sentence="20">about</token>
  <token id="536" number="535" sentence="20">$</token>
  <token id="537" number="536" sentence="20">10</token>
  <token id="538" number="537" sentence="20">,</token>
  <token id="539" number="538" sentence="20">as</token>
  <token id="540" number="539" sentence="20">investors</token>
  <token id="541" number="540" sentence="20">apparently</token>
  <token id="542" number="541" sentence="20">realized</token>
  <token id="543" number="542" sentence="20">that</token>
  <token id="544" number="543" sentence="20">the</token>
  <token id="545" number="544" sentence="20">thrift</token>
  <token id="546" number="545" sentence="20">would</token>
  <token id="547" number="546" sentence="20">be</token>
  <token id="548" number="547" sentence="20">forced</token>
  <token id="549" number="548" sentence="20">to</token>
  <token id="550" number="549" sentence="20">take</token>
  <token id="551" number="550" sentence="20">a</token>
  <token id="552" number="551" sentence="20">big</token>
  <token id="553" number="552" sentence="20">write-down</token>
  <token id="554" number="553" sentence="20">.</token>
  <token id="555" number="554" sentence="21">The</token>
  <token id="556" number="555" sentence="21">stock</token>
  <token id="557" number="556" sentence="21">'s</token>
  <token id="558" number="557" sentence="21">decline</token>
  <token id="559" number="558" sentence="21">accelerated</token>
  <token id="560" number="559" sentence="21">in</token>
  <token id="561" number="560" sentence="21">the</token>
  <token id="562" number="561" sentence="21">past</token>
  <token id="563" number="562" sentence="21">two</token>
  <token id="564" number="563" sentence="21">weeks</token>
  <token id="565" number="564" sentence="21">,</token>
  <token id="566" number="565" sentence="21">from</token>
  <token id="567" number="566" sentence="21">a</token>
  <token id="568" number="567" sentence="21">price</token>
  <token id="569" number="568" sentence="21">of</token>
  <token id="570" number="569" sentence="21">$</token>
  <token id="571" number="570" sentence="21">8</token>
  <token id="572" number="571" sentence="21">a</token>
  <token id="573" number="572" sentence="21">share</token>
  <token id="574" number="573" sentence="21">on</token>
  <token id="575" number="574" sentence="21">Oct</token>
  <token id="576" number="575" sentence="21">.</token>
  <token id="577" number="576" sentence="21">9</token>
  <token id="578" number="577" sentence="21">.</token>
  <token id="579" number="578" sentence="22">Columbia</token>
  <token id="580" number="579" sentence="22">officials</token>
  <token id="581" number="580" sentence="22">said</token>
  <token id="582" number="581" sentence="22">they</token>
  <token id="583" number="582" sentence="22">do</token>
  <token id="584" number="583" sentence="22">n't</token>
  <token id="585" number="584" sentence="22">know</token>
  <token id="586" number="585" sentence="22">how</token>
  <token id="587" number="586" sentence="22">quickly</token>
  <token id="588" number="587" sentence="22">they</token>
  <token id="589" number="588" sentence="22">will</token>
  <token id="590" number="589" sentence="22">dispose</token>
  <token id="591" number="590" sentence="22">of</token>
  <token id="592" number="591" sentence="22">the</token>
  <token id="593" number="592" sentence="22">thrift</token>
  <token id="594" number="593" sentence="22">'s</token>
  <token id="595" number="594" sentence="22">junk</token>
  <token id="596" number="595" sentence="22">bonds</token>
  <token id="597" number="596" sentence="22">,</token>
  <token id="598" number="597" sentence="22">because</token>
  <token id="599" number="598" sentence="22">federal</token>
  <token id="600" number="599" sentence="22">regulations</token>
  <token id="601" number="600" sentence="22">,</token>
  <token id="602" number="601" sentence="22">such</token>
  <token id="603" number="602" sentence="22">as</token>
  <token id="604" number="603" sentence="22">those</token>
  <token id="605" number="604" sentence="22">that</token>
  <token id="606" number="605" sentence="22">would</token>
  <token id="607" number="606" sentence="22">allow</token>
  <token id="608" number="607" sentence="22">thrifts</token>
  <token id="609" number="608" sentence="22">to</token>
  <token id="610" number="609" sentence="22">continue</token>
  <token id="611" number="610" sentence="22">holding</token>
  <token id="612" number="611" sentence="22">the</token>
  <token id="613" number="612" sentence="22">bonds</token>
  <token id="614" number="613" sentence="22">in</token>
  <token id="615" number="614" sentence="22">separately</token>
  <token id="616" number="615" sentence="22">capitalized</token>
  <token id="617" number="616" sentence="22">subsidiaries</token>
  <token id="618" number="617" sentence="22">,</token>
  <token id="619" number="618" sentence="22">have</token>
  <token id="620" number="619" sentence="22">n't</token>
  <token id="621" number="620" sentence="22">yet</token>
  <token id="622" number="621" sentence="22">been</token>
  <token id="623" number="622" sentence="22">completed</token>
  <token id="624" number="623" sentence="22">.</token>
  <token id="625" number="624" sentence="23">Columbia</token>
  <token id="626" number="625" sentence="23">officials</token>
  <token id="627" number="626" sentence="23">also</token>
  <token id="628" number="627" sentence="23">said</token>
  <token id="629" number="628" sentence="23">the</token>
  <token id="630" number="629" sentence="23">thrift</token>
  <token id="631" number="630" sentence="23">should</token>
  <token id="632" number="631" sentence="23">n't</token>
  <token id="633" number="632" sentence="23">face</token>
  <token id="634" number="633" sentence="23">problems</token>
  <token id="635" number="634" sentence="23">meeting</token>
  <token id="636" number="635" sentence="23">regulatory</token>
  <token id="637" number="636" sentence="23">capital</token>
  <token id="638" number="637" sentence="23">requirements</token>
  <token id="639" number="638" sentence="23">,</token>
  <token id="640" number="639" sentence="23">despite</token>
  <token id="641" number="640" sentence="23">the</token>
  <token id="642" number="641" sentence="23">large</token>
  <token id="643" number="642" sentence="23">reserves</token>
  <token id="644" number="643" sentence="23">and</token>
  <token id="645" number="644" sentence="23">write-downs</token>
  <token id="646" number="645" sentence="23">and</token>
  <token id="647" number="646" sentence="23">stiffer</token>
  <token id="648" number="647" sentence="23">regulatory</token>
  <token id="649" number="648" sentence="23">requirements</token>
  <token id="650" number="649" sentence="23">that</token>
  <token id="651" number="650" sentence="23">should</token>
  <token id="652" number="651" sentence="23">be</token>
  <token id="653" number="652" sentence="23">in</token>
  <token id="654" number="653" sentence="23">place</token>
  <token id="655" number="654" sentence="23">by</token>
  <token id="656" number="655" sentence="23">year</token>
  <token id="657" number="656" sentence="23">'s</token>
  <token id="658" number="657" sentence="23">end</token>
  <token id="659" number="658" sentence="23">.</token>
  <token id="660" number="659" sentence="24">Its</token>
  <token id="661" number="660" sentence="24">ratio</token>
  <token id="662" number="661" sentence="24">of</token>
  <token id="663" number="662" sentence="24">tangible</token>
  <token id="664" number="663" sentence="24">equity</token>
  <token id="665" number="664" sentence="24">to</token>
  <token id="666" number="665" sentence="24">total</token>
  <token id="667" number="666" sentence="24">assets</token>
  <token id="668" number="667" sentence="24">as</token>
  <token id="669" number="668" sentence="24">of</token>
  <token id="670" number="669" sentence="24">Sept</token>
  <token id="671" number="670" sentence="24">.</token>
  <token id="672" number="671" sentence="24">30</token>
  <token id="673" number="672" sentence="24">was</token>
  <token id="674" number="673" sentence="24">3.6</token>
  <token id="675" number="674" sentence="24">%</token>
  <token id="676" number="675" sentence="24">,</token>
  <token id="677" number="676" sentence="24">and</token>
  <token id="678" number="677" sentence="24">total</token>
  <token id="679" number="678" sentence="24">equity</token>
  <token id="680" number="679" sentence="24">was</token>
  <token id="681" number="680" sentence="24">$</token>
  <token id="682" number="681" sentence="24">457.9</token>
  <token id="683" number="682" sentence="24">million</token>
  <token id="684" number="683" sentence="24">.</token>
  <token id="685" number="684" sentence="25">The</token>
  <token id="686" number="685" sentence="25">thrift</token>
  <token id="687" number="686" sentence="25">emphasized</token>
  <token id="688" number="687" sentence="25">that</token>
  <token id="689" number="688" sentence="25">it</token>
  <token id="690" number="689" sentence="25">has</token>
  <token id="691" number="690" sentence="25">a</token>
  <token id="692" number="691" sentence="25">large</token>
  <token id="693" number="692" sentence="25">portfolio</token>
  <token id="694" number="693" sentence="25">of</token>
  <token id="695" number="694" sentence="25">equity</token>
  <token id="696" number="695" sentence="25">securities</token>
  <token id="697" number="696" sentence="25">issued</token>
  <token id="698" number="697" sentence="25">in</token>
  <token id="699" number="698" sentence="25">connection</token>
  <token id="700" number="699" sentence="25">with</token>
  <token id="701" number="700" sentence="25">corporate</token>
  <token id="702" number="701" sentence="25">restructurings</token>
  <token id="703" number="702" sentence="25">and</token>
  <token id="704" number="703" sentence="25">leveraged</token>
  <token id="705" number="704" sentence="25">buy-outs</token>
  <token id="706" number="705" sentence="25">,</token>
  <token id="707" number="706" sentence="25">which</token>
  <token id="708" number="707" sentence="25">has</token>
  <token id="709" number="708" sentence="25">a</token>
  <token id="710" number="709" sentence="25">book</token>
  <token id="711" number="710" sentence="25">value</token>
  <token id="712" number="711" sentence="25">of</token>
  <token id="713" number="712" sentence="25">$</token>
  <token id="714" number="713" sentence="25">90</token>
  <token id="715" number="714" sentence="25">million</token>
  <token id="716" number="715" sentence="25">.</token>
  <token id="717" number="716" sentence="26">Although</token>
  <token id="718" number="717" sentence="26">many</token>
  <token id="719" number="718" sentence="26">of</token>
  <token id="720" number="719" sentence="26">the</token>
  <token id="721" number="720" sentence="26">transactions</token>
  <token id="722" number="721" sentence="26">related</token>
  <token id="723" number="722" sentence="26">to</token>
  <token id="724" number="723" sentence="26">those</token>
  <token id="725" number="724" sentence="26">securities</token>
  <token id="726" number="725" sentence="26">have</token>
  <token id="727" number="726" sentence="26">n't</token>
  <token id="728" number="727" sentence="26">been</token>
  <token id="729" number="728" sentence="26">completed</token>
  <token id="730" number="729" sentence="26">,</token>
  <token id="731" number="730" sentence="26">Columbia</token>
  <token id="732" number="731" sentence="26">said</token>
  <token id="733" number="732" sentence="26">the</token>
  <token id="734" number="733" sentence="26">ultimate</token>
  <token id="735" number="734" sentence="26">gain</token>
  <token id="736" number="735" sentence="26">on</token>
  <token id="737" number="736" sentence="26">the</token>
  <token id="738" number="737" sentence="26">sale</token>
  <token id="739" number="738" sentence="26">of</token>
  <token id="740" number="739" sentence="26">those</token>
  <token id="741" number="740" sentence="26">assets</token>
  <token id="742" number="741" sentence="26">will</token>
  <token id="743" number="742" sentence="26">range</token>
  <token id="744" number="743" sentence="26">from</token>
  <token id="745" number="744" sentence="26">$</token>
  <token id="746" number="745" sentence="26">200</token>
  <token id="747" number="746" sentence="26">million</token>
  <token id="748" number="747" sentence="26">to</token>
  <token id="749" number="748" sentence="26">$</token>
  <token id="750" number="749" sentence="26">300</token>
  <token id="751" number="750" sentence="26">million</token>
  <token id="752" number="751" sentence="26">.</token>
  <token id="753" number="752" sentence="27">Columbia</token>
  <token id="754" number="753" sentence="27">also</token>
  <token id="755" number="754" sentence="27">has</token>
  <token id="756" number="755" sentence="27">unrealized</token>
  <token id="757" number="756" sentence="27">gains</token>
  <token id="758" number="757" sentence="27">in</token>
  <token id="759" number="758" sentence="27">its</token>
  <token id="760" number="759" sentence="27">public</token>
  <token id="761" number="760" sentence="27">equity</token>
  <token id="762" number="761" sentence="27">securities</token>
  <token id="763" number="762" sentence="27">portfolio</token>
  <token id="764" number="763" sentence="27">of</token>
  <token id="765" number="764" sentence="27">more</token>
  <token id="766" number="765" sentence="27">than</token>
  <token id="767" number="766" sentence="27">$</token>
  <token id="768" number="767" sentence="27">70</token>
  <token id="769" number="768" sentence="27">million</token>
  <token id="770" number="769" sentence="27">.</token>
  <token id="771" number="770" sentence="28">David</token>
  <token id="772" number="771" sentence="28">B.</token>
  <token id="773" number="772" sentence="28">Hilder</token>
  <token id="774" number="773" sentence="28">in</token>
  <token id="775" number="774" sentence="28">New</token>
  <token id="776" number="775" sentence="28">York</token>
  <token id="777" number="776" sentence="28">contributed</token>
  <token id="778" number="777" sentence="28">to</token>
  <token id="779" number="778" sentence="28">this</token>
  <token id="780" number="779" sentence="28">article</token>
  <token id="781" number="780" sentence="28">.</token>
</Document>
