<Document doc_name="wsj_0184">
  <Markables>
    <TIMEX3 RELATED_TO="" TAG_DESCRIPTOR="Empty_Mark" beginPoint="" comment="" endPoint="" freq="" functionInDocument="CREATION_TIME" id="0" quant="" type="DATE" value="1989-11-02" />
    <EVENT aspect="NONE" certainty="" class="REPORTING" comment="" factuality="" id="1" modality="NONE" polarity="POS" pos="VERB" tense="PAST">
      <token_anchor id="3" />
    </EVENT>
    <EVENT aspect="NONE" certainty="" class="OCCURRENCE" comment="" factuality="" id="2" modality="NONE" polarity="POS" pos="VERB" tense="FUTURE">
      <token_anchor id="6" />
    </EVENT>
    <EVENT aspect="NONE" certainty="" class="I_ACTION" comment="" factuality="" id="3" modality="NONE" polarity="POS" pos="NOUN" tense="NONE">
      <token_anchor id="20" />
    </EVENT>
    <EVENT aspect="NONE" certainty="" class="I_STATE" comment="" factuality="" id="4" modality="NONE" polarity="POS" pos="VERB" tense="PASTPART">
      <token_anchor id="21" />
    </EVENT>
    <EVENT aspect="NONE" certainty="" class="ASPECTUAL" comment="" factuality="" id="5" modality="NONE" polarity="POS" pos="VERB" tense="INFINITIVE">
      <token_anchor id="23" />
    </EVENT>
    <TIMEX3 anchorTimeID="0" beginPoint="" comment="" endPoint="" freq="" functionInDocument="NONE" id="6" quant="" type="DURATION" value="1989-Q4">
      <token_anchor id="26" />
    </TIMEX3>
    <EVENT aspect="NONE" certainty="" class="OCCURRENCE" comment="" factuality="" id="7" modality="NONE" polarity="POS" pos="NOUN" tense="NONE">
      <token_anchor id="27" />
    </EVENT>
    <EVENT aspect="NONE" certainty="" class="REPORTING" comment="" factuality="" id="8" modality="NONE" polarity="POS" pos="VERB" tense="PAST">
      <token_anchor id="31" />
    </EVENT>
    <EVENT aspect="NONE" certainty="" class="I_ACTION" comment="" factuality="" id="9" modality="could" polarity="NEG" pos="VERB" tense="NONE">
      <token_anchor id="35" />
    </EVENT>
    <EVENT aspect="NONE" certainty="" class="STATE" comment="" factuality="" id="10" modality="NONE" polarity="POS" pos="NOUN" tense="NONE">
      <token_anchor id="40" />
    </EVENT>
    <EVENT aspect="NONE" certainty="" class="I_ACTION" comment="" factuality="" id="11" modality="NONE" polarity="POS" pos="VERB" tense="PRESENT">
      <token_anchor id="43" />
    </EVENT>
    <EVENT aspect="NONE" certainty="" class="OCCURRENCE" comment="" factuality="" id="12" modality="NONE" polarity="POS" pos="VERB" tense="FUTURE">
      <token_anchor id="52" />
    </EVENT>
    <EVENT aspect="NONE" certainty="" class="REPORTING" comment="" factuality="" id="13" modality="NONE" polarity="POS" pos="VERB" tense="PAST">
      <token_anchor id="62" />
    </EVENT>
    <EVENT aspect="NONE" certainty="" class="I_STATE" comment="" factuality="" id="14" modality="NONE" polarity="POS" pos="VERB" tense="PRESENT">
      <token_anchor id="65" />
    </EVENT>
    <EVENT aspect="NONE" certainty="" class="OCCURRENCE" comment="" factuality="" id="15" modality="NONE" polarity="POS" pos="NOUN" tense="NONE">
      <token_anchor id="68" />
    </EVENT>
    <EVENT aspect="NONE" certainty="" class="OCCURRENCE" comment="" factuality="" id="16" modality="NONE" polarity="POS" pos="NOUN" tense="NONE">
      <token_anchor id="74" />
    </EVENT>
    <EVENT aspect="NONE" certainty="" class="OCCURRENCE" comment="" factuality="" id="17" modality="NONE" polarity="POS" pos="VERB" tense="FUTURE">
      <token_anchor id="78" />
    </EVENT>
    <EVENT aspect="NONE" certainty="" class="OCCURRENCE" comment="" factuality="" id="18" modality="could" polarity="POS" pos="VERB" tense="NONE">
      <token_anchor id="97" />
    </EVENT>
    <EVENT aspect="PROGRESSIVE" certainty="" class="OCCURRENCE" comment="" factuality="" id="19" modality="NONE" polarity="POS" pos="VERB" tense="PRESENT">
      <token_anchor id="114" />
    </EVENT>
    <EVENT aspect="NONE" certainty="" class="REPORTING" comment="" factuality="" id="20" modality="NONE" polarity="POS" pos="VERB" tense="PAST">
      <token_anchor id="130" />
    </EVENT>
    <TIMEX3 beginPoint="" comment="" endPoint="" freq="" functionInDocument="NONE" id="21" quant="" type="DURATION" value="P2Y">
      <token_anchor id="138" />
    </TIMEX3>
    <EVENT aspect="NONE" certainty="" class="I_ACTION" comment="" factuality="" id="22" modality="NONE" polarity="POS" pos="NOUN" tense="NONE">
      <token_anchor id="139" />
    </EVENT>
    <EVENT aspect="NONE" certainty="" class="I_ACTION" comment="" factuality="" id="23" modality="NONE" polarity="POS" pos="VERB" tense="INFINITIVE">
      <token_anchor id="141" />
    </EVENT>
    <EVENT aspect="NONE" certainty="" class="I_ACTION" comment="" factuality="" id="24" modality="NONE" polarity="POS" pos="VERB" tense="PAST">
      <token_anchor id="155" />
    </EVENT>
    <EVENT aspect="NONE" certainty="" class="OCCURRENCE" comment="" factuality="" id="25" modality="NONE" polarity="POS" pos="VERB" tense="FUTURE">
      <token_anchor id="165" />
    </EVENT>
    <C-SIGNAL id="26">
      <token_anchor id="167" />
    </C-SIGNAL>
    <EVENT aspect="NONE" certainty="" class="ASPECTUAL" comment="" factuality="" id="27" modality="NONE" polarity="POS" pos="VERB" tense="FUTURE">
      <token_anchor id="171" />
    </EVENT>
    <EVENT aspect="NONE" certainty="" class="OCCURRENCE" comment="" factuality="" id="28" modality="NONE" polarity="POS" pos="VERB" tense="PRESPART">
      <token_anchor id="174" />
    </EVENT>
    <EVENT aspect="NONE" certainty="" class="OCCURRENCE" comment="" factuality="" id="29" modality="NONE" polarity="POS" pos="NOUN" tense="NONE">
      <token_anchor id="181" />
    </EVENT>
    <EVENT aspect="NONE" certainty="" class="REPORTING" comment="" factuality="" id="30" modality="NONE" polarity="POS" pos="VERB" tense="PAST">
      <token_anchor id="184" />
    </EVENT>
    <EVENT aspect="NONE" certainty="" class="OCCURRENCE" comment="" factuality="" id="31" modality="NONE" polarity="POS" pos="VERB" tense="FUTURE">
      <token_anchor id="211" />
    </EVENT>
    <EVENT aspect="NONE" certainty="" class="I_ACTION" comment="" factuality="" id="32" modality="NONE" polarity="POS" pos="VERB" tense="PAST">
      <token_anchor id="219" />
    </EVENT>
    <EVENT aspect="NONE" certainty="" class="OCCURRENCE" comment="" factuality="" id="33" modality="NONE" polarity="POS" pos="VERB" tense="PRESENT">
      <token_anchor id="228" />
    </EVENT>
    <EVENT aspect="NONE" certainty="" class="OCCURRENCE" comment="" factuality="" id="34" modality="may" polarity="POS" pos="VERB" tense="NONE">
      <token_anchor id="234" />
    </EVENT>
    <C-SIGNAL id="35">
      <token_anchor id="236" />
      <token_anchor id="237" />
      <token_anchor id="238" />
    </C-SIGNAL>
    <EVENT aspect="NONE" certainty="" class="OCCURRENCE" comment="" factuality="" id="36" modality="NONE" polarity="POS" pos="VERB" tense="FUTURE">
      <token_anchor id="243" />
    </EVENT>
    <TIMEX3 anchorTimeID="0" beginPoint="" comment="" endPoint="" freq="" functionInDocument="NONE" id="37" quant="" type="DATE" value="1989-11-01">
      <token_anchor id="266" />
    </TIMEX3>
    <EVENT aspect="NONE" certainty="" class="OCCURRENCE" comment="" factuality="" id="38" modality="NONE" polarity="POS" pos="VERB" tense="PAST">
      <token_anchor id="270" />
    </EVENT>
    <EVENT aspect="NONE" certainty="" class="REPORTING" comment="" factuality="" id="39" modality="NONE" polarity="POS" pos="VERB" tense="PAST">
      <token_anchor id="281" />
    </EVENT>
    <EVENT aspect="PERFECTIVE" certainty="" class="PERCEPTION" comment="" factuality="" id="40" modality="NONE" polarity="NEG" pos="VERB" tense="PAST">
      <token_anchor id="285" />
    </EVENT>
    <EVENT aspect="NONE" certainty="" class="I_STATE" comment="" factuality="" id="41" modality="NONE" polarity="NEG" pos="VERB" tense="INFINITIVE">
      <token_anchor id="289" />
    </EVENT>
    <EVENT aspect="NONE" certainty="" class="OCCURRENCE" comment="" factuality="" id="42" modality="NONE" polarity="POS" pos="VERB" tense="PAST">
      <token_anchor id="295" />
    </EVENT>
    <TIMEX3 anchorTimeID="0" beginPoint="" comment="" endPoint="" freq="" functionInDocument="NONE" id="43" quant="" type="DATE" value="1989">
      <token_anchor id="319" />
      <token_anchor id="320" />
      <token_anchor id="321" />
    </TIMEX3>
    <EVENT aspect="NONE" certainty="" class="OCCURRENCE" comment="" factuality="" id="44" modality="NONE" polarity="POS" pos="VERB" tense="PAST">
      <token_anchor id="322" />
    </EVENT>
    <EVENT aspect="NONE" certainty="" class="OCCURRENCE" comment="" factuality="" id="45" modality="NONE" polarity="POS" pos="VERB" tense="INFINITIVE">
      <token_anchor id="327" />
    </EVENT>
    <EVENT aspect="NONE" certainty="" class="REPORTING" comment="" factuality="" id="46" modality="NONE" polarity="POS" pos="VERB" tense="PAST">
      <token_anchor id="334" />
    </EVENT>
    <EVENT aspect="NONE" certainty="" class="I_ACTION" comment="" factuality="" id="47" modality="NONE" polarity="POS" pos="VERB" tense="PASTPART">
      <token_anchor id="342" />
    </EVENT>
    <TIMEX3 beginPoint="" comment="" endPoint="" freq="" functionInDocument="NONE" id="48" quant="" type="DURATION" value="P2Y">
      <token_anchor id="345" />
    </TIMEX3>
    <TIMEX3 anchorTimeID="0" beginPoint="" comment="" endPoint="" freq="" functionInDocument="NONE" id="49" quant="" type="DATE" value="PAST_REF">
      <token_anchor id="349" />
    </TIMEX3>
    <EVENT aspect="NONE" certainty="" class="OCCURRENCE" comment="" factuality="" id="50" modality="NONE" polarity="POS" pos="NOUN" tense="NONE">
      <token_anchor id="351" />
    </EVENT>
    <EVENT aspect="PERFECTIVE" certainty="" class="OCCURRENCE" comment="" factuality="" id="51" modality="NONE" polarity="POS" pos="VERB" tense="PRESENT">
      <token_anchor id="353" />
    </EVENT>
    <EVENT aspect="NONE" certainty="" class="REPORTING" comment="" factuality="" id="52" modality="NONE" polarity="POS" pos="VERB" tense="PAST">
      <token_anchor id="360" />
    </EVENT>
  </Markables>
  <Relations>
    <TLINK comment="" id="1" relType="AFTER">
      <source id="0" />
      <target id="1" />
    </TLINK>
    <TLINK comment="" id="2" relType="IS_INCLUDED">
      <source id="2" />
      <target id="3" />
    </TLINK>
    <CLINK comment="" id="3">
      <source id="3" />
      <target id="7" />
    </CLINK>
    <TLINK comment="" id="4" relType="IS_INCLUDED">
      <source id="4" />
      <target id="0" />
    </TLINK>
    <TLINK comment="" id="5" relType="IS_INCLUDED">
      <source id="7" />
      <target id="6" />
    </TLINK>
    <TLINK comment="" id="6" relType="SIMULTANEOUS">
      <source id="8" />
      <target id="1" />
    </TLINK>
    <TLINK comment="" id="7" relType="AFTER">
      <source id="9" />
      <target id="11" />
    </TLINK>
    <TLINK comment="" id="8" relType="BEGUN_BY">
      <source id="10" />
      <target id="5" />
    </TLINK>
    <TLINK comment="" id="9" relType="AFTER">
      <source id="12" />
      <target id="0" />
    </TLINK>
    <TLINK comment="" id="10" relType="SIMULTANEOUS">
      <source id="13" />
      <target id="1" />
    </TLINK>
    <CLINK comment="" id="11">
      <source id="16" />
      <target id="15" />
    </CLINK>
    <TLINK comment="" id="12" relType="IS_INCLUDED">
      <source id="18" />
      <target id="12" />
    </TLINK>
    <TLINK comment="" id="13" relType="SIMULTANEOUS">
      <source id="19" />
      <target id="2" />
    </TLINK>
    <TLINK comment="" id="14" relType="SIMULTANEOUS">
      <source id="20" />
      <target id="8" />
    </TLINK>
    <TLINK comment="" id="15" relType="INCLUDES">
      <source id="21" />
      <target id="0" />
    </TLINK>
    <TLINK comment="" id="16" relType="SIMULTANEOUS">
      <source id="22" />
      <target id="21" />
    </TLINK>
    <TLINK comment="" id="17" relType="BEFORE">
      <source id="24" />
      <target id="0" />
    </TLINK>
    <TLINK comment="" id="18" relType="AFTER">
      <source id="24" />
      <target id="1" />
    </TLINK>
    <TLINK comment="" id="19" relType="BEFORE">
      <source id="24" />
      <target id="27" />
    </TLINK>
    <CLINK c-signalID="26" comment="" id="20">
      <source id="27" />
      <target id="24" />
    </CLINK>
    <TLINK comment="" id="21" relType="DURING">
      <source id="28" />
      <target id="22" />
    </TLINK>
    <TLINK comment="" id="22" relType="IDENTITY">
      <source id="29" />
      <target id="3" />
    </TLINK>
    <TLINK comment="" id="23" relType="IS_INCLUDED">
      <source id="30" />
      <target id="24" />
    </TLINK>
    <TLINK comment="" id="24" relType="AFTER">
      <source id="31" />
      <target id="0" />
    </TLINK>
    <TLINK comment="" id="25" relType="AFTER">
      <source id="33" />
      <target id="0" />
    </TLINK>
    <TLINK comment="" id="26" relType="AFTER">
      <source id="33" />
      <target id="2" />
    </TLINK>
    <TLINK comment="" id="27" relType="BEFORE">
      <source id="33" />
      <target id="34" />
    </TLINK>
    <CLINK c-signalID="35" comment="" id="28">
      <source id="34" />
      <target id="36" />
    </CLINK>
    <TLINK comment="" id="29" relType="SIMULTANEOUS">
      <source id="36" />
      <target id="34" />
    </TLINK>
    <TLINK comment="" id="30" relType="BEFORE">
      <source id="37" />
      <target id="0" />
    </TLINK>
    <TLINK comment="" id="31" relType="INCLUDES">
      <source id="37" />
      <target id="38" />
    </TLINK>
    <TLINK comment="" id="32" relType="IAFTER">
      <source id="39" />
      <target id="8" />
    </TLINK>
    <TLINK comment="" id="33" relType="BEFORE">
      <source id="40" />
      <target id="41" />
    </TLINK>
    <TLINK comment="" id="34" relType="BEFORE">
      <source id="43" />
      <target id="0" />
    </TLINK>
    <TLINK comment="" id="35" relType="BEFORE">
      <source id="43" />
      <target id="1" />
    </TLINK>
    <TLINK comment="" id="36" relType="IS_INCLUDED">
      <source id="44" />
      <target id="43" />
    </TLINK>
    <TLINK comment="" id="37" relType="SIMULTANEOUS">
      <source id="46" />
      <target id="8" />
    </TLINK>
    <TLINK comment="" id="38" relType="BEFORE">
      <source id="47" />
      <target id="0" />
    </TLINK>
    <TLINK comment="" id="39" relType="BEFORE">
      <source id="49" />
      <target id="0" />
    </TLINK>
    <TLINK comment="" id="40" relType="IDENTITY">
      <source id="49" />
      <target id="50" />
    </TLINK>
    <TLINK comment="" id="41" relType="IBEFORE">
      <source id="50" />
      <target id="51" />
    </TLINK>
    <TLINK comment="" id="42" relType="IDENTITY">
      <source id="52" />
      <target id="46" />
    </TLINK>
  </Relations>
  <token id="1" number="0" sentence="0">Upjohn</token>
  <token id="2" number="1" sentence="0">Co.</token>
  <token id="3" number="2" sentence="0">said</token>
  <token id="4" number="3" sentence="0">it</token>
  <token id="5" number="4" sentence="0">will</token>
  <token id="6" number="5" sentence="0">offer</token>
  <token id="7" number="6" sentence="0">an</token>
  <token id="8" number="7" sentence="0">early</token>
  <token id="9" number="8" sentence="0">retirement</token>
  <token id="10" number="9" sentence="0">package</token>
  <token id="11" number="10" sentence="0">to</token>
  <token id="12" number="11" sentence="0">as</token>
  <token id="13" number="12" sentence="0">many</token>
  <token id="14" number="13" sentence="0">as</token>
  <token id="15" number="14" sentence="0">1,100</token>
  <token id="16" number="15" sentence="0">employees</token>
  <token id="17" number="16" sentence="0">in</token>
  <token id="18" number="17" sentence="0">a</token>
  <token id="19" number="18" sentence="0">cost-cutting</token>
  <token id="20" number="19" sentence="0">move</token>
  <token id="21" number="20" sentence="0">expected</token>
  <token id="22" number="21" sentence="0">to</token>
  <token id="23" number="22" sentence="0">result</token>
  <token id="24" number="23" sentence="0">in</token>
  <token id="25" number="24" sentence="0">a</token>
  <token id="26" number="25" sentence="0">fourth-quarter</token>
  <token id="27" number="26" sentence="0">charge</token>
  <token id="28" number="27" sentence="0">.</token>
  <token id="29" number="28" sentence="1">Upjohn</token>
  <token id="30" number="29" sentence="1">officials</token>
  <token id="31" number="30" sentence="1">said</token>
  <token id="32" number="31" sentence="1">they</token>
  <token id="33" number="32" sentence="1">could</token>
  <token id="34" number="33" sentence="1">n't</token>
  <token id="35" number="34" sentence="1">estimate</token>
  <token id="36" number="35" sentence="1">the</token>
  <token id="37" number="36" sentence="1">size</token>
  <token id="38" number="37" sentence="1">of</token>
  <token id="39" number="38" sentence="1">the</token>
  <token id="40" number="39" sentence="1">charge</token>
  <token id="41" number="40" sentence="1">until</token>
  <token id="42" number="41" sentence="1">they</token>
  <token id="43" number="42" sentence="1">determine</token>
  <token id="44" number="43" sentence="1">which</token>
  <token id="45" number="44" sentence="1">employees</token>
  <token id="46" number="45" sentence="1">,</token>
  <token id="47" number="46" sentence="1">and</token>
  <token id="48" number="47" sentence="1">how</token>
  <token id="49" number="48" sentence="1">many</token>
  <token id="50" number="49" sentence="1">,</token>
  <token id="51" number="50" sentence="1">will</token>
  <token id="52" number="51" sentence="1">participate</token>
  <token id="53" number="52" sentence="1">in</token>
  <token id="54" number="53" sentence="1">the</token>
  <token id="55" number="54" sentence="1">retirement</token>
  <token id="56" number="55" sentence="1">plan</token>
  <token id="57" number="56" sentence="1">.</token>
  <token id="58" number="57" sentence="2">But</token>
  <token id="59" number="58" sentence="2">the</token>
  <token id="60" number="59" sentence="2">pharmaceutical</token>
  <token id="61" number="60" sentence="2">company</token>
  <token id="62" number="61" sentence="2">said</token>
  <token id="63" number="62" sentence="2">it</token>
  <token id="64" number="63" sentence="2">"</token>
  <token id="65" number="64" sentence="2">anticipates</token>
  <token id="66" number="65" sentence="2">the</token>
  <token id="67" number="66" sentence="2">long-term</token>
  <token id="68" number="67" sentence="2">savings</token>
  <token id="69" number="68" sentence="2">resulting</token>
  <token id="70" number="69" sentence="2">from</token>
  <token id="71" number="70" sentence="2">the</token>
  <token id="72" number="71" sentence="2">plan</token>
  <token id="73" number="72" sentence="2">'s</token>
  <token id="74" number="73" sentence="2">implementation</token>
  <token id="75" number="74" sentence="2">will</token>
  <token id="76" number="75" sentence="2">more</token>
  <token id="77" number="76" sentence="2">than</token>
  <token id="78" number="77" sentence="2">offset</token>
  <token id="79" number="78" sentence="2">short-term</token>
  <token id="80" number="79" sentence="2">costs</token>
  <token id="81" number="80" sentence="2">.</token>
  <token id="82" number="81" sentence="2">"</token>
  <token id="83" number="82" sentence="3">The</token>
  <token id="84" number="83" sentence="3">program</token>
  <token id="85" number="84" sentence="3">,</token>
  <token id="86" number="85" sentence="3">available</token>
  <token id="87" number="86" sentence="3">to</token>
  <token id="88" number="87" sentence="3">Upjohn</token>
  <token id="89" number="88" sentence="3">employees</token>
  <token id="90" number="89" sentence="3">55</token>
  <token id="91" number="90" sentence="3">years</token>
  <token id="92" number="91" sentence="3">old</token>
  <token id="93" number="92" sentence="3">or</token>
  <token id="94" number="93" sentence="3">older</token>
  <token id="95" number="94" sentence="3">,</token>
  <token id="96" number="95" sentence="3">could</token>
  <token id="97" number="96" sentence="3">increase</token>
  <token id="98" number="97" sentence="3">an</token>
  <token id="99" number="98" sentence="3">individual</token>
  <token id="100" number="99" sentence="3">'s</token>
  <token id="101" number="100" sentence="3">retirement</token>
  <token id="102" number="101" sentence="3">benefits</token>
  <token id="103" number="102" sentence="3">10</token>
  <token id="104" number="103" sentence="3">%</token>
  <token id="105" number="104" sentence="3">to</token>
  <token id="106" number="105" sentence="3">20</token>
  <token id="107" number="106" sentence="3">%</token>
  <token id="108" number="107" sentence="3">.</token>
  <token id="109" number="108" sentence="4">In</token>
  <token id="110" number="109" sentence="4">addition</token>
  <token id="111" number="110" sentence="4">,</token>
  <token id="112" number="111" sentence="4">Upjohn</token>
  <token id="113" number="112" sentence="4">is</token>
  <token id="114" number="113" sentence="4">offering</token>
  <token id="115" number="114" sentence="4">a</token>
  <token id="116" number="115" sentence="4">one-time</token>
  <token id="117" number="116" sentence="4">retirement</token>
  <token id="118" number="117" sentence="4">bonus</token>
  <token id="119" number="118" sentence="4">equal</token>
  <token id="120" number="119" sentence="4">to</token>
  <token id="121" number="120" sentence="4">six</token>
  <token id="122" number="121" sentence="4">months</token>
  <token id="123" number="122" sentence="4">of</token>
  <token id="124" number="123" sentence="4">base</token>
  <token id="125" number="124" sentence="4">pay</token>
  <token id="126" number="125" sentence="4">.</token>
  <token id="127" number="126" sentence="5">Chairman</token>
  <token id="128" number="127" sentence="5">Theodore</token>
  <token id="129" number="128" sentence="5">Cooper</token>
  <token id="130" number="129" sentence="5">called</token>
  <token id="131" number="130" sentence="5">the</token>
  <token id="132" number="131" sentence="5">program</token>
  <token id="133" number="132" sentence="5">part</token>
  <token id="134" number="133" sentence="5">of</token>
  <token id="135" number="134" sentence="5">the</token>
  <token id="136" number="135" sentence="5">company</token>
  <token id="137" number="136" sentence="5">'s</token>
  <token id="138" number="137" sentence="5">two-year</token>
  <token id="139" number="138" sentence="5">strategy</token>
  <token id="140" number="139" sentence="5">to</token>
  <token id="141" number="140" sentence="5">implement</token>
  <token id="142" number="141" sentence="5">budget</token>
  <token id="143" number="142" sentence="5">constraints</token>
  <token id="144" number="143" sentence="5">and</token>
  <token id="145" number="144" sentence="5">"</token>
  <token id="146" number="145" sentence="5">an</token>
  <token id="147" number="146" sentence="5">effective</token>
  <token id="148" number="147" sentence="5">headcount-control</token>
  <token id="149" number="148" sentence="5">program</token>
  <token id="150" number="149" sentence="5">.</token>
  <token id="151" number="150" sentence="5">"</token>
  <token id="152" number="151" sentence="6">But</token>
  <token id="153" number="152" sentence="6">some</token>
  <token id="154" number="153" sentence="6">analysts</token>
  <token id="155" number="154" sentence="6">questioned</token>
  <token id="156" number="155" sentence="6">how</token>
  <token id="157" number="156" sentence="6">much</token>
  <token id="158" number="157" sentence="6">of</token>
  <token id="159" number="158" sentence="6">an</token>
  <token id="160" number="159" sentence="6">impact</token>
  <token id="161" number="160" sentence="6">the</token>
  <token id="162" number="161" sentence="6">retirement</token>
  <token id="163" number="162" sentence="6">package</token>
  <token id="164" number="163" sentence="6">will</token>
  <token id="165" number="164" sentence="6">have</token>
  <token id="166" number="165" sentence="6">,</token>
  <token id="167" number="166" sentence="6">because</token>
  <token id="168" number="167" sentence="6">few</token>
  <token id="169" number="168" sentence="6">jobs</token>
  <token id="170" number="169" sentence="6">will</token>
  <token id="171" number="170" sentence="6">end</token>
  <token id="172" number="171" sentence="6">up</token>
  <token id="173" number="172" sentence="6">being</token>
  <token id="174" number="173" sentence="6">eliminated</token>
  <token id="175" number="174" sentence="6">.</token>
  <token id="176" number="175" sentence="7">"</token>
  <token id="177" number="176" sentence="7">It</token>
  <token id="178" number="177" sentence="7">'s</token>
  <token id="179" number="178" sentence="7">a</token>
  <token id="180" number="179" sentence="7">cosmetic</token>
  <token id="181" number="180" sentence="7">move</token>
  <token id="182" number="181" sentence="7">,</token>
  <token id="183" number="182" sentence="7">"</token>
  <token id="184" number="183" sentence="7">said</token>
  <token id="185" number="184" sentence="7">Jonathan</token>
  <token id="186" number="185" sentence="7">S.</token>
  <token id="187" number="186" sentence="7">Gelles</token>
  <token id="188" number="187" sentence="7">of</token>
  <token id="189" number="188" sentence="7">Wertheim</token>
  <token id="190" number="189" sentence="7">Schroder</token>
  <token id="191" number="190" sentence="7">amp</token>
  <token id="192" number="191" sentence="7">Co.</token>
  <token id="193" number="192" sentence="8">According</token>
  <token id="194" number="193" sentence="8">to</token>
  <token id="195" number="194" sentence="8">Upjohn</token>
  <token id="196" number="195" sentence="8">'s</token>
  <token id="197" number="196" sentence="8">estimates</token>
  <token id="198" number="197" sentence="8">,</token>
  <token id="199" number="198" sentence="8">only</token>
  <token id="200" number="199" sentence="8">50</token>
  <token id="201" number="200" sentence="8">%</token>
  <token id="202" number="201" sentence="8">to</token>
  <token id="203" number="202" sentence="8">60</token>
  <token id="204" number="203" sentence="8">%</token>
  <token id="205" number="204" sentence="8">of</token>
  <token id="206" number="205" sentence="8">the</token>
  <token id="207" number="206" sentence="8">1,100</token>
  <token id="208" number="207" sentence="8">eligible</token>
  <token id="209" number="208" sentence="8">employees</token>
  <token id="210" number="209" sentence="8">will</token>
  <token id="211" number="210" sentence="8">take</token>
  <token id="212" number="211" sentence="8">advantage</token>
  <token id="213" number="212" sentence="8">of</token>
  <token id="214" number="213" sentence="8">the</token>
  <token id="215" number="214" sentence="8">plan</token>
  <token id="216" number="215" sentence="8">.</token>
  <token id="217" number="216" sentence="9">Upjohn</token>
  <token id="218" number="217" sentence="9">further</token>
  <token id="219" number="218" sentence="9">estimated</token>
  <token id="220" number="219" sentence="9">that</token>
  <token id="221" number="220" sentence="9">about</token>
  <token id="222" number="221" sentence="9">50</token>
  <token id="223" number="222" sentence="9">%</token>
  <token id="224" number="223" sentence="9">of</token>
  <token id="225" number="224" sentence="9">the</token>
  <token id="226" number="225" sentence="9">employees</token>
  <token id="227" number="226" sentence="9">who</token>
  <token id="228" number="227" sentence="9">leave</token>
  <token id="229" number="228" sentence="9">for</token>
  <token id="230" number="229" sentence="9">early</token>
  <token id="231" number="230" sentence="9">retirement</token>
  <token id="232" number="231" sentence="9">may</token>
  <token id="233" number="232" sentence="9">be</token>
  <token id="234" number="233" sentence="9">replaced</token>
  <token id="235" number="234" sentence="9">.</token>
  <token id="236" number="235" sentence="10">As</token>
  <token id="237" number="236" sentence="10">a</token>
  <token id="238" number="237" sentence="10">result</token>
  <token id="239" number="238" sentence="10">,</token>
  <token id="240" number="239" sentence="10">Upjohn</token>
  <token id="241" number="240" sentence="10">will</token>
  <token id="242" number="241" sentence="10">likely</token>
  <token id="243" number="242" sentence="10">trim</token>
  <token id="244" number="243" sentence="10">only</token>
  <token id="245" number="244" sentence="10">about</token>
  <token id="246" number="245" sentence="10">275</token>
  <token id="247" number="246" sentence="10">to</token>
  <token id="248" number="247" sentence="10">350</token>
  <token id="249" number="248" sentence="10">of</token>
  <token id="250" number="249" sentence="10">its</token>
  <token id="251" number="250" sentence="10">more</token>
  <token id="252" number="251" sentence="10">than</token>
  <token id="253" number="252" sentence="10">21,000</token>
  <token id="254" number="253" sentence="10">jobs</token>
  <token id="255" number="254" sentence="10">world-wide</token>
  <token id="256" number="255" sentence="10">.</token>
  <token id="257" number="256" sentence="11">In</token>
  <token id="258" number="257" sentence="11">composite</token>
  <token id="259" number="258" sentence="11">trading</token>
  <token id="260" number="259" sentence="11">on</token>
  <token id="261" number="260" sentence="11">the</token>
  <token id="262" number="261" sentence="11">New</token>
  <token id="263" number="262" sentence="11">York</token>
  <token id="264" number="263" sentence="11">Stock</token>
  <token id="265" number="264" sentence="11">Exchange</token>
  <token id="266" number="265" sentence="11">yesterday</token>
  <token id="267" number="266" sentence="11">,</token>
  <token id="268" number="267" sentence="11">Upjohn</token>
  <token id="269" number="268" sentence="11">shares</token>
  <token id="270" number="269" sentence="11">rose</token>
  <token id="271" number="270" sentence="11">87.5</token>
  <token id="272" number="271" sentence="11">cents</token>
  <token id="273" number="272" sentence="11">to</token>
  <token id="274" number="273" sentence="11">$</token>
  <token id="275" number="274" sentence="11">38.875</token>
  <token id="276" number="275" sentence="11">apiece</token>
  <token id="277" number="276" sentence="11">.</token>
  <token id="278" number="277" sentence="12">An</token>
  <token id="279" number="278" sentence="12">Upjohn</token>
  <token id="280" number="279" sentence="12">spokesman</token>
  <token id="281" number="280" sentence="12">said</token>
  <token id="282" number="281" sentence="12">he</token>
  <token id="283" number="282" sentence="12">had</token>
  <token id="284" number="283" sentence="12">"</token>
  <token id="285" number="284" sentence="12">heard</token>
  <token id="286" number="285" sentence="12">nothing</token>
  <token id="287" number="286" sentence="12">"</token>
  <token id="288" number="287" sentence="12">to</token>
  <token id="289" number="288" sentence="12">suggest</token>
  <token id="290" number="289" sentence="12">the</token>
  <token id="291" number="290" sentence="12">early</token>
  <token id="292" number="291" sentence="12">retirement</token>
  <token id="293" number="292" sentence="12">package</token>
  <token id="294" number="293" sentence="12">was</token>
  <token id="295" number="294" sentence="12">spurred</token>
  <token id="296" number="295" sentence="12">by</token>
  <token id="297" number="296" sentence="12">shareholder</token>
  <token id="298" number="297" sentence="12">pressure</token>
  <token id="299" number="298" sentence="12">or</token>
  <token id="300" number="299" sentence="12">a</token>
  <token id="301" number="300" sentence="12">potential</token>
  <token id="302" number="301" sentence="12">bidder</token>
  <token id="303" number="302" sentence="12">for</token>
  <token id="304" number="303" sentence="12">the</token>
  <token id="305" number="304" sentence="12">company</token>
  <token id="306" number="305" sentence="12">,</token>
  <token id="307" number="306" sentence="12">which</token>
  <token id="308" number="307" sentence="12">occasionally</token>
  <token id="309" number="308" sentence="12">has</token>
  <token id="310" number="309" sentence="12">been</token>
  <token id="311" number="310" sentence="12">the</token>
  <token id="312" number="311" sentence="12">target</token>
  <token id="313" number="312" sentence="12">of</token>
  <token id="314" number="313" sentence="12">takeover</token>
  <token id="315" number="314" sentence="12">speculation</token>
  <token id="316" number="315" sentence="12">.</token>
  <token id="317" number="316" sentence="13">The</token>
  <token id="318" number="317" sentence="13">company</token>
  <token id="319" number="318" sentence="13">earlier</token>
  <token id="320" number="319" sentence="13">this</token>
  <token id="321" number="320" sentence="13">year</token>
  <token id="322" number="321" sentence="13">adopted</token>
  <token id="323" number="322" sentence="13">a</token>
  <token id="324" number="323" sentence="13">shareholder-rights</token>
  <token id="325" number="324" sentence="13">plan</token>
  <token id="326" number="325" sentence="13">to</token>
  <token id="327" number="326" sentence="13">ward</token>
  <token id="328" number="327" sentence="13">off</token>
  <token id="329" number="328" sentence="13">unwanted</token>
  <token id="330" number="329" sentence="13">suitors</token>
  <token id="331" number="330" sentence="13">.</token>
  <token id="332" number="331" sentence="14">The</token>
  <token id="333" number="332" sentence="14">spokesman</token>
  <token id="334" number="333" sentence="14">said</token>
  <token id="335" number="334" sentence="14">it</token>
  <token id="336" number="335" sentence="14">is</token>
  <token id="337" number="336" sentence="14">the</token>
  <token id="338" number="337" sentence="14">first</token>
  <token id="339" number="338" sentence="14">early</token>
  <token id="340" number="339" sentence="14">retirement</token>
  <token id="341" number="340" sentence="14">plan</token>
  <token id="342" number="341" sentence="14">offered</token>
  <token id="343" number="342" sentence="14">under</token>
  <token id="344" number="343" sentence="14">its</token>
  <token id="345" number="344" sentence="14">two-year</token>
  <token id="346" number="345" sentence="14">cost-control</token>
  <token id="347" number="346" sentence="14">strategy</token>
  <token id="348" number="347" sentence="14">.</token>
  <token id="349" number="348" sentence="15">Earlier</token>
  <token id="350" number="349" sentence="15">staff-reduction</token>
  <token id="351" number="350" sentence="15">moves</token>
  <token id="352" number="351" sentence="15">have</token>
  <token id="353" number="352" sentence="15">trimmed</token>
  <token id="354" number="353" sentence="15">about</token>
  <token id="355" number="354" sentence="15">300</token>
  <token id="356" number="355" sentence="15">jobs</token>
  <token id="357" number="356" sentence="15">,</token>
  <token id="358" number="357" sentence="15">the</token>
  <token id="359" number="358" sentence="15">spokesman</token>
  <token id="360" number="359" sentence="15">said</token>
  <token id="361" number="360" sentence="15">.</token>
</Document>
