<Document doc_name="wsj_0135">
  <Markables>
    <TIMEX3 RELATED_TO="" TAG_DESCRIPTOR="Empty_Mark" beginPoint="" comment="" endPoint="" freq="" functionInDocument="CREATION_TIME" id="0" quant="" type="DATE" value="1989-11-02" />
    <EVENT aspect="NONE" certainty="" class="REPORTING" comment="" factuality="" id="1" modality="NONE" polarity="POS" pos="VERB" tense="PAST">
      <token_anchor id="4" />
    </EVENT>
    <EVENT aspect="NONE" certainty="" class="I_STATE" comment="" factuality="" id="2" modality="NONE" polarity="POS" pos="VERB" tense="PRESENT">
      <token_anchor id="6" />
    </EVENT>
    <TIMEX3 beginPoint="" comment="" endPoint="" freq="" functionInDocument="NONE" id="3" quant="" type="DURATION" value="P1Y">
      <token_anchor id="10" />
      <token_anchor id="11" />
    </TIMEX3>
    <EVENT aspect="NONE" certainty="" class="OCCURRENCE" comment="" factuality="" id="4" modality="NONE" polarity="POS" pos="VERB" tense="PRESPART">
      <token_anchor id="12" />
    </EVENT>
    <TIMEX3 beginPoint="" comment="" endPoint="" freq="" functionInDocument="NONE" id="5" quant="" type="DATE" value="1990-06-30">
      <token_anchor id="13" />
      <token_anchor id="14" />
      <token_anchor id="15" />
      <token_anchor id="16" />
    </TIMEX3>
    <EVENT aspect="NONE" certainty="" class="OCCURRENCE" comment="" factuality="" id="6" modality="NONE" polarity="POS" pos="VERB" tense="INFINITIVE">
      <token_anchor id="19" />
    </EVENT>
    <EVENT aspect="NONE" certainty="" class="REPORTING" comment="" factuality="" id="7" modality="NONE" polarity="POS" pos="VERB" tense="PAST">
      <token_anchor id="42" />
    </EVENT>
    <EVENT aspect="NONE" certainty="" class="I_STATE" comment="" factuality="" id="8" modality="NONE" polarity="POS" pos="VERB" tense="PRESENT">
      <token_anchor id="44" />
    </EVENT>
    <EVENT aspect="NONE" certainty="" class="REPORTING" comment="" factuality="" id="9" modality="NONE" polarity="POS" pos="VERB" tense="INFINITIVE">
      <token_anchor id="46" />
    </EVENT>
    <TIMEX3 anchorTimeID="3" beginPoint="" comment="" endPoint="" freq="" functionInDocument="NONE" id="10" quant="" type="DATE" value="1989">
      <token_anchor id="49" />
      <token_anchor id="50" />
      <token_anchor id="51" />
      <token_anchor id="52" />
    </TIMEX3>
    <TIMEX3 anchorTimeID="10" beginPoint="" comment="" endPoint="" freq="" functionInDocument="NONE" id="11" quant="" type="DATE" value="1989">
      <token_anchor id="59" />
      <token_anchor id="60" />
    </TIMEX3>
    <EVENT aspect="NONE" certainty="" class="REPORTING" comment="" factuality="" id="12" modality="NONE" polarity="POS" pos="VERB" tense="PAST">
      <token_anchor id="69" />
    </EVENT>
    <EVENT aspect="NONE" certainty="" class="ASPECTUAL" comment="" factuality="" id="13" modality="NONE" polarity="POS" pos="VERB" tense="PRESENT">
      <token_anchor id="73" />
    </EVENT>
    <EVENT aspect="NONE" certainty="" class="STATE" comment="" factuality="" id="14" modality="NONE" polarity="POS" pos="VERB" tense="INFINITIVE">
      <token_anchor id="75" />
    </EVENT>
    <TIMEX3 anchorTimeID="11" beginPoint="" comment="" endPoint="" freq="" functionInDocument="NONE" id="15" quant="" type="DATE" value="1989">
      <token_anchor id="83" />
      <token_anchor id="84" />
    </TIMEX3>
    <EVENT aspect="NONE" certainty="" class="OCCURRENCE" comment="" factuality="" id="16" modality="NONE" polarity="POS" pos="VERB" tense="PAST">
      <token_anchor id="87" />
    </EVENT>
    <EVENT aspect="NONE" certainty="" class="OCCURRENCE" comment="" factuality="" id="17" modality="NONE" polarity="POS" pos="VERB" tense="PAST">
      <token_anchor id="102" />
    </EVENT>
    <TIMEX3 anchorTimeID="0" beginPoint="" comment="" endPoint="" freq="" functionInDocument="NONE" id="18" quant="" type="DATE" value="1989-11-01">
      <token_anchor id="111" />
    </TIMEX3>
  </Markables>
  <Relations>
    <TLINK comment="" id="1" relType="AFTER">
      <source id="0" />
      <target id="1" />
    </TLINK>
    <TLINK comment="" id="2" relType="ENDED_BY">
      <source id="3" />
      <target id="4" />
    </TLINK>
    <TLINK comment="" id="3" relType="ENDED_BY">
      <source id="4" />
      <target id="5" />
    </TLINK>
    <TLINK comment="" id="4" relType="AFTER">
      <source id="5" />
      <target id="0" />
    </TLINK>
    <TLINK comment="" id="5" relType="IS_INCLUDED">
      <source id="6" />
      <target id="3" />
    </TLINK>
    <TLINK comment="" id="6" relType="SIMULTANEOUS">
      <source id="7" />
      <target id="1" />
    </TLINK>
    <TLINK comment="" id="7" relType="IS_INCLUDED">
      <source id="9" />
      <target id="10" />
    </TLINK>
    <TLINK comment="" id="8" relType="INCLUDES">
      <source id="10" />
      <target id="0" />
    </TLINK>
    <TLINK comment="" id="9" relType="AFTER">
      <source id="10" />
      <target id="11" />
    </TLINK>
    <TLINK comment="" id="10" relType="SIMULTANEOUS">
      <source id="12" />
      <target id="1" />
    </TLINK>
    <TLINK comment="" id="11" relType="IDENTITY">
      <source id="15" />
      <target id="11" />
    </TLINK>
    <TLINK comment="" id="12" relType="SIMULTANEOUS">
      <source id="16" />
      <target id="15" />
    </TLINK>
    <TLINK comment="" id="13" relType="IS_INCLUDED">
      <source id="17" />
      <target id="18" />
    </TLINK>
    <TLINK comment="" id="14" relType="BEFORE">
      <source id="18" />
      <target id="0" />
    </TLINK>
  </Relations>
  <token id="1" number="0" sentence="0">Elco</token>
  <token id="2" number="1" sentence="0">Industries</token>
  <token id="3" number="2" sentence="0">Inc.</token>
  <token id="4" number="3" sentence="0">said</token>
  <token id="5" number="4" sentence="0">it</token>
  <token id="6" number="5" sentence="0">expects</token>
  <token id="7" number="6" sentence="0">net</token>
  <token id="8" number="7" sentence="0">income</token>
  <token id="9" number="8" sentence="0">in</token>
  <token id="10" number="9" sentence="0">the</token>
  <token id="11" number="10" sentence="0">year</token>
  <token id="12" number="11" sentence="0">ending</token>
  <token id="13" number="12" sentence="0">June</token>
  <token id="14" number="13" sentence="0">30</token>
  <token id="15" number="14" sentence="0">,</token>
  <token id="16" number="15" sentence="0">1990</token>
  <token id="17" number="16" sentence="0">,</token>
  <token id="18" number="17" sentence="0">to</token>
  <token id="19" number="18" sentence="0">fall</token>
  <token id="20" number="19" sentence="0">below</token>
  <token id="21" number="20" sentence="0">a</token>
  <token id="22" number="21" sentence="0">recent</token>
  <token id="23" number="22" sentence="0">analyst</token>
  <token id="24" number="23" sentence="0">'s</token>
  <token id="25" number="24" sentence="0">estimate</token>
  <token id="26" number="25" sentence="0">of</token>
  <token id="27" number="26" sentence="0">$</token>
  <token id="28" number="27" sentence="0">1.65</token>
  <token id="29" number="28" sentence="0">a</token>
  <token id="30" number="29" sentence="0">share</token>
  <token id="31" number="30" sentence="0">.</token>
  <token id="32" number="31" sentence="1">The</token>
  <token id="33" number="32" sentence="1">Rockford</token>
  <token id="34" number="33" sentence="1">,</token>
  <token id="35" number="34" sentence="1">Ill</token>
  <token id="36" number="35" sentence="1">.</token>
  <token id="37" number="36" sentence="1">,</token>
  <token id="38" number="37" sentence="1">maker</token>
  <token id="39" number="38" sentence="1">of</token>
  <token id="40" number="39" sentence="1">fasteners</token>
  <token id="41" number="40" sentence="1">also</token>
  <token id="42" number="41" sentence="1">said</token>
  <token id="43" number="42" sentence="1">it</token>
  <token id="44" number="43" sentence="1">expects</token>
  <token id="45" number="44" sentence="1">to</token>
  <token id="46" number="45" sentence="1">post</token>
  <token id="47" number="46" sentence="1">sales</token>
  <token id="48" number="47" sentence="1">in</token>
  <token id="49" number="48" sentence="1">the</token>
  <token id="50" number="49" sentence="1">current</token>
  <token id="51" number="50" sentence="1">fiscal</token>
  <token id="52" number="51" sentence="1">year</token>
  <token id="53" number="52" sentence="1">that</token>
  <token id="54" number="53" sentence="1">are</token>
  <token id="55" number="54" sentence="1">"</token>
  <token id="56" number="55" sentence="1">slightly</token>
  <token id="57" number="56" sentence="1">above</token>
  <token id="58" number="57" sentence="1">"</token>
  <token id="59" number="58" sentence="1">fiscal</token>
  <token id="60" number="59" sentence="1">1989</token>
  <token id="61" number="60" sentence="1">sales</token>
  <token id="62" number="61" sentence="1">of</token>
  <token id="63" number="62" sentence="1">$</token>
  <token id="64" number="63" sentence="1">155</token>
  <token id="65" number="64" sentence="1">million</token>
  <token id="66" number="65" sentence="1">.</token>
  <token id="67" number="66" sentence="2">The</token>
  <token id="68" number="67" sentence="2">company</token>
  <token id="69" number="68" sentence="2">said</token>
  <token id="70" number="69" sentence="2">its</token>
  <token id="71" number="70" sentence="2">industrial</token>
  <token id="72" number="71" sentence="2">unit</token>
  <token id="73" number="72" sentence="2">continues</token>
  <token id="74" number="73" sentence="2">to</token>
  <token id="75" number="74" sentence="2">face</token>
  <token id="76" number="75" sentence="2">margin</token>
  <token id="77" number="76" sentence="2">pressures</token>
  <token id="78" number="77" sentence="2">and</token>
  <token id="79" number="78" sentence="2">lower</token>
  <token id="80" number="79" sentence="2">demand</token>
  <token id="81" number="80" sentence="2">.</token>
  <token id="82" number="81" sentence="3">In</token>
  <token id="83" number="82" sentence="3">fiscal</token>
  <token id="84" number="83" sentence="3">1989</token>
  <token id="85" number="84" sentence="3">,</token>
  <token id="86" number="85" sentence="3">Elco</token>
  <token id="87" number="86" sentence="3">earned</token>
  <token id="88" number="87" sentence="3">$</token>
  <token id="89" number="88" sentence="3">7.8</token>
  <token id="90" number="89" sentence="3">million</token>
  <token id="91" number="90" sentence="3">,</token>
  <token id="92" number="91" sentence="3">or</token>
  <token id="93" number="92" sentence="3">$</token>
  <token id="94" number="93" sentence="3">1.65</token>
  <token id="95" number="94" sentence="3">a</token>
  <token id="96" number="95" sentence="3">share</token>
  <token id="97" number="96" sentence="3">.</token>
  <token id="98" number="97" sentence="4">The</token>
  <token id="99" number="98" sentence="4">company</token>
  <token id="100" number="99" sentence="4">'s</token>
  <token id="101" number="100" sentence="4">stock</token>
  <token id="102" number="101" sentence="4">fell</token>
  <token id="103" number="102" sentence="4">$</token>
  <token id="104" number="103" sentence="4">1.125</token>
  <token id="105" number="104" sentence="4">to</token>
  <token id="106" number="105" sentence="4">$</token>
  <token id="107" number="106" sentence="4">13.625</token>
  <token id="108" number="107" sentence="4">in</token>
  <token id="109" number="108" sentence="4">over-the-counter</token>
  <token id="110" number="109" sentence="4">trading</token>
  <token id="111" number="110" sentence="4">yesterday</token>
  <token id="112" number="111" sentence="4">.</token>
</Document>
