<Document doc_name="wsj_0786">
  <Markables>
    <TIMEX3 RELATED_TO="" TAG_DESCRIPTOR="Empty_Mark" beginPoint="" comment="" endPoint="" freq="" functionInDocument="CREATION_TIME" id="0" quant="" type="DATE" value="1989-10-27" />
    <EVENT aspect="NONE" certainty="" class="ASPECTUAL" comment="" factuality="" id="1" modality="NONE" polarity="POS" pos="VERB" tense="PAST">
      <token_anchor id="4" />
    </EVENT>
    <EVENT aspect="NONE" certainty="" class="OCCURRENCE" comment="" factuality="" id="2" modality="NONE" polarity="POS" pos="NOUN" tense="NONE">
      <token_anchor id="9" />
    </EVENT>
    <EVENT aspect="NONE" certainty="" class="OCCURRENCE" comment="" factuality="" id="3" modality="NONE" polarity="POS" pos="VERB" tense="PRESPART">
      <token_anchor id="15" />
    </EVENT>
    <EVENT aspect="NONE" certainty="" class="OCCURRENCE" comment="" factuality="" id="4" modality="NONE" polarity="POS" pos="VERB" tense="PAST">
      <token_anchor id="93" />
    </EVENT>
    <EVENT aspect="NONE" certainty="" class="OCCURRENCE" comment="" factuality="" id="5" modality="NONE" polarity="POS" pos="VERB" tense="INFINITIVE">
      <token_anchor id="95" />
    </EVENT>
    <EVENT aspect="NONE" certainty="" class="ASPECTUAL" comment="" factuality="" id="6" modality="NONE" polarity="POS" pos="NOUN" tense="NONE">
      <token_anchor id="103" />
    </EVENT>
    <EVENT aspect="NONE" certainty="" class="I_ACTION" comment="" factuality="" id="7" modality="NONE" polarity="POS" pos="NOUN" tense="NONE">
      <token_anchor id="107" />
    </EVENT>
    <TIMEX3 beginPoint="" comment="" endPoint="" freq="" functionInDocument="NONE" id="8" quant="" type="DURATION" value="PXM">
      <token_anchor id="109" />
    </TIMEX3>
    <EVENT aspect="NONE" certainty="" class="OCCURRENCE" comment="" factuality="" id="9" modality="NONE" polarity="POS" pos="NOUN" tense="NONE">
      <token_anchor id="111" />
    </EVENT>
    <EVENT aspect="NONE" certainty="" class="OCCURRENCE" comment="" factuality="" id="10" modality="NONE" polarity="POS" pos="NOUN" tense="NONE">
      <token_anchor id="113" />
    </EVENT>
    <TIMEX3 anchorTimeID="0" beginPoint="" comment="" endPoint="" freq="" functionInDocument="NONE" id="11" quant="" type="DATE" value="1989-01">
      <token_anchor id="116" />
    </TIMEX3>
    <EVENT aspect="NONE" certainty="" class="OCCURRENCE" comment="" factuality="" id="12" modality="NONE" polarity="POS" pos="VERB" tense="PAST">
      <token_anchor id="120" />
    </EVENT>
    <EVENT aspect="NONE" certainty="" class="STATE" comment="" factuality="" id="13" modality="NONE" polarity="POS" pos="VERB" tense="FUTURE">
      <token_anchor id="136" />
    </EVENT>
    <TIMEX3 beginPoint="" comment="" endPoint="" freq="" functionInDocument="NONE" id="14" quant="" type="DURATION" value="PXD">
      <token_anchor id="145" />
      <token_anchor id="146" />
      <token_anchor id="147" />
    </TIMEX3>
    <EVENT aspect="NONE" certainty="" class="I_ACTION" comment="" factuality="" id="15" modality="NONE" polarity="POS" pos="VERB" tense="PAST">
      <token_anchor id="152" />
    </EVENT>
    <EVENT aspect="NONE" certainty="" class="OCCURRENCE" comment="" factuality="" id="16" modality="NONE" polarity="POS" pos="VERB" tense="PRESPART">
      <token_anchor id="157" />
    </EVENT>
    <TIMEX3 anchorTimeID="0" beginPoint="" comment="" endPoint="" freq="" functionInDocument="NONE" id="17" quant="" type="DATE" value="1989-03">
      <token_anchor id="173" />
    </TIMEX3>
    <EVENT aspect="NONE" certainty="" class="OCCURRENCE" comment="" factuality="" id="18" modality="NONE" polarity="POS" pos="VERB" tense="PAST">
      <token_anchor id="177" />
    </EVENT>
    <EVENT aspect="NONE" certainty="" class="I_ACTION" comment="" factuality="" id="19" modality="NONE" polarity="POS" pos="NOUN" tense="NONE">
      <token_anchor id="181" />
    </EVENT>
    <EVENT aspect="NONE" certainty="" class="OCCURRENCE" comment="" factuality="" id="20" modality="NONE" polarity="POS" pos="VERB" tense="INFINITIVE">
      <token_anchor id="183" />
    </EVENT>
    <EVENT aspect="PROGRESSIVE" certainty="" class="I_ACTION" comment="" factuality="" id="21" modality="NONE" polarity="POS" pos="VERB" tense="PAST">
      <token_anchor id="201" />
    </EVENT>
    <EVENT aspect="NONE" certainty="" class="OCCURRENCE" comment="" factuality="" id="22" modality="NONE" polarity="POS" pos="NOUN" tense="NONE">
      <token_anchor id="203" />
    </EVENT>
    <EVENT aspect="NONE" certainty="" class="I_ACTION" comment="" factuality="" id="23" modality="NONE" polarity="POS" pos="VERB" tense="INFINITIVE">
      <token_anchor id="205" />
    </EVENT>
    <EVENT aspect="NONE" certainty="" class="OCCURRENCE" comment="" factuality="" id="24" modality="NONE" polarity="POS" pos="NOUN" tense="NONE">
      <token_anchor id="206" />
    </EVENT>
    <EVENT aspect="NONE" certainty="" class="I_ACTION" comment="" factuality="" id="25" modality="NONE" polarity="POS" pos="VERB" tense="PAST">
      <token_anchor id="223" />
    </EVENT>
    <EVENT aspect="NONE" certainty="" class="OCCURRENCE" comment="" factuality="" id="26" modality="NONE" polarity="POS" pos="VERB" tense="INFINITIVE">
      <token_anchor id="227" />
    </EVENT>
    <EVENT aspect="NONE" certainty="" class="OCCURRENCE" comment="" factuality="" id="27" modality="NONE" polarity="POS" pos="VERB" tense="INFINITIVE">
      <token_anchor id="231" />
    </EVENT>
    <TIMEX3 anchorTimeID="17" beginPoint="" comment="" endPoint="" freq="" functionInDocument="NONE" id="28" quant="" type="DATE" value="1989-04">
      <token_anchor id="235" />
      <token_anchor id="236" />
      <token_anchor id="237" />
    </TIMEX3>
    <EVENT aspect="NONE" certainty="" class="OCCURRENCE" comment="" factuality="" id="29" modality="NONE" polarity="POS" pos="VERB" tense="PAST">
      <token_anchor id="241" />
    </EVENT>
    <EVENT aspect="NONE" certainty="" class="OCCURRENCE" comment="" factuality="" id="30" modality="NONE" polarity="POS" pos="VERB" tense="PAST">
      <token_anchor id="248" />
    </EVENT>
    <EVENT aspect="NONE" certainty="" class="I_ACTION" comment="" factuality="" id="31" modality="NONE" polarity="POS" pos="VERB" tense="PRESENT">
      <token_anchor id="250" />
    </EVENT>
    <EVENT aspect="NONE" certainty="" class="OCCURRENCE" comment="" factuality="" id="32" modality="NONE" polarity="POS" pos="NOUN" tense="NONE">
      <token_anchor id="254" />
    </EVENT>
    <EVENT aspect="NONE" certainty="" class="OCCURRENCE" comment="" factuality="" id="33" modality="NONE" polarity="POS" pos="VERB" tense="PAST">
      <token_anchor id="257" />
    </EVENT>
    <EVENT aspect="NONE" certainty="" class="OCCURRENCE" comment="" factuality="" id="34" modality="NONE" polarity="POS" pos="VERB" tense="PRESENT">
      <token_anchor id="262" />
    </EVENT>
    <EVENT aspect="NONE" certainty="" class="I_ACTION" comment="" factuality="" id="35" modality="NONE" polarity="POS" pos="VERB" tense="PAST">
      <token_anchor id="268" />
    </EVENT>
    <EVENT aspect="NONE" certainty="" class="STATE" comment="" factuality="" id="36" modality="NONE" polarity="POS" pos="VERB" tense="INFINITIVE">
      <token_anchor id="272" />
    </EVENT>
    <EVENT aspect="NONE" certainty="" class="REPORTING" comment="" factuality="" id="37" modality="NONE" polarity="POS" pos="VERB" tense="PAST">
      <token_anchor id="280" />
    </EVENT>
    <EVENT aspect="NONE" certainty="" class="OCCURRENCE" comment="" factuality="" id="38" modality="might" polarity="POS" pos="VERB" tense="NONE">
      <token_anchor id="286" />
    </EVENT>
    <EVENT aspect="NONE" certainty="" class="OCCURRENCE" comment="" factuality="" id="39" modality="NONE" polarity="POS" pos="VERB" tense="INFINITIVE">
      <token_anchor id="289" />
    </EVENT>
    <EVENT aspect="NONE" certainty="" class="OCCURRENCE" comment="" factuality="" id="40" modality="NONE" polarity="POS" pos="NOUN" tense="NONE">
      <token_anchor id="296" />
    </EVENT>
    <EVENT aspect="NONE" certainty="" class="I_ACTION" comment="" factuality="" id="41" modality="NONE" polarity="POS" pos="VERB" tense="PRESPART">
      <token_anchor id="301" />
    </EVENT>
    <EVENT aspect="NONE" certainty="" class="OCCURRENCE" comment="" factuality="" id="42" modality="NONE" polarity="POS" pos="NOUN" tense="NONE">
      <token_anchor id="306" />
    </EVENT>
    <TIMEX3 anchorTimeID="0" beginPoint="" comment="" endPoint="" freq="" functionInDocument="NONE" id="43" quant="" type="DATE" value="1989-10">
      <token_anchor id="309" />
      <token_anchor id="310" />
      <token_anchor id="311" />
    </TIMEX3>
    <EVENT aspect="NONE" certainty="" class="OCCURRENCE" comment="" factuality="" id="44" modality="NONE" polarity="POS" pos="VERB" tense="PAST">
      <token_anchor id="312" />
    </EVENT>
    <EVENT aspect="NONE" certainty="" class="REPORTING" comment="" factuality="" id="45" modality="NONE" polarity="POS" pos="VERB" tense="PRESPART">
      <token_anchor id="335" />
    </EVENT>
    <EVENT aspect="PERFECTIVE" certainty="" class="OCCURRENCE" comment="" factuality="" id="46" modality="NONE" polarity="POS" pos="VERB" tense="PAST">
      <token_anchor id="338" />
    </EVENT>
    <EVENT aspect="NONE" certainty="" class="OCCURRENCE" comment="" factuality="" id="47" modality="NONE" polarity="NEG" pos="VERB" tense="PAST">
      <token_anchor id="347" />
    </EVENT>
    <EVENT aspect="NONE" certainty="" class="ASPECTUAL" comment="" factuality="" id="48" modality="NONE" polarity="POS" pos="VERB" tense="PAST">
      <token_anchor id="350" />
    </EVENT>
    <EVENT aspect="NONE" certainty="" class="OCCURRENCE" comment="" factuality="" id="49" modality="NONE" polarity="POS" pos="NOUN" tense="NONE">
      <token_anchor id="352" />
    </EVENT>
    <TIMEX3 anchorTimeID="0" beginPoint="" comment="" endPoint="" freq="" functionInDocument="NONE" id="50" quant="" type="DATE" value="1989-10-26">
      <token_anchor id="353" />
    </TIMEX3>
  </Markables>
  <Relations>
    <TLINK comment="" id="1" relType="BEFORE">
      <source id="1" />
      <target id="0" />
    </TLINK>
    <TLINK comment="" id="2" relType="ENDS">
      <source id="3" />
      <target id="1" />
    </TLINK>
    <TLINK comment="" id="3" relType="BEFORE">
      <source id="4" />
      <target id="0" />
    </TLINK>
    <TLINK comment="" id="4" relType="IDENTITY">
      <source id="6" />
      <target id="1" />
    </TLINK>
    <TLINK comment="" id="5" relType="AFTER">
      <source id="6" />
      <target id="8" />
    </TLINK>
    <TLINK comment="" id="6" relType="INCLUDES">
      <source id="7" />
      <target id="2" />
    </TLINK>
    <TLINK comment="" id="7" relType="INCLUDES">
      <source id="8" />
      <target id="9" />
    </TLINK>
    <TLINK comment="" id="8" relType="INCLUDES">
      <source id="8" />
      <target id="10" />
    </TLINK>
    <TLINK comment="" id="9" relType="IS_INCLUDED">
      <source id="12" />
      <target id="11" />
    </TLINK>
    <TLINK comment="" id="10" relType="BEGINS">
      <source id="12" />
      <target id="13" />
    </TLINK>
    <TLINK comment="" id="11" relType="BEGINS">
      <source id="12" />
      <target id="14" />
    </TLINK>
    <TLINK comment="" id="12" relType="AFTER">
      <source id="15" />
      <target id="12" />
    </TLINK>
    <TLINK comment="" id="13" relType="ENDS">
      <source id="15" />
      <target id="14" />
    </TLINK>
    <TLINK comment="" id="14" relType="IS_INCLUDED">
      <source id="18" />
      <target id="17" />
    </TLINK>
    <TLINK comment="" id="15" relType="SIMULTANEOUS">
      <source id="18" />
      <target id="19" />
    </TLINK>
    <TLINK comment="" id="16" relType="SIMULTANEOUS">
      <source id="18" />
      <target id="21" />
    </TLINK>
    <CLINK comment="" id="17">
      <source id="22" />
      <target id="24" />
    </CLINK>
    <TLINK comment="" id="18" relType="IS_INCLUDED">
      <source id="25" />
      <target id="17" />
    </TLINK>
    <TLINK comment="" id="19" relType="AFTER">
      <source id="29" />
      <target id="18" />
    </TLINK>
    <TLINK comment="" id="20" relType="IS_INCLUDED">
      <source id="29" />
      <target id="28" />
    </TLINK>
    <TLINK comment="" id="21" relType="AFTER">
      <source id="30" />
      <target id="29" />
    </TLINK>
    <TLINK comment="" id="22" relType="SIMULTANEOUS">
      <source id="30" />
      <target id="31" />
    </TLINK>
    <TLINK comment="" id="23" relType="SIMULTANEOUS">
      <source id="30" />
      <target id="33" />
    </TLINK>
    <TLINK comment="" id="24" relType="IDENTITY">
      <source id="32" />
      <target id="29" />
    </TLINK>
    <TLINK comment="" id="25" relType="ENDS">
      <source id="33" />
      <target id="32" />
    </TLINK>
    <TLINK comment="" id="26" relType="IS_INCLUDED">
      <source id="34" />
      <target id="32" />
    </TLINK>
    <TLINK comment="" id="27" relType="AFTER">
      <source id="35" />
      <target id="33" />
    </TLINK>
    <TLINK comment="" id="28" relType="AFTER">
      <source id="37" />
      <target id="35" />
    </TLINK>
    <TLINK comment="" id="29" relType="SIMULTANEOUS">
      <source id="40" />
      <target id="41" />
    </TLINK>
    <TLINK comment="" id="30" relType="AFTER">
      <source id="44" />
      <target id="40" />
    </TLINK>
    <TLINK comment="" id="31" relType="IS_INCLUDED">
      <source id="44" />
      <target id="43" />
    </TLINK>
    <TLINK comment="" id="32" relType="IS_INCLUDED">
      <source id="48" />
      <target id="50" />
    </TLINK>
    <TLINK comment="" id="33" relType="IS_INCLUDED">
      <source id="49" />
      <target id="50" />
    </TLINK>
  </Relations>
  <token id="1" number="0" sentence="0">IMA</token>
  <token id="2" number="1" sentence="0">Holdings</token>
  <token id="3" number="2" sentence="0">Corp.</token>
  <token id="4" number="3" sentence="0">completed</token>
  <token id="5" number="4" sentence="0">its</token>
  <token id="6" number="5" sentence="0">$</token>
  <token id="7" number="6" sentence="0">3</token>
  <token id="8" number="7" sentence="0">billion</token>
  <token id="9" number="8" sentence="0">acquisition</token>
  <token id="10" number="9" sentence="0">of</token>
  <token id="11" number="10" sentence="0">American</token>
  <token id="12" number="11" sentence="0">Medical</token>
  <token id="13" number="12" sentence="0">International</token>
  <token id="14" number="13" sentence="0">Inc.,</token>
  <token id="15" number="14" sentence="0">purchasing</token>
  <token id="16" number="15" sentence="0">63</token>
  <token id="17" number="16" sentence="0">million</token>
  <token id="18" number="17" sentence="0">shares</token>
  <token id="19" number="18" sentence="0">,</token>
  <token id="20" number="19" sentence="0">or</token>
  <token id="21" number="20" sentence="0">86</token>
  <token id="22" number="21" sentence="0">%</token>
  <token id="23" number="22" sentence="0">,</token>
  <token id="24" number="23" sentence="0">of</token>
  <token id="25" number="24" sentence="0">the</token>
  <token id="26" number="25" sentence="0">Los</token>
  <token id="27" number="26" sentence="0">Angeles-based</token>
  <token id="28" number="27" sentence="0">health-care</token>
  <token id="29" number="28" sentence="0">services</token>
  <token id="30" number="29" sentence="0">concern</token>
  <token id="31" number="30" sentence="0">for</token>
  <token id="32" number="31" sentence="0">$</token>
  <token id="33" number="32" sentence="0">26.50</token>
  <token id="34" number="33" sentence="0">a</token>
  <token id="35" number="34" sentence="0">share</token>
  <token id="36" number="35" sentence="0">.</token>
  <token id="37" number="36" sentence="1">The</token>
  <token id="38" number="37" sentence="1">price</token>
  <token id="39" number="38" sentence="1">also</token>
  <token id="40" number="39" sentence="1">includes</token>
  <token id="41" number="40" sentence="1">assumption</token>
  <token id="42" number="41" sentence="1">of</token>
  <token id="43" number="42" sentence="1">about</token>
  <token id="44" number="43" sentence="1">$</token>
  <token id="45" number="44" sentence="1">1.4</token>
  <token id="46" number="45" sentence="1">billion</token>
  <token id="47" number="46" sentence="1">in</token>
  <token id="48" number="47" sentence="1">debt</token>
  <token id="49" number="48" sentence="1">.</token>
  <token id="50" number="49" sentence="2">IMA</token>
  <token id="51" number="50" sentence="2">is</token>
  <token id="52" number="51" sentence="2">a</token>
  <token id="53" number="52" sentence="2">group</token>
  <token id="54" number="53" sentence="2">that</token>
  <token id="55" number="54" sentence="2">includes</token>
  <token id="56" number="55" sentence="2">First</token>
  <token id="57" number="56" sentence="2">Boston</token>
  <token id="58" number="57" sentence="2">Corp.</token>
  <token id="59" number="58" sentence="2">and</token>
  <token id="60" number="59" sentence="2">the</token>
  <token id="61" number="60" sentence="2">Pritzker</token>
  <token id="62" number="61" sentence="2">family</token>
  <token id="63" number="62" sentence="2">of</token>
  <token id="64" number="63" sentence="2">Chicago</token>
  <token id="65" number="64" sentence="2">through</token>
  <token id="66" number="65" sentence="2">the</token>
  <token id="67" number="66" sentence="2">leveraged</token>
  <token id="68" number="67" sentence="2">buy-out</token>
  <token id="69" number="68" sentence="2">fund</token>
  <token id="70" number="69" sentence="2">Harry</token>
  <token id="71" number="70" sentence="2">Gray</token>
  <token id="72" number="71" sentence="2">Melvyn</token>
  <token id="73" number="72" sentence="2">Klein</token>
  <token id="74" number="73" sentence="2">amp</token>
  <token id="75" number="74" sentence="2">Partners</token>
  <token id="76" number="75" sentence="2">.</token>
  <token id="77" number="76" sentence="3">Harry</token>
  <token id="78" number="77" sentence="3">J.</token>
  <token id="79" number="78" sentence="3">Gray</token>
  <token id="80" number="79" sentence="3">and</token>
  <token id="81" number="80" sentence="3">Melvyn</token>
  <token id="82" number="81" sentence="3">N.</token>
  <token id="83" number="82" sentence="3">Klein</token>
  <token id="84" number="83" sentence="3">,</token>
  <token id="85" number="84" sentence="3">along</token>
  <token id="86" number="85" sentence="3">with</token>
  <token id="87" number="86" sentence="3">five</token>
  <token id="88" number="87" sentence="3">other</token>
  <token id="89" number="88" sentence="3">IMA</token>
  <token id="90" number="89" sentence="3">designees</token>
  <token id="91" number="90" sentence="3">,</token>
  <token id="92" number="91" sentence="3">were</token>
  <token id="93" number="92" sentence="3">named</token>
  <token id="94" number="93" sentence="3">to</token>
  <token id="95" number="94" sentence="3">join</token>
  <token id="96" number="95" sentence="3">American</token>
  <token id="97" number="96" sentence="3">Medical</token>
  <token id="98" number="97" sentence="3">'s</token>
  <token id="99" number="98" sentence="3">10-member</token>
  <token id="100" number="99" sentence="3">board</token>
  <token id="101" number="100" sentence="3">.</token>
  <token id="102" number="101" sentence="4">The</token>
  <token id="103" number="102" sentence="4">completion</token>
  <token id="104" number="103" sentence="4">of</token>
  <token id="105" number="104" sentence="4">the</token>
  <token id="106" number="105" sentence="4">merger</token>
  <token id="107" number="106" sentence="4">agreement</token>
  <token id="108" number="107" sentence="4">follows</token>
  <token id="109" number="108" sentence="4">months</token>
  <token id="110" number="109" sentence="4">of</token>
  <token id="111" number="110" sentence="4">twists</token>
  <token id="112" number="111" sentence="4">and</token>
  <token id="113" number="112" sentence="4">turns</token>
  <token id="114" number="113" sentence="4">.</token>
  <token id="115" number="114" sentence="5">In</token>
  <token id="116" number="115" sentence="5">January</token>
  <token id="117" number="116" sentence="5">,</token>
  <token id="118" number="117" sentence="5">American</token>
  <token id="119" number="118" sentence="5">Medical</token>
  <token id="120" number="119" sentence="5">brought</token>
  <token id="121" number="120" sentence="5">in</token>
  <token id="122" number="121" sentence="5">a</token>
  <token id="123" number="122" sentence="5">new</token>
  <token id="124" number="123" sentence="5">chief</token>
  <token id="125" number="124" sentence="5">executive</token>
  <token id="126" number="125" sentence="5">officer</token>
  <token id="127" number="126" sentence="5">,</token>
  <token id="128" number="127" sentence="5">Richard</token>
  <token id="129" number="128" sentence="5">A.</token>
  <token id="130" number="129" sentence="5">Gilleland</token>
  <token id="131" number="130" sentence="5">,</token>
  <token id="132" number="131" sentence="5">45</token>
  <token id="133" number="132" sentence="5">,</token>
  <token id="134" number="133" sentence="5">who</token>
  <token id="135" number="134" sentence="5">will</token>
  <token id="136" number="135" sentence="5">remain</token>
  <token id="137" number="136" sentence="5">as</token>
  <token id="138" number="137" sentence="5">chairman</token>
  <token id="139" number="138" sentence="5">,</token>
  <token id="140" number="139" sentence="5">president</token>
  <token id="141" number="140" sentence="5">and</token>
  <token id="142" number="141" sentence="5">chief</token>
  <token id="143" number="142" sentence="5">executive</token>
  <token id="144" number="143" sentence="5">.</token>
  <token id="145" number="144" sentence="6">A</token>
  <token id="146" number="145" sentence="6">few</token>
  <token id="147" number="146" sentence="6">days</token>
  <token id="148" number="147" sentence="6">later</token>
  <token id="149" number="148" sentence="6">,</token>
  <token id="150" number="149" sentence="6">American</token>
  <token id="151" number="150" sentence="6">Medical</token>
  <token id="152" number="151" sentence="6">announced</token>
  <token id="153" number="152" sentence="6">sharply</token>
  <token id="154" number="153" sentence="6">lower</token>
  <token id="155" number="154" sentence="6">earnings</token>
  <token id="156" number="155" sentence="6">,</token>
  <token id="157" number="156" sentence="6">taking</token>
  <token id="158" number="157" sentence="6">charges</token>
  <token id="159" number="158" sentence="6">of</token>
  <token id="160" number="159" sentence="6">$</token>
  <token id="161" number="160" sentence="6">24</token>
  <token id="162" number="161" sentence="6">million</token>
  <token id="163" number="162" sentence="6">for</token>
  <token id="164" number="163" sentence="6">insurance</token>
  <token id="165" number="164" sentence="6">reserves</token>
  <token id="166" number="165" sentence="6">and</token>
  <token id="167" number="166" sentence="6">canceled</token>
  <token id="168" number="167" sentence="6">real</token>
  <token id="169" number="168" sentence="6">estate</token>
  <token id="170" number="169" sentence="6">leases</token>
  <token id="171" number="170" sentence="6">.</token>
  <token id="172" number="171" sentence="7">In</token>
  <token id="173" number="172" sentence="7">March</token>
  <token id="174" number="173" sentence="7">,</token>
  <token id="175" number="174" sentence="7">American</token>
  <token id="176" number="175" sentence="7">Medical</token>
  <token id="177" number="176" sentence="7">received</token>
  <token id="178" number="177" sentence="7">a</token>
  <token id="179" number="178" sentence="7">$</token>
  <token id="180" number="179" sentence="7">24-a-share</token>
  <token id="181" number="180" sentence="7">offer</token>
  <token id="182" number="181" sentence="7">to</token>
  <token id="183" number="182" sentence="7">take</token>
  <token id="184" number="183" sentence="7">the</token>
  <token id="185" number="184" sentence="7">company</token>
  <token id="186" number="185" sentence="7">private</token>
  <token id="187" number="186" sentence="7">from</token>
  <token id="188" number="187" sentence="7">an</token>
  <token id="189" number="188" sentence="7">investor</token>
  <token id="190" number="189" sentence="7">group</token>
  <token id="191" number="190" sentence="7">including</token>
  <token id="192" number="191" sentence="7">large</token>
  <token id="193" number="192" sentence="7">holder</token>
  <token id="194" number="193" sentence="7">M.</token>
  <token id="195" number="194" sentence="7">Lee</token>
  <token id="196" number="195" sentence="7">Pearce</token>
  <token id="197" number="196" sentence="7">.</token>
  <token id="198" number="197" sentence="8">It</token>
  <token id="199" number="198" sentence="8">also</token>
  <token id="200" number="199" sentence="8">was</token>
  <token id="201" number="200" sentence="8">considering</token>
  <token id="202" number="201" sentence="8">a</token>
  <token id="203" number="202" sentence="8">restructuring</token>
  <token id="204" number="203" sentence="8">to</token>
  <token id="205" number="204" sentence="8">help</token>
  <token id="206" number="205" sentence="8">boost</token>
  <token id="207" number="206" sentence="8">the</token>
  <token id="208" number="207" sentence="8">stock</token>
  <token id="209" number="208" sentence="8">price</token>
  <token id="210" number="209" sentence="8">.</token>
  <token id="211" number="210" sentence="9">A</token>
  <token id="212" number="211" sentence="9">group</token>
  <token id="213" number="212" sentence="9">including</token>
  <token id="214" number="213" sentence="9">several</token>
  <token id="215" number="214" sentence="9">members</token>
  <token id="216" number="215" sentence="9">of</token>
  <token id="217" number="216" sentence="9">the</token>
  <token id="218" number="217" sentence="9">the</token>
  <token id="219" number="218" sentence="9">Bass</token>
  <token id="220" number="219" sentence="9">family</token>
  <token id="221" number="220" sentence="9">of</token>
  <token id="222" number="221" sentence="9">Texas</token>
  <token id="223" number="222" sentence="9">urged</token>
  <token id="224" number="223" sentence="9">the</token>
  <token id="225" number="224" sentence="9">company</token>
  <token id="226" number="225" sentence="9">to</token>
  <token id="227" number="226" sentence="9">take</token>
  <token id="228" number="227" sentence="9">some</token>
  <token id="229" number="228" sentence="9">steps</token>
  <token id="230" number="229" sentence="9">to</token>
  <token id="231" number="230" sentence="9">maximize</token>
  <token id="232" number="231" sentence="9">shareholder</token>
  <token id="233" number="232" sentence="9">value</token>
  <token id="234" number="233" sentence="9">.</token>
  <token id="235" number="234" sentence="10">The</token>
  <token id="236" number="235" sentence="10">following</token>
  <token id="237" number="236" sentence="10">month</token>
  <token id="238" number="237" sentence="10">,</token>
  <token id="239" number="238" sentence="10">the</token>
  <token id="240" number="239" sentence="10">company</token>
  <token id="241" number="240" sentence="10">put</token>
  <token id="242" number="241" sentence="10">itself</token>
  <token id="243" number="242" sentence="10">up</token>
  <token id="244" number="243" sentence="10">for</token>
  <token id="245" number="244" sentence="10">sale</token>
  <token id="246" number="245" sentence="10">.</token>
  <token id="247" number="246" sentence="11">It</token>
  <token id="248" number="247" sentence="11">received</token>
  <token id="249" number="248" sentence="11">more</token>
  <token id="250" number="249" sentence="11">offers</token>
  <token id="251" number="250" sentence="11">,</token>
  <token id="252" number="251" sentence="11">but</token>
  <token id="253" number="252" sentence="11">the</token>
  <token id="254" number="253" sentence="11">auction</token>
  <token id="255" number="254" sentence="11">was</token>
  <token id="256" number="255" sentence="11">surprisingly</token>
  <token id="257" number="256" sentence="11">won</token>
  <token id="258" number="257" sentence="11">by</token>
  <token id="259" number="258" sentence="11">IMA</token>
  <token id="260" number="259" sentence="11">,</token>
  <token id="261" number="260" sentence="11">which</token>
  <token id="262" number="261" sentence="11">bid</token>
  <token id="263" number="262" sentence="11">$</token>
  <token id="264" number="263" sentence="11">28</token>
  <token id="265" number="264" sentence="11">a</token>
  <token id="266" number="265" sentence="11">share</token>
  <token id="267" number="266" sentence="11">and</token>
  <token id="268" number="267" sentence="11">asked</token>
  <token id="269" number="268" sentence="11">Mr.</token>
  <token id="270" number="269" sentence="11">Gilleland</token>
  <token id="271" number="270" sentence="11">to</token>
  <token id="272" number="271" sentence="11">stay</token>
  <token id="273" number="272" sentence="11">on</token>
  <token id="274" number="273" sentence="11">as</token>
  <token id="275" number="274" sentence="11">an</token>
  <token id="276" number="275" sentence="11">equity</token>
  <token id="277" number="276" sentence="11">participant</token>
  <token id="278" number="277" sentence="11">.</token>
  <token id="279" number="278" sentence="12">He</token>
  <token id="280" number="279" sentence="12">indicated</token>
  <token id="281" number="280" sentence="12">that</token>
  <token id="282" number="281" sentence="12">some</token>
  <token id="283" number="282" sentence="12">assets</token>
  <token id="284" number="283" sentence="12">might</token>
  <token id="285" number="284" sentence="12">be</token>
  <token id="286" number="285" sentence="12">sold</token>
  <token id="287" number="286" sentence="12">off</token>
  <token id="288" number="287" sentence="12">to</token>
  <token id="289" number="288" sentence="12">service</token>
  <token id="290" number="289" sentence="12">the</token>
  <token id="291" number="290" sentence="12">debt</token>
  <token id="292" number="291" sentence="12">.</token>
  <token id="293" number="292" sentence="13">Then</token>
  <token id="294" number="293" sentence="13">,</token>
  <token id="295" number="294" sentence="13">after</token>
  <token id="296" number="295" sentence="13">extending</token>
  <token id="297" number="296" sentence="13">its</token>
  <token id="298" number="297" sentence="13">offer</token>
  <token id="299" number="298" sentence="13">four</token>
  <token id="300" number="299" sentence="13">times</token>
  <token id="301" number="300" sentence="13">waiting</token>
  <token id="302" number="301" sentence="13">for</token>
  <token id="303" number="302" sentence="13">a</token>
  <token id="304" number="303" sentence="13">congressional</token>
  <token id="305" number="304" sentence="13">tax</token>
  <token id="306" number="305" sentence="13">ruling</token>
  <token id="307" number="306" sentence="13">,</token>
  <token id="308" number="307" sentence="13">IMA</token>
  <token id="309" number="308" sentence="13">early</token>
  <token id="310" number="309" sentence="13">this</token>
  <token id="311" number="310" sentence="13">month</token>
  <token id="312" number="311" sentence="13">lowered</token>
  <token id="313" number="312" sentence="13">its</token>
  <token id="314" number="313" sentence="13">offer</token>
  <token id="315" number="314" sentence="13">to</token>
  <token id="316" number="315" sentence="13">$</token>
  <token id="317" number="316" sentence="13">26.50</token>
  <token id="318" number="317" sentence="13">a</token>
  <token id="319" number="318" sentence="13">share</token>
  <token id="320" number="319" sentence="13">amid</token>
  <token id="321" number="320" sentence="13">turbulence</token>
  <token id="322" number="321" sentence="13">in</token>
  <token id="323" number="322" sentence="13">the</token>
  <token id="324" number="323" sentence="13">junk</token>
  <token id="325" number="324" sentence="13">bond</token>
  <token id="326" number="325" sentence="13">market</token>
  <token id="327" number="326" sentence="13">.</token>
  <token id="328" number="327" sentence="14">American</token>
  <token id="329" number="328" sentence="14">Medical</token>
  <token id="330" number="329" sentence="14">accepted</token>
  <token id="331" number="330" sentence="14">the</token>
  <token id="332" number="331" sentence="14">offer</token>
  <token id="333" number="332" sentence="14">,</token>
  <token id="334" number="333" sentence="14">meanwhile</token>
  <token id="335" number="334" sentence="14">indicating</token>
  <token id="336" number="335" sentence="14">it</token>
  <token id="337" number="336" sentence="14">had</token>
  <token id="338" number="337" sentence="14">heard</token>
  <token id="339" number="338" sentence="14">from</token>
  <token id="340" number="339" sentence="14">two</token>
  <token id="341" number="340" sentence="14">other</token>
  <token id="342" number="341" sentence="14">suitors</token>
  <token id="343" number="342" sentence="14">.</token>
  <token id="344" number="343" sentence="15">But</token>
  <token id="345" number="344" sentence="15">they</token>
  <token id="346" number="345" sentence="15">never</token>
  <token id="347" number="346" sentence="15">materialized</token>
  <token id="348" number="347" sentence="15">and</token>
  <token id="349" number="348" sentence="15">IMA</token>
  <token id="350" number="349" sentence="15">completed</token>
  <token id="351" number="350" sentence="15">the</token>
  <token id="352" number="351" sentence="15">purchase</token>
  <token id="353" number="352" sentence="15">yesterday</token>
  <token id="354" number="353" sentence="15">.</token>
  <token id="355" number="354" sentence="16">Other</token>
  <token id="356" number="355" sentence="16">new</token>
  <token id="357" number="356" sentence="16">board</token>
  <token id="358" number="357" sentence="16">members</token>
  <token id="359" number="358" sentence="16">include</token>
  <token id="360" number="359" sentence="16">John</token>
  <token id="361" number="360" sentence="16">S.</token>
  <token id="362" number="361" sentence="16">Harrison</token>
  <token id="363" number="362" sentence="16">and</token>
  <token id="364" number="363" sentence="16">Mark</token>
  <token id="365" number="364" sentence="16">A.</token>
  <token id="366" number="365" sentence="16">Adley</token>
  <token id="367" number="366" sentence="16">of</token>
  <token id="368" number="367" sentence="16">First</token>
  <token id="369" number="368" sentence="16">Boston</token>
  <token id="370" number="369" sentence="16">,</token>
  <token id="371" number="370" sentence="16">James</token>
  <token id="372" number="371" sentence="16">F.</token>
  <token id="373" number="372" sentence="16">Lyons</token>
  <token id="374" number="373" sentence="16">,</token>
  <token id="375" number="374" sentence="16">William</token>
  <token id="376" number="375" sentence="16">S.</token>
  <token id="377" number="376" sentence="16">Goldberg</token>
  <token id="378" number="377" sentence="16">and</token>
  <token id="379" number="378" sentence="16">Harold</token>
  <token id="380" number="379" sentence="16">S.</token>
  <token id="381" number="380" sentence="16">Handelsman</token>
  <token id="382" number="381" sentence="16">.</token>
</Document>
