<Document doc_name="wsj_0348">
  <Markables>
    <TIMEX3 RELATED_TO="" TAG_DESCRIPTOR="Empty_Mark" beginPoint="" comment="" endPoint="" freq="" functionInDocument="CREATION_TIME" id="0" quant="" type="DATE" value="1989-11-01" />
    <EVENT aspect="NONE" certainty="" class="REPORTING" comment="" factuality="" id="1" modality="NONE" polarity="POS" pos="VERB" tense="PAST">
      <token_anchor id="4" />
    </EVENT>
    <EVENT aspect="NONE" certainty="" class="OCCURRENCE" comment="" factuality="" id="2" modality="NONE" polarity="POS" pos="VERB" tense="PAST">
      <token_anchor id="7" />
    </EVENT>
    <TIMEX3 anchorTimeID="0" beginPoint="" comment="" endPoint="" freq="" functionInDocument="NONE" id="3" quant="" type="DATE" value="1989-Q3">
      <token_anchor id="20" />
      <token_anchor id="21" />
      <token_anchor id="22" />
    </TIMEX3>
    <EVENT aspect="NONE" certainty="" class="STATE" comment="" factuality="" id="4" modality="NONE" polarity="POS" pos="VERB" tense="PAST">
      <token_anchor id="42" />
    </EVENT>
    <TIMEX3 anchorTimeID="3" beginPoint="" comment="" endPoint="" freq="" functionInDocument="NONE" id="5" quant="" type="DATE" value="1988-Q3">
      <token_anchor id="55" />
      <token_anchor id="56" />
      <token_anchor id="57" />
    </TIMEX3>
    <EVENT aspect="NONE" certainty="" class="OCCURRENCE" comment="" factuality="" id="6" modality="NONE" polarity="POS" pos="VERB" tense="PAST">
      <token_anchor id="60" />
    </EVENT>
    <EVENT aspect="NONE" certainty="" class="ASPECTUAL" comment="" factuality="" id="7" modality="NONE" polarity="POS" pos="VERB" tense="PAST">
      <token_anchor id="75" />
    </EVENT>
    <EVENT aspect="NONE" certainty="" class="OCCURRENCE" comment="" factuality="" id="8" modality="NONE" polarity="POS" pos="VERB" tense="PRESPART">
      <token_anchor id="76" />
    </EVENT>
    <TIMEX3 anchorTimeID="0" beginPoint="" comment="" endPoint="" freq="" functionInDocument="NONE" id="9" quant="" type="DATE" value="1989-08">
      <token_anchor id="84" />
    </TIMEX3>
    <EVENT aspect="NONE" certainty="" class="OCCURRENCE" comment="" factuality="" id="10" modality="NONE" polarity="POS" pos="VERB" tense="PAST">
      <token_anchor id="86" />
    </EVENT>
    <TIMEX3 anchorTimeID="0" beginPoint="" comment="" endPoint="" freq="" functionInDocument="NONE" id="11" quant="" type="DATE" value="1989-10-31">
      <token_anchor id="87" />
    </TIMEX3>
    <EVENT aspect="NONE" certainty="" class="ASPECTUAL" comment="" factuality="" id="12" modality="NONE" polarity="POS" pos="VERB" tense="PAST">
      <token_anchor id="98" />
    </EVENT>
    <EVENT aspect="NONE" certainty="" class="OCCURRENCE" comment="" factuality="" id="13" modality="NONE" polarity="POS" pos="VERB" tense="PRESPART">
      <token_anchor id="99" />
    </EVENT>
    <TIMEX3 anchorTimeID="0" beginPoint="" comment="" endPoint="" freq="" functionInDocument="NONE" id="14" quant="" type="DATE" value="1989-SU">
      <token_anchor id="100" />
      <token_anchor id="101" />
    </TIMEX3>
    <EVENT aspect="NONE" certainty="" class="REPORTING" comment="" factuality="" id="15" modality="NONE" polarity="POS" pos="VERB" tense="PAST">
      <token_anchor id="120" />
    </EVENT>
    <EVENT aspect="NONE" certainty="" class="STATE" comment="" factuality="" id="16" modality="NONE" polarity="POS" pos="VERB" tense="PRESENT">
      <token_anchor id="122" />
    </EVENT>
    <TIMEX3 anchorTimeID="0" beginPoint="" comment="" endPoint="" freq="" functionInDocument="NONE" id="17" quant="" type="DATE" value="1988-11">
      <token_anchor id="131" />
      <token_anchor id="132" />
      <token_anchor id="133" />
    </TIMEX3>
    <EVENT aspect="NONE" certainty="" class="REPORTING" comment="" factuality="" id="18" modality="NONE" polarity="POS" pos="VERB" tense="PAST">
      <token_anchor id="149" />
    </EVENT>
    <TIMEX3 anchorTimeID="0" beginPoint="" comment="" endPoint="" freq="" functionInDocument="NONE" id="19" quant="" type="DATE" value="1989-Q3">
      <token_anchor id="150" />
    </TIMEX3>
    <EVENT aspect="NONE" certainty="" class="OCCURRENCE" comment="" factuality="" id="20" modality="NONE" polarity="POS" pos="NOUN" tense="NONE">
      <token_anchor id="152" />
    </EVENT>
    <TIMEX3 anchorTimeID="19" beginPoint="" comment="" endPoint="" freq="" functionInDocument="NONE" id="21" quant="" type="DATE" value="1988-Q3">
      <token_anchor id="178" />
      <token_anchor id="179" />
    </TIMEX3>
    <EVENT aspect="NONE" certainty="" class="OCCURRENCE" comment="" factuality="" id="22" modality="NONE" polarity="POS" pos="VERB" tense="PAST">
      <token_anchor id="183" />
    </EVENT>
  </Markables>
  <Relations>
    <TLINK comment="" id="1" relType="BEFORE">
      <source id="1" />
      <target id="0" />
    </TLINK>
    <TLINK comment="" id="2" relType="DURING">
      <source id="4" />
      <target id="5" />
    </TLINK>
    <TLINK comment="" id="3" relType="BEFORE">
      <source id="6" />
      <target id="0" />
    </TLINK>
    <TLINK comment="" id="4" relType="IS_INCLUDED">
      <source id="7" />
      <target id="9" />
    </TLINK>
    <TLINK comment="" id="5" relType="IS_INCLUDED">
      <source id="8" />
      <target id="9" />
    </TLINK>
    <TLINK comment="" id="6" relType="AFTER">
      <source id="10" />
      <target id="7" />
    </TLINK>
    <TLINK comment="" id="7" relType="IS_INCLUDED">
      <source id="10" />
      <target id="11" />
    </TLINK>
    <TLINK comment="" id="8" relType="IS_INCLUDED">
      <source id="12" />
      <target id="14" />
    </TLINK>
    <TLINK comment="" id="9" relType="IS_INCLUDED">
      <source id="13" />
      <target id="14" />
    </TLINK>
    <TLINK comment="" id="10" relType="IDENTITY">
      <source id="15" />
      <target id="1" />
    </TLINK>
    <TLINK comment="" id="11" relType="AFTER">
      <source id="18" />
      <target id="19" />
    </TLINK>
    <TLINK comment="" id="12" relType="IS_INCLUDED">
      <source id="20" />
      <target id="19" />
    </TLINK>
    <TLINK comment="" id="13" relType="BEFORE">
      <source id="22" />
      <target id="0" />
    </TLINK>
  </Relations>
  <token id="1" number="0" sentence="0">Ogden</token>
  <token id="2" number="1" sentence="0">Projects</token>
  <token id="3" number="2" sentence="0">Inc.</token>
  <token id="4" number="3" sentence="0">said</token>
  <token id="5" number="4" sentence="0">net</token>
  <token id="6" number="5" sentence="0">income</token>
  <token id="7" number="6" sentence="0">jumped</token>
  <token id="8" number="7" sentence="0">to</token>
  <token id="9" number="8" sentence="0">$</token>
  <token id="10" number="9" sentence="0">6.6</token>
  <token id="11" number="10" sentence="0">million</token>
  <token id="12" number="11" sentence="0">,</token>
  <token id="13" number="12" sentence="0">or</token>
  <token id="14" number="13" sentence="0">18</token>
  <token id="15" number="14" sentence="0">cents</token>
  <token id="16" number="15" sentence="0">a</token>
  <token id="17" number="16" sentence="0">share</token>
  <token id="18" number="17" sentence="0">,</token>
  <token id="19" number="18" sentence="0">in</token>
  <token id="20" number="19" sentence="0">the</token>
  <token id="21" number="20" sentence="0">third</token>
  <token id="22" number="21" sentence="0">quarter</token>
  <token id="23" number="22" sentence="0">.</token>
  <token id="24" number="23" sentence="1">The</token>
  <token id="25" number="24" sentence="1">Fairfield</token>
  <token id="26" number="25" sentence="1">,</token>
  <token id="27" number="26" sentence="1">N.J.,</token>
  <token id="28" number="27" sentence="1">company</token>
  <token id="29" number="28" sentence="1">,</token>
  <token id="30" number="29" sentence="1">which</token>
  <token id="31" number="30" sentence="1">is</token>
  <token id="32" number="31" sentence="1">92</token>
  <token id="33" number="32" sentence="1">%</token>
  <token id="34" number="33" sentence="1">-</token>
  <token id="35" number="34" sentence="1">owned</token>
  <token id="36" number="35" sentence="1">by</token>
  <token id="37" number="36" sentence="1">Ogden</token>
  <token id="38" number="37" sentence="1">Corp.,</token>
  <token id="39" number="38" sentence="1">New</token>
  <token id="40" number="39" sentence="1">York</token>
  <token id="41" number="40" sentence="1">,</token>
  <token id="42" number="41" sentence="1">had</token>
  <token id="43" number="42" sentence="1">net</token>
  <token id="44" number="43" sentence="1">of</token>
  <token id="45" number="44" sentence="1">$</token>
  <token id="46" number="45" sentence="1">1.1</token>
  <token id="47" number="46" sentence="1">million</token>
  <token id="48" number="47" sentence="1">,</token>
  <token id="49" number="48" sentence="1">or</token>
  <token id="50" number="49" sentence="1">four</token>
  <token id="51" number="50" sentence="1">cents</token>
  <token id="52" number="51" sentence="1">a</token>
  <token id="53" number="52" sentence="1">share</token>
  <token id="54" number="53" sentence="1">,</token>
  <token id="55" number="54" sentence="1">a</token>
  <token id="56" number="55" sentence="1">year</token>
  <token id="57" number="56" sentence="1">ago</token>
  <token id="58" number="57" sentence="1">.</token>
  <token id="59" number="58" sentence="2">Revenue</token>
  <token id="60" number="59" sentence="2">soared</token>
  <token id="61" number="60" sentence="2">to</token>
  <token id="62" number="61" sentence="2">$</token>
  <token id="63" number="62" sentence="2">101.7</token>
  <token id="64" number="63" sentence="2">million</token>
  <token id="65" number="64" sentence="2">from</token>
  <token id="66" number="65" sentence="2">$</token>
  <token id="67" number="66" sentence="2">39.5</token>
  <token id="68" number="67" sentence="2">million</token>
  <token id="69" number="68" sentence="2">.</token>
  <token id="70" number="69" sentence="3">Ogden</token>
  <token id="71" number="70" sentence="3">Projects</token>
  <token id="72" number="71" sentence="3">,</token>
  <token id="73" number="72" sentence="3">whose</token>
  <token id="74" number="73" sentence="3">shares</token>
  <token id="75" number="74" sentence="3">began</token>
  <token id="76" number="75" sentence="3">trading</token>
  <token id="77" number="76" sentence="3">on</token>
  <token id="78" number="77" sentence="3">the</token>
  <token id="79" number="78" sentence="3">New</token>
  <token id="80" number="79" sentence="3">York</token>
  <token id="81" number="80" sentence="3">Stock</token>
  <token id="82" number="81" sentence="3">Exchange</token>
  <token id="83" number="82" sentence="3">in</token>
  <token id="84" number="83" sentence="3">August</token>
  <token id="85" number="84" sentence="3">,</token>
  <token id="86" number="85" sentence="3">closed</token>
  <token id="87" number="86" sentence="3">yesterday</token>
  <token id="88" number="87" sentence="3">at</token>
  <token id="89" number="88" sentence="3">$</token>
  <token id="90" number="89" sentence="3">26.875</token>
  <token id="91" number="90" sentence="3">,</token>
  <token id="92" number="91" sentence="3">down</token>
  <token id="93" number="92" sentence="3">75</token>
  <token id="94" number="93" sentence="3">cents</token>
  <token id="95" number="94" sentence="3">.</token>
  <token id="96" number="95" sentence="4">The</token>
  <token id="97" number="96" sentence="4">stock</token>
  <token id="98" number="97" sentence="4">began</token>
  <token id="99" number="98" sentence="4">trading</token>
  <token id="100" number="99" sentence="4">this</token>
  <token id="101" number="100" sentence="4">summer</token>
  <token id="102" number="101" sentence="4">at</token>
  <token id="103" number="102" sentence="4">$</token>
  <token id="104" number="103" sentence="4">14</token>
  <token id="105" number="104" sentence="4">apiece</token>
  <token id="106" number="105" sentence="4">.</token>
  <token id="107" number="106" sentence="5">Ogden</token>
  <token id="108" number="107" sentence="5">Projects</token>
  <token id="109" number="108" sentence="5">,</token>
  <token id="110" number="109" sentence="5">which</token>
  <token id="111" number="110" sentence="5">has</token>
  <token id="112" number="111" sentence="5">interests</token>
  <token id="113" number="112" sentence="5">in</token>
  <token id="114" number="113" sentence="5">solid-waste</token>
  <token id="115" number="114" sentence="5">recovery</token>
  <token id="116" number="115" sentence="5">and</token>
  <token id="117" number="116" sentence="5">hazardous-waste</token>
  <token id="118" number="117" sentence="5">cleanup</token>
  <token id="119" number="118" sentence="5">,</token>
  <token id="120" number="119" sentence="5">said</token>
  <token id="121" number="120" sentence="5">it</token>
  <token id="122" number="121" sentence="5">has</token>
  <token id="123" number="122" sentence="5">13</token>
  <token id="124" number="123" sentence="5">facilities</token>
  <token id="125" number="124" sentence="5">in</token>
  <token id="126" number="125" sentence="5">operation</token>
  <token id="127" number="126" sentence="5">,</token>
  <token id="128" number="127" sentence="5">up</token>
  <token id="129" number="128" sentence="5">from</token>
  <token id="130" number="129" sentence="5">seven</token>
  <token id="131" number="130" sentence="5">a</token>
  <token id="132" number="131" sentence="5">year</token>
  <token id="133" number="132" sentence="5">ago</token>
  <token id="134" number="133" sentence="5">.</token>
  <token id="135" number="134" sentence="6">Meanwhile</token>
  <token id="136" number="135" sentence="6">,</token>
  <token id="137" number="136" sentence="6">Ogden</token>
  <token id="138" number="137" sentence="6">Corp.,</token>
  <token id="139" number="138" sentence="6">which</token>
  <token id="140" number="139" sentence="6">also</token>
  <token id="141" number="140" sentence="6">has</token>
  <token id="142" number="141" sentence="6">interests</token>
  <token id="143" number="142" sentence="6">in</token>
  <token id="144" number="143" sentence="6">building</token>
  <token id="145" number="144" sentence="6">maintenance</token>
  <token id="146" number="145" sentence="6">and</token>
  <token id="147" number="146" sentence="6">management</token>
  <token id="148" number="147" sentence="6">,</token>
  <token id="149" number="148" sentence="6">reported</token>
  <token id="150" number="149" sentence="6">third-quarter</token>
  <token id="151" number="150" sentence="6">net</token>
  <token id="152" number="151" sentence="6">income</token>
  <token id="153" number="152" sentence="6">of</token>
  <token id="154" number="153" sentence="6">$</token>
  <token id="155" number="154" sentence="6">27.1</token>
  <token id="156" number="155" sentence="6">million</token>
  <token id="157" number="156" sentence="6">,</token>
  <token id="158" number="157" sentence="6">or</token>
  <token id="159" number="158" sentence="6">67</token>
  <token id="160" number="159" sentence="6">cents</token>
  <token id="161" number="160" sentence="6">a</token>
  <token id="162" number="161" sentence="6">share</token>
  <token id="163" number="162" sentence="6">,</token>
  <token id="164" number="163" sentence="6">more</token>
  <token id="165" number="164" sentence="6">than</token>
  <token id="166" number="165" sentence="6">twice</token>
  <token id="167" number="166" sentence="6">the</token>
  <token id="168" number="167" sentence="6">$</token>
  <token id="169" number="168" sentence="6">13.5</token>
  <token id="170" number="169" sentence="6">million</token>
  <token id="171" number="170" sentence="6">,</token>
  <token id="172" number="171" sentence="6">or</token>
  <token id="173" number="172" sentence="6">34</token>
  <token id="174" number="173" sentence="6">cents</token>
  <token id="175" number="174" sentence="6">a</token>
  <token id="176" number="175" sentence="6">share</token>
  <token id="177" number="176" sentence="6">,</token>
  <token id="178" number="177" sentence="6">a</token>
  <token id="179" number="178" sentence="6">year</token>
  <token id="180" number="179" sentence="6">earlier</token>
  <token id="181" number="180" sentence="6">.</token>
  <token id="182" number="181" sentence="7">Revenue</token>
  <token id="183" number="182" sentence="7">rose</token>
  <token id="184" number="183" sentence="7">33</token>
  <token id="185" number="184" sentence="7">%</token>
  <token id="186" number="185" sentence="7">to</token>
  <token id="187" number="186" sentence="7">$</token>
  <token id="188" number="187" sentence="7">378.1</token>
  <token id="189" number="188" sentence="7">million</token>
  <token id="190" number="189" sentence="7">from</token>
  <token id="191" number="190" sentence="7">$</token>
  <token id="192" number="191" sentence="7">283.8</token>
  <token id="193" number="192" sentence="7">million</token>
  <token id="194" number="193" sentence="7">.</token>
</Document>
