<Document doc_name="wsj_0752">
  <Markables>
    <TIMEX3 RELATED_TO="" TAG_DESCRIPTOR="Empty_Mark" beginPoint="" comment="" endPoint="" freq="" functionInDocument="CREATION_TIME" id="0" quant="" type="DATE" value="1989-10-27" />
    <EVENT aspect="NONE" certainty="" class="I_ACTION" comment="" factuality="" id="1" modality="NONE" polarity="POS" pos="VERB" tense="PAST">
      <token_anchor id="5" />
    </EVENT>
    <EVENT aspect="NONE" certainty="" class="OCCURRENCE" comment="" factuality="" id="2" modality="NONE" polarity="POS" pos="NOUN" tense="NONE">
      <token_anchor id="8" />
    </EVENT>
    <TIMEX3 anchorTimeID="0" beginPoint="" comment="" endPoint="" freq="" functionInDocument="NONE" id="3" quant="" type="DATE" value="1989-12-07">
      <token_anchor id="14" />
      <token_anchor id="15" />
      <token_anchor id="16" />
    </TIMEX3>
    <TIMEX3 anchorTimeID="0" beginPoint="" comment="" endPoint="" freq="" functionInDocument="NONE" id="4" quant="" type="DATE" value="1989-11-22">
      <token_anchor id="21" />
      <token_anchor id="22" />
      <token_anchor id="23" />
    </TIMEX3>
    <EVENT aspect="NONE" certainty="" class="OCCURRENCE" comment="" factuality="" id="5" modality="NONE" polarity="POS" pos="NOUN" tense="NONE">
      <token_anchor id="26" />
    </EVENT>
    <EVENT aspect="NONE" certainty="" class="I_STATE" comment="" factuality="" id="6" modality="NONE" polarity="POS" pos="VERB" tense="PAST">
      <token_anchor id="28" />
    </EVENT>
    <EVENT aspect="NONE" certainty="" class="I_ACTION" comment="" factuality="" id="7" modality="NONE" polarity="POS" pos="VERB" tense="PRESPART">
      <token_anchor id="30" />
    </EVENT>
    <EVENT aspect="NONE" certainty="" class="REPORTING" comment="" factuality="" id="8" modality="NONE" polarity="POS" pos="VERB" tense="PAST">
      <token_anchor id="36" />
    </EVENT>
    <EVENT aspect="NONE" certainty="" class="OCCURRENCE" comment="" factuality="" id="9" modality="NONE" polarity="POS" pos="NOUN" tense="NONE">
      <token_anchor id="54" />
    </EVENT>
    <EVENT aspect="NONE" certainty="" class="STATE" comment="" factuality="" id="10" modality="NONE" polarity="POS" pos="VERB" tense="FUTURE">
      <token_anchor id="59" />
    </EVENT>
    <EVENT aspect="NONE" certainty="" class="OCCURRENCE" comment="" factuality="" id="11" modality="NONE" polarity="POS" pos="NOUN" tense="NONE">
      <token_anchor id="70" />
    </EVENT>
    <TIMEX3 anchorTimeID="0" beginPoint="" comment="" endPoint="" freq="" functionInDocument="NONE" id="12" quant="" type="DATE" value="1989-10-26">
      <token_anchor id="71" />
    </TIMEX3>
    <EVENT aspect="NONE" certainty="" class="OCCURRENCE" comment="" factuality="" id="13" modality="NONE" polarity="POS" pos="VERB" tense="PAST">
      <token_anchor id="75" />
    </EVENT>
  </Markables>
  <Relations>
    <TLINK comment="" id="1" relType="BEFORE">
      <source id="1" />
      <target id="0" />
    </TLINK>
    <TLINK comment="" id="2" relType="IDENTITY">
      <source id="2" />
      <target id="5" />
    </TLINK>
    <TLINK comment="" id="3" relType="IS_INCLUDED">
      <source id="5" />
      <target id="6" />
    </TLINK>
    <TLINK comment="" id="4" relType="IDENTITY">
      <source id="5" />
      <target id="9" />
    </TLINK>
    <TLINK comment="" id="5" relType="BEFORE">
      <source id="8" />
      <target id="0" />
    </TLINK>
    <TLINK comment="" id="6" relType="AFTER">
      <source id="10" />
      <target id="9" />
    </TLINK>
    <TLINK comment="" id="7" relType="BEFORE">
      <source id="11" />
      <target id="0" />
    </TLINK>
    <TLINK comment="" id="8" relType="IS_INCLUDED">
      <source id="11" />
      <target id="12" />
    </TLINK>
    <TLINK comment="" id="9" relType="ENDED_BY">
      <source id="11" />
      <target id="13" />
    </TLINK>
  </Relations>
  <token id="1" number="0" sentence="0">AEP</token>
  <token id="2" number="1" sentence="0">INDUSTRIES</token>
  <token id="3" number="2" sentence="0">Inc.</token>
  <token id="4" number="3" sentence="0">directors</token>
  <token id="5" number="4" sentence="0">authorized</token>
  <token id="6" number="5" sentence="0">a</token>
  <token id="7" number="6" sentence="0">3-for-2</token>
  <token id="8" number="7" sentence="0">split</token>
  <token id="9" number="8" sentence="0">of</token>
  <token id="10" number="9" sentence="0">the</token>
  <token id="11" number="10" sentence="0">common</token>
  <token id="12" number="11" sentence="0">,</token>
  <token id="13" number="12" sentence="0">payable</token>
  <token id="14" number="13" sentence="0">Dec</token>
  <token id="15" number="14" sentence="0">.</token>
  <token id="16" number="15" sentence="0">7</token>
  <token id="17" number="16" sentence="0">to</token>
  <token id="18" number="17" sentence="0">stock</token>
  <token id="19" number="18" sentence="0">of</token>
  <token id="20" number="19" sentence="0">record</token>
  <token id="21" number="20" sentence="0">Nov</token>
  <token id="22" number="21" sentence="0">.</token>
  <token id="23" number="22" sentence="0">22</token>
  <token id="24" number="23" sentence="0">.</token>
  <token id="25" number="24" sentence="1">The</token>
  <token id="26" number="25" sentence="1">split</token>
  <token id="27" number="26" sentence="1">was</token>
  <token id="28" number="27" sentence="1">aimed</token>
  <token id="29" number="28" sentence="1">at</token>
  <token id="30" number="29" sentence="1">boosting</token>
  <token id="31" number="30" sentence="1">the</token>
  <token id="32" number="31" sentence="1">stock</token>
  <token id="33" number="32" sentence="1">'s</token>
  <token id="34" number="33" sentence="1">liquidity</token>
  <token id="35" number="34" sentence="1">,</token>
  <token id="36" number="35" sentence="1">said</token>
  <token id="37" number="36" sentence="1">Brendan</token>
  <token id="38" number="37" sentence="1">Barba</token>
  <token id="39" number="38" sentence="1">,</token>
  <token id="40" number="39" sentence="1">chairman</token>
  <token id="41" number="40" sentence="1">of</token>
  <token id="42" number="41" sentence="1">the</token>
  <token id="43" number="42" sentence="1">Moonachie</token>
  <token id="44" number="43" sentence="1">,</token>
  <token id="45" number="44" sentence="1">N.J.,</token>
  <token id="46" number="45" sentence="1">maker</token>
  <token id="47" number="46" sentence="1">of</token>
  <token id="48" number="47" sentence="1">plastic</token>
  <token id="49" number="48" sentence="1">film</token>
  <token id="50" number="49" sentence="1">products</token>
  <token id="51" number="50" sentence="1">.</token>
  <token id="52" number="51" sentence="2">After</token>
  <token id="53" number="52" sentence="2">the</token>
  <token id="54" number="53" sentence="2">split</token>
  <token id="55" number="54" sentence="2">,</token>
  <token id="56" number="55" sentence="2">the</token>
  <token id="57" number="56" sentence="2">company</token>
  <token id="58" number="57" sentence="2">will</token>
  <token id="59" number="58" sentence="2">have</token>
  <token id="60" number="59" sentence="2">more</token>
  <token id="61" number="60" sentence="2">than</token>
  <token id="62" number="61" sentence="2">4.7</token>
  <token id="63" number="62" sentence="2">million</token>
  <token id="64" number="63" sentence="2">shares</token>
  <token id="65" number="64" sentence="2">outstanding</token>
  <token id="66" number="65" sentence="2">.</token>
  <token id="67" number="66" sentence="3">In</token>
  <token id="68" number="67" sentence="3">national</token>
  <token id="69" number="68" sentence="3">over-the-counter</token>
  <token id="70" number="69" sentence="3">trading</token>
  <token id="71" number="70" sentence="3">yesterday</token>
  <token id="72" number="71" sentence="3">,</token>
  <token id="73" number="72" sentence="3">AEP</token>
  <token id="74" number="73" sentence="3">shares</token>
  <token id="75" number="74" sentence="3">closed</token>
  <token id="76" number="75" sentence="3">at</token>
  <token id="77" number="76" sentence="3">$</token>
  <token id="78" number="77" sentence="3">21.25</token>
  <token id="79" number="78" sentence="3">,</token>
  <token id="80" number="79" sentence="3">down</token>
  <token id="81" number="80" sentence="3">50</token>
  <token id="82" number="81" sentence="3">cents</token>
  <token id="83" number="82" sentence="3">.</token>
</Document>
