<Document doc_name="wsj_0266">
  <Markables>
    <TIMEX3 RELATED_TO="" TAG_DESCRIPTOR="Empty_Mark" beginPoint="" comment="" endPoint="" freq="" functionInDocument="CREATION_TIME" id="0" quant="" type="DATE" value="1989-11-01" />
    <EVENT aspect="NONE" certainty="" class="I_STATE" comment="" factuality="" id="1" modality="NONE" polarity="POS" pos="VERB" tense="PAST">
      <token_anchor id="3" />
    </EVENT>
    <EVENT aspect="NONE" certainty="" class="I_ACTION" comment="" factuality="" id="2" modality="NONE" polarity="POS" pos="VERB" tense="INFINITIVE">
      <token_anchor id="5" />
    </EVENT>
    <TIMEX3 anchorTimeID="0" beginPoint="" comment="" endPoint="" freq="" functionInDocument="NONE" id="3" quant="" type="DATE" value="1989-10-23">
      <token_anchor id="8" />
      <token_anchor id="9" />
      <token_anchor id="10" />
    </TIMEX3>
    <EVENT aspect="NONE" certainty="" class="OCCURRENCE" comment="" factuality="" id="4" modality="NONE" polarity="POS" pos="VERB" tense="PAST">
      <token_anchor id="14" />
    </EVENT>
    <TIMEX3 beginPoint="" comment="" endPoint="" freq="" functionInDocument="NONE" id="5" quant="" type="DURATION" value="P2Y">
      <token_anchor id="31" />
      <token_anchor id="32" />
      <token_anchor id="33" />
      <token_anchor id="34" />
    </TIMEX3>
    <EVENT aspect="NONE" certainty="" class="OCCURRENCE" comment="" factuality="" id="6" modality="NONE" polarity="POS" pos="VERB" tense="PAST">
      <token_anchor id="38" />
    </EVENT>
    <EVENT aspect="NONE" certainty="" class="ASPECTUAL" comment="" factuality="" id="7" modality="NONE" polarity="POS" pos="NOUN" tense="NONE">
      <token_anchor id="40" />
    </EVENT>
    <TIMEX3 beginPoint="" comment="" endPoint="" freq="" functionInDocument="NONE" id="8" quant="" type="DATE" value="19XX">
      <token_anchor id="59" />
      <token_anchor id="60" />
      <token_anchor id="61" />
    </TIMEX3>
    <EVENT aspect="NONE" certainty="" class="OCCURRENCE" comment="" factuality="" id="9" modality="NONE" polarity="NEG" pos="VERB" tense="PAST">
      <token_anchor id="76" />
    </EVENT>
    <EVENT aspect="NONE" certainty="" class="OCCURRENCE" comment="" factuality="" id="10" modality="NONE" polarity="POS" pos="VERB" tense="PAST">
      <token_anchor id="93" />
    </EVENT>
    <EVENT aspect="NONE" certainty="" class="OCCURRENCE" comment="" factuality="" id="11" modality="NONE" polarity="POS" pos="NOUN" tense="NONE">
      <token_anchor id="95" />
    </EVENT>
    <EVENT aspect="NONE" certainty="" class="OCCURRENCE" comment="" factuality="" id="12" modality="NONE" polarity="POS" pos="NOUN" tense="NONE">
      <token_anchor id="98" />
    </EVENT>
    <EVENT aspect="NONE" certainty="" class="OCCURRENCE" comment="" factuality="" id="13" modality="NONE" polarity="POS" pos="NOUN" tense="NONE">
      <token_anchor id="101" />
    </EVENT>
    <EVENT aspect="NONE" certainty="" class="I_ACTION" comment="" factuality="" id="14" modality="NONE" polarity="POS" pos="VERB" tense="PAST">
      <token_anchor id="118" />
    </EVENT>
    <C-SIGNAL id="15">
      <token_anchor id="122" />
      <token_anchor id="123" />
      <token_anchor id="124" />
    </C-SIGNAL>
    <EVENT aspect="NONE" certainty="" class="STATE" comment="" factuality="" id="16" modality="NONE" polarity="NEG" pos="NOUN" tense="NONE">
      <token_anchor id="126" />
    </EVENT>
  </Markables>
  <Relations>
    <TLINK comment="" id="1" relType="BEFORE">
      <source id="1" />
      <target id="0" />
    </TLINK>
    <TLINK comment="" id="2" relType="BEFORE">
      <source id="4" />
      <target id="1" />
    </TLINK>
    <TLINK comment="" id="3" relType="IS_INCLUDED">
      <source id="4" />
      <target id="3" />
    </TLINK>
    <TLINK comment="" id="4" relType="ENDS">
      <source id="4" />
      <target id="5" />
    </TLINK>
    <TLINK comment="" id="5" relType="BEFORE">
      <source id="6" />
      <target id="4" />
    </TLINK>
    <TLINK comment="" id="6" relType="BEGINS">
      <source id="6" />
      <target id="5" />
    </TLINK>
    <TLINK comment="" id="7" relType="IS_INCLUDED">
      <source id="7" />
      <target id="8" />
    </TLINK>
    <TLINK comment="" id="8" relType="IS_INCLUDED">
      <source id="9" />
      <target id="6" />
    </TLINK>
    <TLINK comment="" id="9" relType="IS_INCLUDED">
      <source id="10" />
      <target id="8" />
    </TLINK>
    <TLINK comment="" id="10" relType="INCLUDES">
      <source id="10" />
      <target id="11" />
    </TLINK>
    <TLINK comment="" id="11" relType="INCLUDES">
      <source id="10" />
      <target id="13" />
    </TLINK>
    <TLINK comment="" id="12" relType="BEFORE">
      <source id="14" />
      <target id="10" />
    </TLINK>
    <TLINK comment="" id="13" relType="BEFORE">
      <source id="16" />
      <target id="10" />
    </TLINK>
    <CLINK c-signalID="15" comment="" id="14">
      <source id="16" />
      <target id="11" />
    </CLINK>
    <CLINK c-signalID="15" comment="" id="15">
      <source id="16" />
      <target id="12" />
    </CLINK>
    <CLINK c-signalID="15" comment="" id="16">
      <source id="16" />
      <target id="13" />
    </CLINK>
  </Relations>
  <token id="1" number="0" sentence="0">I</token>
  <token id="2" number="1" sentence="0">was</token>
  <token id="3" number="2" sentence="0">pleased</token>
  <token id="4" number="3" sentence="0">to</token>
  <token id="5" number="4" sentence="0">note</token>
  <token id="6" number="5" sentence="0">that</token>
  <token id="7" number="6" sentence="0">your</token>
  <token id="8" number="7" sentence="0">Oct</token>
  <token id="9" number="8" sentence="0">.</token>
  <token id="10" number="9" sentence="0">23</token>
  <token id="11" number="10" sentence="0">Centennial</token>
  <token id="12" number="11" sentence="0">Journal</token>
  <token id="13" number="12" sentence="0">item</token>
  <token id="14" number="13" sentence="0">recognized</token>
  <token id="15" number="14" sentence="0">the</token>
  <token id="16" number="15" sentence="0">money-fund</token>
  <token id="17" number="16" sentence="0">concept</token>
  <token id="18" number="17" sentence="0">as</token>
  <token id="19" number="18" sentence="0">one</token>
  <token id="20" number="19" sentence="0">of</token>
  <token id="21" number="20" sentence="0">the</token>
  <token id="22" number="21" sentence="0">significant</token>
  <token id="23" number="22" sentence="0">events</token>
  <token id="24" number="23" sentence="0">of</token>
  <token id="25" number="24" sentence="0">the</token>
  <token id="26" number="25" sentence="0">past</token>
  <token id="27" number="26" sentence="0">century</token>
  <token id="28" number="27" sentence="0">.</token>
  <token id="29" number="28" sentence="1">Actually</token>
  <token id="30" number="29" sentence="1">,</token>
  <token id="31" number="30" sentence="1">about</token>
  <token id="32" number="31" sentence="1">two</token>
  <token id="33" number="32" sentence="1">years</token>
  <token id="34" number="33" sentence="1">ago</token>
  <token id="35" number="34" sentence="1">,</token>
  <token id="36" number="35" sentence="1">the</token>
  <token id="37" number="36" sentence="1">Journal</token>
  <token id="38" number="37" sentence="1">listed</token>
  <token id="39" number="38" sentence="1">the</token>
  <token id="40" number="39" sentence="1">creation</token>
  <token id="41" number="40" sentence="1">of</token>
  <token id="42" number="41" sentence="1">the</token>
  <token id="43" number="42" sentence="1">money</token>
  <token id="44" number="43" sentence="1">fund</token>
  <token id="45" number="44" sentence="1">as</token>
  <token id="46" number="45" sentence="1">one</token>
  <token id="47" number="46" sentence="1">of</token>
  <token id="48" number="47" sentence="1">the</token>
  <token id="49" number="48" sentence="1">10</token>
  <token id="50" number="49" sentence="1">most</token>
  <token id="51" number="50" sentence="1">significant</token>
  <token id="52" number="51" sentence="1">events</token>
  <token id="53" number="52" sentence="1">in</token>
  <token id="54" number="53" sentence="1">the</token>
  <token id="55" number="54" sentence="1">world</token>
  <token id="56" number="55" sentence="1">of</token>
  <token id="57" number="56" sentence="1">finance</token>
  <token id="58" number="57" sentence="1">in</token>
  <token id="59" number="58" sentence="1">the</token>
  <token id="60" number="59" sentence="1">20th</token>
  <token id="61" number="60" sentence="1">century</token>
  <token id="62" number="61" sentence="1">.</token>
  <token id="63" number="62" sentence="2">But</token>
  <token id="64" number="63" sentence="2">the</token>
  <token id="65" number="64" sentence="2">Reserve</token>
  <token id="66" number="65" sentence="2">Fund</token>
  <token id="67" number="66" sentence="2">,</token>
  <token id="68" number="67" sentence="2">America</token>
  <token id="69" number="68" sentence="2">'s</token>
  <token id="70" number="69" sentence="2">first</token>
  <token id="71" number="70" sentence="2">money</token>
  <token id="72" number="71" sentence="2">fund</token>
  <token id="73" number="72" sentence="2">,</token>
  <token id="74" number="73" sentence="2">was</token>
  <token id="75" number="74" sentence="2">not</token>
  <token id="76" number="75" sentence="2">named</token>
  <token id="77" number="76" sentence="2">,</token>
  <token id="78" number="77" sentence="2">nor</token>
  <token id="79" number="78" sentence="2">were</token>
  <token id="80" number="79" sentence="2">the</token>
  <token id="81" number="80" sentence="2">creators</token>
  <token id="82" number="81" sentence="2">of</token>
  <token id="83" number="82" sentence="2">the</token>
  <token id="84" number="83" sentence="2">money-fund</token>
  <token id="85" number="84" sentence="2">concept</token>
  <token id="86" number="85" sentence="2">,</token>
  <token id="87" number="86" sentence="2">Harry</token>
  <token id="88" number="87" sentence="2">Brown</token>
  <token id="89" number="88" sentence="2">and</token>
  <token id="90" number="89" sentence="2">myself</token>
  <token id="91" number="90" sentence="2">.</token>
  <token id="92" number="91" sentence="3">We</token>
  <token id="93" number="92" sentence="3">innovated</token>
  <token id="94" number="93" sentence="3">telephone</token>
  <token id="95" number="94" sentence="3">redemptions</token>
  <token id="96" number="95" sentence="3">,</token>
  <token id="97" number="96" sentence="3">daily</token>
  <token id="98" number="97" sentence="3">dividends</token>
  <token id="99" number="98" sentence="3">,</token>
  <token id="100" number="99" sentence="3">total</token>
  <token id="101" number="100" sentence="3">elimination</token>
  <token id="102" number="101" sentence="3">of</token>
  <token id="103" number="102" sentence="3">share</token>
  <token id="104" number="103" sentence="3">certificates</token>
  <token id="105" number="104" sentence="3">and</token>
  <token id="106" number="105" sentence="3">the</token>
  <token id="107" number="106" sentence="3">constant</token>
  <token id="108" number="107" sentence="3">$</token>
  <token id="109" number="108" sentence="3">1</token>
  <token id="110" number="109" sentence="3">pershare</token>
  <token id="111" number="110" sentence="3">pricing</token>
  <token id="112" number="111" sentence="3">,</token>
  <token id="113" number="112" sentence="3">all</token>
  <token id="114" number="113" sentence="3">of</token>
  <token id="115" number="114" sentence="3">which</token>
  <token id="116" number="115" sentence="3">were</token>
  <token id="117" number="116" sentence="3">painfully</token>
  <token id="118" number="117" sentence="3">thought</token>
  <token id="119" number="118" sentence="3">out</token>
  <token id="120" number="119" sentence="3">and</token>
  <token id="121" number="120" sentence="3">not</token>
  <token id="122" number="121" sentence="3">the</token>
  <token id="123" number="122" sentence="3">result</token>
  <token id="124" number="123" sentence="3">of</token>
  <token id="125" number="124" sentence="3">some</token>
  <token id="126" number="125" sentence="3">inadvertence</token>
  <token id="127" number="126" sentence="3">on</token>
  <token id="128" number="127" sentence="3">the</token>
  <token id="129" number="128" sentence="3">part</token>
  <token id="130" number="129" sentence="3">of</token>
  <token id="131" number="130" sentence="3">the</token>
  <token id="132" number="131" sentence="3">SEC</token>
  <token id="133" number="132" sentence="3">.</token>
  <token id="134" number="133" sentence="4">BRUCE</token>
  <token id="135" number="134" sentence="4">R.</token>
  <token id="136" number="135" sentence="4">BENT</token>
  <token id="137" number="136" sentence="4">President</token>
  <token id="138" number="137" sentence="4">The</token>
  <token id="139" number="138" sentence="4">Reserve</token>
  <token id="140" number="139" sentence="4">Fund</token>
  <token id="141" number="140" sentence="4">New</token>
  <token id="142" number="141" sentence="4">York</token>
</Document>
