<Document doc_name="wsj_0810">
  <Markables>
    <TIMEX3 RELATED_TO="" TAG_DESCRIPTOR="Empty_Mark" beginPoint="" comment="" endPoint="" freq="" functionInDocument="CREATION_TIME" id="0" quant="" type="DATE" value="1989-10-27" />
    <EVENT aspect="NONE" certainty="" class="REPORTING" comment="" factuality="" id="1" modality="NONE" polarity="POS" pos="VERB" tense="PAST">
      <token_anchor id="9" />
    </EVENT>
    <EVENT aspect="NONE" certainty="" class="I_ACTION" comment="" factuality="" id="2" modality="NONE" polarity="POS" pos="VERB" tense="PAST">
      <token_anchor id="13" />
    </EVENT>
    <EVENT aspect="NONE" certainty="" class="OCCURRENCE" comment="" factuality="" id="3" modality="NONE" polarity="POS" pos="NOUN" tense="NONE">
      <token_anchor id="21" />
    </EVENT>
    <EVENT aspect="NONE" certainty="" class="OCCURRENCE" comment="" factuality="" id="4" modality="NONE" polarity="POS" pos="VERB" tense="INFINITIVE">
      <token_anchor id="29" />
    </EVENT>
    <EVENT aspect="NONE" certainty="" class="OCCURRENCE" comment="" factuality="" id="5" modality="NONE" polarity="POS" pos="NOUN" tense="NONE">
      <token_anchor id="42" />
    </EVENT>
    <EVENT aspect="NONE" certainty="" class="I_ACTION" comment="" factuality="" id="6" modality="NONE" polarity="POS" pos="VERB" tense="PAST">
      <token_anchor id="46" />
    </EVENT>
    <EVENT aspect="NONE" certainty="" class="I_STATE" comment="" factuality="" id="7" modality="NONE" polarity="POS" pos="NOUN" tense="NONE">
      <token_anchor id="49" />
    </EVENT>
    <EVENT aspect="NONE" certainty="" class="OCCURRENCE" comment="" factuality="" id="8" modality="NONE" polarity="POS" pos="VERB" tense="INFINITIVE">
      <token_anchor id="51" />
    </EVENT>
    <EVENT aspect="NONE" certainty="" class="OCCURRENCE" comment="" factuality="" id="9" modality="NONE" polarity="POS" pos="NOUN" tense="NONE">
      <token_anchor id="54" />
    </EVENT>
    <EVENT aspect="NONE" certainty="" class="REPORTING" comment="" factuality="" id="10" modality="NONE" polarity="POS" pos="VERB" tense="PAST">
      <token_anchor id="79" />
    </EVENT>
    <EVENT aspect="NONE" certainty="" class="I_STATE" comment="" factuality="" id="11" modality="NONE" polarity="POS" pos="VERB" tense="PRESENT">
      <token_anchor id="102" />
    </EVENT>
    <EVENT aspect="NONE" certainty="" class="REPORTING" comment="" factuality="" id="12" modality="NONE" polarity="POS" pos="VERB" tense="PAST">
      <token_anchor id="114" />
    </EVENT>
    <EVENT aspect="NONE" certainty="" class="I_STATE" comment="" factuality="" id="13" modality="NONE" polarity="POS" pos="VERB" tense="PRESENT">
      <token_anchor id="123" />
    </EVENT>
    <EVENT aspect="NONE" certainty="" class="OCCURRENCE" comment="" factuality="" id="14" modality="NONE" polarity="POS" pos="VERB" tense="PRESPART">
      <token_anchor id="128" />
    </EVENT>
    <EVENT aspect="NONE" certainty="" class="OCCURRENCE" comment="" factuality="" id="15" modality="NONE" polarity="POS" pos="VERB" tense="PRESPART">
      <token_anchor id="133" />
    </EVENT>
    <EVENT aspect="NONE" certainty="" class="OCCURRENCE" comment="" factuality="" id="16" modality="NONE" polarity="POS" pos="VERB" tense="PRESPART">
      <token_anchor id="136" />
    </EVENT>
    <EVENT aspect="NONE" certainty="" class="REPORTING" comment="" factuality="" id="17" modality="NONE" polarity="POS" pos="VERB" tense="PAST">
      <token_anchor id="143" />
    </EVENT>
    <EVENT aspect="PROGRESSIVE" certainty="" class="I_ACTION" comment="" factuality="" id="18" modality="NONE" polarity="POS" pos="VERB" tense="FUTURE">
      <token_anchor id="147" />
    </EVENT>
    <EVENT aspect="NONE" certainty="" class="OCCURRENCE" comment="" factuality="" id="19" modality="NONE" polarity="POS" pos="VERB" tense="INFINITIVE">
      <token_anchor id="151" />
    </EVENT>
    <EVENT aspect="PROGRESSIVE" certainty="" class="OCCURRENCE" comment="" factuality="" id="20" modality="NONE" polarity="POS" pos="VERB" tense="PRESENT">
      <token_anchor id="161" />
    </EVENT>
    <EVENT aspect="NONE" certainty="" class="ASPECTUAL" comment="" factuality="" id="21" modality="NONE" polarity="POS" pos="VERB" tense="PRESENT">
      <token_anchor id="167" />
    </EVENT>
    <EVENT aspect="NONE" certainty="" class="OCCURRENCE" comment="" factuality="" id="22" modality="NONE" polarity="POS" pos="NOUN" tense="NONE">
      <token_anchor id="168" />
    </EVENT>
    <TIMEX3 anchorTimeID="0" beginPoint="" comment="" endPoint="" freq="" functionInDocument="NONE" id="23" quant="" type="DATE" value="1989-10-31">
      <token_anchor id="171" />
    </TIMEX3>
    <EVENT aspect="NONE" certainty="" class="I_STATE" comment="" factuality="" id="24" modality="NONE" polarity="POS" pos="VERB" tense="PRESENT">
      <token_anchor id="180" />
    </EVENT>
    <EVENT aspect="NONE" certainty="" class="I_ACTION" comment="" factuality="" id="25" modality="NONE" polarity="POS" pos="VERB" tense="INFINITIVE">
      <token_anchor id="182" />
    </EVENT>
    <EVENT aspect="NONE" certainty="" class="I_ACTION" comment="" factuality="" id="26" modality="NONE" polarity="POS" pos="VERB" tense="PRESPART">
      <token_anchor id="188" />
    </EVENT>
    <EVENT aspect="NONE" certainty="" class="I_ACTION" comment="" factuality="" id="27" modality="NONE" polarity="POS" pos="VERB" tense="PRESPART">
      <token_anchor id="190" />
    </EVENT>
    <EVENT aspect="NONE" certainty="" class="OCCURRENCE" comment="" factuality="" id="28" modality="NONE" polarity="POS" pos="NOUN" tense="NONE">
      <token_anchor id="193" />
    </EVENT>
    <EVENT aspect="NONE" certainty="" class="REPORTING" comment="" factuality="" id="29" modality="NONE" polarity="POS" pos="VERB" tense="PAST">
      <token_anchor id="201" />
    </EVENT>
    <EVENT aspect="PERFECTIVE" certainty="" class="OCCURRENCE" comment="" factuality="" id="30" modality="NONE" polarity="POS" pos="VERB" tense="PRESENT">
      <token_anchor id="205" />
    </EVENT>
    <EVENT aspect="NONE" certainty="" class="I_ACTION" comment="" factuality="" id="31" modality="NONE" polarity="POS" pos="NOUN" tense="NONE">
      <token_anchor id="207" />
    </EVENT>
    <EVENT aspect="NONE" certainty="" class="I_ACTION" comment="" factuality="" id="32" modality="NONE" polarity="POS" pos="NOUN" tense="NONE">
      <token_anchor id="212" />
    </EVENT>
    <EVENT aspect="NONE" certainty="" class="OCCURRENCE" comment="" factuality="" id="33" modality="NONE" polarity="POS" pos="NOUN" tense="NONE">
      <token_anchor id="214" />
    </EVENT>
    <EVENT aspect="NONE" certainty="" class="REPORTING" comment="" factuality="" id="34" modality="NONE" polarity="POS" pos="VERB" tense="PAST">
      <token_anchor id="220" />
    </EVENT>
    <TIMEX3 beginPoint="" comment="" endPoint="" freq="" functionInDocument="NONE" id="35" quant="" type="DATE" value="1989">
      <token_anchor id="224" />
    </TIMEX3>
    <EVENT aspect="NONE" certainty="" class="STATE" comment="" factuality="" id="36" modality="NONE" polarity="POS" pos="NOUN" tense="NONE">
      <token_anchor id="244" />
    </EVENT>
    <TIMEX3 anchorTimeID="35" beginPoint="" comment="" endPoint="" freq="" functionInDocument="NONE" id="37" quant="" type="DATE" value="1988">
      <token_anchor id="249" />
      <token_anchor id="250" />
    </TIMEX3>
    <C-SIGNAL id="38">
      <token_anchor id="254" />
      <token_anchor id="255" />
      <token_anchor id="256" />
    </C-SIGNAL>
    <EVENT aspect="NONE" certainty="" class="OCCURRENCE" comment="" factuality="" id="39" modality="NONE" polarity="POS" pos="NOUN" tense="PRESENT">
      <token_anchor id="257" />
    </EVENT>
    <EVENT aspect="PERFECTIVE" certainty="" class="I_ACTION" comment="" factuality="" id="40" modality="NONE" polarity="POS" pos="VERB" tense="PRESENT">
      <token_anchor id="269" />
    </EVENT>
    <EVENT aspect="NONE" certainty="" class="OCCURRENCE" comment="" factuality="" id="41" modality="NONE" polarity="POS" pos="VERB" tense="INFINITIVE">
      <token_anchor id="271" />
    </EVENT>
    <EVENT aspect="NONE" certainty="" class="REPORTING" comment="" factuality="" id="42" modality="NONE" polarity="POS" pos="VERB" tense="PAST">
      <token_anchor id="281" />
    </EVENT>
    <EVENT aspect="NONE" certainty="" class="OCCURRENCE" comment="" factuality="" id="43" modality="would" polarity="POS" pos="OTHER" tense="NONE">
      <token_anchor id="286" />
    </EVENT>
    <TIMEX3 anchorTimeID="0" beginPoint="" comment="" endPoint="" freq="" functionInDocument="NONE" id="44" quant="" type="DATE" value="1989">
      <token_anchor id="293" />
      <token_anchor id="294" />
    </TIMEX3>
    <TIMEX3 anchorTimeID="0" beginPoint="" comment="" endPoint="" freq="" functionInDocument="NONE" id="45" quant="" type="DATE" value="1988">
      <token_anchor id="296" />
    </TIMEX3>
    <EVENT aspect="NONE" certainty="" class="I_ACTION" comment="" factuality="" id="46" modality="NONE" polarity="POS" pos="VERB" tense="PRESENT">
      <token_anchor id="300" />
    </EVENT>
    <EVENT aspect="NONE" certainty="" class="OCCURRENCE" comment="" factuality="" id="47" modality="NONE" polarity="POS" pos="NOUN" tense="NONE">
      <token_anchor id="301" />
    </EVENT>
    <EVENT aspect="NONE" certainty="" class="REPORTING" comment="" factuality="" id="48" modality="NONE" polarity="POS" pos="VERB" tense="PAST">
      <token_anchor id="306" />
    </EVENT>
    <EVENT aspect="NONE" certainty="" class="I_STATE" comment="" factuality="" id="49" modality="can" polarity="POS" pos="VERB" tense="NONE">
      <token_anchor id="310" />
    </EVENT>
    <TIMEX3 anchorTimeID="0" beginPoint="" comment="" endPoint="" freq="" functionInDocument="NONE" id="50" quant="" type="DATE" value="1990">
      <token_anchor id="314" />
      <token_anchor id="315" />
    </TIMEX3>
    <EVENT aspect="NONE" certainty="" class="REPORTING" comment="" factuality="" id="51" modality="NONE" polarity="POS" pos="VERB" tense="PAST">
      <token_anchor id="318" />
    </EVENT>
    <TIMEX3 beginPoint="" comment="" endPoint="" freq="" functionInDocument="NONE" id="52" quant="" type="DURATION" value="P20Y">
      <token_anchor id="321" />
      <token_anchor id="322" />
      <token_anchor id="323" />
      <token_anchor id="324" />
    </TIMEX3>
    <EVENT aspect="PERFECTIVE" certainty="" class="OCCURRENCE" comment="" factuality="" id="53" modality="NONE" polarity="POS" pos="VERB" tense="PRESENT">
      <token_anchor id="329" />
    </EVENT>
    <EVENT aspect="PERFECTIVE" certainty="" class="I_ACTION" comment="" factuality="" id="54" modality="NONE" polarity="POS" pos="VERB" tense="PRESENT">
      <token_anchor id="338" />
    </EVENT>
    <EVENT aspect="NONE" certainty="" class="I_ACTION" comment="" factuality="" id="55" modality="NONE" polarity="POS" pos="NOUN" tense="NONE">
      <token_anchor id="344" />
    </EVENT>
    <EVENT aspect="NONE" certainty="" class="I_STATE" comment="" factuality="" id="56" modality="NONE" polarity="POS" pos="VERB" tense="PRESENT">
      <token_anchor id="353" />
    </EVENT>
    <EVENT aspect="NONE" certainty="" class="I_STATE" comment="" factuality="" id="57" modality="could" polarity="POS" pos="NOUN" tense="NONE">
      <token_anchor id="356" />
    </EVENT>
    <EVENT aspect="NONE" certainty="" class="OCCURRENCE" comment="" factuality="" id="58" modality="NONE" polarity="POS" pos="NOUN" tense="NONE">
      <token_anchor id="359" />
    </EVENT>
    <EVENT aspect="NONE" certainty="" class="PERCEPTION" comment="" factuality="" id="59" modality="NONE" polarity="NEG" pos="VERB" tense="PRESENT">
      <token_anchor id="374" />
    </EVENT>
    <EVENT aspect="NONE" certainty="" class="I_ACTION" comment="" factuality="" id="60" modality="NONE" polarity="POS" pos="VERB" tense="FUTURE">
      <token_anchor id="377" />
    </EVENT>
    <EVENT aspect="NONE" certainty="" class="OCCURRENCE" comment="" factuality="" id="61" modality="NONE" polarity="POS" pos="NOUN" tense="NONE">
      <token_anchor id="380" />
    </EVENT>
    <EVENT aspect="NONE" certainty="" class="REPORTING" comment="" factuality="" id="62" modality="NONE" polarity="POS" pos="VERB" tense="PAST">
      <token_anchor id="383" />
    </EVENT>
    <EVENT aspect="NONE" certainty="" class="REPORTING" comment="" factuality="" id="63" modality="NONE" polarity="POS" pos="VERB" tense="PAST">
      <token_anchor id="401" />
    </EVENT>
    <EVENT aspect="NONE" certainty="" class="I_ACTION" comment="" factuality="" id="64" modality="NONE" polarity="POS" pos="VERB" tense="PAST">
      <token_anchor id="410" />
    </EVENT>
    <EVENT aspect="NONE" certainty="" class="I_ACTION" comment="" factuality="" id="65" modality="NONE" polarity="POS" pos="VERB" tense="INFINITIVE">
      <token_anchor id="414" />
    </EVENT>
    <EVENT aspect="NONE" certainty="" class="OCCURRENCE" comment="" factuality="" id="66" modality="NONE" polarity="POS" pos="NOUN" tense="NONE">
      <token_anchor id="416" />
    </EVENT>
    <EVENT aspect="NONE" certainty="" class="REPORTING" comment="" factuality="" id="67" modality="NONE" polarity="POS" pos="VERB" tense="PAST">
      <token_anchor id="438" />
    </EVENT>
    <EVENT aspect="NONE" certainty="" class="REPORTING" comment="" factuality="" id="68" modality="NONE" polarity="POS" pos="VERB" tense="PAST">
      <token_anchor id="447" />
    </EVENT>
    <EVENT aspect="NONE" certainty="" class="OCCURRENCE" comment="" factuality="" id="69" modality="NONE" polarity="POS" pos="VERB" tense="PAST">
      <token_anchor id="451" />
    </EVENT>
    <EVENT aspect="NONE" certainty="" class="OCCURRENCE" comment="" factuality="" id="70" modality="NONE" polarity="POS" pos="VERB" tense="PAST">
      <token_anchor id="460" />
    </EVENT>
    <TIMEX3 beginPoint="" comment="" endPoint="" freq="" functionInDocument="NONE" id="71" quant="" type="DATE" value="1987">
      <token_anchor id="462" />
    </TIMEX3>
    <EVENT aspect="NONE" certainty="" class="REPORTING" comment="" factuality="" id="72" modality="NONE" polarity="POS" pos="VERB" tense="PAST">
      <token_anchor id="465" />
    </EVENT>
    <TIMEX3 anchorTimeID="0" beginPoint="" comment="" endPoint="" freq="" functionInDocument="NONE" id="73" quant="" type="DATE" value="PRESENT_REF">
      <token_anchor id="467" />
    </TIMEX3>
    <EVENT aspect="NONE" certainty="" class="STATE" comment="" factuality="" id="74" modality="NONE" polarity="POS" pos="VERB" tense="PRESENT">
      <token_anchor id="468" />
    </EVENT>
    <EVENT aspect="NONE" certainty="" class="I_STATE" comment="" factuality="" id="75" modality="NONE" polarity="POS" pos="VERB" tense="PAST">
      <token_anchor id="480" />
    </EVENT>
    <EVENT aspect="NONE" certainty="" class="REPORTING" comment="" factuality="" id="76" modality="NONE" polarity="POS" pos="VERB" tense="PAST">
      <token_anchor id="490" />
    </EVENT>
    <EVENT aspect="NONE" certainty="" class="OCCURRENCE" comment="" factuality="" id="77" modality="NONE" polarity="POS" pos="NOUN" tense="NONE">
      <token_anchor id="495" />
    </EVENT>
    <EVENT aspect="NONE" certainty="" class="OCCURRENCE" comment="" factuality="" id="78" modality="NONE" polarity="POS" pos="VERB" tense="PAST">
      <token_anchor id="497" />
    </EVENT>
    <EVENT aspect="NONE" certainty="" class="I_ACTION" comment="" factuality="" id="79" modality="NONE" polarity="POS" pos="VERB" tense="PAST">
      <token_anchor id="500" />
    </EVENT>
    <EVENT aspect="NONE" certainty="" class="I_ACTION" comment="" factuality="" id="80" modality="NONE" polarity="POS" pos="NOUN" tense="NONE">
      <token_anchor id="501" />
    </EVENT>
    <EVENT aspect="NONE" certainty="" class="OCCURRENCE" comment="" factuality="" id="81" modality="NONE" polarity="POS" pos="VERB" tense="INFINITIVE">
      <token_anchor id="503" />
    </EVENT>
    <EVENT aspect="PROGRESSIVE" certainty="" class="OCCURRENCE" comment="" factuality="" id="82" modality="NONE" polarity="POS" pos="VERB" tense="PRESENT">
      <token_anchor id="515" />
    </EVENT>
    <EVENT aspect="NONE" certainty="" class="OCCURRENCE" comment="" factuality="" id="83" modality="NONE" polarity="POS" pos="VERB" tense="PAST">
      <token_anchor id="520" />
    </EVENT>
    <EVENT aspect="NONE" certainty="" class="I_ACTION" comment="" factuality="" id="84" modality="likelihood" polarity="POS" pos="NOUN" tense="NONE">
      <token_anchor id="525" />
    </EVENT>
    <EVENT aspect="NONE" certainty="" class="OCCURRENCE" comment="" factuality="" id="85" modality="NONE" polarity="POS" pos="NOUN" tense="NONE">
      <token_anchor id="528" />
    </EVENT>
    <EVENT aspect="NONE" certainty="" class="REPORTING" comment="" factuality="" id="86" modality="NONE" polarity="POS" pos="VERB" tense="PAST">
      <token_anchor id="553" />
    </EVENT>
    <EVENT aspect="NONE" certainty="" class="OCCURRENCE" comment="" factuality="" id="87" modality="NONE" polarity="POS" pos="NOUN" tense="NONE">
      <token_anchor id="569" />
    </EVENT>
    <EVENT aspect="NONE" certainty="" class="REPORTING" comment="" factuality="" id="88" modality="NONE" polarity="POS" pos="VERB" tense="PAST">
      <token_anchor id="575" />
    </EVENT>
    <EVENT aspect="NONE" certainty="" class="REPORTING" comment="" factuality="" id="89" modality="NONE" polarity="POS" pos="VERB" tense="PRESENT">
      <token_anchor id="588" />
    </EVENT>
    <EVENT aspect="NONE" certainty="" class="STATE" comment="" factuality="" id="90" modality="NONE" polarity="POS" pos="VERB" tense="FUTURE">
      <token_anchor id="597" />
    </EVENT>
    <EVENT aspect="NONE" certainty="" class="REPORTING" comment="" factuality="" id="91" modality="NONE" polarity="POS" pos="VERB" tense="PAST">
      <token_anchor id="609" />
    </EVENT>
    <TIMEX3 anchorTimeID="0" beginPoint="" comment="" endPoint="" freq="" functionInDocument="NONE" id="92" quant="" type="DATE" value="1989-10-23">
      <token_anchor id="610" />
    </TIMEX3>
    <EVENT aspect="NONE" certainty="" class="I_ACTION" comment="" factuality="" id="93" modality="NONE" polarity="POS" pos="VERB" tense="PRESENT">
      <token_anchor id="613" />
    </EVENT>
    <EVENT aspect="NONE" certainty="" class="OCCURRENCE" comment="" factuality="" id="94" modality="NONE" polarity="POS" pos="VERB" tense="INFINITIVE">
      <token_anchor id="615" />
    </EVENT>
    <EVENT aspect="NONE" certainty="" class="OCCURRENCE" comment="" factuality="" id="95" modality="NONE" polarity="POS" pos="VERB" tense="INFINITIVE">
      <token_anchor id="617" />
    </EVENT>
    <EVENT aspect="NONE" certainty="" class="OCCURRENCE" comment="" factuality="" id="96" modality="NONE" polarity="POS" pos="VERB" tense="PRESENT">
      <token_anchor id="633" />
    </EVENT>
    <EVENT aspect="NONE" certainty="" class="OCCURRENCE" comment="" factuality="" id="97" modality="NONE" polarity="POS" pos="NOUN" tense="NONE">
      <token_anchor id="636" />
    </EVENT>
    <EVENT aspect="PERFECTIVE" certainty="" class="I_STATE" comment="" factuality="" id="98" modality="NONE" polarity="POS" pos="VERB" tense="PRESENT">
      <token_anchor id="644" />
    </EVENT>
    <EVENT aspect="NONE" certainty="" class="STATE" comment="" factuality="" id="99" modality="NONE" polarity="POS" pos="VERB" tense="INFINITIVE">
      <token_anchor id="646" />
    </EVENT>
    <EVENT aspect="NONE" certainty="" class="REPORTING" comment="" factuality="" id="100" modality="NONE" polarity="POS" pos="VERB" tense="PRESENT">
      <token_anchor id="659" />
    </EVENT>
    <EVENT aspect="NONE" certainty="" class="OCCURRENCE" comment="" factuality="" id="101" modality="NONE" polarity="POS" pos="VERB" tense="FUTURE">
      <token_anchor id="662" />
    </EVENT>
    <EVENT aspect="NONE" certainty="" class="STATE" comment="" factuality="" id="102" modality="NONE" polarity="POS" pos="VERB" tense="PRESENT">
      <token_anchor id="675" />
    </EVENT>
    <TIMEX3 anchorTimeID="0" beginPoint="" comment="" endPoint="" freq="" functionInDocument="NONE" id="103" quant="" type="DATE" value="1989-07-01">
      <token_anchor id="690" />
      <token_anchor id="691" />
    </TIMEX3>
    <EVENT aspect="NONE" certainty="" class="OCCURRENCE" comment="" factuality="" id="104" modality="NONE" polarity="POS" pos="VERB" tense="FUTURE">
      <token_anchor id="695" />
    </EVENT>
    <TIMEX3 anchorTimeID="0" beginPoint="" comment="" endPoint="" freq="" functionInDocument="NONE" id="105" quant="" type="DATE" value="1989">
      <token_anchor id="699" />
      <token_anchor id="700" />
    </TIMEX3>
    <EVENT aspect="NONE" certainty="" class="OCCURRENCE" comment="" factuality="" id="106" modality="NONE" polarity="POS" pos="VERB" tense="INFINITIVE">
      <token_anchor id="707" />
    </EVENT>
  </Markables>
  <Relations>
    <TLINK comment="" id="1" relType="AFTER">
      <source id="0" />
      <target id="21" />
    </TLINK>
    <TLINK comment="" id="2" relType="IS_INCLUDED">
      <source id="0" />
      <target id="82" />
    </TLINK>
    <TLINK comment="" id="3" relType="IS_INCLUDED">
      <source id="0" />
      <target id="96" />
    </TLINK>
    <TLINK comment="" id="4" relType="IS_INCLUDED">
      <source id="0" />
      <target id="102" />
    </TLINK>
    <TLINK comment="" id="5" relType="BEFORE">
      <source id="1" />
      <target id="0" />
    </TLINK>
    <TLINK comment="" id="6" relType="INCLUDES">
      <source id="5" />
      <target id="1" />
    </TLINK>
    <TLINK comment="" id="7" relType="INCLUDES">
      <source id="5" />
      <target id="6" />
    </TLINK>
    <TLINK comment="" id="8" relType="SIMULTANEOUS">
      <source id="6" />
      <target id="1" />
    </TLINK>
    <TLINK comment="" id="9" relType="IDENTITY">
      <source id="10" />
      <target id="1" />
    </TLINK>
    <TLINK comment="" id="10" relType="IS_INCLUDED">
      <source id="10" />
      <target id="5" />
    </TLINK>
    <TLINK comment="" id="11" relType="IDENTITY">
      <source id="12" />
      <target id="10" />
    </TLINK>
    <TLINK comment="" id="12" relType="SIMULTANEOUS">
      <source id="16" />
      <target id="13" />
    </TLINK>
    <TLINK comment="" id="13" relType="AFTER">
      <source id="18" />
      <target id="17" />
    </TLINK>
    <TLINK comment="" id="14" relType="SIMULTANEOUS">
      <source id="18" />
      <target id="25" />
    </TLINK>
    <TLINK comment="" id="15" relType="INCLUDES">
      <source id="20" />
      <target id="0" />
    </TLINK>
    <TLINK comment="" id="16" relType="INCLUDES">
      <source id="20" />
      <target id="17" />
    </TLINK>
    <TLINK comment="" id="17" relType="IS_INCLUDED">
      <source id="21" />
      <target id="23" />
    </TLINK>
    <TLINK comment="" id="18" relType="IS_INCLUDED">
      <source id="22" />
      <target id="23" />
    </TLINK>
    <TLINK comment="" id="19" relType="INCLUDES">
      <source id="24" />
      <target id="0" />
    </TLINK>
    <TLINK comment="" id="20" relType="BEFORE">
      <source id="24" />
      <target id="25" />
    </TLINK>
    <TLINK comment="" id="21" relType="BEFORE">
      <source id="29" />
      <target id="0" />
    </TLINK>
    <TLINK comment="" id="22" relType="IS_INCLUDED">
      <source id="32" />
      <target id="0" />
    </TLINK>
    <TLINK comment="" id="23" relType="AFTER">
      <source id="39" />
      <target id="40" />
    </TLINK>
    <CLINK c-signalID="38" comment="" id="24">
      <source id="39" />
      <target id="36" />
    </CLINK>
    <TLINK comment="" id="25" relType="AFTER">
      <source id="43" />
      <target id="0" />
    </TLINK>
    <TLINK comment="" id="26" relType="BEFORE">
      <source id="46" />
      <target id="49" />
    </TLINK>
    <TLINK comment="" id="27" relType="SIMULTANEOUS">
      <source id="48" />
      <target id="34" />
    </TLINK>
    <TLINK comment="" id="28" relType="DURING">
      <source id="53" />
      <target id="52" />
    </TLINK>
    <TLINK comment="" id="29" relType="DURING">
      <source id="54" />
      <target id="52" />
    </TLINK>
    <TLINK comment="" id="30" relType="SIMULTANEOUS">
      <source id="56" />
      <target id="51" />
    </TLINK>
    <TLINK comment="" id="31" relType="IS_INCLUDED">
      <source id="62" />
      <target id="51" />
    </TLINK>
    <TLINK comment="" id="32" relType="IDENTITY">
      <source id="63" />
      <target id="62" />
    </TLINK>
    <TLINK comment="" id="33" relType="IDENTITY">
      <source id="67" />
      <target id="51" />
    </TLINK>
    <TLINK comment="" id="34" relType="SIMULTANEOUS">
      <source id="68" />
      <target id="42" />
    </TLINK>
    <TLINK comment="" id="35" relType="AFTER">
      <source id="69" />
      <target id="70" />
    </TLINK>
    <TLINK comment="" id="36" relType="IS_INCLUDED">
      <source id="70" />
      <target id="71" />
    </TLINK>
    <TLINK comment="" id="37" relType="SIMULTANEOUS">
      <source id="72" />
      <target id="68" />
    </TLINK>
    <TLINK comment="" id="38" relType="IS_INCLUDED">
      <source id="74" />
      <target id="73" />
    </TLINK>
    <TLINK comment="" id="39" relType="BEGINS">
      <source id="78" />
      <target id="77" />
    </TLINK>
    <TLINK comment="" id="40" relType="AFTER">
      <source id="79" />
      <target id="75" />
    </TLINK>
    <TLINK comment="" id="41" relType="BEFORE">
      <source id="79" />
      <target id="78" />
    </TLINK>
    <TLINK comment="" id="42" relType="BEFORE">
      <source id="83" />
      <target id="0" />
    </TLINK>
    <TLINK comment="" id="43" relType="AFTER">
      <source id="84" />
      <target id="85" />
    </TLINK>
    <TLINK comment="" id="44" relType="IDENTITY">
      <source id="86" />
      <target id="76" />
    </TLINK>
    <TLINK comment="" id="45" relType="AFTER">
      <source id="88" />
      <target id="86" />
    </TLINK>
    <TLINK comment="" id="46" relType="BEFORE">
      <source id="89" />
      <target id="0" />
    </TLINK>
    <TLINK comment="" id="47" relType="IS_INCLUDED">
      <source id="91" />
      <target id="92" />
    </TLINK>
    <TLINK comment="" id="48" relType="INCLUDES">
      <source id="97" />
      <target id="95" />
    </TLINK>
    <TLINK comment="" id="49" relType="AFTER">
      <source id="97" />
      <target id="98" />
    </TLINK>
    <TLINK comment="" id="50" relType="IDENTITY">
      <source id="100" />
      <target id="91" />
    </TLINK>
    <TLINK comment="" id="51" relType="AFTER">
      <source id="101" />
      <target id="0" />
    </TLINK>
    <TLINK comment="" id="52" relType="AFTER">
      <source id="101" />
      <target id="100" />
    </TLINK>
    <TLINK comment="" id="53" relType="AFTER">
      <source id="104" />
      <target id="101" />
    </TLINK>
    <TLINK comment="" id="54" relType="IS_INCLUDED">
      <source id="104" />
      <target id="105" />
    </TLINK>
    <TLINK comment="" id="55" relType="IDENTITY">
      <source id="106" />
      <target id="101" />
    </TLINK>
  </Relations>
  <token id="1" number="0" sentence="0">Cie</token>
  <token id="2" number="1" sentence="0">.</token>
  <token id="3" number="2" sentence="1">de</token>
  <token id="4" number="3" sentence="1">Navigation</token>
  <token id="5" number="4" sentence="1">Mixte</token>
  <token id="6" number="5" sentence="1">Chairman</token>
  <token id="7" number="6" sentence="1">Marc</token>
  <token id="8" number="7" sentence="1">Fournier</token>
  <token id="9" number="8" sentence="1">said</token>
  <token id="10" number="9" sentence="1">his</token>
  <token id="11" number="10" sentence="1">board</token>
  <token id="12" number="11" sentence="1">unanimously</token>
  <token id="13" number="12" sentence="1">rejected</token>
  <token id="14" number="13" sentence="1">as</token>
  <token id="15" number="14" sentence="1">too</token>
  <token id="16" number="15" sentence="1">low</token>
  <token id="17" number="16" sentence="1">the</token>
  <token id="18" number="17" sentence="1">$</token>
  <token id="19" number="18" sentence="1">1.77</token>
  <token id="20" number="19" sentence="1">billion</token>
  <token id="21" number="20" sentence="1">bid</token>
  <token id="22" number="21" sentence="1">by</token>
  <token id="23" number="22" sentence="1">Cie</token>
  <token id="24" number="23" sentence="1">.</token>
  <token id="25" number="24" sentence="2">Financiere</token>
  <token id="26" number="25" sentence="2">de</token>
  <token id="27" number="26" sentence="2">Paribas</token>
  <token id="28" number="27" sentence="2">to</token>
  <token id="29" number="28" sentence="2">bring</token>
  <token id="30" number="29" sentence="2">its</token>
  <token id="31" number="30" sentence="2">stake</token>
  <token id="32" number="31" sentence="2">in</token>
  <token id="33" number="32" sentence="2">Navigation</token>
  <token id="34" number="33" sentence="2">Mixte</token>
  <token id="35" number="34" sentence="2">to</token>
  <token id="36" number="35" sentence="2">66.7</token>
  <token id="37" number="36" sentence="2">%</token>
  <token id="38" number="37" sentence="2">.</token>
  <token id="39" number="38" sentence="3">At</token>
  <token id="40" number="39" sentence="3">a</token>
  <token id="41" number="40" sentence="3">news</token>
  <token id="42" number="41" sentence="3">conference</token>
  <token id="43" number="42" sentence="3">,</token>
  <token id="44" number="43" sentence="3">Mr.</token>
  <token id="45" number="44" sentence="3">Fournier</token>
  <token id="46" number="45" sentence="3">accused</token>
  <token id="47" number="46" sentence="3">Paribas</token>
  <token id="48" number="47" sentence="3">of</token>
  <token id="49" number="48" sentence="3">planning</token>
  <token id="50" number="49" sentence="3">to</token>
  <token id="51" number="50" sentence="3">pay</token>
  <token id="52" number="51" sentence="3">for</token>
  <token id="53" number="52" sentence="3">the</token>
  <token id="54" number="53" sentence="3">takeover</token>
  <token id="55" number="54" sentence="3">by</token>
  <token id="56" number="55" sentence="3">selling</token>
  <token id="57" number="56" sentence="3">parts</token>
  <token id="58" number="57" sentence="3">of</token>
  <token id="59" number="58" sentence="3">the</token>
  <token id="60" number="59" sentence="3">company</token>
  <token id="61" number="60" sentence="3">,</token>
  <token id="62" number="61" sentence="3">whose</token>
  <token id="63" number="62" sentence="3">interests</token>
  <token id="64" number="63" sentence="3">include</token>
  <token id="65" number="64" sentence="3">insurance</token>
  <token id="66" number="65" sentence="3">,</token>
  <token id="67" number="66" sentence="3">banking</token>
  <token id="68" number="67" sentence="3">,</token>
  <token id="69" number="68" sentence="3">tuna</token>
  <token id="70" number="69" sentence="3">canning</token>
  <token id="71" number="70" sentence="3">,</token>
  <token id="72" number="71" sentence="3">sugar</token>
  <token id="73" number="72" sentence="3">and</token>
  <token id="74" number="73" sentence="3">orange</token>
  <token id="75" number="74" sentence="3">juice</token>
  <token id="76" number="75" sentence="3">.</token>
  <token id="77" number="76" sentence="4">The</token>
  <token id="78" number="77" sentence="4">chairman</token>
  <token id="79" number="78" sentence="4">said</token>
  <token id="80" number="79" sentence="4">his</token>
  <token id="81" number="80" sentence="4">board</token>
  <token id="82" number="81" sentence="4">members</token>
  <token id="83" number="82" sentence="4">,</token>
  <token id="84" number="83" sentence="4">including</token>
  <token id="85" number="84" sentence="4">representatives</token>
  <token id="86" number="85" sentence="4">of</token>
  <token id="87" number="86" sentence="4">West</token>
  <token id="88" number="87" sentence="4">German</token>
  <token id="89" number="88" sentence="4">insurance</token>
  <token id="90" number="89" sentence="4">giant</token>
  <token id="91" number="90" sentence="4">Allianz</token>
  <token id="92" number="91" sentence="4">AG</token>
  <token id="93" number="92" sentence="4">and</token>
  <token id="94" number="93" sentence="4">French</token>
  <token id="95" number="94" sentence="4">banks</token>
  <token id="96" number="95" sentence="4">Credit</token>
  <token id="97" number="96" sentence="4">Lyonnais</token>
  <token id="98" number="97" sentence="4">and</token>
  <token id="99" number="98" sentence="4">Societe</token>
  <token id="100" number="99" sentence="4">Generale</token>
  <token id="101" number="100" sentence="4">,</token>
  <token id="102" number="101" sentence="4">hold</token>
  <token id="103" number="102" sentence="4">nearly</token>
  <token id="104" number="103" sentence="4">50</token>
  <token id="105" number="104" sentence="4">%</token>
  <token id="106" number="105" sentence="4">of</token>
  <token id="107" number="106" sentence="4">Navigation</token>
  <token id="108" number="107" sentence="4">Mixte</token>
  <token id="109" number="108" sentence="4">'s</token>
  <token id="110" number="109" sentence="4">capital</token>
  <token id="111" number="110" sentence="4">.</token>
  <token id="112" number="111" sentence="5">Mr.</token>
  <token id="113" number="112" sentence="5">Fournier</token>
  <token id="114" number="113" sentence="5">said</token>
  <token id="115" number="114" sentence="5">that</token>
  <token id="116" number="115" sentence="5">as</token>
  <token id="117" number="116" sentence="5">Navigation</token>
  <token id="118" number="117" sentence="5">Mixte</token>
  <token id="119" number="118" sentence="5">chairman</token>
  <token id="120" number="119" sentence="5">,</token>
  <token id="121" number="120" sentence="5">he</token>
  <token id="122" number="121" sentence="5">is</token>
  <token id="123" number="122" sentence="5">prohibited</token>
  <token id="124" number="123" sentence="5">by</token>
  <token id="125" number="124" sentence="5">takeover</token>
  <token id="126" number="125" sentence="5">regulations</token>
  <token id="127" number="126" sentence="5">from</token>
  <token id="128" number="127" sentence="5">organizing</token>
  <token id="129" number="128" sentence="5">his</token>
  <token id="130" number="129" sentence="5">own</token>
  <token id="131" number="130" sentence="5">defense</token>
  <token id="132" number="131" sentence="5">or</token>
  <token id="133" number="132" sentence="5">doing</token>
  <token id="134" number="133" sentence="5">anything</token>
  <token id="135" number="134" sentence="5">besides</token>
  <token id="136" number="135" sentence="5">managing</token>
  <token id="137" number="136" sentence="5">current</token>
  <token id="138" number="137" sentence="5">company</token>
  <token id="139" number="138" sentence="5">business</token>
  <token id="140" number="139" sentence="5">.</token>
  <token id="141" number="140" sentence="6">But</token>
  <token id="142" number="141" sentence="6">sources</token>
  <token id="143" number="142" sentence="6">said</token>
  <token id="144" number="143" sentence="6">he</token>
  <token id="145" number="144" sentence="6">will</token>
  <token id="146" number="145" sentence="6">be</token>
  <token id="147" number="146" sentence="6">urging</token>
  <token id="148" number="147" sentence="6">his</token>
  <token id="149" number="148" sentence="6">allies</token>
  <token id="150" number="149" sentence="6">to</token>
  <token id="151" number="150" sentence="6">boost</token>
  <token id="152" number="151" sentence="6">their</token>
  <token id="153" number="152" sentence="6">stakes</token>
  <token id="154" number="153" sentence="6">in</token>
  <token id="155" number="154" sentence="6">Navigation</token>
  <token id="156" number="155" sentence="6">Mixte</token>
  <token id="157" number="156" sentence="6">,</token>
  <token id="158" number="157" sentence="6">which</token>
  <token id="159" number="158" sentence="6">is</token>
  <token id="160" number="159" sentence="6">being</token>
  <token id="161" number="160" sentence="6">traded</token>
  <token id="162" number="161" sentence="6">in</token>
  <token id="163" number="162" sentence="6">London</token>
  <token id="164" number="163" sentence="6">and</token>
  <token id="165" number="164" sentence="6">is</token>
  <token id="166" number="165" sentence="6">to</token>
  <token id="167" number="166" sentence="6">resume</token>
  <token id="168" number="167" sentence="6">trading</token>
  <token id="169" number="168" sentence="6">in</token>
  <token id="170" number="169" sentence="6">Paris</token>
  <token id="171" number="170" sentence="6">Tuesday</token>
  <token id="172" number="171" sentence="6">.</token>
  <token id="173" number="172" sentence="7">At</token>
  <token id="174" number="173" sentence="7">the</token>
  <token id="175" number="174" sentence="7">same</token>
  <token id="176" number="175" sentence="7">time</token>
  <token id="177" number="176" sentence="7">,</token>
  <token id="178" number="177" sentence="7">he</token>
  <token id="179" number="178" sentence="7">is</token>
  <token id="180" number="179" sentence="7">expected</token>
  <token id="181" number="180" sentence="7">to</token>
  <token id="182" number="181" sentence="7">seek</token>
  <token id="183" number="182" sentence="7">legal</token>
  <token id="184" number="183" sentence="7">and</token>
  <token id="185" number="184" sentence="7">regulatory</token>
  <token id="186" number="185" sentence="7">means</token>
  <token id="187" number="186" sentence="7">of</token>
  <token id="188" number="187" sentence="7">blocking</token>
  <token id="189" number="188" sentence="7">or</token>
  <token id="190" number="189" sentence="7">delaying</token>
  <token id="191" number="190" sentence="7">Paribas</token>
  <token id="192" number="191" sentence="7">'s</token>
  <token id="193" number="192" sentence="7">bid</token>
  <token id="194" number="193" sentence="7">.</token>
  <token id="195" number="194" sentence="8">For</token>
  <token id="196" number="195" sentence="8">the</token>
  <token id="197" number="196" sentence="8">moment</token>
  <token id="198" number="197" sentence="8">,</token>
  <token id="199" number="198" sentence="8">the</token>
  <token id="200" number="199" sentence="8">sources</token>
  <token id="201" number="200" sentence="8">said</token>
  <token id="202" number="201" sentence="8">,</token>
  <token id="203" number="202" sentence="8">he</token>
  <token id="204" number="203" sentence="8">has</token>
  <token id="205" number="204" sentence="8">decided</token>
  <token id="206" number="205" sentence="8">against</token>
  <token id="207" number="206" sentence="8">seeking</token>
  <token id="208" number="207" sentence="8">a</token>
  <token id="209" number="208" sentence="8">white</token>
  <token id="210" number="209" sentence="8">knight</token>
  <token id="211" number="210" sentence="8">or</token>
  <token id="212" number="211" sentence="8">organizing</token>
  <token id="213" number="212" sentence="8">a</token>
  <token id="214" number="213" sentence="8">counterbid</token>
  <token id="215" number="214" sentence="8">for</token>
  <token id="216" number="215" sentence="8">Paribas</token>
  <token id="217" number="216" sentence="8">.</token>
  <token id="218" number="217" sentence="9">Mr.</token>
  <token id="219" number="218" sentence="9">Fournier</token>
  <token id="220" number="219" sentence="9">said</token>
  <token id="221" number="220" sentence="9">Navigation</token>
  <token id="222" number="221" sentence="9">Mixte</token>
  <token id="223" number="222" sentence="9">'s</token>
  <token id="224" number="223" sentence="9">1989</token>
  <token id="225" number="224" sentence="9">unconsolidated</token>
  <token id="226" number="225" sentence="9">,</token>
  <token id="227" number="226" sentence="9">or</token>
  <token id="228" number="227" sentence="9">parent-company</token>
  <token id="229" number="228" sentence="9">,</token>
  <token id="230" number="229" sentence="9">profit</token>
  <token id="231" number="230" sentence="9">is</token>
  <token id="232" number="231" sentence="9">likely</token>
  <token id="233" number="232" sentence="9">to</token>
  <token id="234" number="233" sentence="9">be</token>
  <token id="235" number="234" sentence="9">4.7</token>
  <token id="236" number="235" sentence="9">billion</token>
  <token id="237" number="236" sentence="9">francs</token>
  <token id="238" number="237" sentence="9">(</token>
  <token id="239" number="238" sentence="9">$</token>
  <token id="240" number="239" sentence="9">754.4</token>
  <token id="241" number="240" sentence="9">million</token>
  <token id="242" number="241" sentence="9">)</token>
  <token id="243" number="242" sentence="9">,</token>
  <token id="244" number="243" sentence="9">up</token>
  <token id="245" number="244" sentence="9">from</token>
  <token id="246" number="245" sentence="9">633.8</token>
  <token id="247" number="246" sentence="9">million</token>
  <token id="248" number="247" sentence="9">francs</token>
  <token id="249" number="248" sentence="9">last</token>
  <token id="250" number="249" sentence="9">year</token>
  <token id="251" number="250" sentence="9">.</token>
  <token id="252" number="251" sentence="10">That</token>
  <token id="253" number="252" sentence="10">is</token>
  <token id="254" number="253" sentence="10">due</token>
  <token id="255" number="254" sentence="10">mostly</token>
  <token id="256" number="255" sentence="10">to</token>
  <token id="257" number="256" sentence="10">payments</token>
  <token id="258" number="257" sentence="10">from</token>
  <token id="259" number="258" sentence="10">Allianz</token>
  <token id="260" number="259" sentence="10">for</token>
  <token id="261" number="260" sentence="10">most</token>
  <token id="262" number="261" sentence="10">of</token>
  <token id="263" number="262" sentence="10">the</token>
  <token id="264" number="263" sentence="10">50</token>
  <token id="265" number="264" sentence="10">%</token>
  <token id="266" number="265" sentence="10">stake</token>
  <token id="267" number="266" sentence="10">it</token>
  <token id="268" number="267" sentence="10">has</token>
  <token id="269" number="268" sentence="10">agreed</token>
  <token id="270" number="269" sentence="10">to</token>
  <token id="271" number="270" sentence="10">acquire</token>
  <token id="272" number="271" sentence="10">in</token>
  <token id="273" number="272" sentence="10">Navigation</token>
  <token id="274" number="273" sentence="10">Mixte</token>
  <token id="275" number="274" sentence="10">'s</token>
  <token id="276" number="275" sentence="10">insurance</token>
  <token id="277" number="276" sentence="10">business</token>
  <token id="278" number="277" sentence="10">.</token>
  <token id="279" number="278" sentence="11">Mr.</token>
  <token id="280" number="279" sentence="11">Fournier</token>
  <token id="281" number="280" sentence="11">said</token>
  <token id="282" number="281" sentence="11">the</token>
  <token id="283" number="282" sentence="11">exceptional</token>
  <token id="284" number="283" sentence="11">gain</token>
  <token id="285" number="284" sentence="11">would</token>
  <token id="286" number="285" sentence="11">mean</token>
  <token id="287" number="286" sentence="11">nearly</token>
  <token id="288" number="287" sentence="11">twice</token>
  <token id="289" number="288" sentence="11">as</token>
  <token id="290" number="289" sentence="11">high</token>
  <token id="291" number="290" sentence="11">a</token>
  <token id="292" number="291" sentence="11">dividend</token>
  <token id="293" number="292" sentence="11">this</token>
  <token id="294" number="293" sentence="11">year</token>
  <token id="295" number="294" sentence="11">as</token>
  <token id="296" number="295" sentence="11">last</token>
  <token id="297" number="296" sentence="11">.</token>
  <token id="298" number="297" sentence="12">If</token>
  <token id="299" number="298" sentence="12">holders</token>
  <token id="300" number="299" sentence="12">avoid</token>
  <token id="301" number="300" sentence="12">tendering</token>
  <token id="302" number="301" sentence="12">to</token>
  <token id="303" number="302" sentence="12">Paribas</token>
  <token id="304" number="303" sentence="12">,</token>
  <token id="305" number="304" sentence="12">he</token>
  <token id="306" number="305" sentence="12">added</token>
  <token id="307" number="306" sentence="12">,</token>
  <token id="308" number="307" sentence="12">they</token>
  <token id="309" number="308" sentence="12">can</token>
  <token id="310" number="309" sentence="12">expect</token>
  <token id="311" number="310" sentence="12">strong</token>
  <token id="312" number="311" sentence="12">dividends</token>
  <token id="313" number="312" sentence="12">again</token>
  <token id="314" number="313" sentence="12">next</token>
  <token id="315" number="314" sentence="12">year</token>
  <token id="316" number="315" sentence="12">.</token>
  <token id="317" number="316" sentence="13">Analysts</token>
  <token id="318" number="317" sentence="13">noted</token>
  <token id="319" number="318" sentence="13">that</token>
  <token id="320" number="319" sentence="13">over</token>
  <token id="321" number="320" sentence="13">the</token>
  <token id="322" number="321" sentence="13">past</token>
  <token id="323" number="322" sentence="13">20</token>
  <token id="324" number="323" sentence="13">years</token>
  <token id="325" number="324" sentence="13">,</token>
  <token id="326" number="325" sentence="13">Mr.</token>
  <token id="327" number="326" sentence="13">Fournier</token>
  <token id="328" number="327" sentence="13">has</token>
  <token id="329" number="328" sentence="13">built</token>
  <token id="330" number="329" sentence="13">his</token>
  <token id="331" number="330" sentence="13">company</token>
  <token id="332" number="331" sentence="13">through</token>
  <token id="333" number="332" sentence="13">astute</token>
  <token id="334" number="333" sentence="13">stock-market</token>
  <token id="335" number="334" sentence="13">activity</token>
  <token id="336" number="335" sentence="13">and</token>
  <token id="337" number="336" sentence="13">has</token>
  <token id="338" number="337" sentence="13">warded</token>
  <token id="339" number="338" sentence="13">off</token>
  <token id="340" number="339" sentence="13">at</token>
  <token id="341" number="340" sentence="13">least</token>
  <token id="342" number="341" sentence="13">three</token>
  <token id="343" number="342" sentence="13">takeover</token>
  <token id="344" number="343" sentence="13">attempts</token>
  <token id="345" number="344" sentence="13">.</token>
  <token id="346" number="345" sentence="14">This</token>
  <token id="347" number="346" sentence="14">time</token>
  <token id="348" number="347" sentence="14">,</token>
  <token id="349" number="348" sentence="14">however</token>
  <token id="350" number="349" sentence="14">,</token>
  <token id="351" number="350" sentence="14">some</token>
  <token id="352" number="351" sentence="14">analysts</token>
  <token id="353" number="352" sentence="14">think</token>
  <token id="354" number="353" sentence="14">he</token>
  <token id="355" number="354" sentence="14">could</token>
  <token id="356" number="355" sentence="14">face</token>
  <token id="357" number="356" sentence="14">a</token>
  <token id="358" number="357" sentence="14">real</token>
  <token id="359" number="358" sentence="14">battle</token>
  <token id="360" number="359" sentence="14">.</token>
  <token id="361" number="360" sentence="15">"</token>
  <token id="362" number="361" sentence="15">Without</token>
  <token id="363" number="362" sentence="15">some</token>
  <token id="364" number="363" sentence="15">unexpected</token>
  <token id="365" number="364" sentence="15">"</token>
  <token id="366" number="365" sentence="15">coup</token>
  <token id="367" number="366" sentence="15">de</token>
  <token id="368" number="367" sentence="15">theatre</token>
  <token id="369" number="368" sentence="15">"</token>
  <token id="370" number="369" sentence="15">,</token>
  <token id="371" number="370" sentence="15">I</token>
  <token id="372" number="371" sentence="15">do</token>
  <token id="373" number="372" sentence="15">n't</token>
  <token id="374" number="373" sentence="15">see</token>
  <token id="375" number="374" sentence="15">what</token>
  <token id="376" number="375" sentence="15">will</token>
  <token id="377" number="376" sentence="15">block</token>
  <token id="378" number="377" sentence="15">the</token>
  <token id="379" number="378" sentence="15">Paribas</token>
  <token id="380" number="379" sentence="15">bid</token>
  <token id="381" number="380" sentence="15">,</token>
  <token id="382" number="381" sentence="15">"</token>
  <token id="383" number="382" sentence="15">said</token>
  <token id="384" number="383" sentence="15">Philippe</token>
  <token id="385" number="384" sentence="15">de</token>
  <token id="386" number="385" sentence="15">Cholet</token>
  <token id="387" number="386" sentence="15">,</token>
  <token id="388" number="387" sentence="15">analyst</token>
  <token id="389" number="388" sentence="15">at</token>
  <token id="390" number="389" sentence="15">the</token>
  <token id="391" number="390" sentence="15">brokerage</token>
  <token id="392" number="391" sentence="15">Cholet</token>
  <token id="393" number="392" sentence="15">-</token>
  <token id="394" number="393" sentence="15">Dupont</token>
  <token id="395" number="394" sentence="15">amp</token>
  <token id="396" number="395" sentence="15">Cie</token>
  <token id="397" number="396" sentence="15">.</token>
  <token id="398" number="397" sentence="16">Mr.</token>
  <token id="399" number="398" sentence="16">de</token>
  <token id="400" number="399" sentence="16">Cholet</token>
  <token id="401" number="400" sentence="16">said</token>
  <token id="402" number="401" sentence="16">Mr.</token>
  <token id="403" number="402" sentence="16">Fournier</token>
  <token id="404" number="403" sentence="16">'s</token>
  <token id="405" number="404" sentence="16">biggest</token>
  <token id="406" number="405" sentence="16">hope</token>
  <token id="407" number="406" sentence="16">was</token>
  <token id="408" number="407" sentence="16">to</token>
  <token id="409" number="408" sentence="16">somehow</token>
  <token id="410" number="409" sentence="16">persuade</token>
  <token id="411" number="410" sentence="16">regulatory</token>
  <token id="412" number="411" sentence="16">authorities</token>
  <token id="413" number="412" sentence="16">to</token>
  <token id="414" number="413" sentence="16">block</token>
  <token id="415" number="414" sentence="16">the</token>
  <token id="416" number="415" sentence="16">bid</token>
  <token id="417" number="416" sentence="16">.</token>
  <token id="418" number="417" sentence="17">Paribas</token>
  <token id="419" number="418" sentence="17">still</token>
  <token id="420" number="419" sentence="17">needs</token>
  <token id="421" number="420" sentence="17">the</token>
  <token id="422" number="421" sentence="17">go-ahead</token>
  <token id="423" number="422" sentence="17">from</token>
  <token id="424" number="423" sentence="17">the</token>
  <token id="425" number="424" sentence="17">Commission</token>
  <token id="426" number="425" sentence="17">des</token>
  <token id="427" number="426" sentence="17">Operations</token>
  <token id="428" number="427" sentence="17">de</token>
  <token id="429" number="428" sentence="17">Bourse</token>
  <token id="430" number="429" sentence="17">,</token>
  <token id="431" number="430" sentence="17">a</token>
  <token id="432" number="431" sentence="17">government</token>
  <token id="433" number="432" sentence="17">regulatory</token>
  <token id="434" number="433" sentence="17">agency</token>
  <token id="435" number="434" sentence="17">,</token>
  <token id="436" number="435" sentence="17">but</token>
  <token id="437" number="436" sentence="17">analysts</token>
  <token id="438" number="437" sentence="17">said</token>
  <token id="439" number="438" sentence="17">that</token>
  <token id="440" number="439" sentence="17">is</token>
  <token id="441" number="440" sentence="17">considered</token>
  <token id="442" number="441" sentence="17">likely</token>
  <token id="443" number="442" sentence="17">.</token>
  <token id="444" number="443" sentence="18">Mr.</token>
  <token id="445" number="444" sentence="18">Fournier</token>
  <token id="446" number="445" sentence="18">also</token>
  <token id="447" number="446" sentence="18">noted</token>
  <token id="448" number="447" sentence="18">that</token>
  <token id="449" number="448" sentence="18">Navigation</token>
  <token id="450" number="449" sentence="18">Mixte</token>
  <token id="451" number="450" sentence="18">joined</token>
  <token id="452" number="451" sentence="18">Paribas</token>
  <token id="453" number="452" sentence="18">'s</token>
  <token id="454" number="453" sentence="18">core</token>
  <token id="455" number="454" sentence="18">of</token>
  <token id="456" number="455" sentence="18">shareholders</token>
  <token id="457" number="456" sentence="18">when</token>
  <token id="458" number="457" sentence="18">Paribas</token>
  <token id="459" number="458" sentence="18">was</token>
  <token id="460" number="459" sentence="18">denationalized</token>
  <token id="461" number="460" sentence="18">in</token>
  <token id="462" number="461" sentence="18">1987</token>
  <token id="463" number="462" sentence="18">,</token>
  <token id="464" number="463" sentence="18">and</token>
  <token id="465" number="464" sentence="18">said</token>
  <token id="466" number="465" sentence="18">it</token>
  <token id="467" number="466" sentence="18">now</token>
  <token id="468" number="467" sentence="18">holds</token>
  <token id="469" number="468" sentence="18">just</token>
  <token id="470" number="469" sentence="18">under</token>
  <token id="471" number="470" sentence="18">5</token>
  <token id="472" number="471" sentence="18">%</token>
  <token id="473" number="472" sentence="18">of</token>
  <token id="474" number="473" sentence="18">Paribas</token>
  <token id="475" number="474" sentence="18">'s</token>
  <token id="476" number="475" sentence="18">shares</token>
  <token id="477" number="476" sentence="18">.</token>
  <token id="478" number="477" sentence="19">Once</token>
  <token id="479" number="478" sentence="19">he</token>
  <token id="480" number="479" sentence="19">realized</token>
  <token id="481" number="480" sentence="19">that</token>
  <token id="482" number="481" sentence="19">Paribas</token>
  <token id="483" number="482" sentence="19">'s</token>
  <token id="484" number="483" sentence="19">intentions</token>
  <token id="485" number="484" sentence="19">were</token>
  <token id="486" number="485" sentence="19">n't</token>
  <token id="487" number="486" sentence="19">friendly</token>
  <token id="488" number="487" sentence="19">,</token>
  <token id="489" number="488" sentence="19">he</token>
  <token id="490" number="489" sentence="19">said</token>
  <token id="491" number="490" sentence="19">,</token>
  <token id="492" number="491" sentence="19">but</token>
  <token id="493" number="492" sentence="19">before</token>
  <token id="494" number="493" sentence="19">the</token>
  <token id="495" number="494" sentence="19">bid</token>
  <token id="496" number="495" sentence="19">was</token>
  <token id="497" number="496" sentence="19">launched</token>
  <token id="498" number="497" sentence="19">,</token>
  <token id="499" number="498" sentence="19">he</token>
  <token id="500" number="499" sentence="19">sought</token>
  <token id="501" number="500" sentence="19">approval</token>
  <token id="502" number="501" sentence="19">to</token>
  <token id="503" number="502" sentence="19">boost</token>
  <token id="504" number="503" sentence="19">his</token>
  <token id="505" number="504" sentence="19">Paribas</token>
  <token id="506" number="505" sentence="19">stake</token>
  <token id="507" number="506" sentence="19">above</token>
  <token id="508" number="507" sentence="19">10</token>
  <token id="509" number="508" sentence="19">%</token>
  <token id="510" number="509" sentence="19">.</token>
  <token id="511" number="510" sentence="20">The</token>
  <token id="512" number="511" sentence="20">petition</token>
  <token id="513" number="512" sentence="20">is</token>
  <token id="514" number="513" sentence="20">still</token>
  <token id="515" number="514" sentence="20">pending</token>
  <token id="516" number="515" sentence="20">,</token>
  <token id="517" number="516" sentence="20">but</token>
  <token id="518" number="517" sentence="20">Mr.</token>
  <token id="519" number="518" sentence="20">Fournier</token>
  <token id="520" number="519" sentence="20">downplayed</token>
  <token id="521" number="520" sentence="20">the</token>
  <token id="522" number="521" sentence="20">likelihood</token>
  <token id="523" number="522" sentence="20">of</token>
  <token id="524" number="523" sentence="20">his</token>
  <token id="525" number="524" sentence="20">organizing</token>
  <token id="526" number="525" sentence="20">a</token>
  <token id="527" number="526" sentence="20">takeover</token>
  <token id="528" number="527" sentence="20">bid</token>
  <token id="529" number="528" sentence="20">of</token>
  <token id="530" number="529" sentence="20">his</token>
  <token id="531" number="530" sentence="20">own</token>
  <token id="532" number="531" sentence="20">for</token>
  <token id="533" number="532" sentence="20">the</token>
  <token id="534" number="533" sentence="20">much-larger</token>
  <token id="535" number="534" sentence="20">Paribas</token>
  <token id="536" number="535" sentence="20">.</token>
  <token id="537" number="536" sentence="21">One</token>
  <token id="538" number="537" sentence="21">big</token>
  <token id="539" number="538" sentence="21">question</token>
  <token id="540" number="539" sentence="21">now</token>
  <token id="541" number="540" sentence="21">is</token>
  <token id="542" number="541" sentence="21">the</token>
  <token id="543" number="542" sentence="21">likely</token>
  <token id="544" number="543" sentence="21">role</token>
  <token id="545" number="544" sentence="21">of</token>
  <token id="546" number="545" sentence="21">Mr.</token>
  <token id="547" number="546" sentence="21">Fournier</token>
  <token id="548" number="547" sentence="21">'s</token>
  <token id="549" number="548" sentence="21">allies</token>
  <token id="550" number="549" sentence="21">.</token>
  <token id="551" number="550" sentence="22">Mr.</token>
  <token id="552" number="551" sentence="22">Fournier</token>
  <token id="553" number="552" sentence="22">said</token>
  <token id="554" number="553" sentence="22">the</token>
  <token id="555" number="554" sentence="22">large</token>
  <token id="556" number="555" sentence="22">institutions</token>
  <token id="557" number="556" sentence="22">that</token>
  <token id="558" number="557" sentence="22">hold</token>
  <token id="559" number="558" sentence="22">nearly</token>
  <token id="560" number="559" sentence="22">50</token>
  <token id="561" number="560" sentence="22">%</token>
  <token id="562" number="561" sentence="22">of</token>
  <token id="563" number="562" sentence="22">Navigation</token>
  <token id="564" number="563" sentence="22">Mixte</token>
  <token id="565" number="564" sentence="22">'s</token>
  <token id="566" number="565" sentence="22">capital</token>
  <token id="567" number="566" sentence="22">all</token>
  <token id="568" number="567" sentence="22">strongly</token>
  <token id="569" number="568" sentence="22">support</token>
  <token id="570" number="569" sentence="22">him</token>
  <token id="571" number="570" sentence="22">,</token>
  <token id="572" number="571" sentence="22">but</token>
  <token id="573" number="572" sentence="22">some</token>
  <token id="574" number="573" sentence="22">analysts</token>
  <token id="575" number="574" sentence="22">said</token>
  <token id="576" number="575" sentence="22">they</token>
  <token id="577" number="576" sentence="22">are</token>
  <token id="578" number="577" sentence="22">n't</token>
  <token id="579" number="578" sentence="22">so</token>
  <token id="580" number="579" sentence="22">sure</token>
  <token id="581" number="580" sentence="22">.</token>
  <token id="582" number="581" sentence="23">Allianz</token>
  <token id="583" number="582" sentence="23">,</token>
  <token id="584" number="583" sentence="23">for</token>
  <token id="585" number="584" sentence="23">example</token>
  <token id="586" number="585" sentence="23">,</token>
  <token id="587" number="586" sentence="23">has</token>
  <token id="588" number="587" sentence="23">said</token>
  <token id="589" number="588" sentence="23">in</token>
  <token id="590" number="589" sentence="23">official</token>
  <token id="591" number="590" sentence="23">comments</token>
  <token id="592" number="591" sentence="23">so</token>
  <token id="593" number="592" sentence="23">far</token>
  <token id="594" number="593" sentence="23">that</token>
  <token id="595" number="594" sentence="23">it</token>
  <token id="596" number="595" sentence="23">will</token>
  <token id="597" number="596" sentence="23">remain</token>
  <token id="598" number="597" sentence="23">neutral</token>
  <token id="599" number="598" sentence="23">.</token>
  <token id="600" number="599" sentence="24">Paribas</token>
  <token id="601" number="600" sentence="24">is</token>
  <token id="602" number="601" sentence="24">Allianz</token>
  <token id="603" number="602" sentence="24">'s</token>
  <token id="604" number="603" sentence="24">lead</token>
  <token id="605" number="604" sentence="24">French</token>
  <token id="606" number="605" sentence="24">bank</token>
  <token id="607" number="606" sentence="24">.</token>
  <token id="608" number="607" sentence="25">Paribas</token>
  <token id="609" number="608" sentence="25">said</token>
  <token id="610" number="609" sentence="25">Monday</token>
  <token id="611" number="610" sentence="25">that</token>
  <token id="612" number="611" sentence="25">it</token>
  <token id="613" number="612" sentence="25">intends</token>
  <token id="614" number="613" sentence="25">to</token>
  <token id="615" number="614" sentence="25">bid</token>
  <token id="616" number="615" sentence="25">to</token>
  <token id="617" number="616" sentence="25">boost</token>
  <token id="618" number="617" sentence="25">its</token>
  <token id="619" number="618" sentence="25">stake</token>
  <token id="620" number="619" sentence="25">in</token>
  <token id="621" number="620" sentence="25">Navigation</token>
  <token id="622" number="621" sentence="25">Mixte</token>
  <token id="623" number="622" sentence="25">to</token>
  <token id="624" number="623" sentence="25">66.7</token>
  <token id="625" number="624" sentence="25">%</token>
  <token id="626" number="625" sentence="25">,</token>
  <token id="627" number="626" sentence="25">from</token>
  <token id="628" number="627" sentence="25">the</token>
  <token id="629" number="628" sentence="25">18.7</token>
  <token id="630" number="629" sentence="25">%</token>
  <token id="631" number="630" sentence="25">it</token>
  <token id="632" number="631" sentence="25">already</token>
  <token id="633" number="632" sentence="25">owns</token>
  <token id="634" number="633" sentence="25">.</token>
  <token id="635" number="634" sentence="26">The</token>
  <token id="636" number="635" sentence="26">purchase</token>
  <token id="637" number="636" sentence="26">of</token>
  <token id="638" number="637" sentence="26">the</token>
  <token id="639" number="638" sentence="26">additional</token>
  <token id="640" number="639" sentence="26">48</token>
  <token id="641" number="640" sentence="26">%</token>
  <token id="642" number="641" sentence="26">stake</token>
  <token id="643" number="642" sentence="26">is</token>
  <token id="644" number="643" sentence="26">expected</token>
  <token id="645" number="644" sentence="26">to</token>
  <token id="646" number="645" sentence="26">cost</token>
  <token id="647" number="646" sentence="26">more</token>
  <token id="648" number="647" sentence="26">than</token>
  <token id="649" number="648" sentence="26">11</token>
  <token id="650" number="649" sentence="26">billion</token>
  <token id="651" number="650" sentence="26">francs</token>
  <token id="652" number="651" sentence="26">(</token>
  <token id="653" number="652" sentence="26">$</token>
  <token id="654" number="653" sentence="26">1.77</token>
  <token id="655" number="654" sentence="26">billion</token>
  <token id="656" number="655" sentence="26">)</token>
  <token id="657" number="656" sentence="26">.</token>
  <token id="658" number="657" sentence="27">Paribas</token>
  <token id="659" number="658" sentence="27">says</token>
  <token id="660" number="659" sentence="27">it</token>
  <token id="661" number="660" sentence="27">will</token>
  <token id="662" number="661" sentence="27">offer</token>
  <token id="663" number="662" sentence="27">1,850</token>
  <token id="664" number="663" sentence="27">francs</token>
  <token id="665" number="664" sentence="27">(</token>
  <token id="666" number="665" sentence="27">$</token>
  <token id="667" number="666" sentence="27">296.95</token>
  <token id="668" number="667" sentence="27">)</token>
  <token id="669" number="668" sentence="27">each</token>
  <token id="670" number="669" sentence="27">for</token>
  <token id="671" number="670" sentence="27">Navigation</token>
  <token id="672" number="671" sentence="27">Mixte</token>
  <token id="673" number="672" sentence="27">shares</token>
  <token id="674" number="673" sentence="27">that</token>
  <token id="675" number="674" sentence="27">enjoy</token>
  <token id="676" number="675" sentence="27">full</token>
  <token id="677" number="676" sentence="27">dividend</token>
  <token id="678" number="677" sentence="27">rights</token>
  <token id="679" number="678" sentence="27">,</token>
  <token id="680" number="679" sentence="27">and</token>
  <token id="681" number="680" sentence="27">1,800</token>
  <token id="682" number="681" sentence="27">francs</token>
  <token id="683" number="682" sentence="27">each</token>
  <token id="684" number="683" sentence="27">for</token>
  <token id="685" number="684" sentence="27">a</token>
  <token id="686" number="685" sentence="27">block</token>
  <token id="687" number="686" sentence="27">of</token>
  <token id="688" number="687" sentence="27">shares</token>
  <token id="689" number="688" sentence="27">issued</token>
  <token id="690" number="689" sentence="27">July</token>
  <token id="691" number="690" sentence="27">1</token>
  <token id="692" number="691" sentence="27">,</token>
  <token id="693" number="692" sentence="27">which</token>
  <token id="694" number="693" sentence="27">will</token>
  <token id="695" number="694" sentence="27">receive</token>
  <token id="696" number="695" sentence="27">only</token>
  <token id="697" number="696" sentence="27">partial</token>
  <token id="698" number="697" sentence="27">dividends</token>
  <token id="699" number="698" sentence="27">this</token>
  <token id="700" number="699" sentence="27">year</token>
  <token id="701" number="700" sentence="27">.</token>
  <token id="702" number="701" sentence="28">Alternatively</token>
  <token id="703" number="702" sentence="28">,</token>
  <token id="704" number="703" sentence="28">it</token>
  <token id="705" number="704" sentence="28">is</token>
  <token id="706" number="705" sentence="28">to</token>
  <token id="707" number="706" sentence="28">offer</token>
  <token id="708" number="707" sentence="28">three</token>
  <token id="709" number="708" sentence="28">Paribas</token>
  <token id="710" number="709" sentence="28">shares</token>
  <token id="711" number="710" sentence="28">for</token>
  <token id="712" number="711" sentence="28">one</token>
  <token id="713" number="712" sentence="28">Navigation</token>
  <token id="714" number="713" sentence="28">Mixte</token>
  <token id="715" number="714" sentence="28">share</token>
  <token id="716" number="715" sentence="28">.</token>
  <token id="717" number="716" sentence="29">The</token>
  <token id="718" number="717" sentence="29">Paribas</token>
  <token id="719" number="718" sentence="29">offer</token>
  <token id="720" number="719" sentence="29">values</token>
  <token id="721" number="720" sentence="29">Navigation</token>
  <token id="722" number="721" sentence="29">Mixte</token>
  <token id="723" number="722" sentence="29">at</token>
  <token id="724" number="723" sentence="29">about</token>
  <token id="725" number="724" sentence="29">23</token>
  <token id="726" number="725" sentence="29">billion</token>
  <token id="727" number="726" sentence="29">francs</token>
  <token id="728" number="727" sentence="29">,</token>
  <token id="729" number="728" sentence="29">depending</token>
  <token id="730" number="729" sentence="29">on</token>
  <token id="731" number="730" sentence="29">how</token>
  <token id="732" number="731" sentence="29">many</token>
  <token id="733" number="732" sentence="29">of</token>
  <token id="734" number="733" sentence="29">Navigation</token>
  <token id="735" number="734" sentence="29">Mixte</token>
  <token id="736" number="735" sentence="29">'s</token>
  <token id="737" number="736" sentence="29">warrants</token>
  <token id="738" number="737" sentence="29">are</token>
  <token id="739" number="738" sentence="29">converted</token>
  <token id="740" number="739" sentence="29">into</token>
  <token id="741" number="740" sentence="29">shares</token>
  <token id="742" number="741" sentence="29">during</token>
  <token id="743" number="742" sentence="29">the</token>
  <token id="744" number="743" sentence="29">takeover</token>
  <token id="745" number="744" sentence="29">battle</token>
  <token id="746" number="745" sentence="29">.</token>
</Document>
