<Document doc_name="wsj_0928">
  <Markables>
    <TIMEX3 RELATED_TO="" TAG_DESCRIPTOR="Empty_Mark" beginPoint="" comment="" endPoint="" freq="" functionInDocument="CREATION_TIME" id="0" quant="" type="DATE" value="1989-10-26" />
    <EVENT aspect="NONE" certainty="" class="OCCURRENCE" comment="" factuality="" id="1" modality="NONE" polarity="POS" pos="VERB" tense="PRESPART">
      <token_anchor id="4" />
    </EVENT>
    <EVENT aspect="NONE" certainty="" class="OCCURRENCE" comment="" factuality="" id="2" modality="NONE" polarity="POS" pos="NOUN" tense="NONE">
      <token_anchor id="12" />
    </EVENT>
    <EVENT aspect="NONE" certainty="" class="REPORTING" comment="" factuality="" id="3" modality="NONE" polarity="POS" pos="VERB" tense="PAST">
      <token_anchor id="18" />
    </EVENT>
    <EVENT aspect="NONE" certainty="" class="OCCURRENCE" comment="" factuality="" id="4" modality="NONE" polarity="POS" pos="VERB" tense="PAST">
      <token_anchor id="20" />
    </EVENT>
    <TIMEX3 anchorTimeID="0" beginPoint="" comment="" endPoint="" freq="" functionInDocument="NONE" id="5" quant="" type="DATE" value="1989-Q1">
      <token_anchor id="32" />
      <token_anchor id="33" />
      <token_anchor id="34" />
      <token_anchor id="35" />
    </TIMEX3>
    <EVENT aspect="NONE" certainty="" class="REPORTING" comment="" factuality="" id="6" modality="NONE" polarity="POS" pos="VERB" tense="PAST">
      <token_anchor id="45" />
    </EVENT>
    <TIMEX3 beginPoint="" comment="" endPoint="" freq="" functionInDocument="NONE" id="7" quant="" type="DURATION" value="P1Q">
      <token_anchor id="52" />
      <token_anchor id="53" />
    </TIMEX3>
    <TIMEX3 anchorTimeID="0" beginPoint="" comment="" endPoint="" freq="" functionInDocument="NONE" id="8" quant="" type="DATE" value="1989-09-29">
      <token_anchor id="55" />
      <token_anchor id="56" />
      <token_anchor id="57" />
    </TIMEX3>
    <TIMEX3 anchorTimeID="7" beginPoint="" comment="" endPoint="" freq="" functionInDocument="NONE" id="9" quant="" type="DATE" value="1988-QX">
      <token_anchor id="66" />
      <token_anchor id="67" />
      <token_anchor id="68" />
    </TIMEX3>
    <TIMEX3 anchorTimeID="5" beginPoint="" comment="" endPoint="" freq="" functionInDocument="NONE" id="10" quant="" type="DATE" value="1988-Q1">
      <token_anchor id="71" />
      <token_anchor id="72" />
      <token_anchor id="73" />
    </TIMEX3>
    <EVENT aspect="NONE" certainty="" class="OCCURRENCE" comment="" factuality="" id="11" modality="NONE" polarity="POS" pos="VERB" tense="PAST">
      <token_anchor id="77" />
    </EVENT>
    <TIMEX3 anchorTimeID="0" beginPoint="" comment="" endPoint="" freq="" functionInDocument="NONE" id="12" quant="" type="DATE" value="1989-10">
      <token_anchor id="98" />
      <token_anchor id="99" />
    </TIMEX3>
    <EVENT aspect="NONE" certainty="" class="REPORTING" comment="" factuality="" id="13" modality="NONE" polarity="POS" pos="VERB" tense="PAST">
      <token_anchor id="103" />
    </EVENT>
    <EVENT aspect="NONE" certainty="" class="I_STATE" comment="" factuality="" id="14" modality="NONE" polarity="POS" pos="VERB" tense="PAST">
      <token_anchor id="105" />
    </EVENT>
    <EVENT aspect="NONE" certainty="" class="OCCURRENCE" comment="" factuality="" id="15" modality="NONE" polarity="POS" pos="VERB" tense="INFINITIVE">
      <token_anchor id="107" />
    </EVENT>
    <TIMEX3 anchorTimeID="5" beginPoint="" comment="" endPoint="" freq="" functionInDocument="NONE" id="16" quant="" type="DURATION" value="1989-Q1">
      <token_anchor id="110" />
      <token_anchor id="111" />
    </TIMEX3>
    <EVENT aspect="NONE" certainty="" class="REPORTING" comment="" factuality="" id="17" modality="NONE" polarity="POS" pos="VERB" tense="PAST">
      <token_anchor id="132" />
    </EVENT>
    <EVENT aspect="NONE" certainty="" class="OCCURRENCE" comment="" factuality="" id="18" modality="NONE" polarity="POS" pos="VERB" tense="PAST">
      <token_anchor id="138" />
    </EVENT>
    <EVENT aspect="NONE" certainty="" class="OCCURRENCE" comment="" factuality="" id="19" modality="NONE" polarity="POS" pos="NOUN" tense="NONE">
      <token_anchor id="144" />
    </EVENT>
    <TIMEX3 anchorTimeID="0" beginPoint="" comment="" endPoint="" freq="" functionInDocument="NONE" id="20" quant="" type="DATE" value="1988-04">
      <token_anchor id="153" />
    </TIMEX3>
    <EVENT aspect="NONE" certainty="" class="I_STATE" comment="" factuality="" id="21" modality="NONE" polarity="POS" pos="VERB" tense="PAST">
      <token_anchor id="165" />
    </EVENT>
    <EVENT aspect="NONE" certainty="" class="OCCURRENCE" comment="" factuality="" id="22" modality="NONE" polarity="POS" pos="VERB" tense="PAST">
      <token_anchor id="174" />
    </EVENT>
    <TIMEX3 anchorTimeID="5" beginPoint="" comment="" endPoint="" freq="" functionInDocument="NONE" id="23" quant="" type="DATE" value="1989-Q1">
      <token_anchor id="176" />
      <token_anchor id="177" />
    </TIMEX3>
    <EVENT aspect="NONE" certainty="" class="REPORTING" comment="" factuality="" id="24" modality="NONE" polarity="POS" pos="VERB" tense="PAST">
      <token_anchor id="180" />
    </EVENT>
    <EVENT aspect="NONE" certainty="" class="OCCURRENCE" comment="" factuality="" id="25" modality="NONE" polarity="POS" pos="ADJECTIVE" tense="NONE">
      <token_anchor id="188" />
    </EVENT>
    <EVENT aspect="NONE" certainty="" class="OCCURRENCE" comment="" factuality="" id="26" modality="NONE" polarity="POS" pos="VERB" tense="PASTPART">
      <token_anchor id="194" />
    </EVENT>
    <TIMEX3 anchorTimeID="0" beginPoint="" comment="" endPoint="" freq="" functionInDocument="NONE" id="27" quant="" type="DATE" value="1989-04">
      <token_anchor id="196" />
    </TIMEX3>
    <EVENT aspect="NONE" certainty="" class="OCCURRENCE" comment="" factuality="" id="28" modality="NONE" polarity="POS" pos="VERB" tense="PAST">
      <token_anchor id="216" />
    </EVENT>
    <EVENT aspect="NONE" certainty="" class="I_ACTION" comment="" factuality="" id="29" modality="NONE" polarity="NEG" pos="VERB" tense="INFINITIVE">
      <token_anchor id="223" />
    </EVENT>
    <TIMEX3 anchorTimeID="0" beginPoint="" comment="" endPoint="" freq="" functionInDocument="NONE" id="30" quant="" type="DATE" value="1989-SU">
      <token_anchor id="231" />
      <token_anchor id="232" />
    </TIMEX3>
    <EVENT aspect="NONE" certainty="" class="OCCURRENCE" comment="" factuality="" id="31" modality="NONE" polarity="POS" pos="VERB" tense="PAST">
      <token_anchor id="237" />
    </EVENT>
    <EVENT aspect="NONE" certainty="" class="REPORTING" comment="" factuality="" id="32" modality="NONE" polarity="POS" pos="NOUN" tense="NONE">
      <token_anchor id="240" />
    </EVENT>
    <EVENT aspect="NONE" certainty="" class="OCCURRENCE" comment="" factuality="" id="33" modality="NONE" polarity="POS" pos="NOUN" tense="NONE">
      <token_anchor id="245" />
    </EVENT>
    <TIMEX3 anchorTimeID="0" beginPoint="" comment="" endPoint="" freq="" functionInDocument="NONE" id="34" quant="" type="DATE" value="1989-Q4">
      <token_anchor id="247" />
      <token_anchor id="248" />
      <token_anchor id="249" />
    </TIMEX3>
    <TIMEX3 anchorTimeID="0" beginPoint="" comment="" endPoint="" freq="" functionInDocument="NONE" id="35" quant="" type="DATE" value="1989-06-30">
      <token_anchor id="251" />
      <token_anchor id="252" />
    </TIMEX3>
    <EVENT aspect="NONE" certainty="" class="REPORTING" comment="" factuality="" id="36" modality="NONE" polarity="POS" pos="VERB" tense="PAST">
      <token_anchor id="256" />
    </EVENT>
    <EVENT aspect="NONE" certainty="" class="OCCURRENCE" comment="" factuality="" id="37" modality="NONE" polarity="POS" pos="VERB" tense="PASTPART">
      <token_anchor id="260" />
    </EVENT>
    <TIMEX3 anchorTimeID="0" beginPoint="" comment="" endPoint="" freq="" functionInDocument="NONE" id="38" quant="" type="DATE" value="1989">
      <token_anchor id="265" />
      <token_anchor id="266" />
    </TIMEX3>
    <EVENT aspect="NONE" certainty="" class="I_ACTION" comment="" factuality="" id="39" modality="NONE" polarity="POS" pos="VERB" tense="PAST">
      <token_anchor id="278" />
    </EVENT>
    <EVENT aspect="NONE" certainty="" class="OCCURRENCE" comment="" factuality="" id="40" modality="should" polarity="POS" pos="VERB" tense="NONE">
      <token_anchor id="284" />
    </EVENT>
    <TIMEX3 beginPoint="" comment="" endPoint="" freq="" functionInDocument="NONE" id="41" quant="" type="DURATION" value="P1Y">
      <token_anchor id="286" />
      <token_anchor id="287" />
      <token_anchor id="288" />
    </TIMEX3>
    <EVENT aspect="NONE" certainty="" class="REPORTING" comment="" factuality="" id="42" modality="NONE" polarity="POS" pos="VERB" tense="PAST">
      <token_anchor id="292" />
    </EVENT>
    <EVENT aspect="NONE" certainty="" class="OCCURRENCE" comment="" factuality="" id="43" modality="NONE" polarity="POS" pos="NOUN" tense="NONE">
      <token_anchor id="304" />
    </EVENT>
    <EVENT aspect="NONE" certainty="" class="I_STATE" comment="" factuality="" id="44" modality="NONE" polarity="POS" pos="VERB" tense="PRESENT">
      <token_anchor id="313" />
    </EVENT>
    <TIMEX3 anchorTimeID="0" beginPoint="" comment="" endPoint="" freq="" functionInDocument="NONE" id="45" quant="" type="DATE" value="PAST_REF">
      <token_anchor id="325" />
    </TIMEX3>
    <EVENT aspect="PERFECTIVE" certainty="" class="REPORTING" comment="" factuality="" id="46" modality="NONE" polarity="POS" pos="VERB" tense="PRESENT">
      <token_anchor id="329" />
    </EVENT>
    <EVENT aspect="NONE" certainty="" class="I_STATE" comment="" factuality="" id="47" modality="NONE" polarity="POS" pos="ADJECTIVE" tense="PRESENT">
      <token_anchor id="333" />
    </EVENT>
    <EVENT aspect="NONE" certainty="" class="I_STATE" comment="" factuality="" id="48" modality="NONE" polarity="POS" pos="VERB" tense="PRESENT">
      <token_anchor id="342" />
    </EVENT>
    <EVENT aspect="NONE" certainty="" class="OCCURRENCE" comment="" factuality="" id="49" modality="NONE" polarity="POS" pos="VERB" tense="INFINITIVE">
      <token_anchor id="344" />
    </EVENT>
    <TIMEX3 anchorTimeID="0" beginPoint="" comment="" endPoint="" freq="" functionInDocument="NONE" id="50" quant="" type="DATE" value="1990">
      <token_anchor id="349" />
      <token_anchor id="350" />
      <token_anchor id="351" />
    </TIMEX3>
  </Markables>
  <Relations>
    <TLINK comment="" id="1" relType="AFTER">
      <source id="1" />
      <target id="2" />
    </TLINK>
    <TLINK comment="" id="2" relType="BEFORE">
      <source id="3" />
      <target id="0" />
    </TLINK>
    <TLINK comment="" id="3" relType="SIMULTANEOUS">
      <source id="4" />
      <target id="1" />
    </TLINK>
    <TLINK comment="" id="4" relType="IS_INCLUDED">
      <source id="4" />
      <target id="5" />
    </TLINK>
    <TLINK comment="" id="5" relType="IDENTITY">
      <source id="6" />
      <target id="3" />
    </TLINK>
    <TLINK comment="" id="6" relType="ENDED_BY">
      <source id="7" />
      <target id="8" />
    </TLINK>
    <TLINK comment="" id="7" relType="IS_INCLUDED">
      <source id="11" />
      <target id="10" />
    </TLINK>
    <TLINK comment="" id="8" relType="BEFORE">
      <source id="13" />
      <target id="3" />
    </TLINK>
    <TLINK comment="" id="9" relType="IS_INCLUDED">
      <source id="13" />
      <target id="12" />
    </TLINK>
    <TLINK comment="" id="10" relType="IS_INCLUDED">
      <source id="15" />
      <target id="16" />
    </TLINK>
    <TLINK comment="" id="11" relType="BEFORE">
      <source id="19" />
      <target id="18" />
    </TLINK>
    <TLINK comment="" id="12" relType="IS_INCLUDED">
      <source id="19" />
      <target id="20" />
    </TLINK>
    <TLINK comment="" id="13" relType="IS_INCLUDED">
      <source id="22" />
      <target id="23" />
    </TLINK>
    <TLINK comment="" id="14" relType="IDENTITY">
      <source id="24" />
      <target id="17" />
    </TLINK>
    <TLINK comment="" id="15" relType="AFTER">
      <source id="25" />
      <target id="26" />
    </TLINK>
    <TLINK comment="" id="16" relType="IDENTITY">
      <source id="26" />
      <target id="19" />
    </TLINK>
    <TLINK comment="" id="17" relType="IS_INCLUDED">
      <source id="26" />
      <target id="27" />
    </TLINK>
    <TLINK comment="" id="18" relType="IS_INCLUDED">
      <source id="29" />
      <target id="30" />
    </TLINK>
    <TLINK comment="" id="19" relType="BEFORE">
      <source id="31" />
      <target id="33" />
    </TLINK>
    <TLINK comment="" id="20" relType="IDENTITY">
      <source id="32" />
      <target id="42" />
    </TLINK>
    <TLINK comment="" id="21" relType="DURING">
      <source id="33" />
      <target id="34" />
    </TLINK>
    <TLINK comment="" id="22" relType="ENDED_BY">
      <source id="34" />
      <target id="35" />
    </TLINK>
    <TLINK comment="" id="23" relType="IDENTITY">
      <source id="36" />
      <target id="24" />
    </TLINK>
    <TLINK comment="" id="24" relType="BEFORE">
      <source id="37" />
      <target id="0" />
    </TLINK>
    <TLINK comment="" id="25" relType="IS_INCLUDED">
      <source id="37" />
      <target id="38" />
    </TLINK>
    <TLINK comment="" id="26" relType="IDENTITY">
      <source id="39" />
      <target id="36" />
    </TLINK>
    <TLINK comment="" id="27" relType="DURING">
      <source id="40" />
      <target id="41" />
    </TLINK>
    <TLINK comment="" id="28" relType="IDENTITY">
      <source id="42" />
      <target id="6" />
    </TLINK>
    <TLINK comment="" id="29" relType="INCLUDES">
      <source id="44" />
      <target id="0" />
    </TLINK>
    <TLINK comment="" id="30" relType="INCLUDES">
      <source id="45" />
      <target id="46" />
    </TLINK>
    <TLINK comment="" id="31" relType="INCLUDES">
      <source id="47" />
      <target id="0" />
    </TLINK>
    <TLINK comment="" id="32" relType="SIMULTANEOUS">
      <source id="47" />
      <target id="48" />
    </TLINK>
    <TLINK comment="" id="33" relType="INCLUDES">
      <source id="48" />
      <target id="0" />
    </TLINK>
    <TLINK comment="" id="34" relType="IS_INCLUDED">
      <source id="49" />
      <target id="50" />
    </TLINK>
  </Relations>
  <token id="1" number="0" sentence="0">Sun</token>
  <token id="2" number="1" sentence="0">Microsystems</token>
  <token id="3" number="2" sentence="0">Inc.,</token>
  <token id="4" number="3" sentence="0">snapping</token>
  <token id="5" number="4" sentence="0">back</token>
  <token id="6" number="5" sentence="0">to</token>
  <token id="7" number="6" sentence="0">profitability</token>
  <token id="8" number="7" sentence="0">after</token>
  <token id="9" number="8" sentence="0">its</token>
  <token id="10" number="9" sentence="0">first</token>
  <token id="11" number="10" sentence="0">quarterly</token>
  <token id="12" number="11" sentence="0">loss</token>
  <token id="13" number="12" sentence="0">as</token>
  <token id="14" number="13" sentence="0">a</token>
  <token id="15" number="14" sentence="0">public</token>
  <token id="16" number="15" sentence="0">firm</token>
  <token id="17" number="16" sentence="0">,</token>
  <token id="18" number="17" sentence="0">said</token>
  <token id="19" number="18" sentence="0">it</token>
  <token id="20" number="19" sentence="0">earned</token>
  <token id="21" number="20" sentence="0">$</token>
  <token id="22" number="21" sentence="0">5.2</token>
  <token id="23" number="22" sentence="0">million</token>
  <token id="24" number="23" sentence="0">,</token>
  <token id="25" number="24" sentence="0">or</token>
  <token id="26" number="25" sentence="0">seven</token>
  <token id="27" number="26" sentence="0">cents</token>
  <token id="28" number="27" sentence="0">a</token>
  <token id="29" number="28" sentence="0">share</token>
  <token id="30" number="29" sentence="0">,</token>
  <token id="31" number="30" sentence="0">in</token>
  <token id="32" number="31" sentence="0">the</token>
  <token id="33" number="32" sentence="0">fiscal</token>
  <token id="34" number="33" sentence="0">first</token>
  <token id="35" number="34" sentence="0">quarter</token>
  <token id="36" number="35" sentence="0">.</token>
  <token id="37" number="36" sentence="1">Sun</token>
  <token id="38" number="37" sentence="1">,</token>
  <token id="39" number="38" sentence="1">a</token>
  <token id="40" number="39" sentence="1">maker</token>
  <token id="41" number="40" sentence="1">of</token>
  <token id="42" number="41" sentence="1">computer</token>
  <token id="43" number="42" sentence="1">workstations</token>
  <token id="44" number="43" sentence="1">,</token>
  <token id="45" number="44" sentence="1">reported</token>
  <token id="46" number="45" sentence="1">sales</token>
  <token id="47" number="46" sentence="1">of</token>
  <token id="48" number="47" sentence="1">$</token>
  <token id="49" number="48" sentence="1">538.5</token>
  <token id="50" number="49" sentence="1">million</token>
  <token id="51" number="50" sentence="1">for</token>
  <token id="52" number="51" sentence="1">the</token>
  <token id="53" number="52" sentence="1">quarter</token>
  <token id="54" number="53" sentence="1">ended</token>
  <token id="55" number="54" sentence="1">Sept</token>
  <token id="56" number="55" sentence="1">.</token>
  <token id="57" number="56" sentence="1">29</token>
  <token id="58" number="57" sentence="1">,</token>
  <token id="59" number="58" sentence="1">up</token>
  <token id="60" number="59" sentence="1">39</token>
  <token id="61" number="60" sentence="1">%</token>
  <token id="62" number="61" sentence="1">from</token>
  <token id="63" number="62" sentence="1">$</token>
  <token id="64" number="63" sentence="1">388.5</token>
  <token id="65" number="64" sentence="1">million</token>
  <token id="66" number="65" sentence="1">a</token>
  <token id="67" number="66" sentence="1">year</token>
  <token id="68" number="67" sentence="1">earlier</token>
  <token id="69" number="68" sentence="1">.</token>
  <token id="70" number="69" sentence="2">In</token>
  <token id="71" number="70" sentence="2">the</token>
  <token id="72" number="71" sentence="2">1988</token>
  <token id="73" number="72" sentence="2">period</token>
  <token id="74" number="73" sentence="2">,</token>
  <token id="75" number="74" sentence="2">the</token>
  <token id="76" number="75" sentence="2">company</token>
  <token id="77" number="76" sentence="2">earned</token>
  <token id="78" number="77" sentence="2">$</token>
  <token id="79" number="78" sentence="2">20.6</token>
  <token id="80" number="79" sentence="2">million</token>
  <token id="81" number="80" sentence="2">,</token>
  <token id="82" number="81" sentence="2">or</token>
  <token id="83" number="82" sentence="2">26</token>
  <token id="84" number="83" sentence="2">cents</token>
  <token id="85" number="84" sentence="2">a</token>
  <token id="86" number="85" sentence="2">share</token>
  <token id="87" number="86" sentence="2">.</token>
  <token id="88" number="87" sentence="3">Sun</token>
  <token id="89" number="88" sentence="3">'s</token>
  <token id="90" number="89" sentence="3">results</token>
  <token id="91" number="90" sentence="3">were</token>
  <token id="92" number="91" sentence="3">slightly</token>
  <token id="93" number="92" sentence="3">better</token>
  <token id="94" number="93" sentence="3">than</token>
  <token id="95" number="94" sentence="3">expectations</token>
  <token id="96" number="95" sentence="3">.</token>
  <token id="97" number="96" sentence="4">Earlier</token>
  <token id="98" number="97" sentence="4">this</token>
  <token id="99" number="98" sentence="4">month</token>
  <token id="100" number="99" sentence="4">,</token>
  <token id="101" number="100" sentence="4">the</token>
  <token id="102" number="101" sentence="4">company</token>
  <token id="103" number="102" sentence="4">said</token>
  <token id="104" number="103" sentence="4">it</token>
  <token id="105" number="104" sentence="4">expected</token>
  <token id="106" number="105" sentence="4">to</token>
  <token id="107" number="106" sentence="4">break</token>
  <token id="108" number="107" sentence="4">even</token>
  <token id="109" number="108" sentence="4">for</token>
  <token id="110" number="109" sentence="4">the</token>
  <token id="111" number="110" sentence="4">quarter</token>
  <token id="112" number="111" sentence="4">on</token>
  <token id="113" number="112" sentence="4">sales</token>
  <token id="114" number="113" sentence="4">of</token>
  <token id="115" number="114" sentence="4">$</token>
  <token id="116" number="115" sentence="4">530</token>
  <token id="117" number="116" sentence="4">million</token>
  <token id="118" number="117" sentence="4">.</token>
  <token id="119" number="118" sentence="5">In</token>
  <token id="120" number="119" sentence="5">a</token>
  <token id="121" number="120" sentence="5">statement</token>
  <token id="122" number="121" sentence="5">,</token>
  <token id="123" number="122" sentence="5">Scott</token>
  <token id="124" number="123" sentence="5">McNealy</token>
  <token id="125" number="124" sentence="5">,</token>
  <token id="126" number="125" sentence="5">Sun</token>
  <token id="127" number="126" sentence="5">'s</token>
  <token id="128" number="127" sentence="5">chief</token>
  <token id="129" number="128" sentence="5">executive</token>
  <token id="130" number="129" sentence="5">officer</token>
  <token id="131" number="130" sentence="5">,</token>
  <token id="132" number="131" sentence="5">said</token>
  <token id="133" number="132" sentence="5">the</token>
  <token id="134" number="133" sentence="5">company</token>
  <token id="135" number="134" sentence="5">'s</token>
  <token id="136" number="135" sentence="5">performance</token>
  <token id="137" number="136" sentence="5">was</token>
  <token id="138" number="137" sentence="5">hampered</token>
  <token id="139" number="138" sentence="5">by</token>
  <token id="140" number="139" sentence="5">problems</token>
  <token id="141" number="140" sentence="5">tied</token>
  <token id="142" number="141" sentence="5">to</token>
  <token id="143" number="142" sentence="5">the</token>
  <token id="144" number="143" sentence="5">introduction</token>
  <token id="145" number="144" sentence="5">of</token>
  <token id="146" number="145" sentence="5">a</token>
  <token id="147" number="146" sentence="5">major</token>
  <token id="148" number="147" sentence="5">new</token>
  <token id="149" number="148" sentence="5">family</token>
  <token id="150" number="149" sentence="5">of</token>
  <token id="151" number="150" sentence="5">computers</token>
  <token id="152" number="151" sentence="5">in</token>
  <token id="153" number="152" sentence="5">April</token>
  <token id="154" number="153" sentence="5">.</token>
  <token id="155" number="154" sentence="6">One</token>
  <token id="156" number="155" sentence="6">of</token>
  <token id="157" number="156" sentence="6">those</token>
  <token id="158" number="157" sentence="6">new</token>
  <token id="159" number="158" sentence="6">computers</token>
  <token id="160" number="159" sentence="6">,</token>
  <token id="161" number="160" sentence="6">called</token>
  <token id="162" number="161" sentence="6">Sparcstation</token>
  <token id="163" number="162" sentence="6">1</token>
  <token id="164" number="163" sentence="6">,</token>
  <token id="165" number="164" sentence="6">accounted</token>
  <token id="166" number="165" sentence="6">for</token>
  <token id="167" number="166" sentence="6">nearly</token>
  <token id="168" number="167" sentence="6">half</token>
  <token id="169" number="168" sentence="6">of</token>
  <token id="170" number="169" sentence="6">the</token>
  <token id="171" number="170" sentence="6">28,000</token>
  <token id="172" number="171" sentence="6">systems</token>
  <token id="173" number="172" sentence="6">Sun</token>
  <token id="174" number="173" sentence="6">shipped</token>
  <token id="175" number="174" sentence="6">in</token>
  <token id="176" number="175" sentence="6">the</token>
  <token id="177" number="176" sentence="6">quarter</token>
  <token id="178" number="177" sentence="6">,</token>
  <token id="179" number="178" sentence="6">he</token>
  <token id="180" number="179" sentence="6">said</token>
  <token id="181" number="180" sentence="6">.</token>
  <token id="182" number="181" sentence="7">More</token>
  <token id="183" number="182" sentence="7">than</token>
  <token id="184" number="183" sentence="7">two-thirds</token>
  <token id="185" number="184" sentence="7">of</token>
  <token id="186" number="185" sentence="7">the</token>
  <token id="187" number="186" sentence="7">systems</token>
  <token id="188" number="187" sentence="7">shipped</token>
  <token id="189" number="188" sentence="7">,</token>
  <token id="190" number="189" sentence="7">meanwhile</token>
  <token id="191" number="190" sentence="7">,</token>
  <token id="192" number="191" sentence="7">were</token>
  <token id="193" number="192" sentence="7">products</token>
  <token id="194" number="193" sentence="7">introduced</token>
  <token id="195" number="194" sentence="7">in</token>
  <token id="196" number="195" sentence="7">April</token>
  <token id="197" number="196" sentence="7">.</token>
  <token id="198" number="197" sentence="8">But</token>
  <token id="199" number="198" sentence="8">problems</token>
  <token id="200" number="199" sentence="8">in</token>
  <token id="201" number="200" sentence="8">manufacturing</token>
  <token id="202" number="201" sentence="8">,</token>
  <token id="203" number="202" sentence="8">forecasting</token>
  <token id="204" number="203" sentence="8">demand</token>
  <token id="205" number="204" sentence="8">and</token>
  <token id="206" number="205" sentence="8">getting</token>
  <token id="207" number="206" sentence="8">the</token>
  <token id="208" number="207" sentence="8">bugs</token>
  <token id="209" number="208" sentence="8">out</token>
  <token id="210" number="209" sentence="8">of</token>
  <token id="211" number="210" sentence="8">a</token>
  <token id="212" number="211" sentence="8">new</token>
  <token id="213" number="212" sentence="8">management</token>
  <token id="214" number="213" sentence="8">information</token>
  <token id="215" number="214" sentence="8">system</token>
  <token id="216" number="215" sentence="8">made</token>
  <token id="217" number="216" sentence="8">it</token>
  <token id="218" number="217" sentence="8">extremely</token>
  <token id="219" number="218" sentence="8">difficult</token>
  <token id="220" number="219" sentence="8">for</token>
  <token id="221" number="220" sentence="8">Sun</token>
  <token id="222" number="221" sentence="8">to</token>
  <token id="223" number="222" sentence="8">meet</token>
  <token id="224" number="223" sentence="8">demand</token>
  <token id="225" number="224" sentence="8">for</token>
  <token id="226" number="225" sentence="8">its</token>
  <token id="227" number="226" sentence="8">newest</token>
  <token id="228" number="227" sentence="8">computers</token>
  <token id="229" number="228" sentence="8">well</token>
  <token id="230" number="229" sentence="8">into</token>
  <token id="231" number="230" sentence="8">the</token>
  <token id="232" number="231" sentence="8">summer</token>
  <token id="233" number="232" sentence="8">.</token>
  <token id="234" number="233" sentence="9">These</token>
  <token id="235" number="234" sentence="9">problems</token>
  <token id="236" number="235" sentence="9">also</token>
  <token id="237" number="236" sentence="9">resulted</token>
  <token id="238" number="237" sentence="9">in</token>
  <token id="239" number="238" sentence="9">Sun</token>
  <token id="240" number="239" sentence="9">reporting</token>
  <token id="241" number="240" sentence="9">a</token>
  <token id="242" number="241" sentence="9">$</token>
  <token id="243" number="242" sentence="9">20.3</token>
  <token id="244" number="243" sentence="9">million</token>
  <token id="245" number="244" sentence="9">loss</token>
  <token id="246" number="245" sentence="9">for</token>
  <token id="247" number="246" sentence="9">its</token>
  <token id="248" number="247" sentence="9">fourth</token>
  <token id="249" number="248" sentence="9">quarter</token>
  <token id="250" number="249" sentence="9">ended</token>
  <token id="251" number="250" sentence="9">June</token>
  <token id="252" number="251" sentence="9">30</token>
  <token id="253" number="252" sentence="9">.</token>
  <token id="254" number="253" sentence="10">Mr.</token>
  <token id="255" number="254" sentence="10">McNealy</token>
  <token id="256" number="255" sentence="10">said</token>
  <token id="257" number="256" sentence="10">the</token>
  <token id="258" number="257" sentence="10">issues</token>
  <token id="259" number="258" sentence="10">that</token>
  <token id="260" number="259" sentence="10">hurt</token>
  <token id="261" number="260" sentence="10">Sun</token>
  <token id="262" number="261" sentence="10">'s</token>
  <token id="263" number="262" sentence="10">performance</token>
  <token id="264" number="263" sentence="10">earlier</token>
  <token id="265" number="264" sentence="10">this</token>
  <token id="266" number="265" sentence="10">year</token>
  <token id="267" number="266" sentence="10">are</token>
  <token id="268" number="267" sentence="10">now</token>
  <token id="269" number="268" sentence="10">"</token>
  <token id="270" number="269" sentence="10">largely</token>
  <token id="271" number="270" sentence="10">"</token>
  <token id="272" number="271" sentence="10">behind</token>
  <token id="273" number="272" sentence="10">the</token>
  <token id="274" number="273" sentence="10">firm</token>
  <token id="275" number="274" sentence="10">,</token>
  <token id="276" number="275" sentence="10">and</token>
  <token id="277" number="276" sentence="10">he</token>
  <token id="278" number="277" sentence="10">indicated</token>
  <token id="279" number="278" sentence="10">that</token>
  <token id="280" number="279" sentence="10">Sun</token>
  <token id="281" number="280" sentence="10">'s</token>
  <token id="282" number="281" sentence="10">profitability</token>
  <token id="283" number="282" sentence="10">should</token>
  <token id="284" number="283" sentence="10">increase</token>
  <token id="285" number="284" sentence="10">throughout</token>
  <token id="286" number="285" sentence="10">the</token>
  <token id="287" number="286" sentence="10">fiscal</token>
  <token id="288" number="287" sentence="10">year</token>
  <token id="289" number="288" sentence="10">.</token>
  <token id="290" number="289" sentence="11">Sun</token>
  <token id="291" number="290" sentence="11">also</token>
  <token id="292" number="291" sentence="11">reported</token>
  <token id="293" number="292" sentence="11">a</token>
  <token id="294" number="293" sentence="11">record</token>
  <token id="295" number="294" sentence="11">backlog</token>
  <token id="296" number="295" sentence="11">of</token>
  <token id="297" number="296" sentence="11">orders</token>
  <token id="298" number="297" sentence="11">.</token>
  <token id="299" number="298" sentence="12">While</token>
  <token id="300" number="299" sentence="12">this</token>
  <token id="301" number="300" sentence="12">indicates</token>
  <token id="302" number="301" sentence="12">continued</token>
  <token id="303" number="302" sentence="12">strong</token>
  <token id="304" number="303" sentence="12">demand</token>
  <token id="305" number="304" sentence="12">for</token>
  <token id="306" number="305" sentence="12">the</token>
  <token id="307" number="306" sentence="12">company</token>
  <token id="308" number="307" sentence="12">'s</token>
  <token id="309" number="308" sentence="12">desk-top</token>
  <token id="310" number="309" sentence="12">computers</token>
  <token id="311" number="310" sentence="12">,</token>
  <token id="312" number="311" sentence="12">Sun</token>
  <token id="313" number="312" sentence="12">faces</token>
  <token id="314" number="313" sentence="12">increasing</token>
  <token id="315" number="314" sentence="12">competition</token>
  <token id="316" number="315" sentence="12">from</token>
  <token id="317" number="316" sentence="12">Digital</token>
  <token id="318" number="317" sentence="12">Equipment</token>
  <token id="319" number="318" sentence="12">Corp.</token>
  <token id="320" number="319" sentence="12">and</token>
  <token id="321" number="320" sentence="12">Hewlett</token>
  <token id="322" number="321" sentence="12">-</token>
  <token id="323" number="322" sentence="12">Packard</token>
  <token id="324" number="323" sentence="12">Co.</token>
  <token id="325" number="324" sentence="13">Recently</token>
  <token id="326" number="325" sentence="13">,</token>
  <token id="327" number="326" sentence="13">analysts</token>
  <token id="328" number="327" sentence="13">have</token>
  <token id="329" number="328" sentence="13">said</token>
  <token id="330" number="329" sentence="13">Sun</token>
  <token id="331" number="330" sentence="13">also</token>
  <token id="332" number="331" sentence="13">is</token>
  <token id="333" number="332" sentence="13">vulnerable</token>
  <token id="334" number="333" sentence="13">to</token>
  <token id="335" number="334" sentence="13">competition</token>
  <token id="336" number="335" sentence="13">from</token>
  <token id="337" number="336" sentence="13">International</token>
  <token id="338" number="337" sentence="13">Business</token>
  <token id="339" number="338" sentence="13">Machines</token>
  <token id="340" number="339" sentence="13">Corp.,</token>
  <token id="341" number="340" sentence="13">which</token>
  <token id="342" number="341" sentence="13">plans</token>
  <token id="343" number="342" sentence="13">to</token>
  <token id="344" number="343" sentence="13">introduce</token>
  <token id="345" number="344" sentence="13">a</token>
  <token id="346" number="345" sentence="13">group</token>
  <token id="347" number="346" sentence="13">of</token>
  <token id="348" number="347" sentence="13">workstations</token>
  <token id="349" number="348" sentence="13">early</token>
  <token id="350" number="349" sentence="13">next</token>
  <token id="351" number="350" sentence="13">year</token>
  <token id="352" number="351" sentence="13">,</token>
  <token id="353" number="352" sentence="13">and</token>
  <token id="354" number="353" sentence="13">Next</token>
  <token id="355" number="354" sentence="13">Inc.</token>
</Document>
