<Document doc_name="wsj_0171">
  <Markables>
    <TIMEX3 RELATED_TO="" TAG_DESCRIPTOR="Empty_Mark" beginPoint="" comment="" endPoint="" freq="" functionInDocument="CREATION_TIME" id="0" quant="" type="DATE" value="1989-11-02" />
    <EVENT aspect="NONE" certainty="" class="OCCURRENCE" comment="" factuality="" id="1" modality="NONE" polarity="POS" pos="VERB" tense="PAST">
      <token_anchor id="7" />
    </EVENT>
    <EVENT aspect="NONE" certainty="" class="OCCURRENCE" comment="" factuality="" id="2" modality="NONE" polarity="POS" pos="NOUN" tense="NONE">
      <token_anchor id="12" />
    </EVENT>
    <EVENT aspect="NONE" certainty="" class="REPORTING" comment="" factuality="" id="3" modality="NONE" polarity="POS" pos="VERB" tense="PAST">
      <token_anchor id="15" />
    </EVENT>
    <TIMEX3 anchorTimeID="0" beginPoint="" comment="" endPoint="" freq="" functionInDocument="NONE" id="4" quant="" type="DATE" value="1989-Q3">
      <token_anchor id="17" />
    </TIMEX3>
    <EVENT aspect="NONE" certainty="" class="OCCURRENCE" comment="" factuality="" id="5" modality="NONE" polarity="POS" pos="NOUN" tense="NONE">
      <token_anchor id="18" />
    </EVENT>
    <EVENT aspect="PERFECTIVE" certainty="" class="OCCURRENCE" comment="" factuality="" id="6" modality="NONE" polarity="POS" pos="VERB" tense="PAST">
      <token_anchor id="38" />
    </EVENT>
    <TIMEX3 anchorTimeID="4" beginPoint="" comment="" endPoint="" freq="" functionInDocument="NONE" id="7" quant="" type="DATE" value="1988-Q3">
      <token_anchor id="51" />
      <token_anchor id="52" />
      <token_anchor id="53" />
    </TIMEX3>
    <EVENT aspect="NONE" certainty="" class="REPORTING" comment="" factuality="" id="8" modality="NONE" polarity="POS" pos="VERB" tense="PAST">
      <token_anchor id="80" />
    </EVENT>
    <EVENT aspect="PERFECTIVE" certainty="" class="OCCURRENCE" comment="" factuality="" id="9" modality="NONE" polarity="POS" pos="NOUN" tense="PAST">
      <token_anchor id="85" />
    </EVENT>
    <EVENT aspect="NONE" certainty="" class="REPORTING" comment="" factuality="" id="10" modality="NONE" polarity="POS" pos="VERB" tense="PAST">
      <token_anchor id="91" />
    </EVENT>
    <EVENT aspect="NONE" certainty="" class="OCCURRENCE" comment="" factuality="" id="11" modality="NONE" polarity="POS" pos="NOUN" tense="NONE">
      <token_anchor id="94" />
    </EVENT>
    <EVENT aspect="NONE" certainty="" class="OCCURRENCE" comment="" factuality="" id="12" modality="would" polarity="POS" pos="VERB" tense="NONE">
      <token_anchor id="97" />
    </EVENT>
    <TIMEX3 anchorTimeID="0" beginPoint="" comment="" endPoint="" freq="" functionInDocument="NONE" id="13" quant="" type="DATE" value="FUTURE_REF">
      <token_anchor id="99" />
    </TIMEX3>
    <EVENT aspect="NONE" certainty="" class="OCCURRENCE" comment="" factuality="" id="14" modality="NONE" polarity="POS" pos="NOUN" tense="NONE">
      <token_anchor id="100" />
    </EVENT>
    <EVENT aspect="NONE" certainty="" class="OCCURRENCE" comment="" factuality="" id="15" modality="NONE" polarity="POS" pos="VERB" tense="PAST">
      <token_anchor id="108" />
    </EVENT>
    <EVENT aspect="NONE" certainty="" class="OCCURRENCE" comment="" factuality="" id="16" modality="NONE" polarity="POS" pos="VERB" tense="PAST">
      <token_anchor id="117" />
    </EVENT>
    <EVENT aspect="NONE" certainty="" class="REPORTING" comment="" factuality="" id="17" modality="NONE" polarity="POS" pos="VERB" tense="PAST">
      <token_anchor id="127" />
    </EVENT>
    <EVENT aspect="NONE" certainty="" class="OCCURRENCE" comment="" factuality="" id="18" modality="NONE" polarity="POS" pos="NOUN" tense="NONE">
      <token_anchor id="132" />
    </EVENT>
    <EVENT aspect="NONE" certainty="" class="I_ACTION" comment="" factuality="" id="19" modality="NONE" polarity="POS" pos="VERB" tense="PRESPART">
      <token_anchor id="134" />
    </EVENT>
    <EVENT aspect="NONE" certainty="" class="OCCURRENCE" comment="" factuality="" id="20" modality="NONE" polarity="NEG" pos="NOUN" tense="NONE">
      <token_anchor id="137" />
    </EVENT>
    <EVENT aspect="NONE" certainty="" class="I_STATE" comment="" factuality="" id="21" modality="NONE" polarity="POS" pos="VERB" tense="PRESENT">
      <token_anchor id="144" />
    </EVENT>
    <EVENT aspect="NONE" certainty="" class="OCCURRENCE" comment="" factuality="" id="22" modality="NONE" polarity="POS" pos="VERB" tense="INFINITIVE">
      <token_anchor id="146" />
    </EVENT>
    <EVENT aspect="NONE" certainty="" class="OCCURRENCE" comment="" factuality="" id="23" modality="NONE" polarity="POS" pos="NOUN" tense="NONE">
      <token_anchor id="149" />
    </EVENT>
    <TIMEX3 beginPoint="" comment="" endPoint="" freq="" functionInDocument="NONE" id="24" quant="" type="DATE" value="1990">
      <token_anchor id="151" />
    </TIMEX3>
    <TIMEX3 anchorTimeID="0" beginPoint="" comment="" endPoint="" freq="" functionInDocument="NONE" id="25" quant="" type="DATE" value="PRESENT_REF">
      <token_anchor id="157" />
    </TIMEX3>
    <EVENT aspect="PROGRESSIVE" certainty="" class="OCCURRENCE" comment="" factuality="" id="26" modality="NONE" polarity="POS" pos="VERB" tense="PRESENT">
      <token_anchor id="159" />
    </EVENT>
    <EVENT aspect="NONE" certainty="" class="ASPECTUAL" comment="" factuality="" id="27" modality="NONE" polarity="POS" pos="VERB" tense="PRESENT">
      <token_anchor id="165" />
    </EVENT>
    <EVENT aspect="NONE" certainty="" class="OCCURRENCE" comment="" factuality="" id="28" modality="NONE" polarity="POS" pos="VERB" tense="INFINITIVE">
      <token_anchor id="167" />
    </EVENT>
    <TIMEX3 anchorTimeID="0" beginPoint="" comment="" endPoint="" freq="" functionInDocument="NONE" id="29" quant="" type="DATE" value="1989-Q3">
      <token_anchor id="175" />
      <token_anchor id="176" />
    </TIMEX3>
    <TIMEX3 anchorTimeID="29" beginPoint="" comment="" endPoint="" freq="" functionInDocument="NONE" id="30" quant="" type="DATE" value="1988-Q3">
      <token_anchor id="182" />
      <token_anchor id="183" />
      <token_anchor id="184" />
    </TIMEX3>
    <EVENT aspect="NONE" certainty="" class="STATE" comment="" factuality="" id="31" modality="NONE" polarity="POS" pos="VERB" tense="PRESENT">
      <token_anchor id="188" />
    </EVENT>
  </Markables>
  <Relations>
    <TLINK comment="" id="1" relType="IDENTITY">
      <source id="1" />
      <target id="2" />
    </TLINK>
    <TLINK comment="" id="2" relType="SIMULTANEOUS">
      <source id="1" />
      <target id="3" />
    </TLINK>
    <TLINK comment="" id="3" relType="BEFORE">
      <source id="3" />
      <target id="0" />
    </TLINK>
    <TLINK comment="" id="4" relType="INCLUDES">
      <source id="4" />
      <target id="5" />
    </TLINK>
    <TLINK comment="" id="5" relType="SIMULTANEOUS">
      <source id="6" />
      <target id="7" />
    </TLINK>
    <TLINK comment="" id="6" relType="BEFORE">
      <source id="7" />
      <target id="0" />
    </TLINK>
    <TLINK comment="" id="7" relType="AFTER">
      <source id="10" />
      <target id="0" />
    </TLINK>
    <TLINK comment="" id="8" relType="SIMULTANEOUS">
      <source id="10" />
      <target id="8" />
    </TLINK>
    <TLINK comment="" id="9" relType="BEFORE">
      <source id="12" />
      <target id="13" />
    </TLINK>
    <TLINK comment="" id="10" relType="AFTER">
      <source id="13" />
      <target id="0" />
    </TLINK>
    <TLINK comment="" id="11" relType="INCLUDES">
      <source id="13" />
      <target id="14" />
    </TLINK>
    <TLINK comment="" id="12" relType="SIMULTANEOUS">
      <source id="15" />
      <target id="1" />
    </TLINK>
    <TLINK comment="" id="13" relType="SIMULTANEOUS">
      <source id="16" />
      <target id="15" />
    </TLINK>
    <TLINK comment="" id="14" relType="AFTER">
      <source id="17" />
      <target id="0" />
    </TLINK>
    <TLINK comment="" id="15" relType="AFTER">
      <source id="21" />
      <target id="18" />
    </TLINK>
    <TLINK comment="" id="16" relType="IS_INCLUDED">
      <source id="22" />
      <target id="24" />
    </TLINK>
    <TLINK comment="" id="17" relType="INCLUDES">
      <source id="25" />
      <target id="0" />
    </TLINK>
    <TLINK comment="" id="18" relType="INCLUDES">
      <source id="25" />
      <target id="26" />
    </TLINK>
    <TLINK comment="" id="19" relType="INCLUDES">
      <source id="25" />
      <target id="27" />
    </TLINK>
    <TLINK comment="" id="20" relType="DURING">
      <source id="28" />
      <target id="27" />
    </TLINK>
    <TLINK comment="" id="21" relType="IDENTITY">
      <source id="29" />
      <target id="4" />
    </TLINK>
    <TLINK comment="" id="22" relType="IDENTITY">
      <source id="30" />
      <target id="7" />
    </TLINK>
    <TLINK comment="" id="23" relType="IS_INCLUDED">
      <source id="31" />
      <target id="0" />
    </TLINK>
  </Relations>
  <token id="1" number="0" sentence="0">Valley</token>
  <token id="2" number="1" sentence="0">Federal</token>
  <token id="3" number="2" sentence="0">Savings</token>
  <token id="4" number="3" sentence="0">amp</token>
  <token id="5" number="4" sentence="0">Loan</token>
  <token id="6" number="5" sentence="0">Association</token>
  <token id="7" number="6" sentence="0">took</token>
  <token id="8" number="7" sentence="0">an</token>
  <token id="9" number="8" sentence="0">$</token>
  <token id="10" number="9" sentence="0">89.9</token>
  <token id="11" number="10" sentence="0">million</token>
  <token id="12" number="11" sentence="0">charge</token>
  <token id="13" number="12" sentence="0">as</token>
  <token id="14" number="13" sentence="0">it</token>
  <token id="15" number="14" sentence="0">reported</token>
  <token id="16" number="15" sentence="0">a</token>
  <token id="17" number="16" sentence="0">third-quarter</token>
  <token id="18" number="17" sentence="0">loss</token>
  <token id="19" number="18" sentence="0">of</token>
  <token id="20" number="19" sentence="0">$</token>
  <token id="21" number="20" sentence="0">70.7</token>
  <token id="22" number="21" sentence="0">million</token>
  <token id="23" number="22" sentence="0">,</token>
  <token id="24" number="23" sentence="0">or</token>
  <token id="25" number="24" sentence="0">$</token>
  <token id="26" number="25" sentence="0">12.09</token>
  <token id="27" number="26" sentence="0">a</token>
  <token id="28" number="27" sentence="0">share</token>
  <token id="29" number="28" sentence="0">.</token>
  <token id="30" number="29" sentence="1">The</token>
  <token id="31" number="30" sentence="1">Van</token>
  <token id="32" number="31" sentence="1">Nuys</token>
  <token id="33" number="32" sentence="1">,</token>
  <token id="34" number="33" sentence="1">Calif</token>
  <token id="35" number="34" sentence="1">.</token>
  <token id="36" number="35" sentence="1">,</token>
  <token id="37" number="36" sentence="1">thrift</token>
  <token id="38" number="37" sentence="1">had</token>
  <token id="39" number="38" sentence="1">net</token>
  <token id="40" number="39" sentence="1">income</token>
  <token id="41" number="40" sentence="1">of</token>
  <token id="42" number="41" sentence="1">$</token>
  <token id="43" number="42" sentence="1">132,000</token>
  <token id="44" number="43" sentence="1">,</token>
  <token id="45" number="44" sentence="1">or</token>
  <token id="46" number="45" sentence="1">three</token>
  <token id="47" number="46" sentence="1">cents</token>
  <token id="48" number="47" sentence="1">a</token>
  <token id="49" number="48" sentence="1">share</token>
  <token id="50" number="49" sentence="1">,</token>
  <token id="51" number="50" sentence="1">a</token>
  <token id="52" number="51" sentence="1">year</token>
  <token id="53" number="52" sentence="1">ago</token>
  <token id="54" number="53" sentence="1">.</token>
  <token id="55" number="54" sentence="2">The</token>
  <token id="56" number="55" sentence="2">bulk</token>
  <token id="57" number="56" sentence="2">of</token>
  <token id="58" number="57" sentence="2">the</token>
  <token id="59" number="58" sentence="2">pretax</token>
  <token id="60" number="59" sentence="2">charge</token>
  <token id="61" number="60" sentence="2">is</token>
  <token id="62" number="61" sentence="2">a</token>
  <token id="63" number="62" sentence="2">$</token>
  <token id="64" number="63" sentence="2">62</token>
  <token id="65" number="64" sentence="2">million</token>
  <token id="66" number="65" sentence="2">write-off</token>
  <token id="67" number="66" sentence="2">of</token>
  <token id="68" number="67" sentence="2">capitalized</token>
  <token id="69" number="68" sentence="2">servicing</token>
  <token id="70" number="69" sentence="2">at</token>
  <token id="71" number="70" sentence="2">the</token>
  <token id="72" number="71" sentence="2">mobile</token>
  <token id="73" number="72" sentence="2">home</token>
  <token id="74" number="73" sentence="2">financing</token>
  <token id="75" number="74" sentence="2">subsidiary</token>
  <token id="76" number="75" sentence="2">,</token>
  <token id="77" number="76" sentence="2">which</token>
  <token id="78" number="77" sentence="2">the</token>
  <token id="79" number="78" sentence="2">company</token>
  <token id="80" number="79" sentence="2">said</token>
  <token id="81" number="80" sentence="2">had</token>
  <token id="82" number="81" sentence="2">been</token>
  <token id="83" number="82" sentence="2">a</token>
  <token id="84" number="83" sentence="2">big</token>
  <token id="85" number="84" sentence="2">drain</token>
  <token id="86" number="85" sentence="2">on</token>
  <token id="87" number="86" sentence="2">earnings</token>
  <token id="88" number="87" sentence="2">.</token>
  <token id="89" number="88" sentence="3">The</token>
  <token id="90" number="89" sentence="3">company</token>
  <token id="91" number="90" sentence="3">said</token>
  <token id="92" number="91" sentence="3">the</token>
  <token id="93" number="92" sentence="3">one-time</token>
  <token id="94" number="93" sentence="3">provision</token>
  <token id="95" number="94" sentence="3">would</token>
  <token id="96" number="95" sentence="3">substantially</token>
  <token id="97" number="96" sentence="3">eliminate</token>
  <token id="98" number="97" sentence="3">all</token>
  <token id="99" number="98" sentence="3">future</token>
  <token id="100" number="99" sentence="3">losses</token>
  <token id="101" number="100" sentence="3">at</token>
  <token id="102" number="101" sentence="3">the</token>
  <token id="103" number="102" sentence="3">unit</token>
  <token id="104" number="103" sentence="3">.</token>
  <token id="105" number="104" sentence="4">Valley</token>
  <token id="106" number="105" sentence="4">Federal</token>
  <token id="107" number="106" sentence="4">also</token>
  <token id="108" number="107" sentence="4">added</token>
  <token id="109" number="108" sentence="4">$</token>
  <token id="110" number="109" sentence="4">18</token>
  <token id="111" number="110" sentence="4">million</token>
  <token id="112" number="111" sentence="4">to</token>
  <token id="113" number="112" sentence="4">realestate</token>
  <token id="114" number="113" sentence="4">loan</token>
  <token id="115" number="114" sentence="4">reserves</token>
  <token id="116" number="115" sentence="4">and</token>
  <token id="117" number="116" sentence="4">eliminated</token>
  <token id="118" number="117" sentence="4">$</token>
  <token id="119" number="118" sentence="4">9.9</token>
  <token id="120" number="119" sentence="4">million</token>
  <token id="121" number="120" sentence="4">of</token>
  <token id="122" number="121" sentence="4">good</token>
  <token id="123" number="122" sentence="4">will</token>
  <token id="124" number="123" sentence="4">.</token>
  <token id="125" number="124" sentence="5">The</token>
  <token id="126" number="125" sentence="5">thrift</token>
  <token id="127" number="126" sentence="5">said</token>
  <token id="128" number="127" sentence="5">that</token>
  <token id="129" number="128" sentence="5">"</token>
  <token id="130" number="129" sentence="5">after</token>
  <token id="131" number="130" sentence="5">these</token>
  <token id="132" number="131" sentence="5">charges</token>
  <token id="133" number="132" sentence="5">and</token>
  <token id="134" number="133" sentence="5">assuming</token>
  <token id="135" number="134" sentence="5">no</token>
  <token id="136" number="135" sentence="5">dramatic</token>
  <token id="137" number="136" sentence="5">fluctuation</token>
  <token id="138" number="137" sentence="5">in</token>
  <token id="139" number="138" sentence="5">interest</token>
  <token id="140" number="139" sentence="5">rates</token>
  <token id="141" number="140" sentence="5">,</token>
  <token id="142" number="141" sentence="5">the</token>
  <token id="143" number="142" sentence="5">association</token>
  <token id="144" number="143" sentence="5">expects</token>
  <token id="145" number="144" sentence="5">to</token>
  <token id="146" number="145" sentence="5">achieve</token>
  <token id="147" number="146" sentence="5">near</token>
  <token id="148" number="147" sentence="5">record</token>
  <token id="149" number="148" sentence="5">earnings</token>
  <token id="150" number="149" sentence="5">in</token>
  <token id="151" number="150" sentence="5">1990</token>
  <token id="152" number="151" sentence="5">.</token>
  <token id="153" number="152" sentence="5">"</token>
  <token id="154" number="153" sentence="6">Valley</token>
  <token id="155" number="154" sentence="6">Federal</token>
  <token id="156" number="155" sentence="6">is</token>
  <token id="157" number="156" sentence="6">currently</token>
  <token id="158" number="157" sentence="6">being</token>
  <token id="159" number="158" sentence="6">examined</token>
  <token id="160" number="159" sentence="6">by</token>
  <token id="161" number="160" sentence="6">regulators</token>
  <token id="162" number="161" sentence="6">.</token>
  <token id="163" number="162" sentence="7">New</token>
  <token id="164" number="163" sentence="7">loans</token>
  <token id="165" number="164" sentence="7">continue</token>
  <token id="166" number="165" sentence="7">to</token>
  <token id="167" number="166" sentence="7">slow</token>
  <token id="168" number="167" sentence="7">;</token>
  <token id="169" number="168" sentence="8">they</token>
  <token id="170" number="169" sentence="8">were</token>
  <token id="171" number="170" sentence="8">$</token>
  <token id="172" number="171" sentence="8">6.6</token>
  <token id="173" number="172" sentence="8">million</token>
  <token id="174" number="173" sentence="8">in</token>
  <token id="175" number="174" sentence="8">the</token>
  <token id="176" number="175" sentence="8">quarter</token>
  <token id="177" number="176" sentence="8">compared</token>
  <token id="178" number="177" sentence="8">with</token>
  <token id="179" number="178" sentence="8">$</token>
  <token id="180" number="179" sentence="8">361.8</token>
  <token id="181" number="180" sentence="8">million</token>
  <token id="182" number="181" sentence="8">a</token>
  <token id="183" number="182" sentence="8">year</token>
  <token id="184" number="183" sentence="8">ago</token>
  <token id="185" number="184" sentence="8">.</token>
  <token id="186" number="185" sentence="9">The</token>
  <token id="187" number="186" sentence="9">thrift</token>
  <token id="188" number="187" sentence="9">has</token>
  <token id="189" number="188" sentence="9">assets</token>
  <token id="190" number="189" sentence="9">of</token>
  <token id="191" number="190" sentence="9">$</token>
  <token id="192" number="191" sentence="9">3.2</token>
  <token id="193" number="192" sentence="9">billion</token>
  <token id="194" number="193" sentence="9">.</token>
</Document>
