<Document doc_name="wsj_0176">
  <Markables>
    <TIMEX3 RELATED_TO="" TAG_DESCRIPTOR="Empty_Mark" beginPoint="" comment="" endPoint="" freq="" functionInDocument="CREATION_TIME" id="0" quant="" type="DATE" value="1989-11-02" />
    <EVENT aspect="PERFECTIVE" certainty="" class="REPORTING" comment="" factuality="" id="1" modality="NONE" polarity="POS" pos="VERB" tense="PRESENT">
      <token_anchor id="4" />
    </EVENT>
    <EVENT aspect="PROGRESSIVE" certainty="" class="OCCURRENCE" comment="" factuality="" id="2" modality="NONE" polarity="POS" pos="VERB" tense="PRESENT">
      <token_anchor id="17" />
    </EVENT>
    <EVENT aspect="NONE" certainty="" class="REPORTING" comment="" factuality="" id="3" modality="NONE" polarity="POS" pos="VERB" tense="PAST">
      <token_anchor id="36" />
    </EVENT>
    <EVENT aspect="NONE" certainty="" class="REPORTING" comment="" factuality="" id="4" modality="NONE" polarity="POS" pos="VERB" tense="PAST">
      <token_anchor id="39" />
    </EVENT>
    <TIMEX3 anchorTimeID="0" beginPoint="" comment="" endPoint="" freq="" functionInDocument="NONE" id="5" quant="" type="DATE" value="1989-W44">
      <token_anchor id="40" />
      <token_anchor id="41" />
      <token_anchor id="42" />
    </TIMEX3>
    <EVENT aspect="NONE" certainty="" class="STATE" comment="" factuality="" id="6" modality="NONE" polarity="POS" pos="VERB" tense="FUTURE">
      <token_anchor id="56" />
    </EVENT>
    <EVENT aspect="NONE" certainty="" class="REPORTING" comment="" factuality="" id="7" modality="NONE" polarity="POS" pos="VERB" tense="PAST">
      <token_anchor id="63" />
    </EVENT>
    <EVENT aspect="NONE" certainty="" class="OCCURRENCE" comment="" factuality="" id="8" modality="NONE" polarity="POS" pos="NOUN" tense="NONE">
      <token_anchor id="65" />
    </EVENT>
    <EVENT aspect="NONE" certainty="" class="OCCURRENCE" comment="" factuality="" id="9" modality="would" polarity="POS" pos="VERB" tense="NONE">
      <token_anchor id="67" />
    </EVENT>
    <EVENT aspect="NONE" certainty="" class="OCCURRENCE" comment="" factuality="" id="10" modality="NONE" polarity="POS" pos="NOUN" tense="NONE">
      <token_anchor id="71" />
    </EVENT>
    <EVENT aspect="NONE" certainty="" class="OCCURRENCE" comment="" factuality="" id="11" modality="NONE" polarity="POS" pos="VERB" tense="INFINITIVE">
      <token_anchor id="80" />
    </EVENT>
    <TIMEX3 beginPoint="" comment="" endPoint="" freq="" functionInDocument="NONE" id="12" quant="" type="DURATION" value="P9M">
      <token_anchor id="82" />
      <token_anchor id="83" />
      <token_anchor id="84" />
      <token_anchor id="85" />
    </TIMEX3>
    <TIMEX3 beginPoint="" comment="" endPoint="" freq="" functionInDocument="NONE" id="13" quant="" type="DURATION" value="P9M">
      <token_anchor id="91" />
      <token_anchor id="92" />
      <token_anchor id="93" />
      <token_anchor id="94" />
    </TIMEX3>
    <EVENT aspect="NONE" certainty="" class="OCCURRENCE" comment="" factuality="" id="14" modality="NONE" polarity="POS" pos="VERB" tense="PAST">
      <token_anchor id="97" />
    </EVENT>
    <EVENT aspect="NONE" certainty="" class="OCCURRENCE" comment="" factuality="" id="15" modality="NONE" polarity="POS" pos="VERB" tense="PAST">
      <token_anchor id="122" />
    </EVENT>
    <C-SIGNAL id="16">
      <token_anchor id="129" />
    </C-SIGNAL>
    <EVENT aspect="NONE" certainty="" class="OCCURRENCE" comment="" factuality="" id="17" modality="NONE" polarity="POS" pos="VERB" tense="PAST">
      <token_anchor id="136" />
    </EVENT>
    <TIMEX3 beginPoint="" comment="" endPoint="" freq="" functionInDocument="NONE" id="18" quant="" type="DURATION" value="PXM">
      <token_anchor id="160" />
      <token_anchor id="161" />
    </TIMEX3>
    <EVENT aspect="NONE" certainty="" class="OCCURRENCE" comment="" factuality="" id="19" modality="NONE" polarity="POS" pos="NOUN" tense="NONE">
      <token_anchor id="173" />
    </EVENT>
    <EVENT aspect="NONE" certainty="" class="OCCURRENCE" comment="" factuality="" id="20" modality="NONE" polarity="POS" pos="NOUN" tense="NONE">
      <token_anchor id="178" />
    </EVENT>
    <EVENT aspect="NONE" certainty="" class="OCCURRENCE" comment="" factuality="" id="21" modality="NONE" polarity="POS" pos="NOUN" tense="NONE">
      <token_anchor id="183" />
    </EVENT>
  </Markables>
  <Relations>
    <TLINK comment="" id="1" relType="BEFORE">
      <source id="1" />
      <target id="0" />
    </TLINK>
    <TLINK comment="" id="2" relType="IDENTITY">
      <source id="2" />
      <target id="8" />
    </TLINK>
    <TLINK comment="" id="3" relType="BEFORE">
      <source id="3" />
      <target id="0" />
    </TLINK>
    <TLINK comment="" id="4" relType="IS_INCLUDED">
      <source id="4" />
      <target id="5" />
    </TLINK>
    <TLINK comment="" id="5" relType="AFTER">
      <source id="6" />
      <target id="0" />
    </TLINK>
    <TLINK comment="" id="6" relType="SIMULTANEOUS">
      <source id="7" />
      <target id="3" />
    </TLINK>
    <TLINK comment="" id="7" relType="BEFORE">
      <source id="8" />
      <target id="9" />
    </TLINK>
    <CLINK comment="" id="8">
      <source id="8" />
      <target id="10" />
    </CLINK>
    <TLINK comment="" id="9" relType="SIMULTANEOUS">
      <source id="9" />
      <target id="11" />
    </TLINK>
    <TLINK comment="" id="10" relType="IS_INCLUDED">
      <source id="11" />
      <target id="12" />
    </TLINK>
    <TLINK comment="" id="11" relType="IS_INCLUDED">
      <source id="14" />
      <target id="13" />
    </TLINK>
    <TLINK comment="" id="12" relType="BEFORE">
      <source id="15" />
      <target id="0" />
    </TLINK>
    <TLINK comment="" id="13" relType="BEFORE">
      <source id="17" />
      <target id="15" />
    </TLINK>
    <CLINK c-signalID="16" comment="" id="14">
      <source id="17" />
      <target id="15" />
    </CLINK>
    <CLINK comment="" id="15">
      <source id="19" />
      <target id="21" />
    </CLINK>
    <CLINK comment="" id="16">
      <source id="20" />
      <target id="21" />
    </CLINK>
  </Relations>
  <token id="1" number="0" sentence="0">Xerox</token>
  <token id="2" number="1" sentence="0">Corp.</token>
  <token id="3" number="2" sentence="0">has</token>
  <token id="4" number="3" sentence="0">told</token>
  <token id="5" number="4" sentence="0">employees</token>
  <token id="6" number="5" sentence="0">in</token>
  <token id="7" number="6" sentence="0">its</token>
  <token id="8" number="7" sentence="0">Crum</token>
  <token id="9" number="8" sentence="0">amp</token>
  <token id="10" number="9" sentence="0">Forster</token>
  <token id="11" number="10" sentence="0">personal</token>
  <token id="12" number="11" sentence="0">insurance</token>
  <token id="13" number="12" sentence="0">operations</token>
  <token id="14" number="13" sentence="0">that</token>
  <token id="15" number="14" sentence="0">it</token>
  <token id="16" number="15" sentence="0">is</token>
  <token id="17" number="16" sentence="0">laying</token>
  <token id="18" number="17" sentence="0">off</token>
  <token id="19" number="18" sentence="0">about</token>
  <token id="20" number="19" sentence="0">300</token>
  <token id="21" number="20" sentence="0">people</token>
  <token id="22" number="21" sentence="0">,</token>
  <token id="23" number="22" sentence="0">or</token>
  <token id="24" number="23" sentence="0">25</token>
  <token id="25" number="24" sentence="0">%</token>
  <token id="26" number="25" sentence="0">of</token>
  <token id="27" number="26" sentence="0">the</token>
  <token id="28" number="27" sentence="0">staff</token>
  <token id="29" number="28" sentence="0">.</token>
  <token id="30" number="29" sentence="1">A</token>
  <token id="31" number="30" sentence="1">spokeswoman</token>
  <token id="32" number="31" sentence="1">for</token>
  <token id="33" number="32" sentence="1">Crum</token>
  <token id="34" number="33" sentence="1">amp</token>
  <token id="35" number="34" sentence="1">Forster</token>
  <token id="36" number="35" sentence="1">said</token>
  <token id="37" number="36" sentence="1">employees</token>
  <token id="38" number="37" sentence="1">were</token>
  <token id="39" number="38" sentence="1">told</token>
  <token id="40" number="39" sentence="1">early</token>
  <token id="41" number="40" sentence="1">this</token>
  <token id="42" number="41" sentence="1">week</token>
  <token id="43" number="42" sentence="1">that</token>
  <token id="44" number="43" sentence="1">numerous</token>
  <token id="45" number="44" sentence="1">staff</token>
  <token id="46" number="45" sentence="1">functions</token>
  <token id="47" number="46" sentence="1">for</token>
  <token id="48" number="47" sentence="1">the</token>
  <token id="49" number="48" sentence="1">personal</token>
  <token id="50" number="49" sentence="1">insurance</token>
  <token id="51" number="50" sentence="1">lines</token>
  <token id="52" number="51" sentence="1">were</token>
  <token id="53" number="52" sentence="1">going</token>
  <token id="54" number="53" sentence="1">to</token>
  <token id="55" number="54" sentence="1">be</token>
  <token id="56" number="55" sentence="1">centralized</token>
  <token id="57" number="56" sentence="1">as</token>
  <token id="58" number="57" sentence="1">a</token>
  <token id="59" number="58" sentence="1">cost-cutting</token>
  <token id="60" number="59" sentence="1">move</token>
  <token id="61" number="60" sentence="1">.</token>
  <token id="62" number="61" sentence="2">She</token>
  <token id="63" number="62" sentence="2">said</token>
  <token id="64" number="63" sentence="2">the</token>
  <token id="65" number="64" sentence="2">move</token>
  <token id="66" number="65" sentence="2">would</token>
  <token id="67" number="66" sentence="2">result</token>
  <token id="68" number="67" sentence="2">in</token>
  <token id="69" number="68" sentence="2">a</token>
  <token id="70" number="69" sentence="2">after-tax</token>
  <token id="71" number="70" sentence="2">charge</token>
  <token id="72" number="71" sentence="2">of</token>
  <token id="73" number="72" sentence="2">less</token>
  <token id="74" number="73" sentence="2">than</token>
  <token id="75" number="74" sentence="2">$</token>
  <token id="76" number="75" sentence="2">4</token>
  <token id="77" number="76" sentence="2">million</token>
  <token id="78" number="77" sentence="2">to</token>
  <token id="79" number="78" sentence="2">be</token>
  <token id="80" number="79" sentence="2">spread</token>
  <token id="81" number="80" sentence="2">over</token>
  <token id="82" number="81" sentence="2">the</token>
  <token id="83" number="82" sentence="2">next</token>
  <token id="84" number="83" sentence="2">three</token>
  <token id="85" number="84" sentence="2">quarters</token>
  <token id="86" number="85" sentence="2">.</token>
  <token id="87" number="86" sentence="3">By</token>
  <token id="88" number="87" sentence="3">comparison</token>
  <token id="89" number="88" sentence="3">,</token>
  <token id="90" number="89" sentence="3">for</token>
  <token id="91" number="90" sentence="3">the</token>
  <token id="92" number="91" sentence="3">first</token>
  <token id="93" number="92" sentence="3">nine</token>
  <token id="94" number="93" sentence="3">months</token>
  <token id="95" number="94" sentence="3">,</token>
  <token id="96" number="95" sentence="3">Xerox</token>
  <token id="97" number="96" sentence="3">earned</token>
  <token id="98" number="97" sentence="3">$</token>
  <token id="99" number="98" sentence="3">492</token>
  <token id="100" number="99" sentence="3">million</token>
  <token id="101" number="100" sentence="3">,</token>
  <token id="102" number="101" sentence="3">or</token>
  <token id="103" number="102" sentence="3">$</token>
  <token id="104" number="103" sentence="3">4.55</token>
  <token id="105" number="104" sentence="3">a</token>
  <token id="106" number="105" sentence="3">share</token>
  <token id="107" number="106" sentence="3">,</token>
  <token id="108" number="107" sentence="3">on</token>
  <token id="109" number="108" sentence="3">revenue</token>
  <token id="110" number="109" sentence="3">of</token>
  <token id="111" number="110" sentence="3">$</token>
  <token id="112" number="111" sentence="3">12.97</token>
  <token id="113" number="112" sentence="3">billion</token>
  <token id="114" number="113" sentence="3">.</token>
  <token id="115" number="114" sentence="4">Earnings</token>
  <token id="116" number="115" sentence="4">at</token>
  <token id="117" number="116" sentence="4">Xerox</token>
  <token id="118" number="117" sentence="4">'s</token>
  <token id="119" number="118" sentence="4">financial-services</token>
  <token id="120" number="119" sentence="4">operations</token>
  <token id="121" number="120" sentence="4">actually</token>
  <token id="122" number="121" sentence="4">rose</token>
  <token id="123" number="122" sentence="4">slightly</token>
  <token id="124" number="123" sentence="4">,</token>
  <token id="125" number="124" sentence="4">but</token>
  <token id="126" number="125" sentence="4">that</token>
  <token id="127" number="126" sentence="4">was</token>
  <token id="128" number="127" sentence="4">largely</token>
  <token id="129" number="128" sentence="4">because</token>
  <token id="130" number="129" sentence="4">capital</token>
  <token id="131" number="130" sentence="4">gains</token>
  <token id="132" number="131" sentence="4">at</token>
  <token id="133" number="132" sentence="4">Crum</token>
  <token id="134" number="133" sentence="4">amp</token>
  <token id="135" number="134" sentence="4">Forster</token>
  <token id="136" number="135" sentence="4">offset</token>
  <token id="137" number="136" sentence="4">Hurricane</token>
  <token id="138" number="137" sentence="4">Hugo</token>
  <token id="139" number="138" sentence="4">payments</token>
  <token id="140" number="139" sentence="4">and</token>
  <token id="141" number="140" sentence="4">the</token>
  <token id="142" number="141" sentence="4">reserves</token>
  <token id="143" number="142" sentence="4">set</token>
  <token id="144" number="143" sentence="4">up</token>
  <token id="145" number="144" sentence="4">to</token>
  <token id="146" number="145" sentence="4">cover</token>
  <token id="147" number="146" sentence="4">future</token>
  <token id="148" number="147" sentence="4">payments</token>
  <token id="149" number="148" sentence="4">.</token>
  <token id="150" number="149" sentence="5">Property</token>
  <token id="151" number="150" sentence="5">/</token>
  <token id="152" number="151" sentence="5">casualty</token>
  <token id="153" number="152" sentence="5">insurance</token>
  <token id="154" number="153" sentence="5">has</token>
  <token id="155" number="154" sentence="5">been</token>
  <token id="156" number="155" sentence="5">a</token>
  <token id="157" number="156" sentence="5">tough</token>
  <token id="158" number="157" sentence="5">business</token>
  <token id="159" number="158" sentence="5">in</token>
  <token id="160" number="159" sentence="5">recent</token>
  <token id="161" number="160" sentence="5">quarters</token>
  <token id="162" number="161" sentence="5">,</token>
  <token id="163" number="162" sentence="5">as</token>
  <token id="164" number="163" sentence="5">pricing</token>
  <token id="165" number="164" sentence="5">has</token>
  <token id="166" number="165" sentence="5">been</token>
  <token id="167" number="166" sentence="5">cutthroat</token>
  <token id="168" number="167" sentence="5">and</token>
  <token id="169" number="168" sentence="5">natural</token>
  <token id="170" number="169" sentence="5">disasters</token>
  <token id="171" number="170" sentence="5">such</token>
  <token id="172" number="171" sentence="5">as</token>
  <token id="173" number="172" sentence="5">Hurricane</token>
  <token id="174" number="173" sentence="5">Hugo</token>
  <token id="175" number="174" sentence="5">and</token>
  <token id="176" number="175" sentence="5">the</token>
  <token id="177" number="176" sentence="5">California</token>
  <token id="178" number="177" sentence="5">earthquake</token>
  <token id="179" number="178" sentence="5">have</token>
  <token id="180" number="179" sentence="5">resulted</token>
  <token id="181" number="180" sentence="5">in</token>
  <token id="182" number="181" sentence="5">huge</token>
  <token id="183" number="182" sentence="5">payments</token>
  <token id="184" number="183" sentence="5">.</token>
</Document>
