<Document doc_name="wsj_0709">
  <Markables>
    <TIMEX3 RELATED_TO="" TAG_DESCRIPTOR="Empty_Mark" beginPoint="" comment="" endPoint="" freq="" functionInDocument="CREATION_TIME" id="0" quant="" type="DATE" value="1989-10-27" />
    <EVENT aspect="NONE" certainty="" class="REPORTING" comment="" factuality="" id="1" modality="NONE" polarity="POS" pos="VERB" tense="PAST">
      <token_anchor id="4" />
    </EVENT>
    <EVENT aspect="NONE" certainty="" class="I_STATE" comment="" factuality="" id="2" modality="NONE" polarity="POS" pos="VERB" tense="PRESENT">
      <token_anchor id="6" />
    </EVENT>
    <EVENT aspect="NONE" certainty="" class="REPORTING" comment="" factuality="" id="3" modality="NONE" polarity="POS" pos="VERB" tense="INFINITIVE">
      <token_anchor id="8" />
    </EVENT>
    <EVENT aspect="NONE" certainty="" class="STATE" comment="" factuality="" id="4" modality="NONE" polarity="POS" pos="NOUN" tense="NONE">
      <token_anchor id="10" />
    </EVENT>
    <TIMEX3 anchorTimeID="0" beginPoint="" comment="" endPoint="" freq="" functionInDocument="NONE" id="5" quant="" type="DATE" value="1989-Q3">
      <token_anchor id="17" />
      <token_anchor id="18" />
      <token_anchor id="19" />
    </TIMEX3>
    <EVENT aspect="NONE" certainty="" class="REPORTING" comment="" factuality="" id="6" modality="NONE" polarity="POS" pos="VERB" tense="PAST">
      <token_anchor id="23" />
    </EVENT>
    <EVENT aspect="NONE" certainty="" class="I_STATE" comment="" factuality="" id="7" modality="NONE" polarity="POS" pos="VERB" tense="PRESENT">
      <token_anchor id="25" />
    </EVENT>
    <EVENT aspect="NONE" certainty="" class="OCCURRENCE" comment="" factuality="" id="8" modality="NONE" polarity="POS" pos="VERB" tense="INFINITIVE">
      <token_anchor id="27" />
    </EVENT>
    <TIMEX3 anchorTimeID="0" beginPoint="" comment="" endPoint="" freq="" functionInDocument="NONE" id="9" quant="" type="DATE" value="1989-11">
      <token_anchor id="31" />
    </TIMEX3>
    <EVENT aspect="NONE" certainty="" class="OCCURRENCE" comment="" factuality="" id="10" modality="NONE" polarity="POS" pos="VERB" tense="PAST">
      <token_anchor id="39" />
    </EVENT>
    <TIMEX3 anchorTimeID="0" beginPoint="" comment="" endPoint="" freq="" functionInDocument="NONE" id="11" quant="" type="DATE" value="1988-12">
      <token_anchor id="49" />
    </TIMEX3>
    <TIMEX3 anchorTimeID="13" beginPoint="" comment="" endPoint="" freq="" functionInDocument="NONE" id="12" quant="" type="DATE" value="1988-Q2">
      <token_anchor id="52" />
      <token_anchor id="53" />
      <token_anchor id="54" />
      <token_anchor id="55" />
    </TIMEX3>
    <TIMEX3 anchorTimeID="12" beginPoint="" comment="" endPoint="" freq="" functionInDocument="NONE" id="13" quant="" type="DATE" value="1988-Q2">
      <token_anchor id="58" />
      <token_anchor id="59" />
    </TIMEX3>
    <TIMEX3 anchorTimeID="12" beginPoint="" comment="" endPoint="" freq="" functionInDocument="NONE" id="14" quant="" type="DATE" value="1988-10-31">
      <token_anchor id="61" />
      <token_anchor id="62" />
      <token_anchor id="63" />
    </TIMEX3>
    <EVENT aspect="NONE" certainty="" class="OCCURRENCE" comment="" factuality="" id="15" modality="NONE" polarity="POS" pos="VERB" tense="PAST">
      <token_anchor id="67" />
    </EVENT>
    <EVENT aspect="NONE" certainty="" class="OCCURRENCE" comment="" factuality="" id="16" modality="NONE" polarity="POS" pos="NOUN" tense="NONE">
      <token_anchor id="69" />
    </EVENT>
    <TIMEX3 anchorTimeID="13" beginPoint="" comment="" endPoint="" freq="" functionInDocument="NONE" id="17" quant="" type="DATE" value="1988-Q2">
      <token_anchor id="91" />
      <token_anchor id="92" />
    </TIMEX3>
    <EVENT aspect="NONE" certainty="" class="OCCURRENCE" comment="" factuality="" id="18" modality="NONE" polarity="POS" pos="NOUN" tense="NONE">
      <token_anchor id="105" />
    </EVENT>
  </Markables>
  <Relations>
    <TLINK comment="" id="1" relType="BEFORE">
      <source id="1" />
      <target id="0" />
    </TLINK>
    <TLINK comment="" id="2" relType="DURING">
      <source id="4" />
      <target id="5" />
    </TLINK>
    <TLINK comment="" id="3" relType="BEFORE">
      <source id="6" />
      <target id="0" />
    </TLINK>
    <TLINK comment="" id="4" relType="BEFORE">
      <source id="7" />
      <target id="9" />
    </TLINK>
    <TLINK comment="" id="5" relType="IS_INCLUDED">
      <source id="8" />
      <target id="9" />
    </TLINK>
    <TLINK comment="" id="6" relType="IS_INCLUDED">
      <source id="10" />
      <target id="11" />
    </TLINK>
    <TLINK comment="" id="7" relType="IDENTITY">
      <source id="15" />
      <target id="16" />
    </TLINK>
    <TLINK comment="" id="8" relType="BEFORE">
      <source id="16" />
      <target id="0" />
    </TLINK>
    <TLINK comment="" id="9" relType="DURING">
      <source id="16" />
      <target id="12" />
    </TLINK>
    <TLINK comment="" id="10" relType="DURING">
      <source id="16" />
      <target id="13" />
    </TLINK>
    <TLINK comment="" id="11" relType="ENDED_BY">
      <source id="16" />
      <target id="14" />
    </TLINK>
    <TLINK comment="" id="12" relType="IS_INCLUDED">
      <source id="18" />
      <target id="17" />
    </TLINK>
  </Relations>
  <token id="1" number="0" sentence="0">Service</token>
  <token id="2" number="1" sentence="0">Corp.</token>
  <token id="3" number="2" sentence="1">International</token>
  <token id="4" number="3" sentence="1">said</token>
  <token id="5" number="4" sentence="1">it</token>
  <token id="6" number="5" sentence="1">expects</token>
  <token id="7" number="6" sentence="1">to</token>
  <token id="8" number="7" sentence="1">report</token>
  <token id="9" number="8" sentence="1">net</token>
  <token id="10" number="9" sentence="1">income</token>
  <token id="11" number="10" sentence="1">of</token>
  <token id="12" number="11" sentence="1">15</token>
  <token id="13" number="12" sentence="1">cents</token>
  <token id="14" number="13" sentence="1">a</token>
  <token id="15" number="14" sentence="1">share</token>
  <token id="16" number="15" sentence="1">for</token>
  <token id="17" number="16" sentence="1">the</token>
  <token id="18" number="17" sentence="1">third</token>
  <token id="19" number="18" sentence="1">quarter</token>
  <token id="20" number="19" sentence="1">.</token>
  <token id="21" number="20" sentence="2">The</token>
  <token id="22" number="21" sentence="2">company</token>
  <token id="23" number="22" sentence="2">said</token>
  <token id="24" number="23" sentence="2">it</token>
  <token id="25" number="24" sentence="2">expects</token>
  <token id="26" number="25" sentence="2">to</token>
  <token id="27" number="26" sentence="2">release</token>
  <token id="28" number="27" sentence="2">third-quarter</token>
  <token id="29" number="28" sentence="2">results</token>
  <token id="30" number="29" sentence="2">in</token>
  <token id="31" number="30" sentence="2">mid-November</token>
  <token id="32" number="31" sentence="2">.</token>
  <token id="33" number="32" sentence="3">The</token>
  <token id="34" number="33" sentence="3">funeral</token>
  <token id="35" number="34" sentence="3">home</token>
  <token id="36" number="35" sentence="3">and</token>
  <token id="37" number="36" sentence="3">cemetery</token>
  <token id="38" number="37" sentence="3">operator</token>
  <token id="39" number="38" sentence="3">changed</token>
  <token id="40" number="39" sentence="3">from</token>
  <token id="41" number="40" sentence="3">a</token>
  <token id="42" number="41" sentence="3">fiscal</token>
  <token id="43" number="42" sentence="3">year</token>
  <token id="44" number="43" sentence="3">to</token>
  <token id="45" number="44" sentence="3">a</token>
  <token id="46" number="45" sentence="3">calendar</token>
  <token id="47" number="46" sentence="3">year</token>
  <token id="48" number="47" sentence="3">in</token>
  <token id="49" number="48" sentence="3">December</token>
  <token id="50" number="49" sentence="3">.</token>
  <token id="51" number="50" sentence="4">In</token>
  <token id="52" number="51" sentence="4">the</token>
  <token id="53" number="52" sentence="4">comparable</token>
  <token id="54" number="53" sentence="4">year-ago</token>
  <token id="55" number="54" sentence="4">quarter</token>
  <token id="56" number="55" sentence="4">,</token>
  <token id="57" number="56" sentence="4">the</token>
  <token id="58" number="57" sentence="4">second</token>
  <token id="59" number="58" sentence="4">quarter</token>
  <token id="60" number="59" sentence="4">ended</token>
  <token id="61" number="60" sentence="4">Oct</token>
  <token id="62" number="61" sentence="4">.</token>
  <token id="63" number="62" sentence="4">31</token>
  <token id="64" number="63" sentence="4">,</token>
  <token id="65" number="64" sentence="4">Service</token>
  <token id="66" number="65" sentence="4">Corp.</token>
  <token id="67" number="66" sentence="4">had</token>
  <token id="68" number="67" sentence="4">a</token>
  <token id="69" number="68" sentence="4">loss</token>
  <token id="70" number="69" sentence="4">of</token>
  <token id="71" number="70" sentence="4">about</token>
  <token id="72" number="71" sentence="4">$</token>
  <token id="73" number="72" sentence="4">12.5</token>
  <token id="74" number="73" sentence="4">million</token>
  <token id="75" number="74" sentence="4">,</token>
  <token id="76" number="75" sentence="4">or</token>
  <token id="77" number="76" sentence="4">26</token>
  <token id="78" number="77" sentence="4">cents</token>
  <token id="79" number="78" sentence="4">a</token>
  <token id="80" number="79" sentence="4">share</token>
  <token id="81" number="80" sentence="4">,</token>
  <token id="82" number="81" sentence="4">on</token>
  <token id="83" number="82" sentence="4">revenue</token>
  <token id="84" number="83" sentence="4">of</token>
  <token id="85" number="84" sentence="4">$</token>
  <token id="86" number="85" sentence="4">175.4</token>
  <token id="87" number="86" sentence="4">million</token>
  <token id="88" number="87" sentence="4">.</token>
  <token id="89" number="88" sentence="5">Results</token>
  <token id="90" number="89" sentence="5">for</token>
  <token id="91" number="90" sentence="5">that</token>
  <token id="92" number="91" sentence="5">quarter</token>
  <token id="93" number="92" sentence="5">included</token>
  <token id="94" number="93" sentence="5">a</token>
  <token id="95" number="94" sentence="5">$</token>
  <token id="96" number="95" sentence="5">30</token>
  <token id="97" number="96" sentence="5">million</token>
  <token id="98" number="97" sentence="5">,</token>
  <token id="99" number="98" sentence="5">or</token>
  <token id="100" number="99" sentence="5">40</token>
  <token id="101" number="100" sentence="5">cents</token>
  <token id="102" number="101" sentence="5">a</token>
  <token id="103" number="102" sentence="5">share</token>
  <token id="104" number="103" sentence="5">,</token>
  <token id="105" number="104" sentence="5">write-down</token>
  <token id="106" number="105" sentence="5">associated</token>
  <token id="107" number="106" sentence="5">with</token>
  <token id="108" number="107" sentence="5">the</token>
  <token id="109" number="108" sentence="5">consolidation</token>
  <token id="110" number="109" sentence="5">of</token>
  <token id="111" number="110" sentence="5">a</token>
  <token id="112" number="111" sentence="5">facility</token>
  <token id="113" number="112" sentence="5">.</token>
</Document>
