<Document doc_name="wsj_1039">
  <Markables>
    <TIMEX3 RELATED_TO="" TAG_DESCRIPTOR="Empty_Mark" beginPoint="" comment="" endPoint="" freq="" functionInDocument="CREATION_TIME" id="0" quant="" type="DATE" value="1989-10-26" />
    <EVENT aspect="NONE" certainty="" class="REPORTING" comment="" factuality="" id="1" modality="NONE" polarity="POS" pos="VERB" tense="PAST">
      <token_anchor id="9" />
    </EVENT>
    <EVENT aspect="NONE" certainty="" class="OCCURRENCE" comment="" factuality="" id="2" modality="NONE" polarity="POS" pos="NOUN" tense="NONE">
      <token_anchor id="12" />
    </EVENT>
    <EVENT aspect="NONE" certainty="" class="OCCURRENCE" comment="" factuality="" id="3" modality="NONE" polarity="POS" pos="NOUN" tense="NONE">
      <token_anchor id="15" />
    </EVENT>
    <TIMEX3 anchorTimeID="0" beginPoint="" comment="" endPoint="" freq="" functionInDocument="NONE" id="4" quant="" type="DATE" value="1989-Q3">
      <token_anchor id="18" />
      <token_anchor id="19" />
    </TIMEX3>
    <EVENT aspect="NONE" certainty="" class="OCCURRENCE" comment="" factuality="" id="5" modality="NONE" polarity="POS" pos="VERB" tense="PRESPART">
      <token_anchor id="21" />
    </EVENT>
    <EVENT aspect="NONE" certainty="" class="OCCURRENCE" comment="" factuality="" id="6" modality="NONE" polarity="POS" pos="NOUN" tense="NONE">
      <token_anchor id="22" />
    </EVENT>
    <EVENT aspect="NONE" certainty="" class="OCCURRENCE" comment="" factuality="" id="7" modality="NONE" polarity="POS" pos="VERB" tense="PAST">
      <token_anchor id="36" />
    </EVENT>
    <TIMEX3 anchorTimeID="4" beginPoint="" comment="" endPoint="" freq="" functionInDocument="NONE" id="8" quant="" type="DATE" value="1988-Q3">
      <token_anchor id="62" />
      <token_anchor id="63" />
      <token_anchor id="64" />
    </TIMEX3>
    <EVENT aspect="NONE" certainty="" class="OCCURRENCE" comment="" factuality="" id="9" modality="NONE" polarity="POS" pos="VERB" tense="PAST">
      <token_anchor id="67" />
    </EVENT>
    <EVENT aspect="NONE" certainty="" class="OCCURRENCE" comment="" factuality="" id="10" modality="NONE" polarity="POS" pos="NOUN" tense="NONE">
      <token_anchor id="81" />
    </EVENT>
    <EVENT aspect="NONE" certainty="" class="I_STATE" comment="" factuality="" id="11" modality="NONE" polarity="POS" pos="VERB" tense="PAST">
      <token_anchor id="100" />
    </EVENT>
    <TIMEX3 anchorTimeID="4" beginPoint="" comment="" endPoint="" freq="" functionInDocument="NONE" id="12" quant="" type="DATE" value="1989-Q3">
      <token_anchor id="115" />
      <token_anchor id="116" />
    </TIMEX3>
    <EVENT aspect="NONE" certainty="" class="REPORTING" comment="" factuality="" id="13" modality="NONE" polarity="POS" pos="VERB" tense="PAST">
      <token_anchor id="118" />
    </EVENT>
    <EVENT aspect="NONE" certainty="" class="STATE" comment="" factuality="" id="14" modality="NONE" polarity="POS" pos="NOUN" tense="NONE">
      <token_anchor id="123" />
    </EVENT>
    <EVENT aspect="NONE" certainty="" class="OCCURRENCE" comment="" factuality="" id="16" modality="NONE" polarity="POS" pos="VERB" tense="PAST">
      <token_anchor id="127" />
    </EVENT>
    <C-SIGNAL id="15">
      <token_anchor id="126" />
      <token_anchor id="127" />
      <token_anchor id="128" />
    </C-SIGNAL>
    <EVENT aspect="NONE" certainty="" class="OCCURRENCE" comment="" factuality="" id="17" modality="NONE" polarity="POS" pos="NOUN" tense="NONE">
      <token_anchor id="130" />
    </EVENT>
  </Markables>
  <Relations>
    <TLINK comment="" id="1" relType="BEFORE">
      <source id="1" />
      <target id="0" />
    </TLINK>
    <TLINK comment="" id="2" relType="ENDS">
      <source id="3" />
      <target id="4" />
    </TLINK>
    <TLINK comment="" id="3" relType="SIMULTANEOUS">
      <source id="5" />
      <target id="1" />
    </TLINK>
    <TLINK comment="" id="4" relType="AFTER">
      <source id="5" />
      <target id="6" />
    </TLINK>
    <TLINK comment="" id="5" relType="DURING">
      <source id="7" />
      <target id="8" />
    </TLINK>
    <TLINK comment="" id="6" relType="DURING">
      <source id="9" />
      <target id="8" />
    </TLINK>
    <TLINK comment="" id="7" relType="INCLUDES">
      <source id="10" />
      <target id="3" />
    </TLINK>
    <CLINK c-signalID="15" comment="" id="8">
      <source id="17" />
      <target id="14" />
    </CLINK>
  </Relations>
  <token id="1" number="0" sentence="0">Amdahl</token>
  <token id="2" number="1" sentence="0">Corp.,</token>
  <token id="3" number="2" sentence="0">a</token>
  <token id="4" number="3" sentence="0">maker</token>
  <token id="5" number="4" sentence="0">of</token>
  <token id="6" number="5" sentence="0">mainframe</token>
  <token id="7" number="6" sentence="0">computers</token>
  <token id="8" number="7" sentence="0">,</token>
  <token id="9" number="8" sentence="0">reported</token>
  <token id="10" number="9" sentence="0">a</token>
  <token id="11" number="10" sentence="0">sharp</token>
  <token id="12" number="11" sentence="0">decline</token>
  <token id="13" number="12" sentence="0">in</token>
  <token id="14" number="13" sentence="0">net</token>
  <token id="15" number="14" sentence="0">income</token>
  <token id="16" number="15" sentence="0">for</token>
  <token id="17" number="16" sentence="0">its</token>
  <token id="18" number="17" sentence="0">third</token>
  <token id="19" number="18" sentence="0">quarter</token>
  <token id="20" number="19" sentence="0">,</token>
  <token id="21" number="20" sentence="0">citing</token>
  <token id="22" number="21" sentence="0">pricecutting</token>
  <token id="23" number="22" sentence="0">by</token>
  <token id="24" number="23" sentence="0">competitors</token>
  <token id="25" number="24" sentence="0">and</token>
  <token id="26" number="25" sentence="0">adverse</token>
  <token id="27" number="26" sentence="0">effects</token>
  <token id="28" number="27" sentence="0">from</token>
  <token id="29" number="28" sentence="0">a</token>
  <token id="30" number="29" sentence="0">strong</token>
  <token id="31" number="30" sentence="0">U.S.</token>
  <token id="32" number="31" sentence="0">dollar</token>
  <token id="33" number="32" sentence="0">.</token>
  <token id="34" number="33" sentence="1">Net</token>
  <token id="35" number="34" sentence="1">income</token>
  <token id="36" number="35" sentence="1">fell</token>
  <token id="37" number="36" sentence="1">37</token>
  <token id="38" number="37" sentence="1">%</token>
  <token id="39" number="38" sentence="1">to</token>
  <token id="40" number="39" sentence="1">$</token>
  <token id="41" number="40" sentence="1">32.9</token>
  <token id="42" number="41" sentence="1">million</token>
  <token id="43" number="42" sentence="1">,</token>
  <token id="44" number="43" sentence="1">or</token>
  <token id="45" number="44" sentence="1">30</token>
  <token id="46" number="45" sentence="1">cents</token>
  <token id="47" number="46" sentence="1">a</token>
  <token id="48" number="47" sentence="1">share</token>
  <token id="49" number="48" sentence="1">,</token>
  <token id="50" number="49" sentence="1">from</token>
  <token id="51" number="50" sentence="1">$</token>
  <token id="52" number="51" sentence="1">52.2</token>
  <token id="53" number="52" sentence="1">million</token>
  <token id="54" number="53" sentence="1">,</token>
  <token id="55" number="54" sentence="1">or</token>
  <token id="56" number="55" sentence="1">48</token>
  <token id="57" number="56" sentence="1">cents</token>
  <token id="58" number="57" sentence="1">a</token>
  <token id="59" number="58" sentence="1">share</token>
  <token id="60" number="59" sentence="1">,</token>
  <token id="61" number="60" sentence="1">in</token>
  <token id="62" number="61" sentence="1">the</token>
  <token id="63" number="62" sentence="1">year-ago</token>
  <token id="64" number="63" sentence="1">period</token>
  <token id="65" number="64" sentence="1">.</token>
  <token id="66" number="65" sentence="2">Revenue</token>
  <token id="67" number="66" sentence="2">rose</token>
  <token id="68" number="67" sentence="2">15</token>
  <token id="69" number="68" sentence="2">%</token>
  <token id="70" number="69" sentence="2">to</token>
  <token id="71" number="70" sentence="2">$</token>
  <token id="72" number="71" sentence="2">534.3</token>
  <token id="73" number="72" sentence="2">million</token>
  <token id="74" number="73" sentence="2">from</token>
  <token id="75" number="74" sentence="2">$</token>
  <token id="76" number="75" sentence="2">464.7</token>
  <token id="77" number="76" sentence="2">million</token>
  <token id="78" number="77" sentence="2">.</token>
  <token id="79" number="78" sentence="3">Amdahl</token>
  <token id="80" number="79" sentence="3">'s</token>
  <token id="81" number="80" sentence="3">results</token>
  <token id="82" number="81" sentence="3">were</token>
  <token id="83" number="82" sentence="3">somewhat</token>
  <token id="84" number="83" sentence="3">worse</token>
  <token id="85" number="84" sentence="3">than</token>
  <token id="86" number="85" sentence="3">expected</token>
  <token id="87" number="86" sentence="3">.</token>
  <token id="88" number="87" sentence="4">Jay</token>
  <token id="89" number="88" sentence="4">Stevens</token>
  <token id="90" number="89" sentence="4">,</token>
  <token id="91" number="90" sentence="4">an</token>
  <token id="92" number="91" sentence="4">analyst</token>
  <token id="93" number="92" sentence="4">with</token>
  <token id="94" number="93" sentence="4">Dean</token>
  <token id="95" number="94" sentence="4">Witter</token>
  <token id="96" number="95" sentence="4">Reynolds</token>
  <token id="97" number="96" sentence="4">,</token>
  <token id="98" number="97" sentence="4">said</token>
  <token id="99" number="98" sentence="4">he</token>
  <token id="100" number="99" sentence="4">expected</token>
  <token id="101" number="100" sentence="4">the</token>
  <token id="102" number="101" sentence="4">Sunnyvale</token>
  <token id="103" number="102" sentence="4">,</token>
  <token id="104" number="103" sentence="4">Calif</token>
  <token id="105" number="104" sentence="4">.</token>
  <token id="106" number="105" sentence="4">,</token>
  <token id="107" number="106" sentence="4">company</token>
  <token id="108" number="107" sentence="4">to</token>
  <token id="109" number="108" sentence="4">earn</token>
  <token id="110" number="109" sentence="4">35</token>
  <token id="111" number="110" sentence="4">cents</token>
  <token id="112" number="111" sentence="4">a</token>
  <token id="113" number="112" sentence="4">share</token>
  <token id="114" number="113" sentence="4">for</token>
  <token id="115" number="114" sentence="4">the</token>
  <token id="116" number="115" sentence="4">quarter</token>
  <token id="117" number="116" sentence="4">and</token>
  <token id="118" number="117" sentence="4">said</token>
  <token id="119" number="118" sentence="4">the</token>
  <token id="120" number="119" sentence="4">firm</token>
  <token id="121" number="120" sentence="4">'s</token>
  <token id="122" number="121" sentence="4">weaker</token>
  <token id="123" number="122" sentence="4">profit</token>
  <token id="124" number="123" sentence="4">was</token>
  <token id="125" number="124" sentence="4">partly</token>
  <token id="126" number="125" sentence="4">the</token>
  <token id="127" number="126" sentence="4">result</token>
  <token id="128" number="127" sentence="4">of</token>
  <token id="129" number="128" sentence="4">increased</token>
  <token id="130" number="129" sentence="4">competition</token>
  <token id="131" number="130" sentence="4">from</token>
  <token id="132" number="131" sentence="4">International</token>
  <token id="133" number="132" sentence="4">Business</token>
  <token id="134" number="133" sentence="4">Machines</token>
  <token id="135" number="134" sentence="4">Corp.,</token>
  <token id="136" number="135" sentence="4">Amdahl</token>
  <token id="137" number="136" sentence="4">'s</token>
  <token id="138" number="137" sentence="4">principal</token>
  <token id="139" number="138" sentence="4">competitor</token>
  <token id="140" number="139" sentence="4">for</token>
  <token id="141" number="140" sentence="4">mainframe</token>
  <token id="142" number="141" sentence="4">sales</token>
  <token id="143" number="142" sentence="4">.</token>
</Document>
