<Document doc_name="wsj_0534">
  <Markables>
    <TIMEX3 RELATED_TO="" TAG_DESCRIPTOR="Empty_Mark" beginPoint="" comment="" endPoint="" freq="" functionInDocument="CREATION_TIME" id="0" quant="" type="DATE" value="1989-10-30" />
    <EVENT aspect="NONE" certainty="" class="REPORTING" comment="" factuality="" id="1" modality="NONE" polarity="POS" pos="VERB" tense="PAST">
      <token_anchor id="3" />
    </EVENT>
    <EVENT aspect="PROGRESSIVE" certainty="" class="I_ACTION" comment="" factuality="" id="2" modality="NONE" polarity="POS" pos="VERB" tense="PRESENT">
      <token_anchor id="6" />
    </EVENT>
    <EVENT aspect="NONE" certainty="" class="OCCURRENCE" comment="" factuality="" id="3" modality="NONE" polarity="POS" pos="NOUN" tense="NONE">
      <token_anchor id="9" />
    </EVENT>
    <TIMEX3 anchorTimeID="0" beginPoint="" comment="" endPoint="" freq="" functionInDocument="NONE" id="4" quant="" type="DATE" value="1989-12-07">
      <token_anchor id="11" />
      <token_anchor id="12" />
      <token_anchor id="13" />
    </TIMEX3>
    <EVENT aspect="NONE" certainty="" class="REPORTING" comment="" factuality="" id="5" modality="NONE" polarity="POS" pos="VERB" tense="PAST">
      <token_anchor id="39" />
    </EVENT>
    <EVENT aspect="NONE" certainty="" class="ASPECTUAL" comment="" factuality="" id="6" modality="NONE" polarity="POS" pos="VERB" tense="FUTURE">
      <token_anchor id="47" />
    </EVENT>
    <TIMEX3 anchorTimeID="0" beginPoint="" comment="" endPoint="" freq="" functionInDocument="NONE" id="7" quant="" type="DATE" value="1989-11-30">
      <token_anchor id="49" />
      <token_anchor id="50" />
      <token_anchor id="51" />
    </TIMEX3>
    <TIMEX3 anchorTimeID="7" beginPoint="" comment="" endPoint="" freq="" functionInDocument="NONE" id="8" quant="" type="DATE" value="1989-11-30">
      <token_anchor id="54" />
    </TIMEX3>
    <EVENT aspect="NONE" certainty="" class="REPORTING" comment="" factuality="" id="9" modality="NONE" polarity="POS" pos="VERB" tense="PAST">
      <token_anchor id="57" />
    </EVENT>
    <EVENT aspect="NONE" certainty="" class="STATE" comment="" factuality="" id="10" modality="NONE" polarity="POS" pos="VERB" tense="PRESENT">
      <token_anchor id="60" />
    </EVENT>
    <TIMEX3 anchorTimeID="0" beginPoint="" comment="" endPoint="" freq="" functionInDocument="NONE" id="11" quant="" type="DATE" value="1989-10-27">
      <token_anchor id="101" />
    </TIMEX3>
    <EVENT aspect="NONE" certainty="" class="OCCURRENCE" comment="" factuality="" id="12" modality="NONE" polarity="POS" pos="VERB" tense="PAST">
      <token_anchor id="104" />
    </EVENT>
  </Markables>
  <Relations>
    <TLINK comment="" id="1" relType="BEFORE">
      <source id="1" />
      <target id="0" />
    </TLINK>
    <TLINK comment="" id="2" relType="IDENTITY">
      <source id="1" />
      <target id="5" />
    </TLINK>
    <TLINK comment="" id="3" relType="IS_INCLUDED">
      <source id="3" />
      <target id="4" />
    </TLINK>
    <TLINK comment="" id="4" relType="BEFORE">
      <source id="5" />
      <target id="0" />
    </TLINK>
    <TLINK comment="" id="5" relType="IS_INCLUDED">
      <source id="6" />
      <target id="7" />
    </TLINK>
    <TLINK comment="" id="6" relType="IDENTITY">
      <source id="9" />
      <target id="5" />
    </TLINK>
    <TLINK comment="" id="7" relType="ENDED_BY">
      <source id="10" />
      <target id="8" />
    </TLINK>
    <TLINK comment="" id="8" relType="IS_INCLUDED">
      <source id="12" />
      <target id="11" />
    </TLINK>
  </Relations>
  <token id="1" number="0" sentence="0">Conseco</token>
  <token id="2" number="1" sentence="0">Inc.</token>
  <token id="3" number="2" sentence="0">said</token>
  <token id="4" number="3" sentence="0">it</token>
  <token id="5" number="4" sentence="0">is</token>
  <token id="6" number="5" sentence="0">calling</token>
  <token id="7" number="6" sentence="0">for</token>
  <token id="8" number="7" sentence="0">the</token>
  <token id="9" number="8" sentence="0">redemption</token>
  <token id="10" number="9" sentence="0">on</token>
  <token id="11" number="10" sentence="0">Dec</token>
  <token id="12" number="11" sentence="0">.</token>
  <token id="13" number="12" sentence="0">7</token>
  <token id="14" number="13" sentence="0">of</token>
  <token id="15" number="14" sentence="0">all</token>
  <token id="16" number="15" sentence="0">the</token>
  <token id="17" number="16" sentence="0">800,000</token>
  <token id="18" number="17" sentence="0">remaining</token>
  <token id="19" number="18" sentence="0">shares</token>
  <token id="20" number="19" sentence="0">outstanding</token>
  <token id="21" number="20" sentence="0">of</token>
  <token id="22" number="21" sentence="0">its</token>
  <token id="23" number="22" sentence="0">$</token>
  <token id="24" number="23" sentence="0">1.875</token>
  <token id="25" number="24" sentence="0">Series</token>
  <token id="26" number="25" sentence="0">A</token>
  <token id="27" number="26" sentence="0">convertible</token>
  <token id="28" number="27" sentence="0">preferred</token>
  <token id="29" number="28" sentence="0">stock</token>
  <token id="30" number="29" sentence="0">at</token>
  <token id="31" number="30" sentence="0">$</token>
  <token id="32" number="31" sentence="0">26.805</token>
  <token id="33" number="32" sentence="0">a</token>
  <token id="34" number="33" sentence="0">share</token>
  <token id="35" number="34" sentence="0">.</token>
  <token id="36" number="35" sentence="1">The</token>
  <token id="37" number="36" sentence="1">insurance</token>
  <token id="38" number="37" sentence="1">concern</token>
  <token id="39" number="38" sentence="1">said</token>
  <token id="40" number="39" sentence="1">all</token>
  <token id="41" number="40" sentence="1">conversion</token>
  <token id="42" number="41" sentence="1">rights</token>
  <token id="43" number="42" sentence="1">on</token>
  <token id="44" number="43" sentence="1">the</token>
  <token id="45" number="44" sentence="1">stock</token>
  <token id="46" number="45" sentence="1">will</token>
  <token id="47" number="46" sentence="1">terminate</token>
  <token id="48" number="47" sentence="1">on</token>
  <token id="49" number="48" sentence="1">Nov</token>
  <token id="50" number="49" sentence="1">.</token>
  <token id="51" number="50" sentence="1">30</token>
  <token id="52" number="51" sentence="1">.</token>
  <token id="53" number="52" sentence="2">Until</token>
  <token id="54" number="53" sentence="2">then</token>
  <token id="55" number="54" sentence="2">,</token>
  <token id="56" number="55" sentence="2">Conseco</token>
  <token id="57" number="56" sentence="2">said</token>
  <token id="58" number="57" sentence="2">the</token>
  <token id="59" number="58" sentence="2">stock</token>
  <token id="60" number="59" sentence="2">remains</token>
  <token id="61" number="60" sentence="2">convertible</token>
  <token id="62" number="61" sentence="2">into</token>
  <token id="63" number="62" sentence="2">common</token>
  <token id="64" number="63" sentence="2">stock</token>
  <token id="65" number="64" sentence="2">at</token>
  <token id="66" number="65" sentence="2">the</token>
  <token id="67" number="66" sentence="2">rate</token>
  <token id="68" number="67" sentence="2">of</token>
  <token id="69" number="68" sentence="2">1.439</token>
  <token id="70" number="69" sentence="2">shares</token>
  <token id="71" number="70" sentence="2">of</token>
  <token id="72" number="71" sentence="2">common</token>
  <token id="73" number="72" sentence="2">stock</token>
  <token id="74" number="73" sentence="2">for</token>
  <token id="75" number="74" sentence="2">each</token>
  <token id="76" number="75" sentence="2">share</token>
  <token id="77" number="76" sentence="2">of</token>
  <token id="78" number="77" sentence="2">preferred</token>
  <token id="79" number="78" sentence="2">stock</token>
  <token id="80" number="79" sentence="2">,</token>
  <token id="81" number="80" sentence="2">which</token>
  <token id="82" number="81" sentence="2">is</token>
  <token id="83" number="82" sentence="2">equivalent</token>
  <token id="84" number="83" sentence="2">to</token>
  <token id="85" number="84" sentence="2">a</token>
  <token id="86" number="85" sentence="2">conversion</token>
  <token id="87" number="86" sentence="2">price</token>
  <token id="88" number="87" sentence="2">of</token>
  <token id="89" number="88" sentence="2">$</token>
  <token id="90" number="89" sentence="2">17.50</token>
  <token id="91" number="90" sentence="2">a</token>
  <token id="92" number="91" sentence="2">common</token>
  <token id="93" number="92" sentence="2">share</token>
  <token id="94" number="93" sentence="2">.</token>
  <token id="95" number="94" sentence="3">In</token>
  <token id="96" number="95" sentence="3">New</token>
  <token id="97" number="96" sentence="3">York</token>
  <token id="98" number="97" sentence="3">Stock</token>
  <token id="99" number="98" sentence="3">Exchange</token>
  <token id="100" number="99" sentence="3">trading</token>
  <token id="101" number="100" sentence="3">Friday</token>
  <token id="102" number="101" sentence="3">,</token>
  <token id="103" number="102" sentence="3">Conseco</token>
  <token id="104" number="103" sentence="3">closed</token>
  <token id="105" number="104" sentence="3">at</token>
  <token id="106" number="105" sentence="3">$</token>
  <token id="107" number="106" sentence="3">19.50</token>
  <token id="108" number="107" sentence="3">,</token>
  <token id="109" number="108" sentence="3">down</token>
  <token id="110" number="109" sentence="3">25</token>
  <token id="111" number="110" sentence="3">cents</token>
  <token id="112" number="111" sentence="3">.</token>
</Document>
