<Document doc_name="wsj_0670">
  <Markables>
    <TIMEX3 RELATED_TO="" TAG_DESCRIPTOR="Empty_Mark" beginPoint="" comment="" endPoint="" freq="" functionInDocument="CREATION_TIME" id="0" quant="" type="DATE" value="1989-10-30" />
    <EVENT aspect="NONE" certainty="" class="REPORTING" comment="" factuality="" id="1" modality="NONE" polarity="POS" pos="VERB" tense="PAST">
      <token_anchor id="4" />
    </EVENT>
    <EVENT aspect="NONE" certainty="" class="I_STATE" comment="" factuality="" id="2" modality="NONE" polarity="POS" pos="VERB" tense="PRESENT">
      <token_anchor id="6" />
    </EVENT>
    <EVENT aspect="NONE" certainty="" class="REPORTING" comment="" factuality="" id="3" modality="NONE" polarity="POS" pos="VERB" tense="INFINITIVE">
      <token_anchor id="8" />
    </EVENT>
    <EVENT aspect="NONE" certainty="" class="STATE" comment="" factuality="" id="4" modality="NONE" polarity="POS" pos="NOUN" tense="NONE">
      <token_anchor id="10" />
    </EVENT>
    <EVENT aspect="NONE" certainty="" class="OCCURRENCE" comment="" factuality="" id="5" modality="NONE" polarity="POS" pos="NOUN" tense="NONE">
      <token_anchor id="18" />
    </EVENT>
    <TIMEX3 anchorTimeID="0" beginPoint="" comment="" endPoint="" freq="" functionInDocument="NONE" id="6" quant="" type="DATE" value="1989-Q3">
      <token_anchor id="27" />
      <token_anchor id="28" />
      <token_anchor id="29" />
    </TIMEX3>
    <EVENT aspect="NONE" certainty="" class="REPORTING" comment="" factuality="" id="7" modality="NONE" polarity="POS" pos="VERB" tense="PAST">
      <token_anchor id="33" />
    </EVENT>
    <EVENT aspect="PERFECTIVE" certainty="" class="I_ACTION" comment="" factuality="" id="8" modality="NONE" polarity="POS" pos="VERB" tense="PRESENT">
      <token_anchor id="36" />
    </EVENT>
    <EVENT aspect="NONE" certainty="" class="OCCURRENCE" comment="" factuality="" id="9" modality="NONE" polarity="POS" pos="VERB" tense="INFINITIVE">
      <token_anchor id="38" />
    </EVENT>
    <EVENT aspect="NONE" certainty="" class="STATE" comment="" factuality="" id="10" modality="NONE" polarity="POS" pos="NOUN" tense="NONE">
      <token_anchor id="61" />
    </EVENT>
    <EVENT aspect="NONE" certainty="" class="STATE" comment="" factuality="" id="11" modality="NONE" polarity="POS" pos="NOUN" tense="NONE">
      <token_anchor id="67" />
    </EVENT>
    <TIMEX3 anchorTimeID="6" beginPoint="" comment="" endPoint="" freq="" functionInDocument="NONE" id="12" quant="" type="DATE" value="1989-Q3">
      <token_anchor id="74" />
      <token_anchor id="75" />
    </TIMEX3>
    <EVENT aspect="NONE" certainty="" class="OCCURRENCE" comment="" factuality="" id="13" modality="NONE" polarity="POS" pos="VERB" tense="INFINITIVE">
      <token_anchor id="82" />
    </EVENT>
    <TIMEX3 anchorTimeID="6" beginPoint="" comment="" endPoint="" freq="" functionInDocument="NONE" id="14" quant="" type="DATE" value="1988-Q3">
      <token_anchor id="92" />
      <token_anchor id="93" />
      <token_anchor id="94" />
      <token_anchor id="95" />
    </TIMEX3>
    <EVENT aspect="NONE" certainty="" class="OCCURRENCE" comment="" factuality="" id="15" modality="NONE" polarity="POS" pos="VERB" tense="PAST">
      <token_anchor id="96" />
    </EVENT>
    <EVENT aspect="NONE" certainty="" class="OCCURRENCE" comment="" factuality="" id="16" modality="NONE" polarity="POS" pos="NOUN" tense="NONE">
      <token_anchor id="109" />
    </EVENT>
    <EVENT aspect="NONE" certainty="" class="OCCURRENCE" comment="" factuality="" id="17" modality="NONE" polarity="POS" pos="NOUN" tense="NONE">
      <token_anchor id="116" />
    </EVENT>
    <EVENT aspect="NONE" certainty="" class="REPORTING" comment="" factuality="" id="18" modality="NONE" polarity="POS" pos="VERB" tense="PAST">
      <token_anchor id="132" />
    </EVENT>
    <EVENT aspect="NONE" certainty="" class="ASPECTUAL" comment="" factuality="" id="19" modality="NONE" polarity="POS" pos="VERB" tense="PRESENT">
      <token_anchor id="134" />
    </EVENT>
    <EVENT aspect="NONE" certainty="" class="I_ACTION" comment="" factuality="" id="20" modality="NONE" polarity="POS" pos="VERB" tense="INFINITIVE">
      <token_anchor id="136" />
    </EVENT>
    <EVENT aspect="NONE" certainty="" class="OCCURRENCE" comment="" factuality="" id="21" modality="NONE" polarity="POS" pos="NOUN" tense="NONE">
      <token_anchor id="142" />
    </EVENT>
    <EVENT aspect="NONE" certainty="" class="OCCURRENCE" comment="" factuality="" id="22" modality="NONE" polarity="POS" pos="NOUN" tense="NONE">
      <token_anchor id="160" />
    </EVENT>
    <EVENT aspect="NONE" certainty="" class="OCCURRENCE" comment="" factuality="" id="23" modality="NONE" polarity="POS" pos="NOUN" tense="NONE">
      <token_anchor id="169" />
    </EVENT>
    <EVENT aspect="NONE" certainty="" class="OCCURRENCE" comment="" factuality="" id="24" modality="NONE" polarity="POS" pos="NOUN" tense="NONE">
      <token_anchor id="184" />
    </EVENT>
    <TIMEX3 beginPoint="" comment="" endPoint="" freq="" functionInDocument="NONE" id="25" quant="" type="DURATION" value="P2Y">
      <token_anchor id="192" />
      <token_anchor id="193" />
      <token_anchor id="194" />
      <token_anchor id="195" />
    </TIMEX3>
    <TIMEX3 beginPoint="" comment="" endPoint="" freq="" functionInDocument="NONE" id="26" quant="" type="DATE" value="1989">
      <token_anchor id="222" />
      <token_anchor id="223" />
    </TIMEX3>
    <EVENT aspect="NONE" certainty="" class="STATE" comment="" factuality="" id="27" modality="NONE" polarity="POS" pos="VERB" tense="PAST">
      <token_anchor id="226" />
    </EVENT>
    <EVENT aspect="NONE" certainty="" class="STATE" comment="" factuality="" id="28" modality="NONE" polarity="POS" pos="NOUN" tense="NONE">
      <token_anchor id="227" />
    </EVENT>
    <EVENT aspect="NONE" certainty="" class="STATE" comment="" factuality="" id="29" modality="NONE" polarity="POS" pos="NOUN" tense="NONE">
      <token_anchor id="236" />
    </EVENT>
  </Markables>
  <Relations>
    <TLINK comment="" id="1" relType="BEFORE">
      <source id="1" />
      <target id="0" />
    </TLINK>
    <TLINK comment="" id="2" relType="BEFORE">
      <source id="4" />
      <target id="1" />
    </TLINK>
    <TLINK comment="" id="3" relType="IS_INCLUDED">
      <source id="4" />
      <target id="6" />
    </TLINK>
    <TLINK comment="" id="4" relType="BEFORE">
      <source id="5" />
      <target id="1" />
    </TLINK>
    <TLINK comment="" id="5" relType="BEFORE">
      <source id="5" />
      <target id="4" />
    </TLINK>
    <TLINK comment="" id="6" relType="IDENTITY">
      <source id="7" />
      <target id="1" />
    </TLINK>
    <TLINK comment="" id="7" relType="IDENTITY">
      <source id="10" />
      <target id="4" />
    </TLINK>
    <TLINK comment="" id="8" relType="IS_INCLUDED">
      <source id="11" />
      <target id="12" />
    </TLINK>
    <TLINK comment="" id="9" relType="IS_INCLUDED">
      <source id="15" />
      <target id="14" />
    </TLINK>
    <TLINK comment="" id="10" relType="IS_INCLUDED">
      <source id="16" />
      <target id="15" />
    </TLINK>
    <TLINK comment="" id="11" relType="AFTER">
      <source id="16" />
      <target id="17" />
    </TLINK>
    <TLINK comment="" id="12" relType="IDENTITY">
      <source id="18" />
      <target id="7" />
    </TLINK>
    <TLINK comment="" id="13" relType="INCLUDES">
      <source id="20" />
      <target id="19" />
    </TLINK>
    <TLINK comment="" id="14" relType="IDENTITY">
      <source id="22" />
      <target id="5" />
    </TLINK>
    <TLINK comment="" id="15" relType="BEFORE">
      <source id="23" />
      <target id="22" />
    </TLINK>
    <TLINK comment="" id="16" relType="DURING">
      <source id="24" />
      <target id="25" />
    </TLINK>
    <TLINK comment="" id="17" relType="IDENTITY">
      <source id="27" />
      <target id="28" />
    </TLINK>
    <TLINK comment="" id="18" relType="IS_INCLUDED">
      <source id="28" />
      <target id="26" />
    </TLINK>
    <TLINK comment="" id="19" relType="IS_INCLUDED">
      <source id="29" />
      <target id="26" />
    </TLINK>
  </Relations>
  <token id="1" number="0" sentence="0">National</token>
  <token id="2" number="1" sentence="0">Intergroup</token>
  <token id="3" number="2" sentence="0">Inc.</token>
  <token id="4" number="3" sentence="0">said</token>
  <token id="5" number="4" sentence="0">it</token>
  <token id="6" number="5" sentence="0">expects</token>
  <token id="7" number="6" sentence="0">to</token>
  <token id="8" number="7" sentence="0">report</token>
  <token id="9" number="8" sentence="0">a</token>
  <token id="10" number="9" sentence="0">charge</token>
  <token id="11" number="10" sentence="0">of</token>
  <token id="12" number="11" sentence="0">$</token>
  <token id="13" number="12" sentence="0">5.3</token>
  <token id="14" number="13" sentence="0">million</token>
  <token id="15" number="14" sentence="0">related</token>
  <token id="16" number="15" sentence="0">to</token>
  <token id="17" number="16" sentence="0">the</token>
  <token id="18" number="17" sentence="0">sale</token>
  <token id="19" number="18" sentence="0">of</token>
  <token id="20" number="19" sentence="0">its</token>
  <token id="21" number="20" sentence="0">aluminum</token>
  <token id="22" number="21" sentence="0">unit</token>
  <token id="23" number="22" sentence="0">'s</token>
  <token id="24" number="23" sentence="0">extrusion</token>
  <token id="25" number="24" sentence="0">division</token>
  <token id="26" number="25" sentence="0">for</token>
  <token id="27" number="26" sentence="0">the</token>
  <token id="28" number="27" sentence="0">third</token>
  <token id="29" number="28" sentence="0">quarter</token>
  <token id="30" number="29" sentence="0">.</token>
  <token id="31" number="30" sentence="1">The</token>
  <token id="32" number="31" sentence="1">company</token>
  <token id="33" number="32" sentence="1">said</token>
  <token id="34" number="33" sentence="1">it</token>
  <token id="35" number="34" sentence="1">has</token>
  <token id="36" number="35" sentence="1">agreed</token>
  <token id="37" number="36" sentence="1">to</token>
  <token id="38" number="37" sentence="1">sell</token>
  <token id="39" number="38" sentence="1">the</token>
  <token id="40" number="39" sentence="1">extrusion</token>
  <token id="41" number="40" sentence="1">division</token>
  <token id="42" number="41" sentence="1">for</token>
  <token id="43" number="42" sentence="1">$</token>
  <token id="44" number="43" sentence="1">15</token>
  <token id="45" number="44" sentence="1">million</token>
  <token id="46" number="45" sentence="1">to</token>
  <token id="47" number="46" sentence="1">R.D.</token>
  <token id="48" number="47" sentence="1">Werner</token>
  <token id="49" number="48" sentence="1">Co.,</token>
  <token id="50" number="49" sentence="1">a</token>
  <token id="51" number="50" sentence="1">closely</token>
  <token id="52" number="51" sentence="1">held</token>
  <token id="53" number="52" sentence="1">firm</token>
  <token id="54" number="53" sentence="1">based</token>
  <token id="55" number="54" sentence="1">in</token>
  <token id="56" number="55" sentence="1">Greenville</token>
  <token id="57" number="56" sentence="1">,</token>
  <token id="58" number="57" sentence="1">Pa</token>
  <token id="59" number="58" sentence="1">.</token>
  <token id="60" number="59" sentence="2">The</token>
  <token id="61" number="60" sentence="2">charge</token>
  <token id="62" number="61" sentence="2">is</token>
  <token id="63" number="62" sentence="2">offset</token>
  <token id="64" number="63" sentence="2">by</token>
  <token id="65" number="64" sentence="2">an</token>
  <token id="66" number="65" sentence="2">after-tax</token>
  <token id="67" number="66" sentence="2">gain</token>
  <token id="68" number="67" sentence="2">of</token>
  <token id="69" number="68" sentence="2">about</token>
  <token id="70" number="69" sentence="2">$</token>
  <token id="71" number="70" sentence="2">30</token>
  <token id="72" number="71" sentence="2">million</token>
  <token id="73" number="72" sentence="2">in</token>
  <token id="74" number="73" sentence="2">the</token>
  <token id="75" number="74" sentence="2">quarter</token>
  <token id="76" number="75" sentence="2">from</token>
  <token id="77" number="76" sentence="2">the</token>
  <token id="78" number="77" sentence="2">previously</token>
  <token id="79" number="78" sentence="2">announced</token>
  <token id="80" number="79" sentence="2">pact</token>
  <token id="81" number="80" sentence="2">to</token>
  <token id="82" number="81" sentence="2">sell</token>
  <token id="83" number="82" sentence="2">National</token>
  <token id="84" number="83" sentence="2">Aluminum</token>
  <token id="85" number="84" sentence="2">'s</token>
  <token id="86" number="85" sentence="2">rolling</token>
  <token id="87" number="86" sentence="2">division</token>
  <token id="88" number="87" sentence="2">.</token>
  <token id="89" number="88" sentence="3">National</token>
  <token id="90" number="89" sentence="3">Intergroup</token>
  <token id="91" number="90" sentence="3">in</token>
  <token id="92" number="91" sentence="3">the</token>
  <token id="93" number="92" sentence="3">year-ago</token>
  <token id="94" number="93" sentence="3">third</token>
  <token id="95" number="94" sentence="3">quarter</token>
  <token id="96" number="95" sentence="3">earned</token>
  <token id="97" number="96" sentence="3">$</token>
  <token id="98" number="97" sentence="3">22.5</token>
  <token id="99" number="98" sentence="3">million</token>
  <token id="100" number="99" sentence="3">,</token>
  <token id="101" number="100" sentence="3">or</token>
  <token id="102" number="101" sentence="3">97</token>
  <token id="103" number="102" sentence="3">cents</token>
  <token id="104" number="103" sentence="3">a</token>
  <token id="105" number="104" sentence="3">share</token>
  <token id="106" number="105" sentence="3">,</token>
  <token id="107" number="106" sentence="3">including</token>
  <token id="108" number="107" sentence="3">a</token>
  <token id="109" number="108" sentence="3">gain</token>
  <token id="110" number="109" sentence="3">of</token>
  <token id="111" number="110" sentence="3">$</token>
  <token id="112" number="111" sentence="3">18</token>
  <token id="113" number="112" sentence="3">million</token>
  <token id="114" number="113" sentence="3">from</token>
  <token id="115" number="114" sentence="3">the</token>
  <token id="116" number="115" sentence="3">sale</token>
  <token id="117" number="116" sentence="3">of</token>
  <token id="118" number="117" sentence="3">a</token>
  <token id="119" number="118" sentence="3">steel</token>
  <token id="120" number="119" sentence="3">tube</token>
  <token id="121" number="120" sentence="3">company</token>
  <token id="122" number="121" sentence="3">.</token>
  <token id="123" number="122" sentence="4">Revenue</token>
  <token id="124" number="123" sentence="4">was</token>
  <token id="125" number="124" sentence="4">$</token>
  <token id="126" number="125" sentence="4">778.6</token>
  <token id="127" number="126" sentence="4">million</token>
  <token id="128" number="127" sentence="4">.</token>
  <token id="129" number="128" sentence="5">The</token>
  <token id="130" number="129" sentence="5">company</token>
  <token id="131" number="130" sentence="5">also</token>
  <token id="132" number="131" sentence="5">said</token>
  <token id="133" number="132" sentence="5">it</token>
  <token id="134" number="133" sentence="5">continues</token>
  <token id="135" number="134" sentence="5">to</token>
  <token id="136" number="135" sentence="5">explore</token>
  <token id="137" number="136" sentence="5">all</token>
  <token id="138" number="137" sentence="5">options</token>
  <token id="139" number="138" sentence="5">concerning</token>
  <token id="140" number="139" sentence="5">the</token>
  <token id="141" number="140" sentence="5">possible</token>
  <token id="142" number="141" sentence="5">sale</token>
  <token id="143" number="142" sentence="5">of</token>
  <token id="144" number="143" sentence="5">National</token>
  <token id="145" number="144" sentence="5">Aluminum</token>
  <token id="146" number="145" sentence="5">'s</token>
  <token id="147" number="146" sentence="5">54.5</token>
  <token id="148" number="147" sentence="5">%</token>
  <token id="149" number="148" sentence="5">stake</token>
  <token id="150" number="149" sentence="5">in</token>
  <token id="151" number="150" sentence="5">an</token>
  <token id="152" number="151" sentence="5">aluminum</token>
  <token id="153" number="152" sentence="5">smelter</token>
  <token id="154" number="153" sentence="5">in</token>
  <token id="155" number="154" sentence="5">Hawesville</token>
  <token id="156" number="155" sentence="5">,</token>
  <token id="157" number="156" sentence="5">Ky</token>
  <token id="158" number="157" sentence="5">.</token>
  <token id="159" number="158" sentence="6">The</token>
  <token id="160" number="159" sentence="6">sale</token>
  <token id="161" number="160" sentence="6">of</token>
  <token id="162" number="161" sentence="6">the</token>
  <token id="163" number="162" sentence="6">extrusion</token>
  <token id="164" number="163" sentence="6">division</token>
  <token id="165" number="164" sentence="6">is</token>
  <token id="166" number="165" sentence="6">subject</token>
  <token id="167" number="166" sentence="6">to</token>
  <token id="168" number="167" sentence="6">audit</token>
  <token id="169" number="168" sentence="6">adjustments</token>
  <token id="170" number="169" sentence="6">for</token>
  <token id="171" number="170" sentence="6">working</token>
  <token id="172" number="171" sentence="6">capital</token>
  <token id="173" number="172" sentence="6">changes</token>
  <token id="174" number="173" sentence="6">through</token>
  <token id="175" number="174" sentence="6">the</token>
  <token id="176" number="175" sentence="6">closing</token>
  <token id="177" number="176" sentence="6">.</token>
  <token id="178" number="177" sentence="7">The</token>
  <token id="179" number="178" sentence="7">agreement</token>
  <token id="180" number="179" sentence="7">also</token>
  <token id="181" number="180" sentence="7">provides</token>
  <token id="182" number="181" sentence="7">for</token>
  <token id="183" number="182" sentence="7">potential</token>
  <token id="184" number="183" sentence="7">payments</token>
  <token id="185" number="184" sentence="7">of</token>
  <token id="186" number="185" sentence="7">additional</token>
  <token id="187" number="186" sentence="7">proceeds</token>
  <token id="188" number="187" sentence="7">to</token>
  <token id="189" number="188" sentence="7">National</token>
  <token id="190" number="189" sentence="7">Aluminum</token>
  <token id="191" number="190" sentence="7">over</token>
  <token id="192" number="191" sentence="7">the</token>
  <token id="193" number="192" sentence="7">next</token>
  <token id="194" number="193" sentence="7">two</token>
  <token id="195" number="194" sentence="7">years</token>
  <token id="196" number="195" sentence="7">,</token>
  <token id="197" number="196" sentence="7">depending</token>
  <token id="198" number="197" sentence="7">on</token>
  <token id="199" number="198" sentence="7">the</token>
  <token id="200" number="199" sentence="7">plant</token>
  <token id="201" number="200" sentence="7">'s</token>
  <token id="202" number="201" sentence="7">shipping</token>
  <token id="203" number="202" sentence="7">levels</token>
  <token id="204" number="203" sentence="7">.</token>
  <token id="205" number="204" sentence="8">The</token>
  <token id="206" number="205" sentence="8">extrusion</token>
  <token id="207" number="206" sentence="8">unit</token>
  <token id="208" number="207" sentence="8">produces</token>
  <token id="209" number="208" sentence="8">bare</token>
  <token id="210" number="209" sentence="8">and</token>
  <token id="211" number="210" sentence="8">painted</token>
  <token id="212" number="211" sentence="8">custom</token>
  <token id="213" number="212" sentence="8">extrusions</token>
  <token id="214" number="213" sentence="8">for</token>
  <token id="215" number="214" sentence="8">building</token>
  <token id="216" number="215" sentence="8">products</token>
  <token id="217" number="216" sentence="8">and</token>
  <token id="218" number="217" sentence="8">construction</token>
  <token id="219" number="218" sentence="8">industries</token>
  <token id="220" number="219" sentence="8">.</token>
  <token id="221" number="220" sentence="9">In</token>
  <token id="222" number="221" sentence="9">fiscal</token>
  <token id="223" number="222" sentence="9">1989</token>
  <token id="224" number="223" sentence="9">,</token>
  <token id="225" number="224" sentence="9">it</token>
  <token id="226" number="225" sentence="9">had</token>
  <token id="227" number="226" sentence="9">sales</token>
  <token id="228" number="227" sentence="9">of</token>
  <token id="229" number="228" sentence="9">about</token>
  <token id="230" number="229" sentence="9">$</token>
  <token id="231" number="230" sentence="9">40</token>
  <token id="232" number="231" sentence="9">million</token>
  <token id="233" number="232" sentence="9">and</token>
  <token id="234" number="233" sentence="9">an</token>
  <token id="235" number="234" sentence="9">operating</token>
  <token id="236" number="235" sentence="9">loss</token>
  <token id="237" number="236" sentence="9">of</token>
  <token id="238" number="237" sentence="9">$</token>
  <token id="239" number="238" sentence="9">1.5</token>
  <token id="240" number="239" sentence="9">million</token>
  <token id="241" number="240" sentence="9">.</token>
</Document>
