<Document doc_name="wsj_0106">
  <Markables>
    <TIMEX3 RELATED_TO="" TAG_DESCRIPTOR="Empty_Mark" beginPoint="" comment="" endPoint="" freq="" functionInDocument="CREATION_TIME" id="0" quant="" type="DATE" value="1989-11-02" />
    <EVENT aspect="NONE" certainty="" class="REPORTING" comment="" factuality="" id="1" modality="NONE" polarity="POS" pos="VERB" tense="PAST">
      <token_anchor id="4" />
    </EVENT>
    <EVENT aspect="NONE" certainty="" class="I_STATE" comment="" factuality="" id="2" modality="NONE" polarity="POS" pos="VERB" tense="PRESENT">
      <token_anchor id="6" />
    </EVENT>
    <EVENT aspect="NONE" certainty="" class="OCCURRENCE" comment="" factuality="" id="3" modality="NONE" polarity="POS" pos="VERB" tense="INFINITIVE">
      <token_anchor id="8" />
    </EVENT>
    <EVENT aspect="NONE" certainty="" class="OCCURRENCE" comment="" factuality="" id="4" modality="NONE" polarity="POS" pos="NOUN" tense="NONE">
      <token_anchor id="29" />
    </EVENT>
    <EVENT aspect="NONE" certainty="" class="REPORTING" comment="" factuality="" id="5" modality="NONE" polarity="POS" pos="VERB" tense="PAST">
      <token_anchor id="47" />
    </EVENT>
    <EVENT aspect="NONE" certainty="" class="REPORTING" comment="" factuality="" id="6" modality="NONE" polarity="POS" pos="VERB" tense="PAST">
      <token_anchor id="50" />
    </EVENT>
    <EVENT aspect="NONE" certainty="" class="OCCURRENCE" comment="" factuality="" id="7" modality="NONE" polarity="POS" pos="ADJECTIVE" tense="FUTURE">
      <token_anchor id="55" />
    </EVENT>
    <EVENT aspect="NONE" certainty="" class="STATE" comment="" factuality="" id="8" modality="NONE" polarity="POS" pos="VERB" tense="PRESENT">
      <token_anchor id="65" />
    </EVENT>
    <EVENT aspect="NONE" certainty="" class="OCCURRENCE" comment="" factuality="" id="9" modality="NONE" polarity="POS" pos="VERB" tense="INFINITIVE">
      <token_anchor id="69" />
    </EVENT>
    <EVENT aspect="NONE" certainty="" class="OCCURRENCE" comment="" factuality="" id="10" modality="NONE" polarity="POS" pos="NOUN" tense="NONE">
      <token_anchor id="74" />
    </EVENT>
    <EVENT aspect="NONE" certainty="" class="OCCURRENCE" comment="" factuality="" id="11" modality="NONE" polarity="POS" pos="VERB" tense="PRESENT">
      <token_anchor id="75" />
    </EVENT>
    <EVENT aspect="NONE" certainty="" class="REPORTING" comment="" factuality="" id="12" modality="NONE" polarity="POS" pos="VERB" tense="PAST">
      <token_anchor id="88" />
    </EVENT>
    <EVENT aspect="PERFECTIVE" certainty="" class="OCCURRENCE" comment="" factuality="" id="13" modality="NONE" polarity="NEG" pos="VERB" tense="PRESENT">
      <token_anchor id="96" />
    </EVENT>
    <EVENT aspect="NONE" certainty="" class="OCCURRENCE" comment="" factuality="" id="14" modality="NONE" polarity="POS" pos="VERB" tense="FUTURE">
      <token_anchor id="102" />
    </EVENT>
    <EVENT aspect="NONE" certainty="" class="I_ACTION" comment="" factuality="" id="15" modality="NONE" polarity="POS" pos="VERB" tense="PAST">
      <token_anchor id="109" />
    </EVENT>
    <EVENT aspect="NONE" certainty="" class="OCCURRENCE" comment="" factuality="" id="16" modality="NONE" polarity="POS" pos="VERB" tense="INFINITIVE">
      <token_anchor id="111" />
    </EVENT>
  </Markables>
  <Relations>
    <TLINK comment="" id="1" relType="BEFORE">
      <source id="1" />
      <target id="0" />
    </TLINK>
    <TLINK comment="" id="2" relType="SIMULTANEOUS">
      <source id="4" />
      <target id="3" />
    </TLINK>
    <TLINK comment="" id="3" relType="BEFORE">
      <source id="5" />
      <target id="0" />
    </TLINK>
    <TLINK comment="" id="4" relType="SIMULTANEOUS">
      <source id="5" />
      <target id="1" />
    </TLINK>
    <TLINK comment="" id="5" relType="SIMULTANEOUS">
      <source id="6" />
      <target id="1" />
    </TLINK>
    <TLINK comment="" id="6" relType="INCLUDES">
      <source id="8" />
      <target id="0" />
    </TLINK>
    <TLINK comment="" id="7" relType="BEFORE">
      <source id="9" />
      <target id="10" />
    </TLINK>
    <TLINK comment="" id="8" relType="IDENTITY">
      <source id="10" />
      <target id="11" />
    </TLINK>
    <TLINK comment="" id="9" relType="SIMULTANEOUS">
      <source id="12" />
      <target id="1" />
    </TLINK>
    <TLINK comment="" id="10" relType="AFTER">
      <source id="14" />
      <target id="0" />
    </TLINK>
    <TLINK comment="" id="11" relType="BEFORE">
      <source id="15" />
      <target id="0" />
    </TLINK>
  </Relations>
  <token id="1" number="0" sentence="0">ROGERS</token>
  <token id="2" number="1" sentence="0">COMMUNICATIONS</token>
  <token id="3" number="2" sentence="0">Inc.</token>
  <token id="4" number="3" sentence="0">said</token>
  <token id="5" number="4" sentence="0">it</token>
  <token id="6" number="5" sentence="0">plans</token>
  <token id="7" number="6" sentence="0">to</token>
  <token id="8" number="7" sentence="0">raise</token>
  <token id="9" number="8" sentence="0">175</token>
  <token id="10" number="9" sentence="0">million</token>
  <token id="11" number="10" sentence="0">to</token>
  <token id="12" number="11" sentence="0">180</token>
  <token id="13" number="12" sentence="0">million</token>
  <token id="14" number="13" sentence="0">Canadian</token>
  <token id="15" number="14" sentence="0">dollars</token>
  <token id="16" number="15" sentence="0">(</token>
  <token id="17" number="16" sentence="0">US</token>
  <token id="18" number="17" sentence="0">$</token>
  <token id="19" number="18" sentence="0">148.9</token>
  <token id="20" number="19" sentence="0">million</token>
  <token id="21" number="20" sentence="0">to</token>
  <token id="22" number="21" sentence="0">$</token>
  <token id="23" number="22" sentence="0">153.3</token>
  <token id="24" number="23" sentence="0">million</token>
  <token id="25" number="24" sentence="0">)</token>
  <token id="26" number="25" sentence="0">through</token>
  <token id="27" number="26" sentence="0">a</token>
  <token id="28" number="27" sentence="0">private</token>
  <token id="29" number="28" sentence="0">placement</token>
  <token id="30" number="29" sentence="0">of</token>
  <token id="31" number="30" sentence="0">perpetual</token>
  <token id="32" number="31" sentence="0">preferred</token>
  <token id="33" number="32" sentence="0">shares</token>
  <token id="34" number="33" sentence="0">.</token>
  <token id="35" number="34" sentence="1">Perpetual</token>
  <token id="36" number="35" sentence="1">preferred</token>
  <token id="37" number="36" sentence="1">shares</token>
  <token id="38" number="37" sentence="1">are</token>
  <token id="39" number="38" sentence="1">n't</token>
  <token id="40" number="39" sentence="1">retractable</token>
  <token id="41" number="40" sentence="1">by</token>
  <token id="42" number="41" sentence="1">the</token>
  <token id="43" number="42" sentence="1">holders</token>
  <token id="44" number="43" sentence="1">,</token>
  <token id="45" number="44" sentence="1">the</token>
  <token id="46" number="45" sentence="1">company</token>
  <token id="47" number="46" sentence="1">said</token>
  <token id="48" number="47" sentence="1">.</token>
  <token id="49" number="48" sentence="2">Rogers</token>
  <token id="50" number="49" sentence="2">said</token>
  <token id="51" number="50" sentence="2">the</token>
  <token id="52" number="51" sentence="2">shares</token>
  <token id="53" number="52" sentence="2">will</token>
  <token id="54" number="53" sentence="2">be</token>
  <token id="55" number="54" sentence="2">convertible</token>
  <token id="56" number="55" sentence="2">into</token>
  <token id="57" number="56" sentence="2">Class</token>
  <token id="58" number="57" sentence="2">B</token>
  <token id="59" number="58" sentence="2">shares</token>
  <token id="60" number="59" sentence="2">,</token>
  <token id="61" number="60" sentence="2">but</token>
  <token id="62" number="61" sentence="2">that</token>
  <token id="63" number="62" sentence="2">the</token>
  <token id="64" number="63" sentence="2">company</token>
  <token id="65" number="64" sentence="2">has</token>
  <token id="66" number="65" sentence="2">the</token>
  <token id="67" number="66" sentence="2">option</token>
  <token id="68" number="67" sentence="2">to</token>
  <token id="69" number="68" sentence="2">redeem</token>
  <token id="70" number="69" sentence="2">the</token>
  <token id="71" number="70" sentence="2">shares</token>
  <token id="72" number="71" sentence="2">before</token>
  <token id="73" number="72" sentence="2">a</token>
  <token id="74" number="73" sentence="2">conversion</token>
  <token id="75" number="74" sentence="2">takes</token>
  <token id="76" number="75" sentence="2">place</token>
  <token id="77" number="76" sentence="2">.</token>
  <token id="78" number="77" sentence="3">A</token>
  <token id="79" number="78" sentence="3">spokesman</token>
  <token id="80" number="79" sentence="3">for</token>
  <token id="81" number="80" sentence="3">the</token>
  <token id="82" number="81" sentence="3">Toronto</token>
  <token id="83" number="82" sentence="3">cable</token>
  <token id="84" number="83" sentence="3">television</token>
  <token id="85" number="84" sentence="3">and</token>
  <token id="86" number="85" sentence="3">telecommunications</token>
  <token id="87" number="86" sentence="3">concern</token>
  <token id="88" number="87" sentence="3">said</token>
  <token id="89" number="88" sentence="3">the</token>
  <token id="90" number="89" sentence="3">coupon</token>
  <token id="91" number="90" sentence="3">rate</token>
  <token id="92" number="91" sentence="3">has</token>
  <token id="93" number="92" sentence="3">n't</token>
  <token id="94" number="93" sentence="3">yet</token>
  <token id="95" number="94" sentence="3">been</token>
  <token id="96" number="95" sentence="3">fixed</token>
  <token id="97" number="96" sentence="3">,</token>
  <token id="98" number="97" sentence="3">but</token>
  <token id="99" number="98" sentence="3">will</token>
  <token id="100" number="99" sentence="3">probably</token>
  <token id="101" number="100" sentence="3">be</token>
  <token id="102" number="101" sentence="3">set</token>
  <token id="103" number="102" sentence="3">at</token>
  <token id="104" number="103" sentence="3">around</token>
  <token id="105" number="104" sentence="3">8</token>
  <token id="106" number="105" sentence="3">%</token>
  <token id="107" number="106" sentence="3">.</token>
  <token id="108" number="107" sentence="4">He</token>
  <token id="109" number="108" sentence="4">declined</token>
  <token id="110" number="109" sentence="4">to</token>
  <token id="111" number="110" sentence="4">discuss</token>
  <token id="112" number="111" sentence="4">other</token>
  <token id="113" number="112" sentence="4">terms</token>
  <token id="114" number="113" sentence="4">of</token>
  <token id="115" number="114" sentence="4">the</token>
  <token id="116" number="115" sentence="4">issue</token>
  <token id="117" number="116" sentence="4">.</token>
</Document>
