<Document doc_name="wsj_0263">
  <Markables>
    <TIMEX3 RELATED_TO="" TAG_DESCRIPTOR="Empty_Mark" beginPoint="" comment="" endPoint="" freq="" functionInDocument="CREATION_TIME" id="0" quant="" type="DATE" value="1989-11-01" />
    <EVENT aspect="NONE" certainty="" class="I_ACTION" comment="" factuality="" id="1" modality="NONE" polarity="POS" pos="VERB" tense="PAST">
      <token_anchor id="3" />
    </EVENT>
    <EVENT aspect="NONE" certainty="" class="OCCURRENCE" comment="" factuality="" id="2" modality="NONE" polarity="POS" pos="NOUN" tense="NONE">
      <token_anchor id="7" />
    </EVENT>
    <EVENT aspect="NONE" certainty="" class="OCCURRENCE" comment="" factuality="" id="3" modality="NONE" polarity="POS" pos="VERB" tense="PAST">
      <token_anchor id="19" />
    </EVENT>
    <EVENT aspect="NONE" certainty="" class="OCCURRENCE" comment="" factuality="" id="4" modality="NONE" polarity="POS" pos="NOUN" tense="NONE">
      <token_anchor id="33" />
    </EVENT>
    <EVENT aspect="NONE" certainty="" class="STATE" comment="" factuality="" id="5" modality="NONE" polarity="POS" pos="ADJECTIVE" tense="FUTURE">
      <token_anchor id="51" />
    </EVENT>
    <TIMEX3 anchorTimeID="0" beginPoint="" comment="" endPoint="" freq="" functionInDocument="NONE" id="6" quant="" type="DATE" value="1990-01-03">
      <token_anchor id="52" />
      <token_anchor id="53" />
      <token_anchor id="54" />
    </TIMEX3>
    <TIMEX3 anchorTimeID="0" beginPoint="" comment="" endPoint="" freq="" functionInDocument="NONE" id="7" quant="" type="DATE" value="1989-11-16">
      <token_anchor id="59" />
      <token_anchor id="60" />
      <token_anchor id="61" />
    </TIMEX3>
    <EVENT aspect="NONE" certainty="" class="REPORTING" comment="" factuality="" id="8" modality="NONE" polarity="POS" pos="VERB" tense="PAST">
      <token_anchor id="65" />
    </EVENT>
    <EVENT aspect="NONE" certainty="" class="OCCURRENCE" comment="" factuality="" id="9" modality="NONE" polarity="POS" pos="NOUN" tense="NONE">
      <token_anchor id="68" />
    </EVENT>
    <EVENT aspect="NONE" certainty="" class="OCCURRENCE" comment="" factuality="" id="10" modality="NONE" polarity="POS" pos="VERB" tense="FUTURE">
      <token_anchor id="70" />
    </EVENT>
    <EVENT aspect="NONE" certainty="" class="REPORTING" comment="" factuality="" id="11" modality="NONE" polarity="POS" pos="VERB" tense="PAST">
      <token_anchor id="84" />
    </EVENT>
    <EVENT aspect="NONE" certainty="" class="OCCURRENCE" comment="" factuality="" id="12" modality="NONE" polarity="POS" pos="VERB" tense="PAST">
      <token_anchor id="88" />
    </EVENT>
    <EVENT aspect="NONE" certainty="" class="OCCURRENCE" comment="" factuality="" id="13" modality="NONE" polarity="POS" pos="NOUN" tense="NONE">
      <token_anchor id="104" />
    </EVENT>
    <TIMEX3 anchorTimeID="16" beginPoint="" comment="" endPoint="" freq="" functionInDocument="NONE" id="14" quant="" type="DATE" value="1989-Q4">
      <token_anchor id="107" />
      <token_anchor id="108" />
      <token_anchor id="109" />
    </TIMEX3>
    <EVENT aspect="NONE" certainty="" class="ASPECTUAL" comment="" factuality="" id="15" modality="NONE" polarity="POS" pos="VERB" tense="PASTPART">
      <token_anchor id="110" />
    </EVENT>
    <TIMEX3 anchorTimeID="0" beginPoint="" comment="" endPoint="" freq="" functionInDocument="NONE" id="16" quant="" type="DATE" value="1989-08-26">
      <token_anchor id="111" />
      <token_anchor id="112" />
      <token_anchor id="113" />
    </TIMEX3>
    <TIMEX3 anchorTimeID="0" beginPoint="" comment="" endPoint="" freq="" functionInDocument="NONE" id="17" quant="" type="DATE" value="1988-11-01">
      <token_anchor id="115" />
      <token_anchor id="116" />
      <token_anchor id="117" />
    </TIMEX3>
    <EVENT aspect="NONE" certainty="" class="OCCURRENCE" comment="" factuality="" id="18" modality="NONE" polarity="POS" pos="VERB" tense="PAST">
      <token_anchor id="119" />
    </EVENT>
    <EVENT aspect="NONE" certainty="" class="OCCURRENCE" comment="" factuality="" id="19" modality="NONE" polarity="POS" pos="NOUN" tense="NONE">
      <token_anchor id="132" />
    </EVENT>
    <EVENT aspect="NONE" certainty="" class="OCCURRENCE" comment="" factuality="" id="20" modality="NONE" polarity="POS" pos="VERB" tense="PAST">
      <token_anchor id="135" />
    </EVENT>
  </Markables>
  <Relations>
    <TLINK comment="" id="1" relType="BEFORE">
      <source id="1" />
      <target id="0" />
    </TLINK>
    <TLINK comment="" id="2" relType="SIMULTANEOUS">
      <source id="1" />
      <target id="2" />
    </TLINK>
    <TLINK comment="" id="3" relType="IDENTITY">
      <source id="2" />
      <target id="4" />
    </TLINK>
    <TLINK comment="" id="4" relType="SIMULTANEOUS">
      <source id="3" />
      <target id="1" />
    </TLINK>
    <TLINK comment="" id="5" relType="IS_INCLUDED">
      <source id="5" />
      <target id="6" />
    </TLINK>
    <TLINK comment="" id="6" relType="BEFORE">
      <source id="8" />
      <target id="0" />
    </TLINK>
    <TLINK comment="" id="7" relType="IDENTITY">
      <source id="9" />
      <target id="2" />
    </TLINK>
    <TLINK comment="" id="8" relType="BEFORE">
      <source id="9" />
      <target id="10" />
    </TLINK>
    <TLINK comment="" id="9" relType="BEFORE">
      <source id="11" />
      <target id="0" />
    </TLINK>
    <TLINK comment="" id="10" relType="IS_INCLUDED">
      <source id="12" />
      <target id="14" />
    </TLINK>
    <TLINK comment="" id="11" relType="IDENTITY">
      <source id="13" />
      <target id="9" />
    </TLINK>
    <TLINK comment="" id="12" relType="ENDED_BY">
      <source id="14" />
      <target id="15" />
    </TLINK>
    <TLINK comment="" id="13" relType="IS_INCLUDED">
      <source id="15" />
      <target id="16" />
    </TLINK>
    <TLINK comment="" id="14" relType="INCLUDES">
      <source id="17" />
      <target id="18" />
    </TLINK>
    <TLINK comment="" id="15" relType="IDENTITY">
      <source id="19" />
      <target id="9" />
    </TLINK>
    <TLINK comment="" id="16" relType="BEFORE">
      <source id="20" />
      <target id="0" />
    </TLINK>
  </Relations>
  <token id="1" number="0" sentence="0">UNIFIRST</token>
  <token id="2" number="1" sentence="0">Corp.</token>
  <token id="3" number="2" sentence="0">declared</token>
  <token id="4" number="3" sentence="0">a</token>
  <token id="5" number="4" sentence="0">2-for-1</token>
  <token id="6" number="5" sentence="0">stock</token>
  <token id="7" number="6" sentence="0">split</token>
  <token id="8" number="7" sentence="0">.</token>
  <token id="9" number="8" sentence="1">The</token>
  <token id="10" number="9" sentence="1">Wilmington</token>
  <token id="11" number="10" sentence="1">,</token>
  <token id="12" number="11" sentence="1">Mass</token>
  <token id="13" number="12" sentence="1">.</token>
  <token id="14" number="13" sentence="1">,</token>
  <token id="15" number="14" sentence="1">garment</token>
  <token id="16" number="15" sentence="1">service</token>
  <token id="17" number="16" sentence="1">company</token>
  <token id="18" number="17" sentence="1">also</token>
  <token id="19" number="18" sentence="1">boosted</token>
  <token id="20" number="19" sentence="1">its</token>
  <token id="21" number="20" sentence="1">quarterly</token>
  <token id="22" number="21" sentence="1">dividend</token>
  <token id="23" number="22" sentence="1">20</token>
  <token id="24" number="23" sentence="1">%</token>
  <token id="25" number="24" sentence="1">to</token>
  <token id="26" number="25" sentence="1">three</token>
  <token id="27" number="26" sentence="1">cents</token>
  <token id="28" number="27" sentence="1">a</token>
  <token id="29" number="28" sentence="1">share</token>
  <token id="30" number="29" sentence="1">adjusted</token>
  <token id="31" number="30" sentence="1">for</token>
  <token id="32" number="31" sentence="1">the</token>
  <token id="33" number="32" sentence="1">split</token>
  <token id="34" number="33" sentence="1">.</token>
  <token id="35" number="34" sentence="2">The</token>
  <token id="36" number="35" sentence="2">dividend</token>
  <token id="37" number="36" sentence="2">had</token>
  <token id="38" number="37" sentence="2">been</token>
  <token id="39" number="38" sentence="2">five</token>
  <token id="40" number="39" sentence="2">cents</token>
  <token id="41" number="40" sentence="2">a</token>
  <token id="42" number="41" sentence="2">share</token>
  <token id="43" number="42" sentence="2">.</token>
  <token id="44" number="43" sentence="3">The</token>
  <token id="45" number="44" sentence="3">split</token>
  <token id="46" number="45" sentence="3">and</token>
  <token id="47" number="46" sentence="3">quarterly</token>
  <token id="48" number="47" sentence="3">dividend</token>
  <token id="49" number="48" sentence="3">will</token>
  <token id="50" number="49" sentence="3">be</token>
  <token id="51" number="50" sentence="3">payable</token>
  <token id="52" number="51" sentence="3">Jan</token>
  <token id="53" number="52" sentence="3">.</token>
  <token id="54" number="53" sentence="3">3</token>
  <token id="55" number="54" sentence="3">to</token>
  <token id="56" number="55" sentence="3">stock</token>
  <token id="57" number="56" sentence="3">of</token>
  <token id="58" number="57" sentence="3">record</token>
  <token id="59" number="58" sentence="3">Nov</token>
  <token id="60" number="59" sentence="3">.</token>
  <token id="61" number="60" sentence="3">16</token>
  <token id="62" number="61" sentence="3">,</token>
  <token id="63" number="62" sentence="3">the</token>
  <token id="64" number="63" sentence="3">company</token>
  <token id="65" number="64" sentence="3">said</token>
  <token id="66" number="65" sentence="3">.</token>
  <token id="67" number="66" sentence="4">The</token>
  <token id="68" number="67" sentence="4">split</token>
  <token id="69" number="68" sentence="4">will</token>
  <token id="70" number="69" sentence="4">raise</token>
  <token id="71" number="70" sentence="4">the</token>
  <token id="72" number="71" sentence="4">number</token>
  <token id="73" number="72" sentence="4">of</token>
  <token id="74" number="73" sentence="4">shares</token>
  <token id="75" number="74" sentence="4">outstanding</token>
  <token id="76" number="75" sentence="4">to</token>
  <token id="77" number="76" sentence="4">about</token>
  <token id="78" number="77" sentence="4">10.2</token>
  <token id="79" number="78" sentence="4">million</token>
  <token id="80" number="79" sentence="4">.</token>
  <token id="81" number="80" sentence="5">Separately</token>
  <token id="82" number="81" sentence="5">,</token>
  <token id="83" number="82" sentence="5">UniFirst</token>
  <token id="84" number="83" sentence="5">reported</token>
  <token id="85" number="84" sentence="5">that</token>
  <token id="86" number="85" sentence="5">net</token>
  <token id="87" number="86" sentence="5">income</token>
  <token id="88" number="87" sentence="5">rose</token>
  <token id="89" number="88" sentence="5">21</token>
  <token id="90" number="89" sentence="5">%</token>
  <token id="91" number="90" sentence="5">to</token>
  <token id="92" number="91" sentence="5">$</token>
  <token id="93" number="92" sentence="5">3</token>
  <token id="94" number="93" sentence="5">million</token>
  <token id="95" number="94" sentence="5">,</token>
  <token id="96" number="95" sentence="5">or</token>
  <token id="97" number="96" sentence="5">29</token>
  <token id="98" number="97" sentence="5">cents</token>
  <token id="99" number="98" sentence="5">a</token>
  <token id="100" number="99" sentence="5">share</token>
  <token id="101" number="100" sentence="5">adjusted</token>
  <token id="102" number="101" sentence="5">for</token>
  <token id="103" number="102" sentence="5">the</token>
  <token id="104" number="103" sentence="5">split</token>
  <token id="105" number="104" sentence="5">,</token>
  <token id="106" number="105" sentence="5">for</token>
  <token id="107" number="106" sentence="5">the</token>
  <token id="108" number="107" sentence="5">fourth</token>
  <token id="109" number="108" sentence="5">quarter</token>
  <token id="110" number="109" sentence="5">ended</token>
  <token id="111" number="110" sentence="5">Aug</token>
  <token id="112" number="111" sentence="5">.</token>
  <token id="113" number="112" sentence="5">26</token>
  <token id="114" number="113" sentence="5">.</token>
  <token id="115" number="114" sentence="6">A</token>
  <token id="116" number="115" sentence="6">year</token>
  <token id="117" number="116" sentence="6">earlier</token>
  <token id="118" number="117" sentence="6">UniFirst</token>
  <token id="119" number="118" sentence="6">earned</token>
  <token id="120" number="119" sentence="6">$</token>
  <token id="121" number="120" sentence="6">2.4</token>
  <token id="122" number="121" sentence="6">million</token>
  <token id="123" number="122" sentence="6">,</token>
  <token id="124" number="123" sentence="6">or</token>
  <token id="125" number="124" sentence="6">24</token>
  <token id="126" number="125" sentence="6">cents</token>
  <token id="127" number="126" sentence="6">a</token>
  <token id="128" number="127" sentence="6">share</token>
  <token id="129" number="128" sentence="6">adjusted</token>
  <token id="130" number="129" sentence="6">for</token>
  <token id="131" number="130" sentence="6">the</token>
  <token id="132" number="131" sentence="6">split</token>
  <token id="133" number="132" sentence="6">.</token>
  <token id="134" number="133" sentence="7">Sales</token>
  <token id="135" number="134" sentence="7">rose</token>
  <token id="136" number="135" sentence="7">to</token>
  <token id="137" number="136" sentence="7">$</token>
  <token id="138" number="137" sentence="7">52.4</token>
  <token id="139" number="138" sentence="7">million</token>
  <token id="140" number="139" sentence="7">from</token>
  <token id="141" number="140" sentence="7">$</token>
  <token id="142" number="141" sentence="7">50.1</token>
  <token id="143" number="142" sentence="7">million</token>
  <token id="144" number="143" sentence="7">.</token>
</Document>
