<Document doc_name="wsj_0189">
  <Markables>
    <TIMEX3 RELATED_TO="" TAG_DESCRIPTOR="Empty_Mark" beginPoint="" comment="" endPoint="" freq="" functionInDocument="CREATION_TIME" id="0" quant="" type="DATE" value="1989-11-02" />
    <EVENT aspect="NONE" certainty="" class="REPORTING" comment="" factuality="" id="1" modality="NONE" polarity="POS" pos="VERB" tense="PAST">
      <token_anchor id="4" />
    </EVENT>
    <EVENT aspect="NONE" certainty="" class="OCCURRENCE" comment="" factuality="" id="2" modality="NONE" polarity="POS" pos="NOUN" tense="NONE">
      <token_anchor id="8" />
    </EVENT>
    <TIMEX3 anchorTimeID="0" beginPoint="" comment="" endPoint="" freq="" functionInDocument="NONE" id="3" quant="" type="DURATION" value="1989-Q4">
      <token_anchor id="10" />
    </TIMEX3>
    <EVENT aspect="NONE" certainty="" class="OCCURRENCE" comment="" factuality="" id="4" modality="NONE" polarity="POS" pos="NOUN" tense="NONE">
      <token_anchor id="11" />
    </EVENT>
    <EVENT aspect="NONE" certainty="" class="I_STATE" comment="" factuality="" id="5" modality="NONE" polarity="POS" pos="VERB" tense="PRESPART">
      <token_anchor id="13" />
    </EVENT>
    <EVENT aspect="NONE" certainty="" class="OCCURRENCE" comment="" factuality="" id="6" modality="NONE" polarity="POS" pos="NOUN" tense="NONE">
      <token_anchor id="15" />
    </EVENT>
    <EVENT aspect="NONE" certainty="" class="OCCURRENCE" comment="" factuality="" id="7" modality="NONE" polarity="POS" pos="NOUN" tense="NONE">
      <token_anchor id="24" />
    </EVENT>
    <EVENT aspect="NONE" certainty="" class="OCCURRENCE" comment="" factuality="" id="8" modality="NONE" polarity="POS" pos="VERB" tense="PAST">
      <token_anchor id="30" />
    </EVENT>
    <TIMEX3 anchorTimeID="3" beginPoint="" comment="" endPoint="" freq="" functionInDocument="NONE" id="9" quant="" type="DATE" value="1988-Q4">
      <token_anchor id="53" />
      <token_anchor id="54" />
      <token_anchor id="55" />
    </TIMEX3>
    <EVENT aspect="NONE" certainty="" class="OCCURRENCE" comment="" factuality="" id="10" modality="NONE" polarity="POS" pos="NOUN" tense="NONE">
      <token_anchor id="57" />
    </EVENT>
    <TIMEX3 anchorTimeID="0" beginPoint="" comment="" endPoint="" freq="" functionInDocument="NONE" id="11" quant="" type="DATE" value="1989-Q4">
      <token_anchor id="59" />
      <token_anchor id="60" />
      <token_anchor id="61" />
    </TIMEX3>
    <EVENT aspect="NONE" certainty="" class="OCCURRENCE" comment="" factuality="" id="12" modality="NONE" polarity="POS" pos="NOUN" tense="NONE">
      <token_anchor id="70" />
    </EVENT>
    <TIMEX3 anchorTimeID="11" beginPoint="" comment="" endPoint="" freq="" functionInDocument="NONE" id="13" quant="" type="DATE" value="1988-Q4">
      <token_anchor id="72" />
      <token_anchor id="73" />
    </TIMEX3>
    <TIMEX3 anchorTimeID="0" beginPoint="" comment="" endPoint="" freq="" functionInDocument="NONE" id="14" quant="" type="DATE" value="1989">
      <token_anchor id="80" />
      <token_anchor id="81" />
    </TIMEX3>
    <EVENT aspect="NONE" certainty="" class="ASPECTUAL" comment="" factuality="" id="15" modality="NONE" polarity="POS" pos="VERB" tense="PASTPART">
      <token_anchor id="82" />
    </EVENT>
    <TIMEX3 anchorTimeID="0" beginPoint="" comment="" endPoint="" freq="" functionInDocument="NONE" id="16" quant="" type="DATE" value="1989-09-30">
      <token_anchor id="83" />
      <token_anchor id="84" />
      <token_anchor id="85" />
    </TIMEX3>
    <EVENT aspect="NONE" certainty="" class="OCCURRENCE" comment="" factuality="" id="17" modality="NONE" polarity="POS" pos="VERB" tense="PAST">
      <token_anchor id="88" />
    </EVENT>
    <TIMEX3 anchorTimeID="0" beginPoint="" comment="" endPoint="" freq="" functionInDocument="NONE" id="18" quant="" type="DATE" value="1989">
      <token_anchor id="113" />
      <token_anchor id="114" />
    </TIMEX3>
    <EVENT aspect="NONE" certainty="" class="OCCURRENCE" comment="" factuality="" id="19" modality="NONE" polarity="POS" pos="NOUN" tense="NONE">
      <token_anchor id="116" />
    </EVENT>
    <EVENT aspect="NONE" certainty="" class="OCCURRENCE" comment="" factuality="" id="20" modality="NONE" polarity="POS" pos="NOUN" tense="NONE">
      <token_anchor id="119" />
    </EVENT>
    <EVENT aspect="NONE" certainty="" class="OCCURRENCE" comment="" factuality="" id="21" modality="NONE" polarity="POS" pos="NOUN" tense="NONE">
      <token_anchor id="126" />
    </EVENT>
    <EVENT aspect="NONE" certainty="" class="OCCURRENCE" comment="" factuality="" id="22" modality="NONE" polarity="POS" pos="NOUN" tense="NONE">
      <token_anchor id="131" />
    </EVENT>
    <TIMEX3 anchorTimeID="0" beginPoint="" comment="" endPoint="" freq="" functionInDocument="NONE" id="23" quant="" type="DATE" value="1989">
      <token_anchor id="133" />
      <token_anchor id="134" />
      <token_anchor id="135" />
    </TIMEX3>
    <EVENT aspect="NONE" certainty="" class="REPORTING" comment="" factuality="" id="24" modality="NONE" polarity="POS" pos="VERB" tense="PAST">
      <token_anchor id="150" />
    </EVENT>
    <EVENT aspect="NONE" certainty="" class="OCCURRENCE" comment="" factuality="" id="25" modality="NONE" polarity="POS" pos="VERB" tense="PRESENT">
      <token_anchor id="154" />
    </EVENT>
    <EVENT aspect="NONE" certainty="" class="OCCURRENCE" comment="" factuality="" id="26" modality="NONE" polarity="POS" pos="NOUN" tense="NONE">
      <token_anchor id="156" />
    </EVENT>
    <TIMEX3 anchorTimeID="0" beginPoint="" comment="" endPoint="" freq="" functionInDocument="NONE" id="27" quant="" type="DATE" value="PAST_REF">
      <token_anchor id="166" />
    </TIMEX3>
    <EVENT aspect="NONE" certainty="" class="OCCURRENCE" comment="" factuality="" id="28" modality="NONE" polarity="POS" pos="NOUN" tense="NONE">
      <token_anchor id="167" />
    </EVENT>
    <EVENT aspect="NONE" certainty="" class="OCCURRENCE" comment="" factuality="" id="29" modality="NONE" polarity="POS" pos="NOUN" tense="NONE">
      <token_anchor id="177" />
    </EVENT>
    <EVENT aspect="NONE" certainty="" class="OCCURRENCE" comment="" factuality="" id="30" modality="NONE" polarity="POS" pos="VERB" tense="PRESENT">
      <token_anchor id="189" />
    </EVENT>
    <EVENT aspect="NONE" certainty="" class="OCCURRENCE" comment="" factuality="" id="31" modality="NONE" polarity="POS" pos="VERB" tense="FUTURE">
      <token_anchor id="200" />
    </EVENT>
    <TIMEX3 anchorTimeID="0" beginPoint="" comment="" endPoint="" freq="" functionInDocument="NONE" id="32" quant="" type="DATE" value="1990">
      <token_anchor id="202" />
      <token_anchor id="203" />
      <token_anchor id="204" />
      <token_anchor id="205" />
      <token_anchor id="206" />
    </TIMEX3>
    <EVENT aspect="NONE" certainty="" class="REPORTING" comment="" factuality="" id="33" modality="NONE" polarity="POS" pos="VERB" tense="PAST">
      <token_anchor id="210" />
    </EVENT>
    <EVENT aspect="NONE" certainty="" class="I_STATE" comment="" factuality="" id="34" modality="NONE" polarity="POS" pos="VERB" tense="PAST">
      <token_anchor id="213" />
    </EVENT>
    <TIMEX3 anchorTimeID="0" beginPoint="" comment="" endPoint="" freq="" functionInDocument="NONE" id="35" quant="" type="DATE" value="1989-Q4">
      <token_anchor id="215" />
    </TIMEX3>
    <EVENT aspect="NONE" certainty="" class="OCCURRENCE" comment="" factuality="" id="36" modality="NONE" polarity="POS" pos="NOUN" tense="NONE">
      <token_anchor id="216" />
    </EVENT>
    <EVENT aspect="NONE" certainty="" class="I_STATE" comment="" factuality="" id="37" modality="NONE" polarity="POS" pos="VERB" tense="PAST">
      <token_anchor id="235" />
    </EVENT>
    <EVENT aspect="NONE" certainty="" class="OCCURRENCE" comment="" factuality="" id="38" modality="NONE" polarity="POS" pos="NOUN" tense="NONE">
      <token_anchor id="238" />
    </EVENT>
    <TIMEX3 anchorTimeID="0" beginPoint="" comment="" endPoint="" freq="" functionInDocument="NONE" id="39" quant="" type="DATE" value="1989">
      <token_anchor id="241" />
      <token_anchor id="242" />
    </TIMEX3>
    <EVENT aspect="NONE" certainty="" class="STATE" comment="" factuality="" id="40" modality="NONE" polarity="POS" pos="ADJECTIVE" tense="PAST">
      <token_anchor id="248" />
    </EVENT>
    <EVENT aspect="NONE" certainty="" class="REPORTING" comment="" factuality="" id="41" modality="NONE" polarity="POS" pos="VERB" tense="PAST">
      <token_anchor id="252" />
    </EVENT>
    <EVENT aspect="NONE" certainty="" class="OCCURRENCE" comment="" factuality="" id="42" modality="NONE" polarity="POS" pos="VERB" tense="PAST">
      <token_anchor id="257" />
    </EVENT>
    <EVENT aspect="NONE" certainty="" class="OCCURRENCE" comment="" factuality="" id="43" modality="NONE" polarity="POS" pos="NOUN" tense="NONE">
      <token_anchor id="263" />
    </EVENT>
    <EVENT aspect="NONE" certainty="" class="OCCURRENCE" comment="" factuality="" id="44" modality="NONE" polarity="POS" pos="VERB" tense="PAST">
      <token_anchor id="267" />
    </EVENT>
    <EVENT aspect="NONE" certainty="" class="OCCURRENCE" comment="" factuality="" id="45" modality="NONE" polarity="POS" pos="VERB" tense="PAST">
      <token_anchor id="276" />
    </EVENT>
    <EVENT aspect="NONE" certainty="" class="OCCURRENCE" comment="" factuality="" id="46" modality="NONE" polarity="POS" pos="NOUN" tense="NONE">
      <token_anchor id="286" />
    </EVENT>
    <EVENT aspect="NONE" certainty="" class="REPORTING" comment="" factuality="" id="47" modality="NONE" polarity="POS" pos="VERB" tense="PAST">
      <token_anchor id="289" />
    </EVENT>
    <EVENT aspect="NONE" certainty="" class="REPORTING" comment="" factuality="" id="48" modality="NONE" polarity="POS" pos="VERB" tense="PAST">
      <token_anchor id="292" />
    </EVENT>
    <EVENT aspect="NONE" certainty="" class="OCCURRENCE" comment="" factuality="" id="49" modality="NONE" polarity="POS" pos="VERB" tense="PAST">
      <token_anchor id="298" />
    </EVENT>
    <C-SIGNAL id="50">
      <token_anchor id="299" />
    </C-SIGNAL>
    <EVENT aspect="NONE" certainty="" class="OCCURRENCE" comment="" factuality="" id="51" modality="NONE" polarity="POS" pos="NOUN" tense="NONE">
      <token_anchor id="302" />
    </EVENT>
    <EVENT aspect="NONE" certainty="" class="OCCURRENCE" comment="" factuality="" id="52" modality="NONE" polarity="POS" pos="VERB" tense="PAST">
      <token_anchor id="309" />
    </EVENT>
    <TIMEX3 anchorTimeID="0" beginPoint="" comment="" endPoint="" freq="" functionInDocument="NONE" id="53" quant="" type="DATE" value="1989-11-01">
      <token_anchor id="310" />
    </TIMEX3>
  </Markables>
  <Relations>
    <TLINK comment="" id="1" relType="BEFORE">
      <source id="1" />
      <target id="0" />
    </TLINK>
    <TLINK comment="" id="2" relType="IS_INCLUDED">
      <source id="2" />
      <target id="4" />
    </TLINK>
    <CLINK comment="" id="3">
      <source id="2" />
      <target id="6" />
    </CLINK>
    <TLINK comment="" id="4" relType="IS_INCLUDED">
      <source id="4" />
      <target id="3" />
    </TLINK>
    <TLINK comment="" id="5" relType="SIMULTANEOUS">
      <source id="5" />
      <target id="2" />
    </TLINK>
    <CLINK comment="" id="6">
      <source id="7" />
      <target id="2" />
    </CLINK>
    <TLINK comment="" id="7" relType="BEFORE">
      <source id="8" />
      <target id="0" />
    </TLINK>
    <TLINK comment="" id="8" relType="IS_INCLUDED">
      <source id="10" />
      <target id="11" />
    </TLINK>
    <TLINK comment="" id="9" relType="SIMULTANEOUS">
      <source id="12" />
      <target id="10" />
    </TLINK>
    <TLINK comment="" id="10" relType="ENDED_BY">
      <source id="14" />
      <target id="15" />
    </TLINK>
    <TLINK comment="" id="11" relType="SIMULTANEOUS">
      <source id="15" />
      <target id="16" />
    </TLINK>
    <TLINK comment="" id="12" relType="IS_INCLUDED">
      <source id="17" />
      <target id="14" />
    </TLINK>
    <TLINK comment="" id="13" relType="INCLUDES">
      <source id="18" />
      <target id="19" />
    </TLINK>
    <TLINK comment="" id="14" relType="INCLUDES">
      <source id="19" />
      <target id="20" />
    </TLINK>
    <TLINK comment="" id="15" relType="SIMULTANEOUS">
      <source id="20" />
      <target id="21" />
    </TLINK>
    <TLINK comment="" id="16" relType="IAFTER">
      <source id="22" />
      <target id="23" />
    </TLINK>
    <TLINK comment="" id="17" relType="BEFORE">
      <source id="24" />
      <target id="0" />
    </TLINK>
    <TLINK comment="" id="18" relType="IS_INCLUDED">
      <source id="27" />
      <target id="28" />
    </TLINK>
    <TLINK comment="" id="19" relType="DURING">
      <source id="30" />
      <target id="0" />
    </TLINK>
    <TLINK comment="" id="20" relType="DURING">
      <source id="31" />
      <target id="32" />
    </TLINK>
    <TLINK comment="" id="21" relType="SIMULTANEOUS">
      <source id="34" />
      <target id="24" />
    </TLINK>
    <TLINK comment="" id="22" relType="INCLUDES">
      <source id="35" />
      <target id="36" />
    </TLINK>
    <TLINK comment="" id="23" relType="SIMULTANEOUS">
      <source id="38" />
      <target id="37" />
    </TLINK>
    <TLINK comment="" id="24" relType="IAFTER">
      <source id="40" />
      <target id="39" />
    </TLINK>
    <TLINK comment="" id="25" relType="IDENTITY">
      <source id="41" />
      <target id="33" />
    </TLINK>
    <TLINK comment="" id="26" relType="IAFTER">
      <source id="47" />
      <target id="41" />
    </TLINK>
    <TLINK comment="" id="27" relType="IDENTITY">
      <source id="48" />
      <target id="41" />
    </TLINK>
    <CLINK c-signalID="50" comment="" id="28">
      <source id="51" />
      <target id="49" />
    </CLINK>
    <TLINK comment="" id="29" relType="IS_INCLUDED">
      <source id="52" />
      <target id="53" />
    </TLINK>
  </Relations>
  <token id="1" number="0" sentence="0">Ralston</token>
  <token id="2" number="1" sentence="0">Purina</token>
  <token id="3" number="2" sentence="0">Co.</token>
  <token id="4" number="3" sentence="0">reported</token>
  <token id="5" number="4" sentence="0">a</token>
  <token id="6" number="5" sentence="0">47</token>
  <token id="7" number="6" sentence="0">%</token>
  <token id="8" number="7" sentence="0">decline</token>
  <token id="9" number="8" sentence="0">in</token>
  <token id="10" number="9" sentence="0">fourth-quarter</token>
  <token id="11" number="10" sentence="0">earnings</token>
  <token id="12" number="11" sentence="0">,</token>
  <token id="13" number="12" sentence="0">reflecting</token>
  <token id="14" number="13" sentence="0">restructuring</token>
  <token id="15" number="14" sentence="0">costs</token>
  <token id="16" number="15" sentence="0">as</token>
  <token id="17" number="16" sentence="0">well</token>
  <token id="18" number="17" sentence="0">as</token>
  <token id="19" number="18" sentence="0">a</token>
  <token id="20" number="19" sentence="0">more</token>
  <token id="21" number="20" sentence="0">difficult</token>
  <token id="22" number="21" sentence="0">pet</token>
  <token id="23" number="22" sentence="0">food</token>
  <token id="24" number="23" sentence="0">market</token>
  <token id="25" number="24" sentence="0">.</token>
  <token id="26" number="25" sentence="1">The</token>
  <token id="27" number="26" sentence="1">St.</token>
  <token id="28" number="27" sentence="1">Louis</token>
  <token id="29" number="28" sentence="1">company</token>
  <token id="30" number="29" sentence="1">earned</token>
  <token id="31" number="30" sentence="1">$</token>
  <token id="32" number="31" sentence="1">45.2</token>
  <token id="33" number="32" sentence="1">million</token>
  <token id="34" number="33" sentence="1">,</token>
  <token id="35" number="34" sentence="1">or</token>
  <token id="36" number="35" sentence="1">65</token>
  <token id="37" number="36" sentence="1">cents</token>
  <token id="38" number="37" sentence="1">a</token>
  <token id="39" number="38" sentence="1">share</token>
  <token id="40" number="39" sentence="1">,</token>
  <token id="41" number="40" sentence="1">compared</token>
  <token id="42" number="41" sentence="1">with</token>
  <token id="43" number="42" sentence="1">$</token>
  <token id="44" number="43" sentence="1">84.9</token>
  <token id="45" number="44" sentence="1">million</token>
  <token id="46" number="45" sentence="1">,</token>
  <token id="47" number="46" sentence="1">or</token>
  <token id="48" number="47" sentence="1">$</token>
  <token id="49" number="48" sentence="1">1.24</token>
  <token id="50" number="49" sentence="1">a</token>
  <token id="51" number="50" sentence="1">share</token>
  <token id="52" number="51" sentence="1">,</token>
  <token id="53" number="52" sentence="1">a</token>
  <token id="54" number="53" sentence="1">year</token>
  <token id="55" number="54" sentence="1">earlier</token>
  <token id="56" number="55" sentence="1">.</token>
  <token id="57" number="56" sentence="2">Sales</token>
  <token id="58" number="57" sentence="2">in</token>
  <token id="59" number="58" sentence="2">the</token>
  <token id="60" number="59" sentence="2">latest</token>
  <token id="61" number="60" sentence="2">period</token>
  <token id="62" number="61" sentence="2">were</token>
  <token id="63" number="62" sentence="2">$</token>
  <token id="64" number="63" sentence="2">1.76</token>
  <token id="65" number="64" sentence="2">billion</token>
  <token id="66" number="65" sentence="2">,</token>
  <token id="67" number="66" sentence="2">a</token>
  <token id="68" number="67" sentence="2">13</token>
  <token id="69" number="68" sentence="2">%</token>
  <token id="70" number="69" sentence="2">increase</token>
  <token id="71" number="70" sentence="2">from</token>
  <token id="72" number="71" sentence="2">last</token>
  <token id="73" number="72" sentence="2">year</token>
  <token id="74" number="73" sentence="2">'s</token>
  <token id="75" number="74" sentence="2">$</token>
  <token id="76" number="75" sentence="2">1.55</token>
  <token id="77" number="76" sentence="2">billion</token>
  <token id="78" number="77" sentence="2">.</token>
  <token id="79" number="78" sentence="3">For</token>
  <token id="80" number="79" sentence="3">the</token>
  <token id="81" number="80" sentence="3">year</token>
  <token id="82" number="81" sentence="3">ended</token>
  <token id="83" number="82" sentence="3">Sept</token>
  <token id="84" number="83" sentence="3">.</token>
  <token id="85" number="84" sentence="3">30</token>
  <token id="86" number="85" sentence="3">,</token>
  <token id="87" number="86" sentence="3">Ralston</token>
  <token id="88" number="87" sentence="3">earned</token>
  <token id="89" number="88" sentence="3">$</token>
  <token id="90" number="89" sentence="3">422.5</token>
  <token id="91" number="90" sentence="3">million</token>
  <token id="92" number="91" sentence="3">,</token>
  <token id="93" number="92" sentence="3">or</token>
  <token id="94" number="93" sentence="3">$</token>
  <token id="95" number="94" sentence="3">6.44</token>
  <token id="96" number="95" sentence="3">a</token>
  <token id="97" number="96" sentence="3">share</token>
  <token id="98" number="97" sentence="3">,</token>
  <token id="99" number="98" sentence="3">up</token>
  <token id="100" number="99" sentence="3">8.9</token>
  <token id="101" number="100" sentence="3">%</token>
  <token id="102" number="101" sentence="3">from</token>
  <token id="103" number="102" sentence="3">$</token>
  <token id="104" number="103" sentence="3">387.8</token>
  <token id="105" number="104" sentence="3">million</token>
  <token id="106" number="105" sentence="3">,</token>
  <token id="107" number="106" sentence="3">or</token>
  <token id="108" number="107" sentence="3">$</token>
  <token id="109" number="108" sentence="3">5.63</token>
  <token id="110" number="109" sentence="3">a</token>
  <token id="111" number="110" sentence="3">share</token>
  <token id="112" number="111" sentence="3">.</token>
  <token id="113" number="112" sentence="4">This</token>
  <token id="114" number="113" sentence="4">year</token>
  <token id="115" number="114" sentence="4">'s</token>
  <token id="116" number="115" sentence="4">results</token>
  <token id="117" number="116" sentence="4">included</token>
  <token id="118" number="117" sentence="4">a</token>
  <token id="119" number="118" sentence="4">gain</token>
  <token id="120" number="119" sentence="4">of</token>
  <token id="121" number="120" sentence="4">$</token>
  <token id="122" number="121" sentence="4">70.2</token>
  <token id="123" number="122" sentence="4">million</token>
  <token id="124" number="123" sentence="4">on</token>
  <token id="125" number="124" sentence="4">the</token>
  <token id="126" number="125" sentence="4">disposal</token>
  <token id="127" number="126" sentence="4">of</token>
  <token id="128" number="127" sentence="4">seafood</token>
  <token id="129" number="128" sentence="4">operations</token>
  <token id="130" number="129" sentence="4">.</token>
  <token id="131" number="130" sentence="5">Sales</token>
  <token id="132" number="131" sentence="5">for</token>
  <token id="133" number="132" sentence="5">the</token>
  <token id="134" number="133" sentence="5">full</token>
  <token id="135" number="134" sentence="5">year</token>
  <token id="136" number="135" sentence="5">were</token>
  <token id="137" number="136" sentence="5">$</token>
  <token id="138" number="137" sentence="5">6.6</token>
  <token id="139" number="138" sentence="5">billion</token>
  <token id="140" number="139" sentence="5">,</token>
  <token id="141" number="140" sentence="5">up</token>
  <token id="142" number="141" sentence="5">13</token>
  <token id="143" number="142" sentence="5">%</token>
  <token id="144" number="143" sentence="5">from</token>
  <token id="145" number="144" sentence="5">$</token>
  <token id="146" number="145" sentence="5">5.8</token>
  <token id="147" number="146" sentence="5">billion</token>
  <token id="148" number="147" sentence="5">.</token>
  <token id="149" number="148" sentence="6">Ralston</token>
  <token id="150" number="149" sentence="6">said</token>
  <token id="151" number="150" sentence="6">its</token>
  <token id="152" number="151" sentence="6">restructuring</token>
  <token id="153" number="152" sentence="6">costs</token>
  <token id="154" number="153" sentence="6">include</token>
  <token id="155" number="154" sentence="6">the</token>
  <token id="156" number="155" sentence="6">phase-out</token>
  <token id="157" number="156" sentence="6">of</token>
  <token id="158" number="157" sentence="6">a</token>
  <token id="159" number="158" sentence="6">battery</token>
  <token id="160" number="159" sentence="6">facility</token>
  <token id="161" number="160" sentence="6">in</token>
  <token id="162" number="161" sentence="6">Greenville</token>
  <token id="163" number="162" sentence="6">,</token>
  <token id="164" number="163" sentence="6">N.C.,</token>
  <token id="165" number="164" sentence="6">the</token>
  <token id="166" number="165" sentence="6">recent</token>
  <token id="167" number="166" sentence="6">closing</token>
  <token id="168" number="167" sentence="6">of</token>
  <token id="169" number="168" sentence="6">a</token>
  <token id="170" number="169" sentence="6">Hostess</token>
  <token id="171" number="170" sentence="6">cake</token>
  <token id="172" number="171" sentence="6">bakery</token>
  <token id="173" number="172" sentence="6">in</token>
  <token id="174" number="173" sentence="6">Cincinnati</token>
  <token id="175" number="174" sentence="6">and</token>
  <token id="176" number="175" sentence="6">a</token>
  <token id="177" number="176" sentence="6">reduction</token>
  <token id="178" number="177" sentence="6">in</token>
  <token id="179" number="178" sentence="6">staff</token>
  <token id="180" number="179" sentence="6">throughout</token>
  <token id="181" number="180" sentence="6">the</token>
  <token id="182" number="181" sentence="6">company</token>
  <token id="183" number="182" sentence="6">.</token>
  <token id="184" number="183" sentence="7">The</token>
  <token id="185" number="184" sentence="7">battery</token>
  <token id="186" number="185" sentence="7">plant</token>
  <token id="187" number="186" sentence="7">,</token>
  <token id="188" number="187" sentence="7">which</token>
  <token id="189" number="188" sentence="7">makes</token>
  <token id="190" number="189" sentence="7">rechargeable</token>
  <token id="191" number="190" sentence="7">nickel</token>
  <token id="192" number="191" sentence="7">cadmium</token>
  <token id="193" number="192" sentence="7">and</token>
  <token id="194" number="193" sentence="7">carbon</token>
  <token id="195" number="194" sentence="7">zinc</token>
  <token id="196" number="195" sentence="7">products</token>
  <token id="197" number="196" sentence="7">,</token>
  <token id="198" number="197" sentence="7">will</token>
  <token id="199" number="198" sentence="7">be</token>
  <token id="200" number="199" sentence="7">closed</token>
  <token id="201" number="200" sentence="7">over</token>
  <token id="202" number="201" sentence="7">the</token>
  <token id="203" number="202" sentence="7">next</token>
  <token id="204" number="203" sentence="7">year</token>
  <token id="205" number="204" sentence="7">or</token>
  <token id="206" number="205" sentence="7">so</token>
  <token id="207" number="206" sentence="7">,</token>
  <token id="208" number="207" sentence="7">a</token>
  <token id="209" number="208" sentence="7">spokesman</token>
  <token id="210" number="209" sentence="7">said</token>
  <token id="211" number="210" sentence="7">.</token>
  <token id="212" number="211" sentence="8">Ralston</token>
  <token id="213" number="212" sentence="8">attributed</token>
  <token id="214" number="213" sentence="8">its</token>
  <token id="215" number="214" sentence="8">fourth-quarter</token>
  <token id="216" number="215" sentence="8">slump</token>
  <token id="217" number="216" sentence="8">partly</token>
  <token id="218" number="217" sentence="8">to</token>
  <token id="219" number="218" sentence="8">higher</token>
  <token id="220" number="219" sentence="8">costs</token>
  <token id="221" number="220" sentence="8">of</token>
  <token id="222" number="221" sentence="8">ingredients</token>
  <token id="223" number="222" sentence="8">in</token>
  <token id="224" number="223" sentence="8">the</token>
  <token id="225" number="224" sentence="8">pet</token>
  <token id="226" number="225" sentence="8">food</token>
  <token id="227" number="226" sentence="8">business</token>
  <token id="228" number="227" sentence="8">as</token>
  <token id="229" number="228" sentence="8">well</token>
  <token id="230" number="229" sentence="8">as</token>
  <token id="231" number="230" sentence="8">competitive</token>
  <token id="232" number="231" sentence="8">pressures</token>
  <token id="233" number="232" sentence="8">,</token>
  <token id="234" number="233" sentence="8">which</token>
  <token id="235" number="234" sentence="8">required</token>
  <token id="236" number="235" sentence="8">higher</token>
  <token id="237" number="236" sentence="8">advertising</token>
  <token id="238" number="237" sentence="8">spending</token>
  <token id="239" number="238" sentence="8">.</token>
  <token id="240" number="239" sentence="9">For</token>
  <token id="241" number="240" sentence="9">the</token>
  <token id="242" number="241" sentence="9">year</token>
  <token id="243" number="242" sentence="9">,</token>
  <token id="244" number="243" sentence="9">pet</token>
  <token id="245" number="244" sentence="9">food</token>
  <token id="246" number="245" sentence="9">volume</token>
  <token id="247" number="246" sentence="9">was</token>
  <token id="248" number="247" sentence="9">flat</token>
  <token id="249" number="248" sentence="9">,</token>
  <token id="250" number="249" sentence="9">the</token>
  <token id="251" number="250" sentence="9">company</token>
  <token id="252" number="251" sentence="9">said</token>
  <token id="253" number="252" sentence="9">.</token>
  <token id="254" number="253" sentence="10">Its</token>
  <token id="255" number="254" sentence="10">cereal</token>
  <token id="256" number="255" sentence="10">division</token>
  <token id="257" number="256" sentence="10">realized</token>
  <token id="258" number="257" sentence="10">higher</token>
  <token id="259" number="258" sentence="10">operating</token>
  <token id="260" number="259" sentence="10">profit</token>
  <token id="261" number="260" sentence="10">on</token>
  <token id="262" number="261" sentence="10">volume</token>
  <token id="263" number="262" sentence="10">increases</token>
  <token id="264" number="263" sentence="10">,</token>
  <token id="265" number="264" sentence="10">but</token>
  <token id="266" number="265" sentence="10">also</token>
  <token id="267" number="266" sentence="10">spent</token>
  <token id="268" number="267" sentence="10">more</token>
  <token id="269" number="268" sentence="10">on</token>
  <token id="270" number="269" sentence="10">promotion</token>
  <token id="271" number="270" sentence="10">.</token>
  <token id="272" number="271" sentence="11">The</token>
  <token id="273" number="272" sentence="11">Continental</token>
  <token id="274" number="273" sentence="11">Baking</token>
  <token id="275" number="274" sentence="11">business</token>
  <token id="276" number="275" sentence="11">benefited</token>
  <token id="277" number="276" sentence="11">from</token>
  <token id="278" number="277" sentence="11">higher</token>
  <token id="279" number="278" sentence="11">margins</token>
  <token id="280" number="279" sentence="11">on</token>
  <token id="281" number="280" sentence="11">bread</token>
  <token id="282" number="281" sentence="11">and</token>
  <token id="283" number="282" sentence="11">on</token>
  <token id="284" number="283" sentence="11">increased</token>
  <token id="285" number="284" sentence="11">cake</token>
  <token id="286" number="285" sentence="11">sales</token>
  <token id="287" number="286" sentence="11">,</token>
  <token id="288" number="287" sentence="11">it</token>
  <token id="289" number="288" sentence="11">added</token>
  <token id="290" number="289" sentence="11">.</token>
  <token id="291" number="290" sentence="12">Ralston</token>
  <token id="292" number="291" sentence="12">said</token>
  <token id="293" number="292" sentence="12">its</token>
  <token id="294" number="293" sentence="12">Eveready</token>
  <token id="295" number="294" sentence="12">battery</token>
  <token id="296" number="295" sentence="12">unit</token>
  <token id="297" number="296" sentence="12">was</token>
  <token id="298" number="297" sentence="12">hurt</token>
  <token id="299" number="298" sentence="12">by</token>
  <token id="300" number="299" sentence="12">continuing</token>
  <token id="301" number="300" sentence="12">economic</token>
  <token id="302" number="301" sentence="12">problems</token>
  <token id="303" number="302" sentence="12">in</token>
  <token id="304" number="303" sentence="12">South</token>
  <token id="305" number="304" sentence="12">America</token>
  <token id="306" number="305" sentence="12">.</token>
  <token id="307" number="306" sentence="13">Ralston</token>
  <token id="308" number="307" sentence="13">shares</token>
  <token id="309" number="308" sentence="13">closed</token>
  <token id="310" number="309" sentence="13">yesterday</token>
  <token id="311" number="310" sentence="13">at</token>
  <token id="312" number="311" sentence="13">$</token>
  <token id="313" number="312" sentence="13">80.50</token>
  <token id="314" number="313" sentence="13">,</token>
  <token id="315" number="314" sentence="13">off</token>
  <token id="316" number="315" sentence="13">$</token>
  <token id="317" number="316" sentence="13">1</token>
  <token id="318" number="317" sentence="13">,</token>
  <token id="319" number="318" sentence="13">in</token>
  <token id="320" number="319" sentence="13">New</token>
  <token id="321" number="320" sentence="13">York</token>
  <token id="322" number="321" sentence="13">Stock</token>
  <token id="323" number="322" sentence="13">Exchange</token>
  <token id="324" number="323" sentence="13">composite</token>
  <token id="325" number="324" sentence="13">trading</token>
  <token id="326" number="325" sentence="13">.</token>
</Document>
