<Document doc_name="wsj_1031">
  <Markables>
    <TIMEX3 RELATED_TO="" TAG_DESCRIPTOR="Empty_Mark" beginPoint="" comment="" endPoint="" freq="" functionInDocument="CREATION_TIME" id="0" quant="" type="DATE" value="1989-10-26" />
    <EVENT aspect="NONE" certainty="" class="OCCURRENCE" comment="" factuality="" id="1" modality="NONE" polarity="POS" pos="VERB" tense="PAST">
      <token_anchor id="9" />
    </EVENT>
    <EVENT aspect="NONE" certainty="" class="OCCURRENCE" comment="" factuality="" id="2" modality="NONE" polarity="POS" pos="VERB" tense="PASTPART">
      <token_anchor id="13" />
    </EVENT>
    <EVENT aspect="NONE" certainty="" class="OCCURRENCE" comment="" factuality="" id="3" modality="NONE" polarity="POS" pos="VERB" tense="INFINITIVE">
      <token_anchor id="15" />
    </EVENT>
    <EVENT aspect="NONE" certainty="" class="OCCURRENCE" comment="" factuality="" id="4" modality="NONE" polarity="POS" pos="NOUN" tense="NONE">
      <token_anchor id="18" />
    </EVENT>
    <EVENT aspect="NONE" certainty="" class="REPORTING" comment="" factuality="" id="5" modality="NONE" polarity="POS" pos="VERB" tense="PAST">
      <token_anchor id="30" />
    </EVENT>
    <EVENT aspect="NONE" certainty="" class="OCCURRENCE" comment="" factuality="" id="6" modality="NONE" polarity="POS" pos="VERB" tense="FUTURE">
      <token_anchor id="33" />
    </EVENT>
    <TIMEX3 anchorTimeID="0" beginPoint="" comment="" endPoint="" freq="" functionInDocument="NONE" id="7" quant="" type="DATE" value="1989-11-08">
      <token_anchor id="41" />
      <token_anchor id="42" />
      <token_anchor id="43" />
    </TIMEX3>
    <EVENT aspect="NONE" certainty="" class="I_STATE" comment="" factuality="" id="8" modality="would" polarity="POS" pos="VERB" tense="NONE">
      <token_anchor id="52" />
    </EVENT>
    <EVENT aspect="NONE" certainty="" class="OCCURRENCE" comment="" factuality="" id="9" modality="NONE" polarity="POS" pos="VERB" tense="INFINITIVE">
      <token_anchor id="57" />
    </EVENT>
    <EVENT aspect="NONE" certainty="" class="STATE" comment="" factuality="" id="10" modality="NONE" polarity="NEG" pos="ADJECTIVE" tense="PRESENT">
      <token_anchor id="74" />
    </EVENT>
    <EVENT aspect="NONE" certainty="" class="I_ACTION" comment="" factuality="" id="11" modality="NONE" polarity="POS" pos="NOUN" tense="NONE">
      <token_anchor id="77" />
    </EVENT>
    <EVENT aspect="NONE" certainty="" class="OCCURRENCE" comment="" factuality="" id="12" modality="NONE" polarity="POS" pos="VERB" tense="INFINITIVE">
      <token_anchor id="79" />
    </EVENT>
    <EVENT aspect="NONE" certainty="" class="REPORTING" comment="" factuality="" id="13" modality="NONE" polarity="POS" pos="VERB" tense="PAST">
      <token_anchor id="86" />
    </EVENT>
    <TIMEX3 anchorTimeID="0" beginPoint="" comment="" endPoint="" freq="" functionInDocument="NONE" id="14" quant="" type="DATE" value="1989-09-30">
      <token_anchor id="90" />
      <token_anchor id="91" />
      <token_anchor id="92" />
    </TIMEX3>
    <EVENT aspect="NONE" certainty="" class="STATE" comment="" factuality="" id="15" modality="NONE" polarity="POS" pos="VERB" tense="PAST">
      <token_anchor id="96" />
    </EVENT>
    <EVENT aspect="NONE" certainty="" class="OCCURRENCE" comment="" factuality="" id="16" modality="NONE" polarity="POS" pos="VERB" tense="PAST">
      <token_anchor id="115" />
    </EVENT>
    <TIMEX3 anchorTimeID="0" beginPoint="" comment="" endPoint="" freq="" functionInDocument="NONE" id="17" quant="" type="DATE" value="1989-10-25">
      <token_anchor id="116" />
    </TIMEX3>
  </Markables>
  <Relations>
    <TLINK comment="" id="1" relType="AFTER">
      <source id="0" />
      <target id="5" />
    </TLINK>
    <TLINK comment="" id="2" relType="BEFORE">
      <source id="1" />
      <target id="0" />
    </TLINK>
    <TLINK comment="" id="3" relType="BEFORE">
      <source id="2" />
      <target id="1" />
    </TLINK>
    <TLINK comment="" id="4" relType="AFTER">
      <source id="4" />
      <target id="3" />
    </TLINK>
    <TLINK comment="" id="5" relType="AFTER">
      <source id="8" />
      <target id="1" />
    </TLINK>
    <TLINK comment="" id="6" relType="SIMULTANEOUS">
      <source id="11" />
      <target id="10" />
    </TLINK>
    <TLINK comment="" id="7" relType="IS_INCLUDED">
      <source id="13" />
      <target id="0" />
    </TLINK>
    <TLINK comment="" id="8" relType="IS_INCLUDED">
      <source id="15" />
      <target id="14" />
    </TLINK>
    <TLINK comment="" id="9" relType="INCLUDES">
      <source id="17" />
      <target id="16" />
    </TLINK>
  </Relations>
  <token id="1" number="0" sentence="0">Philip</token>
  <token id="2" number="1" sentence="0">Morris</token>
  <token id="3" number="2" sentence="0">Cos</token>
  <token id="4" number="3" sentence="0">.</token>
  <token id="5" number="4" sentence="0">,</token>
  <token id="6" number="5" sentence="0">New</token>
  <token id="7" number="6" sentence="0">York</token>
  <token id="8" number="7" sentence="0">,</token>
  <token id="9" number="8" sentence="0">adopted</token>
  <token id="10" number="9" sentence="0">a</token>
  <token id="11" number="10" sentence="0">defense</token>
  <token id="12" number="11" sentence="0">measure</token>
  <token id="13" number="12" sentence="0">designed</token>
  <token id="14" number="13" sentence="0">to</token>
  <token id="15" number="14" sentence="0">make</token>
  <token id="16" number="15" sentence="0">a</token>
  <token id="17" number="16" sentence="0">hostile</token>
  <token id="18" number="17" sentence="0">takeover</token>
  <token id="19" number="18" sentence="0">prohibitively</token>
  <token id="20" number="19" sentence="0">expensive</token>
  <token id="21" number="20" sentence="0">.</token>
  <token id="22" number="21" sentence="1">The</token>
  <token id="23" number="22" sentence="1">giant</token>
  <token id="24" number="23" sentence="1">foods</token>
  <token id="25" number="24" sentence="1">,</token>
  <token id="26" number="25" sentence="1">tobacco</token>
  <token id="27" number="26" sentence="1">and</token>
  <token id="28" number="27" sentence="1">brewing</token>
  <token id="29" number="28" sentence="1">company</token>
  <token id="30" number="29" sentence="1">said</token>
  <token id="31" number="30" sentence="1">it</token>
  <token id="32" number="31" sentence="1">will</token>
  <token id="33" number="32" sentence="1">issue</token>
  <token id="34" number="33" sentence="1">common-share</token>
  <token id="35" number="34" sentence="1">purchase</token>
  <token id="36" number="35" sentence="1">rights</token>
  <token id="37" number="36" sentence="1">to</token>
  <token id="38" number="37" sentence="1">shareholders</token>
  <token id="39" number="38" sentence="1">of</token>
  <token id="40" number="39" sentence="1">record</token>
  <token id="41" number="40" sentence="1">Nov</token>
  <token id="42" number="41" sentence="1">.</token>
  <token id="43" number="42" sentence="1">8</token>
  <token id="44" number="43" sentence="1">.</token>
  <token id="45" number="44" sentence="2">Under</token>
  <token id="46" number="45" sentence="2">certain</token>
  <token id="47" number="46" sentence="2">circumstances</token>
  <token id="48" number="47" sentence="2">,</token>
  <token id="49" number="48" sentence="2">the</token>
  <token id="50" number="49" sentence="2">rights</token>
  <token id="51" number="50" sentence="2">would</token>
  <token id="52" number="51" sentence="2">entitle</token>
  <token id="53" number="52" sentence="2">Philip</token>
  <token id="54" number="53" sentence="2">Morris</token>
  <token id="55" number="54" sentence="2">holders</token>
  <token id="56" number="55" sentence="2">to</token>
  <token id="57" number="56" sentence="2">buy</token>
  <token id="58" number="57" sentence="2">shares</token>
  <token id="59" number="58" sentence="2">of</token>
  <token id="60" number="59" sentence="2">either</token>
  <token id="61" number="60" sentence="2">the</token>
  <token id="62" number="61" sentence="2">company</token>
  <token id="63" number="62" sentence="2">or</token>
  <token id="64" number="63" sentence="2">its</token>
  <token id="65" number="64" sentence="2">acquirer</token>
  <token id="66" number="65" sentence="2">for</token>
  <token id="67" number="66" sentence="2">half</token>
  <token id="68" number="67" sentence="2">price</token>
  <token id="69" number="68" sentence="2">.</token>
  <token id="70" number="69" sentence="3">The</token>
  <token id="71" number="70" sentence="3">board</token>
  <token id="72" number="71" sentence="3">is</token>
  <token id="73" number="72" sentence="3">n't</token>
  <token id="74" number="73" sentence="3">aware</token>
  <token id="75" number="74" sentence="3">of</token>
  <token id="76" number="75" sentence="3">any</token>
  <token id="77" number="76" sentence="3">attempts</token>
  <token id="78" number="77" sentence="3">to</token>
  <token id="79" number="78" sentence="3">take</token>
  <token id="80" number="79" sentence="3">over</token>
  <token id="81" number="80" sentence="3">Philip</token>
  <token id="82" number="81" sentence="3">Morris</token>
  <token id="83" number="82" sentence="3">,</token>
  <token id="84" number="83" sentence="3">the</token>
  <token id="85" number="84" sentence="3">company</token>
  <token id="86" number="85" sentence="3">said</token>
  <token id="87" number="86" sentence="3">.</token>
  <token id="88" number="87" sentence="4">As</token>
  <token id="89" number="88" sentence="4">of</token>
  <token id="90" number="89" sentence="4">Sept</token>
  <token id="91" number="90" sentence="4">.</token>
  <token id="92" number="91" sentence="4">30</token>
  <token id="93" number="92" sentence="4">,</token>
  <token id="94" number="93" sentence="4">Philip</token>
  <token id="95" number="94" sentence="4">Morris</token>
  <token id="96" number="95" sentence="4">had</token>
  <token id="97" number="96" sentence="4">926</token>
  <token id="98" number="97" sentence="4">million</token>
  <token id="99" number="98" sentence="4">shares</token>
  <token id="100" number="99" sentence="4">outstanding</token>
  <token id="101" number="100" sentence="4">.</token>
  <token id="102" number="101" sentence="5">In</token>
  <token id="103" number="102" sentence="5">composite</token>
  <token id="104" number="103" sentence="5">trading</token>
  <token id="105" number="104" sentence="5">on</token>
  <token id="106" number="105" sentence="5">the</token>
  <token id="107" number="106" sentence="5">New</token>
  <token id="108" number="107" sentence="5">York</token>
  <token id="109" number="108" sentence="5">Stock</token>
  <token id="110" number="109" sentence="5">Exchange</token>
  <token id="111" number="110" sentence="5">,</token>
  <token id="112" number="111" sentence="5">Philip</token>
  <token id="113" number="112" sentence="5">Morris</token>
  <token id="114" number="113" sentence="5">shares</token>
  <token id="115" number="114" sentence="5">closed</token>
  <token id="116" number="115" sentence="5">yesterday</token>
  <token id="117" number="116" sentence="5">at</token>
  <token id="118" number="117" sentence="5">$</token>
  <token id="119" number="118" sentence="5">43.50</token>
  <token id="120" number="119" sentence="5">each</token>
  <token id="121" number="120" sentence="5">,</token>
  <token id="122" number="121" sentence="5">down</token>
  <token id="123" number="122" sentence="5">$</token>
  <token id="124" number="123" sentence="5">1.</token>
</Document>
