<Document doc_name="wsj_0032">
  <Markables>
    <TIMEX3 RELATED_TO="" TAG_DESCRIPTOR="Empty_Mark" beginPoint="" comment="" endPoint="" freq="" functionInDocument="CREATION_TIME" id="0" quant="" type="DATE" value="1989-11-02" />
    <EVENT aspect="NONE" certainty="" class="ASPECTUAL" comment="" factuality="" id="1" modality="NONE" polarity="POS" pos="VERB" tense="PAST">
      <token_anchor id="14" />
    </EVENT>
    <EVENT aspect="NONE" certainty="" class="OCCURRENCE" comment="" factuality="" id="2" modality="NONE" polarity="POS" pos="NOUN" tense="NONE">
      <token_anchor id="19" />
    </EVENT>
    <EVENT aspect="NONE" certainty="" class="OCCURRENCE" comment="" factuality="" id="3" modality="NONE" polarity="POS" pos="NOUN" tense="NONE">
      <token_anchor id="39" />
    </EVENT>
    <EVENT aspect="NONE" certainty="" class="OCCURRENCE" comment="" factuality="" id="4" modality="NONE" polarity="POS" pos="VERB" tense="PASTPART">
      <token_anchor id="41" />
    </EVENT>
    <TIMEX3 anchorTimeID="0" beginPoint="" comment="" endPoint="" freq="" functionInDocument="NONE" id="5" quant="" type="DATE" value="1989-11-02">
      <token_anchor id="43" />
    </TIMEX3>
    <EVENT aspect="NONE" certainty="" class="I_ACTION" comment="" factuality="" id="6" modality="NONE" polarity="POS" pos="VERB" tense="PRESENT">
      <token_anchor id="53" />
    </EVENT>
    <EVENT aspect="NONE" certainty="" class="OCCURRENCE" comment="" factuality="" id="7" modality="NONE" polarity="POS" pos="VERB" tense="INFINITIVE">
      <token_anchor id="55" />
    </EVENT>
    <TIMEX3 anchorTimeID="0" beginPoint="" comment="" endPoint="" freq="" functionInDocument="NONE" id="8" quant="" type="TIME" value="1989-11">
      <token_anchor id="58" />
      <token_anchor id="59" />
      <token_anchor id="60" />
      <token_anchor id="61" />
    </TIMEX3>
    <TIMEX3 anchorTimeID="0" beginPoint="" comment="" endPoint="" freq="" functionInDocument="NONE" id="9" quant="" type="DATE" value="PRESENT_REF">
      <token_anchor id="64" />
    </TIMEX3>
    <EVENT aspect="NONE" certainty="" class="STATE" comment="" factuality="" id="10" modality="NONE" polarity="POS" pos="VERB" tense="PRESENT">
      <token_anchor id="65" />
    </EVENT>
    <EVENT aspect="NONE" certainty="" class="OCCURRENCE" comment="" factuality="" id="11" modality="NONE" polarity="POS" pos="NOUN" tense="NONE">
      <token_anchor id="77" />
    </EVENT>
    <EVENT aspect="PROGRESSIVE" certainty="" class="I_ACTION" comment="" factuality="" id="12" modality="NONE" polarity="POS" pos="VERB" tense="PRESENT">
      <token_anchor id="80" />
    </EVENT>
    <C-SIGNAL id="13">
      <token_anchor id="81" />
      <token_anchor id="82" />
    </C-SIGNAL>
    <TIMEX3 anchorTimeID="0" beginPoint="" comment="" endPoint="" freq="" functionInDocument="NONE" id="14" quant="" type="TIME" value="PAST_REF">
      <token_anchor id="84" />
    </TIMEX3>
    <EVENT aspect="NONE" certainty="" class="REPORTING" comment="" factuality="" id="15" modality="NONE" polarity="POS" pos="ADJECTIVE" tense="NONE">
      <token_anchor id="85" />
    </EVENT>
    <EVENT aspect="NONE" certainty="" class="OCCURRENCE" comment="" factuality="" id="16" modality="NONE" polarity="POS" pos="NOUN" tense="NONE">
      <token_anchor id="86" />
    </EVENT>
  </Markables>
  <Relations>
    <TLINK comment="" id="1" relType="AFTER">
      <source id="0" />
      <target id="1" />
    </TLINK>
    <TLINK comment="" id="2" relType="BEGINS">
      <source id="1" />
      <target id="2" />
    </TLINK>
    <TLINK comment="" id="3" relType="IDENTITY">
      <source id="3" />
      <target id="2" />
    </TLINK>
    <TLINK comment="" id="4" relType="BEFORE">
      <source id="3" />
      <target id="4" />
    </TLINK>
    <TLINK comment="" id="5" relType="BEFORE">
      <source id="3" />
      <target id="7" />
    </TLINK>
    <TLINK comment="" id="6" relType="IS_INCLUDED">
      <source id="4" />
      <target id="5" />
    </TLINK>
    <TLINK comment="" id="7" relType="IDENTITY">
      <source id="5" />
      <target id="0" />
    </TLINK>
    <TLINK comment="" id="8" relType="IS_INCLUDED">
      <source id="6" />
      <target id="0" />
    </TLINK>
    <TLINK comment="" id="9" relType="ENDED_BY">
      <source id="7" />
      <target id="8" />
    </TLINK>
    <TLINK comment="" id="10" relType="INCLUDES">
      <source id="9" />
      <target id="0" />
    </TLINK>
    <TLINK comment="" id="11" relType="INCLUDES">
      <source id="9" />
      <target id="10" />
    </TLINK>
    <TLINK comment="" id="12" relType="IDENTITY">
      <source id="11" />
      <target id="3" />
    </TLINK>
    <TLINK comment="" id="13" relType="BEGUN_BY">
      <source id="11" />
      <target id="12" />
    </TLINK>
    <TLINK comment="" id="14" relType="IS_INCLUDED">
      <source id="12" />
      <target id="0" />
    </TLINK>
    <TLINK comment="" id="15" relType="AFTER">
      <source id="12" />
      <target id="16" />
    </TLINK>
    <TLINK comment="" id="16" relType="BEFORE">
      <source id="14" />
      <target id="0" />
    </TLINK>
    <TLINK comment="" id="17" relType="SIMULTANEOUS">
      <source id="15" />
      <target id="14" />
    </TLINK>
    <TLINK comment="" id="18" relType="BEFORE">
      <source id="16" />
      <target id="15" />
    </TLINK>
    <CLINK c-signalID="13" comment="" id="19">
      <source id="16" />
      <target id="12" />
    </CLINK>
  </Relations>
  <token id="1" number="0" sentence="0">Italian</token>
  <token id="2" number="1" sentence="0">chemical</token>
  <token id="3" number="2" sentence="0">giant</token>
  <token id="4" number="3" sentence="0">Montedison</token>
  <token id="5" number="4" sentence="0">S.p.A.,</token>
  <token id="6" number="5" sentence="0">through</token>
  <token id="7" number="6" sentence="0">its</token>
  <token id="8" number="7" sentence="0">Montedison</token>
  <token id="9" number="8" sentence="0">Acquisition</token>
  <token id="10" number="9" sentence="0">N.V.</token>
  <token id="11" number="10" sentence="0">indirect</token>
  <token id="12" number="11" sentence="0">unit</token>
  <token id="13" number="12" sentence="0">,</token>
  <token id="14" number="13" sentence="0">began</token>
  <token id="15" number="14" sentence="0">its</token>
  <token id="16" number="15" sentence="0">$</token>
  <token id="17" number="16" sentence="0">37-a-share</token>
  <token id="18" number="17" sentence="0">tender</token>
  <token id="19" number="18" sentence="0">offer</token>
  <token id="20" number="19" sentence="0">for</token>
  <token id="21" number="20" sentence="0">all</token>
  <token id="22" number="21" sentence="0">the</token>
  <token id="23" number="22" sentence="0">common</token>
  <token id="24" number="23" sentence="0">shares</token>
  <token id="25" number="24" sentence="0">outstanding</token>
  <token id="26" number="25" sentence="0">of</token>
  <token id="27" number="26" sentence="0">Erbamont</token>
  <token id="28" number="27" sentence="0">N.V.,</token>
  <token id="29" number="28" sentence="0">a</token>
  <token id="30" number="29" sentence="0">maker</token>
  <token id="31" number="30" sentence="0">of</token>
  <token id="32" number="31" sentence="0">pharmaceuticals</token>
  <token id="33" number="32" sentence="0">incorporated</token>
  <token id="34" number="33" sentence="0">in</token>
  <token id="35" number="34" sentence="0">the</token>
  <token id="36" number="35" sentence="0">Netherlands</token>
  <token id="37" number="36" sentence="0">.</token>
  <token id="38" number="37" sentence="1">The</token>
  <token id="39" number="38" sentence="1">offer</token>
  <token id="40" number="39" sentence="1">,</token>
  <token id="41" number="40" sentence="1">advertised</token>
  <token id="42" number="41" sentence="1">in</token>
  <token id="43" number="42" sentence="1">today</token>
  <token id="44" number="43" sentence="1">'s</token>
  <token id="45" number="44" sentence="1">editions</token>
  <token id="46" number="45" sentence="1">of</token>
  <token id="47" number="46" sentence="1">The</token>
  <token id="48" number="47" sentence="1">Wall</token>
  <token id="49" number="48" sentence="1">Street</token>
  <token id="50" number="49" sentence="1">Journal</token>
  <token id="51" number="50" sentence="1">,</token>
  <token id="52" number="51" sentence="1">is</token>
  <token id="53" number="52" sentence="1">scheduled</token>
  <token id="54" number="53" sentence="1">to</token>
  <token id="55" number="54" sentence="1">expire</token>
  <token id="56" number="55" sentence="1">at</token>
  <token id="57" number="56" sentence="1">the</token>
  <token id="58" number="57" sentence="1">the</token>
  <token id="59" number="58" sentence="1">end</token>
  <token id="60" number="59" sentence="1">of</token>
  <token id="61" number="60" sentence="1">November</token>
  <token id="62" number="61" sentence="1">.</token>
  <token id="63" number="62" sentence="2">Montedison</token>
  <token id="64" number="63" sentence="2">currently</token>
  <token id="65" number="64" sentence="2">owns</token>
  <token id="66" number="65" sentence="2">about</token>
  <token id="67" number="66" sentence="2">72</token>
  <token id="68" number="67" sentence="2">%</token>
  <token id="69" number="68" sentence="2">of</token>
  <token id="70" number="69" sentence="2">Erbamont</token>
  <token id="71" number="70" sentence="2">'s</token>
  <token id="72" number="71" sentence="2">common</token>
  <token id="73" number="72" sentence="2">shares</token>
  <token id="74" number="73" sentence="2">outstanding</token>
  <token id="75" number="74" sentence="2">.</token>
  <token id="76" number="75" sentence="3">The</token>
  <token id="77" number="76" sentence="3">offer</token>
  <token id="78" number="77" sentence="3">is</token>
  <token id="79" number="78" sentence="3">being</token>
  <token id="80" number="79" sentence="3">launched</token>
  <token id="81" number="80" sentence="3">pursuant</token>
  <token id="82" number="81" sentence="3">to</token>
  <token id="83" number="82" sentence="3">a</token>
  <token id="84" number="83" sentence="3">previously</token>
  <token id="85" number="84" sentence="3">announced</token>
  <token id="86" number="85" sentence="3">agreement</token>
  <token id="87" number="86" sentence="3">between</token>
  <token id="88" number="87" sentence="3">the</token>
  <token id="89" number="88" sentence="3">companies</token>
  <token id="90" number="89" sentence="3">.</token>
</Document>
