<Document doc_name="wsj_1033">
  <Markables>
    <TIMEX3 RELATED_TO="" TAG_DESCRIPTOR="Empty_Mark" beginPoint="" comment="" endPoint="" freq="" functionInDocument="CREATION_TIME" id="0" quant="" type="DATE" value="1989-10-26" />
    <EVENT aspect="NONE" certainty="" class="I_STATE" comment="" factuality="" id="1" modality="NONE" polarity="POS" pos="VERB" tense="PAST">
      <token_anchor id="11" />
    </EVENT>
    <EVENT aspect="NONE" certainty="" class="I_ACTION" comment="" factuality="" id="2" modality="NONE" polarity="POS" pos="VERB" tense="PAST">
      <token_anchor id="13" />
    </EVENT>
    <EVENT aspect="NONE" certainty="" class="OCCURRENCE" comment="" factuality="" id="3" modality="NONE" polarity="POS" pos="VERB" tense="INFINITIVE">
      <token_anchor id="15" />
    </EVENT>
    <EVENT aspect="NONE" certainty="" class="STATE" comment="" factuality="" id="4" modality="NONE" polarity="NEG" pos="VERB" tense="PRESENT">
      <token_anchor id="22" />
    </EVENT>
    <EVENT aspect="NONE" certainty="" class="OCCURRENCE" comment="" factuality="" id="5" modality="NONE" polarity="POS" pos="NOUN" tense="NONE">
      <token_anchor id="36" />
    </EVENT>
    <EVENT aspect="NONE" certainty="" class="STATE" comment="" factuality="" id="6" modality="NONE" polarity="NEG" pos="VERB" tense="PRESENT">
      <token_anchor id="51" />
    </EVENT>
    <EVENT aspect="NONE" certainty="" class="OCCURRENCE" comment="" factuality="" id="7" modality="NONE" polarity="POS" pos="NOUN" tense="NONE">
      <token_anchor id="64" />
    </EVENT>
    <EVENT aspect="NONE" certainty="" class="OCCURRENCE" comment="" factuality="" id="8" modality="NONE" polarity="POS" pos="VERB" tense="PAST">
      <token_anchor id="67" />
    </EVENT>
    <TIMEX3 anchorTimeID="0" beginPoint="" comment="" endPoint="" freq="" functionInDocument="NONE" id="9" quant="" type="DATE" value="1989-10-25">
      <token_anchor id="68" />
    </TIMEX3>
    <EVENT aspect="PROGRESSIVE" certainty="" class="OCCURRENCE" comment="" factuality="" id="10" modality="NONE" polarity="POS" pos="VERB" tense="PRESENT">
      <token_anchor id="91" />
    </EVENT>
    <EVENT aspect="NONE" certainty="" class="OCCURRENCE" comment="" factuality="" id="11" modality="NONE" polarity="POS" pos="NOUN" tense="NONE">
      <token_anchor id="93" />
    </EVENT>
    <EVENT aspect="NONE" certainty="" class="I_ACTION" comment="" factuality="" id="12" modality="NONE" polarity="POS" pos="VERB" tense="PAST">
      <token_anchor id="97" />
    </EVENT>
    <EVENT aspect="NONE" certainty="" class="OCCURRENCE" comment="" factuality="" id="13" modality="NONE" polarity="POS" pos="VERB" tense="INFINITIVE">
      <token_anchor id="100" />
    </EVENT>
    <TIMEX3 anchorTimeID="0" beginPoint="" comment="" endPoint="" freq="" functionInDocument="NONE" id="14" quant="" type="DATE" value="1989-10-31">
      <token_anchor id="102" />
      <token_anchor id="103" />
      <token_anchor id="104" />
    </TIMEX3>
    <EVENT aspect="NONE" certainty="" class="REPORTING" comment="" factuality="" id="15" modality="NONE" polarity="POS" pos="VERB" tense="PAST">
      <token_anchor id="108" />
    </EVENT>
    <EVENT aspect="NONE" certainty="" class="OCCURRENCE" comment="" factuality="" id="16" modality="can" polarity="NEG" pos="VERB" tense="NONE">
      <token_anchor id="111" />
    </EVENT>
    <EVENT aspect="NONE" certainty="" class="OCCURRENCE" comment="" factuality="" id="17" modality="NONE" polarity="POS" pos="NOUN" tense="NONE">
      <token_anchor id="115" />
    </EVENT>
    <EVENT aspect="NONE" certainty="" class="OCCURRENCE" comment="" factuality="" id="18" modality="NONE" polarity="POS" pos="VERB" tense="FUTURE">
      <token_anchor id="117" />
    </EVENT>
    <EVENT aspect="NONE" certainty="" class="OCCURRENCE" comment="" factuality="" id="19" modality="NONE" polarity="POS" pos="VERB" tense="PAST">
      <token_anchor id="121" />
    </EVENT>
    <TIMEX3 anchorTimeID="0" beginPoint="" comment="" endPoint="" freq="" functionInDocument="NONE" id="20" quant="" type="DATE" value="1984">
      <token_anchor id="125" />
      <token_anchor id="126" />
      <token_anchor id="127" />
    </TIMEX3>
    <EVENT aspect="NONE" certainty="" class="OCCURRENCE" comment="" factuality="" id="21" modality="NONE" polarity="POS" pos="NOUN" tense="NONE">
      <token_anchor id="135" />
    </EVENT>
    <EVENT aspect="NONE" certainty="" class="OCCURRENCE" comment="" factuality="" id="22" modality="NONE" polarity="POS" pos="VERB" tense="PAST">
      <token_anchor id="151" />
    </EVENT>
    <TIMEX3 anchorTimeID="0" beginPoint="" comment="" endPoint="" freq="" functionInDocument="NONE" id="23" quant="" type="DATE" value="1988">
      <token_anchor id="163" />
      <token_anchor id="164" />
    </TIMEX3>
    <EVENT aspect="NONE" certainty="" class="REPORTING" comment="" factuality="" id="24" modality="NONE" polarity="POS" pos="VERB" tense="PAST">
      <token_anchor id="171" />
    </EVENT>
    <TIMEX3 anchorTimeID="0" beginPoint="" comment="" endPoint="" freq="" functionInDocument="NONE" id="25" quant="" type="DATE" value="1989-Q3">
      <token_anchor id="172" />
    </TIMEX3>
    <EVENT aspect="NONE" certainty="" class="OCCURRENCE" comment="" factuality="" id="26" modality="NONE" polarity="POS" pos="VERB" tense="PAST">
      <token_anchor id="175" />
    </EVENT>
    <TIMEX3 anchorTimeID="0" beginPoint="" comment="" endPoint="" freq="" functionInDocument="NONE" id="27" quant="" type="DATE" value="1988-Q3">
      <token_anchor id="201" />
      <token_anchor id="202" />
      <token_anchor id="203" />
    </TIMEX3>
    <EVENT aspect="NONE" certainty="" class="OCCURRENCE" comment="" factuality="" id="28" modality="NONE" polarity="POS" pos="VERB" tense="PAST">
      <token_anchor id="206" />
    </EVENT>
  </Markables>
  <Relations>
    <TLINK comment="" id="1" relType="BEFORE">
      <source id="1" />
      <target id="2" />
    </TLINK>
    <TLINK comment="" id="2" relType="IDENTITY">
      <source id="5" />
      <target id="2" />
    </TLINK>
    <TLINK comment="" id="3" relType="ENDED_BY">
      <source id="7" />
      <target id="8" />
    </TLINK>
    <TLINK comment="" id="4" relType="IS_INCLUDED">
      <source id="8" />
      <target id="9" />
    </TLINK>
    <TLINK comment="" id="5" relType="DURING">
      <source id="10" />
      <target id="0" />
    </TLINK>
    <TLINK comment="" id="6" relType="IDENTITY">
      <source id="11" />
      <target id="5" />
    </TLINK>
    <TLINK comment="" id="7" relType="AFTER">
      <source id="12" />
      <target id="10" />
    </TLINK>
    <TLINK comment="" id="8" relType="BEFORE">
      <source id="13" />
      <target id="14" />
    </TLINK>
    <TLINK comment="" id="9" relType="AFTER">
      <source id="15" />
      <target id="12" />
    </TLINK>
    <TLINK comment="" id="10" relType="SIMULTANEOUS">
      <source id="17" />
      <target id="18" />
    </TLINK>
    <TLINK comment="" id="11" relType="IS_INCLUDED">
      <source id="19" />
      <target id="20" />
    </TLINK>
    <TLINK comment="" id="12" relType="INCLUDES">
      <source id="21" />
      <target id="19" />
    </TLINK>
    <TLINK comment="" id="13" relType="IS_INCLUDED">
      <source id="22" />
      <target id="23" />
    </TLINK>
    <TLINK comment="" id="14" relType="AFTER">
      <source id="24" />
      <target id="26" />
    </TLINK>
    <TLINK comment="" id="15" relType="IS_INCLUDED">
      <source id="25" />
      <target id="26" />
    </TLINK>
    <TLINK comment="" id="16" relType="IS_INCLUDED">
      <source id="28" />
      <target id="25" />
    </TLINK>
  </Relations>
  <token id="1" number="0" sentence="0">Esselte</token>
  <token id="2" number="1" sentence="0">AB</token>
  <token id="3" number="2" sentence="0">,</token>
  <token id="4" number="3" sentence="0">the</token>
  <token id="5" number="4" sentence="0">Stockholm</token>
  <token id="6" number="5" sentence="0">office</token>
  <token id="7" number="6" sentence="0">supplies</token>
  <token id="8" number="7" sentence="0">company</token>
  <token id="9" number="8" sentence="0">,</token>
  <token id="10" number="9" sentence="0">as</token>
  <token id="11" number="10" sentence="0">expected</token>
  <token id="12" number="11" sentence="0">,</token>
  <token id="13" number="12" sentence="0">proposed</token>
  <token id="14" number="13" sentence="0">to</token>
  <token id="15" number="14" sentence="0">acquire</token>
  <token id="16" number="15" sentence="0">the</token>
  <token id="17" number="16" sentence="0">22</token>
  <token id="18" number="17" sentence="0">%</token>
  <token id="19" number="18" sentence="0">it</token>
  <token id="20" number="19" sentence="0">does</token>
  <token id="21" number="20" sentence="0">n't</token>
  <token id="22" number="21" sentence="0">own</token>
  <token id="23" number="22" sentence="0">of</token>
  <token id="24" number="23" sentence="0">its</token>
  <token id="25" number="24" sentence="0">U.S.</token>
  <token id="26" number="25" sentence="0">unit</token>
  <token id="27" number="26" sentence="0">,</token>
  <token id="28" number="27" sentence="0">Esselte</token>
  <token id="29" number="28" sentence="0">Business</token>
  <token id="30" number="29" sentence="0">Systems</token>
  <token id="31" number="30" sentence="0">Inc.</token>
  <token id="32" number="31" sentence="1">The</token>
  <token id="33" number="32" sentence="1">price</token>
  <token id="34" number="33" sentence="1">in</token>
  <token id="35" number="34" sentence="1">the</token>
  <token id="36" number="35" sentence="1">proposal</token>
  <token id="37" number="36" sentence="1">is</token>
  <token id="38" number="37" sentence="1">$</token>
  <token id="39" number="38" sentence="1">43.50</token>
  <token id="40" number="39" sentence="1">for</token>
  <token id="41" number="40" sentence="1">each</token>
  <token id="42" number="41" sentence="1">of</token>
  <token id="43" number="42" sentence="1">the</token>
  <token id="44" number="43" sentence="1">4.9</token>
  <token id="45" number="44" sentence="1">million</token>
  <token id="46" number="45" sentence="1">shares</token>
  <token id="47" number="46" sentence="1">the</token>
  <token id="48" number="47" sentence="1">parent</token>
  <token id="49" number="48" sentence="1">does</token>
  <token id="50" number="49" sentence="1">n't</token>
  <token id="51" number="50" sentence="1">own</token>
  <token id="52" number="51" sentence="1">,</token>
  <token id="53" number="52" sentence="1">or</token>
  <token id="54" number="53" sentence="1">$</token>
  <token id="55" number="54" sentence="1">213.2</token>
  <token id="56" number="55" sentence="1">million</token>
  <token id="57" number="56" sentence="1">.</token>
  <token id="58" number="57" sentence="2">In</token>
  <token id="59" number="58" sentence="2">New</token>
  <token id="60" number="59" sentence="2">York</token>
  <token id="61" number="60" sentence="2">Stock</token>
  <token id="62" number="61" sentence="2">Exchange</token>
  <token id="63" number="62" sentence="2">composite</token>
  <token id="64" number="63" sentence="2">trading</token>
  <token id="65" number="64" sentence="2">,</token>
  <token id="66" number="65" sentence="2">Esselte</token>
  <token id="67" number="66" sentence="2">closed</token>
  <token id="68" number="67" sentence="2">yesterday</token>
  <token id="69" number="68" sentence="2">at</token>
  <token id="70" number="69" sentence="2">$</token>
  <token id="71" number="70" sentence="2">43.50</token>
  <token id="72" number="71" sentence="2">a</token>
  <token id="73" number="72" sentence="2">share</token>
  <token id="74" number="73" sentence="2">,</token>
  <token id="75" number="74" sentence="2">up</token>
  <token id="76" number="75" sentence="2">$</token>
  <token id="77" number="76" sentence="2">1.</token>
  <token id="78" number="77" sentence="3">A</token>
  <token id="79" number="78" sentence="3">committee</token>
  <token id="80" number="79" sentence="3">of</token>
  <token id="81" number="80" sentence="3">outside</token>
  <token id="82" number="81" sentence="3">directors</token>
  <token id="83" number="82" sentence="3">for</token>
  <token id="84" number="83" sentence="3">the</token>
  <token id="85" number="84" sentence="3">Garden</token>
  <token id="86" number="85" sentence="3">City</token>
  <token id="87" number="86" sentence="3">,</token>
  <token id="88" number="87" sentence="3">N.Y.,</token>
  <token id="89" number="88" sentence="3">unit</token>
  <token id="90" number="89" sentence="3">is</token>
  <token id="91" number="90" sentence="3">evaluating</token>
  <token id="92" number="91" sentence="3">the</token>
  <token id="93" number="92" sentence="3">proposal</token>
  <token id="94" number="93" sentence="3">;</token>
  <token id="95" number="94" sentence="4">the</token>
  <token id="96" number="95" sentence="4">parent</token>
  <token id="97" number="96" sentence="4">asked</token>
  <token id="98" number="97" sentence="4">it</token>
  <token id="99" number="98" sentence="4">to</token>
  <token id="100" number="99" sentence="4">respond</token>
  <token id="101" number="100" sentence="4">by</token>
  <token id="102" number="101" sentence="4">Oct</token>
  <token id="103" number="102" sentence="4">.</token>
  <token id="104" number="103" sentence="4">31</token>
  <token id="105" number="104" sentence="4">.</token>
  <token id="106" number="105" sentence="5">The</token>
  <token id="107" number="106" sentence="5">unit</token>
  <token id="108" number="107" sentence="5">said</token>
  <token id="109" number="108" sentence="5">it</token>
  <token id="110" number="109" sentence="5">can</token>
  <token id="111" number="110" sentence="5">provide</token>
  <token id="112" number="111" sentence="5">no</token>
  <token id="113" number="112" sentence="5">assurance</token>
  <token id="114" number="113" sentence="5">a</token>
  <token id="115" number="114" sentence="5">transaction</token>
  <token id="116" number="115" sentence="5">will</token>
  <token id="117" number="116" sentence="5">occur</token>
  <token id="118" number="117" sentence="5">.</token>
  <token id="119" number="118" sentence="6">Esselte</token>
  <token id="120" number="119" sentence="6">AB</token>
  <token id="121" number="120" sentence="6">sold</token>
  <token id="122" number="121" sentence="6">the</token>
  <token id="123" number="122" sentence="6">minority</token>
  <token id="124" number="123" sentence="6">stake</token>
  <token id="125" number="124" sentence="6">five</token>
  <token id="126" number="125" sentence="6">years</token>
  <token id="127" number="126" sentence="6">ago</token>
  <token id="128" number="127" sentence="6">in</token>
  <token id="129" number="128" sentence="6">a</token>
  <token id="130" number="129" sentence="6">$</token>
  <token id="131" number="130" sentence="6">40</token>
  <token id="132" number="131" sentence="6">million</token>
  <token id="133" number="132" sentence="6">international</token>
  <token id="134" number="133" sentence="6">share</token>
  <token id="135" number="134" sentence="6">offering</token>
  <token id="136" number="135" sentence="6">.</token>
  <token id="137" number="136" sentence="7">The</token>
  <token id="138" number="137" sentence="7">unit</token>
  <token id="139" number="138" sentence="7">,</token>
  <token id="140" number="139" sentence="7">which</token>
  <token id="141" number="140" sentence="7">is</token>
  <token id="142" number="141" sentence="7">the</token>
  <token id="143" number="142" sentence="7">holding</token>
  <token id="144" number="143" sentence="7">company</token>
  <token id="145" number="144" sentence="7">for</token>
  <token id="146" number="145" sentence="7">Esselte</token>
  <token id="147" number="146" sentence="7">'s</token>
  <token id="148" number="147" sentence="7">non-Swedish</token>
  <token id="149" number="148" sentence="7">units</token>
  <token id="150" number="149" sentence="7">,</token>
  <token id="151" number="150" sentence="7">accounted</token>
  <token id="152" number="151" sentence="7">for</token>
  <token id="153" number="152" sentence="7">58</token>
  <token id="154" number="153" sentence="7">%</token>
  <token id="155" number="154" sentence="7">of</token>
  <token id="156" number="155" sentence="7">sales</token>
  <token id="157" number="156" sentence="7">and</token>
  <token id="158" number="157" sentence="7">71</token>
  <token id="159" number="158" sentence="7">%</token>
  <token id="160" number="159" sentence="7">of</token>
  <token id="161" number="160" sentence="7">operating</token>
  <token id="162" number="161" sentence="7">profit</token>
  <token id="163" number="162" sentence="7">last</token>
  <token id="164" number="163" sentence="7">year</token>
  <token id="165" number="164" sentence="7">.</token>
  <token id="166" number="165" sentence="8">Separately</token>
  <token id="167" number="166" sentence="8">,</token>
  <token id="168" number="167" sentence="8">Esselte</token>
  <token id="169" number="168" sentence="8">Business</token>
  <token id="170" number="169" sentence="8">Systems</token>
  <token id="171" number="170" sentence="8">reported</token>
  <token id="172" number="171" sentence="8">third-quarter</token>
  <token id="173" number="172" sentence="8">net</token>
  <token id="174" number="173" sentence="8">income</token>
  <token id="175" number="174" sentence="8">fell</token>
  <token id="176" number="175" sentence="8">5.9</token>
  <token id="177" number="176" sentence="8">%</token>
  <token id="178" number="177" sentence="8">to</token>
  <token id="179" number="178" sentence="8">$</token>
  <token id="180" number="179" sentence="8">9.5</token>
  <token id="181" number="180" sentence="8">million</token>
  <token id="182" number="181" sentence="8">,</token>
  <token id="183" number="182" sentence="8">or</token>
  <token id="184" number="183" sentence="8">46</token>
  <token id="185" number="184" sentence="8">cents</token>
  <token id="186" number="185" sentence="8">a</token>
  <token id="187" number="186" sentence="8">share</token>
  <token id="188" number="187" sentence="8">,</token>
  <token id="189" number="188" sentence="8">from</token>
  <token id="190" number="189" sentence="8">$</token>
  <token id="191" number="190" sentence="8">10.1</token>
  <token id="192" number="191" sentence="8">million</token>
  <token id="193" number="192" sentence="8">,</token>
  <token id="194" number="193" sentence="8">or</token>
  <token id="195" number="194" sentence="8">49</token>
  <token id="196" number="195" sentence="8">cents</token>
  <token id="197" number="196" sentence="8">a</token>
  <token id="198" number="197" sentence="8">share</token>
  <token id="199" number="198" sentence="8">,</token>
  <token id="200" number="199" sentence="8">in</token>
  <token id="201" number="200" sentence="8">the</token>
  <token id="202" number="201" sentence="8">year-ago</token>
  <token id="203" number="202" sentence="8">period</token>
  <token id="204" number="203" sentence="8">.</token>
  <token id="205" number="204" sentence="9">Sales</token>
  <token id="206" number="205" sentence="9">rose</token>
  <token id="207" number="206" sentence="9">2.9</token>
  <token id="208" number="207" sentence="9">%</token>
  <token id="209" number="208" sentence="9">to</token>
  <token id="210" number="209" sentence="9">$</token>
  <token id="211" number="210" sentence="9">329.2</token>
  <token id="212" number="211" sentence="9">million</token>
  <token id="213" number="212" sentence="9">from</token>
  <token id="214" number="213" sentence="9">$</token>
  <token id="215" number="214" sentence="9">320</token>
  <token id="216" number="215" sentence="9">million</token>
  <token id="217" number="216" sentence="9">.</token>
</Document>
