<Document doc_name="wsj_0906">
  <Markables>
    <TIMEX3 RELATED_TO="" TAG_DESCRIPTOR="Empty_Mark" beginPoint="" comment="" endPoint="" freq="" functionInDocument="CREATION_TIME" id="0" quant="" type="DATE" value="1989-10-26" />
    <EVENT aspect="NONE" certainty="" class="REPORTING" comment="" factuality="" id="1" modality="NONE" polarity="POS" pos="VERB" tense="PAST">
      <token_anchor id="5" />
    </EVENT>
    <EVENT aspect="NONE" certainty="" class="I_ACTION" comment="" factuality="" id="2" modality="NONE" polarity="POS" pos="VERB" tense="PAST">
      <token_anchor id="7" />
    </EVENT>
    <EVENT aspect="NONE" certainty="" class="OCCURRENCE" comment="" factuality="" id="3" modality="NONE" polarity="POS" pos="ADJECTIVE" tense="NONE">
      <token_anchor id="10" />
    </EVENT>
    <EVENT aspect="NONE" certainty="" class="OCCURRENCE" comment="" factuality="" id="4" modality="NONE" polarity="POS" pos="VERB" tense="PASTPART">
      <token_anchor id="17" />
    </EVENT>
    <EVENT aspect="NONE" certainty="" class="REPORTING" comment="" factuality="" id="5" modality="NONE" polarity="POS" pos="VERB" tense="PAST">
      <token_anchor id="43" />
    </EVENT>
    <EVENT aspect="NONE" certainty="" class="OCCURRENCE" comment="" factuality="" id="6" modality="NONE" polarity="POS" pos="VERB" tense="PRESENT">
      <token_anchor id="47" />
    </EVENT>
    <EVENT aspect="NONE" certainty="" class="OCCURRENCE" comment="" factuality="" id="7" modality="NONE" polarity="POS" pos="VERB" tense="INFINITIVE">
      <token_anchor id="53" />
    </EVENT>
    <EVENT aspect="NONE" certainty="" class="OCCURRENCE" comment="" factuality="" id="8" modality="NONE" polarity="POS" pos="NOUN" tense="NONE">
      <token_anchor id="68" />
    </EVENT>
    <EVENT aspect="NONE" certainty="" class="OCCURRENCE" comment="" factuality="" id="9" modality="would" polarity="POS" pos="VERB" tense="NONE">
      <token_anchor id="70" />
    </EVENT>
    <EVENT aspect="NONE" certainty="" class="OCCURRENCE" comment="" factuality="" id="10" modality="NONE" polarity="POS" pos="NOUN" tense="NONE">
      <token_anchor id="90" />
    </EVENT>
    <EVENT aspect="NONE" certainty="" class="OCCURRENCE" comment="" factuality="" id="11" modality="NONE" polarity="POS" pos="NOUN" tense="NONE">
      <token_anchor id="92" />
    </EVENT>
    <EVENT aspect="NONE" certainty="" class="OCCURRENCE" comment="" factuality="" id="12" modality="NONE" polarity="POS" pos="VERB" tense="PASTPART">
      <token_anchor id="95" />
    </EVENT>
    <EVENT aspect="NONE" certainty="" class="OCCURRENCE" comment="" factuality="" id="13" modality="NONE" polarity="POS" pos="NOUN" tense="NONE">
      <token_anchor id="105" />
    </EVENT>
  </Markables>
  <Relations>
    <TLINK comment="" id="1" relType="BEFORE">
      <source id="1" />
      <target id="0" />
    </TLINK>
    <TLINK comment="" id="2" relType="SIMULTANEOUS">
      <source id="3" />
      <target id="4" />
    </TLINK>
    <TLINK comment="" id="3" relType="IDENTITY">
      <source id="5" />
      <target id="1" />
    </TLINK>
    <TLINK comment="" id="4" relType="INCLUDES">
      <source id="8" />
      <target id="3" />
    </TLINK>
    <TLINK comment="" id="5" relType="IDENTITY">
      <source id="8" />
      <target id="9" />
    </TLINK>
    <TLINK comment="" id="6" relType="BEFORE">
      <source id="12" />
      <target id="11" />
    </TLINK>
    <TLINK comment="" id="7" relType="INCLUDES">
      <source id="13" />
      <target id="3" />
    </TLINK>
  </Relations>
  <token id="1" number="0" sentence="0">Diversified</token>
  <token id="2" number="1" sentence="0">Investment</token>
  <token id="3" number="2" sentence="0">Group</token>
  <token id="4" number="3" sentence="0">Inc.</token>
  <token id="5" number="4" sentence="0">said</token>
  <token id="6" number="5" sentence="0">it</token>
  <token id="7" number="6" sentence="0">agreed</token>
  <token id="8" number="7" sentence="0">to</token>
  <token id="9" number="8" sentence="0">be</token>
  <token id="10" number="9" sentence="0">acquired</token>
  <token id="11" number="10" sentence="0">by</token>
  <token id="12" number="11" sentence="0">Star</token>
  <token id="13" number="12" sentence="0">States</token>
  <token id="14" number="13" sentence="0">Corp.</token>
  <token id="15" number="14" sentence="0">for</token>
  <token id="16" number="15" sentence="0">stock</token>
  <token id="17" number="16" sentence="0">valued</token>
  <token id="18" number="17" sentence="0">at</token>
  <token id="19" number="18" sentence="0">$</token>
  <token id="20" number="19" sentence="0">13.75</token>
  <token id="21" number="20" sentence="0">a</token>
  <token id="22" number="21" sentence="0">share</token>
  <token id="23" number="22" sentence="0">,</token>
  <token id="24" number="23" sentence="0">or</token>
  <token id="25" number="24" sentence="0">about</token>
  <token id="26" number="25" sentence="0">$</token>
  <token id="27" number="26" sentence="0">24.4</token>
  <token id="28" number="27" sentence="0">million</token>
  <token id="29" number="28" sentence="0">.</token>
  <token id="30" number="29" sentence="1">Diversified</token>
  <token id="31" number="30" sentence="1">,</token>
  <token id="32" number="31" sentence="1">the</token>
  <token id="33" number="32" sentence="1">holding</token>
  <token id="34" number="33" sentence="1">company</token>
  <token id="35" number="34" sentence="1">for</token>
  <token id="36" number="35" sentence="1">Fidelity</token>
  <token id="37" number="36" sentence="1">Federal</token>
  <token id="38" number="37" sentence="1">Savings</token>
  <token id="39" number="38" sentence="1">amp</token>
  <token id="40" number="39" sentence="1">Loan</token>
  <token id="41" number="40" sentence="1">Association</token>
  <token id="42" number="41" sentence="1">,</token>
  <token id="43" number="42" sentence="1">said</token>
  <token id="44" number="43" sentence="1">the</token>
  <token id="45" number="44" sentence="1">agreement</token>
  <token id="46" number="45" sentence="1">also</token>
  <token id="47" number="46" sentence="1">gives</token>
  <token id="48" number="47" sentence="1">Star</token>
  <token id="49" number="48" sentence="1">States</token>
  <token id="50" number="49" sentence="1">the</token>
  <token id="51" number="50" sentence="1">option</token>
  <token id="52" number="51" sentence="1">to</token>
  <token id="53" number="52" sentence="1">acquire</token>
  <token id="54" number="53" sentence="1">588,300</token>
  <token id="55" number="54" sentence="1">of</token>
  <token id="56" number="55" sentence="1">Diversified</token>
  <token id="57" number="56" sentence="1">'s</token>
  <token id="58" number="57" sentence="1">1,774,326</token>
  <token id="59" number="58" sentence="1">shares</token>
  <token id="60" number="59" sentence="1">outstanding</token>
  <token id="61" number="60" sentence="1">"</token>
  <token id="62" number="61" sentence="1">under</token>
  <token id="63" number="62" sentence="1">certain</token>
  <token id="64" number="63" sentence="1">circumstances</token>
  <token id="65" number="64" sentence="1">.</token>
  <token id="66" number="65" sentence="1">"</token>
  <token id="67" number="66" sentence="2">The</token>
  <token id="68" number="67" sentence="2">acquisition</token>
  <token id="69" number="68" sentence="2">would</token>
  <token id="70" number="69" sentence="2">give</token>
  <token id="71" number="70" sentence="2">Wilmington</token>
  <token id="72" number="71" sentence="2">,</token>
  <token id="73" number="72" sentence="2">Del</token>
  <token id="74" number="73" sentence="2">.</token>
  <token id="75" number="74" sentence="2">-based</token>
  <token id="76" number="75" sentence="2">Star</token>
  <token id="77" number="76" sentence="2">States</token>
  <token id="78" number="77" sentence="2">access</token>
  <token id="79" number="78" sentence="2">to</token>
  <token id="80" number="79" sentence="2">the</token>
  <token id="81" number="80" sentence="2">Pennsylvania</token>
  <token id="82" number="81" sentence="2">market</token>
  <token id="83" number="82" sentence="2">.</token>
  <token id="84" number="83" sentence="3">The</token>
  <token id="85" number="84" sentence="3">agreement</token>
  <token id="86" number="85" sentence="3">is</token>
  <token id="87" number="86" sentence="3">subject</token>
  <token id="88" number="87" sentence="3">to</token>
  <token id="89" number="88" sentence="3">regulatory</token>
  <token id="90" number="89" sentence="3">approval</token>
  <token id="91" number="90" sentence="3">and</token>
  <token id="92" number="91" sentence="3">resolution</token>
  <token id="93" number="92" sentence="3">of</token>
  <token id="94" number="93" sentence="3">lawsuits</token>
  <token id="95" number="94" sentence="3">brought</token>
  <token id="96" number="95" sentence="3">by</token>
  <token id="97" number="96" sentence="3">certain</token>
  <token id="98" number="97" sentence="3">Diversified</token>
  <token id="99" number="98" sentence="3">holders</token>
  <token id="100" number="99" sentence="3">in</token>
  <token id="101" number="100" sentence="3">connection</token>
  <token id="102" number="101" sentence="3">with</token>
  <token id="103" number="102" sentence="3">the</token>
  <token id="104" number="103" sentence="3">proposed</token>
  <token id="105" number="104" sentence="3">merger</token>
  <token id="106" number="105" sentence="3">.</token>
</Document>
