<Document doc_name="wsj_0161">
  <Markables>
    <TIMEX3 RELATED_TO="" TAG_DESCRIPTOR="Empty_Mark" beginPoint="" comment="" endPoint="" freq="" functionInDocument="CREATION_TIME" id="0" quant="" type="DATE" value="1989-11-02" />
    <EVENT aspect="NONE" certainty="" class="REPORTING" comment="" factuality="" id="1" modality="NONE" polarity="POS" pos="VERB" tense="PAST">
      <token_anchor id="3" />
    </EVENT>
    <EVENT aspect="NONE" certainty="" class="I_STATE" comment="" factuality="" id="2" modality="NONE" polarity="POS" pos="VERB" tense="PRESENT">
      <token_anchor id="5" />
    </EVENT>
    <EVENT aspect="NONE" certainty="" class="REPORTING" comment="" factuality="" id="3" modality="NONE" polarity="POS" pos="VERB" tense="INFINITIVE">
      <token_anchor id="7" />
    </EVENT>
    <TIMEX3 anchorTimeID="0" beginPoint="" comment="" endPoint="" freq="" functionInDocument="NONE" id="4" quant="" type="DATE" value="1989-Q3">
      <token_anchor id="9" />
    </TIMEX3>
    <EVENT aspect="NONE" certainty="" class="OCCURRENCE" comment="" factuality="" id="5" modality="NONE" polarity="POS" pos="NOUN" tense="NONE">
      <token_anchor id="11" />
    </EVENT>
    <C-SIGNAL id="6">
      <token_anchor id="20" />
      <token_anchor id="21" />
    </C-SIGNAL>
    <EVENT aspect="NONE" certainty="" class="OCCURRENCE" comment="" factuality="" id="7" modality="NONE" polarity="POS" pos="NOUN" tense="NONE">
      <token_anchor id="23" />
    </EVENT>
    <EVENT aspect="NONE" certainty="" class="STATE" comment="" factuality="" id="8" modality="NONE" polarity="POS" pos="NOUN" tense="NONE">
      <token_anchor id="28" />
    </EVENT>
    <EVENT aspect="NONE" certainty="" class="REPORTING" comment="" factuality="" id="9" modality="NONE" polarity="POS" pos="VERB" tense="PAST">
      <token_anchor id="37" />
    </EVENT>
    <EVENT aspect="NONE" certainty="" class="OCCURRENCE" comment="" factuality="" id="10" modality="NONE" polarity="POS" pos="VERB" tense="FUTURE">
      <token_anchor id="40" />
    </EVENT>
    <EVENT aspect="NONE" certainty="" class="OCCURRENCE" comment="" factuality="" id="11" modality="NONE" polarity="POS" pos="NOUN" tense="NONE">
      <token_anchor id="56" />
    </EVENT>
    <EVENT aspect="NONE" certainty="" class="OCCURRENCE" comment="" factuality="" id="12" modality="NONE" polarity="POS" pos="NOUN" tense="NONE">
      <token_anchor id="59" />
    </EVENT>
    <EVENT aspect="NONE" certainty="" class="OCCURRENCE" comment="" factuality="" id="13" modality="NONE" polarity="POS" pos="NOUN" tense="NONE">
      <token_anchor id="71" />
    </EVENT>
    <EVENT aspect="NONE" certainty="" class="OCCURRENCE" comment="" factuality="" id="14" modality="NONE" polarity="NEG" pos="VERB" tense="FUTURE">
      <token_anchor id="76" />
    </EVENT>
    <EVENT aspect="NONE" certainty="" class="REPORTING" comment="" factuality="" id="15" modality="NONE" polarity="POS" pos="VERB" tense="PAST">
      <token_anchor id="82" />
    </EVENT>
    <EVENT aspect="NONE" certainty="" class="OCCURRENCE" comment="" factuality="" id="16" modality="NONE" polarity="POS" pos="VERB" tense="FUTURE">
      <token_anchor id="85" />
    </EVENT>
    <EVENT aspect="NONE" certainty="" class="OCCURRENCE" comment="" factuality="" id="17" modality="NONE" polarity="POS" pos="NOUN" tense="NONE">
      <token_anchor id="112" />
    </EVENT>
    <EVENT aspect="NONE" certainty="" class="OCCURRENCE" comment="" factuality="" id="18" modality="NONE" polarity="POS" pos="NOUN" tense="NONE">
      <token_anchor id="119" />
    </EVENT>
    <TIMEX3 anchorTimeID="4" beginPoint="" comment="" endPoint="" freq="" functionInDocument="NONE" id="19" quant="" type="DATE" value="1988-Q3">
      <token_anchor id="121" />
      <token_anchor id="122" />
      <token_anchor id="123" />
    </TIMEX3>
    <EVENT aspect="NONE" certainty="" class="STATE" comment="" factuality="" id="20" modality="NONE" polarity="POS" pos="NOUN" tense="NONE">
      <token_anchor id="126" />
    </EVENT>
  </Markables>
  <Relations>
    <TLINK comment="" id="1" relType="BEFORE">
      <source id="1" />
      <target id="0" />
    </TLINK>
    <TLINK comment="" id="2" relType="SIMULTANEOUS">
      <source id="1" />
      <target id="9" />
    </TLINK>
    <TLINK comment="" id="3" relType="SIMULTANEOUS">
      <source id="5" />
      <target id="4" />
    </TLINK>
    <CLINK c-signalID="6" comment="" id="4">
      <source id="7" />
      <target id="5" />
    </CLINK>
    <CLINK c-signalID="6" comment="" id="5">
      <source id="8" />
      <target id="5" />
    </CLINK>
    <CLINK comment="" id="6">
      <source id="12" />
      <target id="11" />
    </CLINK>
    <TLINK comment="" id="7" relType="BEFORE">
      <source id="13" />
      <target id="14" />
    </TLINK>
    <TLINK comment="" id="8" relType="SIMULTANEOUS">
      <source id="15" />
      <target id="1" />
    </TLINK>
    <TLINK comment="" id="9" relType="AFTER">
      <source id="16" />
      <target id="0" />
    </TLINK>
    <TLINK comment="" id="10" relType="IS_INCLUDED">
      <source id="16" />
      <target id="10" />
    </TLINK>
    <TLINK comment="" id="11" relType="IS_INCLUDED">
      <source id="17" />
      <target id="18" />
    </TLINK>
    <CLINK comment="" id="12">
      <source id="17" />
      <target id="18" />
    </CLINK>
    <TLINK comment="" id="13" relType="IDENTITY">
      <source id="18" />
      <target id="5" />
    </TLINK>
    <TLINK comment="" id="14" relType="BEFORE">
      <source id="19" />
      <target id="4" />
    </TLINK>
    <TLINK comment="" id="15" relType="SIMULTANEOUS">
      <source id="19" />
      <target id="20" />
    </TLINK>
  </Relations>
  <token id="1" number="0" sentence="0">Hadson</token>
  <token id="2" number="1" sentence="0">Corp.</token>
  <token id="3" number="2" sentence="0">said</token>
  <token id="4" number="3" sentence="0">it</token>
  <token id="5" number="4" sentence="0">expects</token>
  <token id="6" number="5" sentence="0">to</token>
  <token id="7" number="6" sentence="0">report</token>
  <token id="8" number="7" sentence="0">a</token>
  <token id="9" number="8" sentence="0">third-quarter</token>
  <token id="10" number="9" sentence="0">net</token>
  <token id="11" number="10" sentence="0">loss</token>
  <token id="12" number="11" sentence="0">of</token>
  <token id="13" number="12" sentence="0">$</token>
  <token id="14" number="13" sentence="0">17</token>
  <token id="15" number="14" sentence="0">million</token>
  <token id="16" number="15" sentence="0">to</token>
  <token id="17" number="16" sentence="0">$</token>
  <token id="18" number="17" sentence="0">19</token>
  <token id="19" number="18" sentence="0">million</token>
  <token id="20" number="19" sentence="0">because</token>
  <token id="21" number="20" sentence="0">of</token>
  <token id="22" number="21" sentence="0">special</token>
  <token id="23" number="22" sentence="0">reserves</token>
  <token id="24" number="23" sentence="0">and</token>
  <token id="25" number="24" sentence="0">continued</token>
  <token id="26" number="25" sentence="0">low</token>
  <token id="27" number="26" sentence="0">natural-gas</token>
  <token id="28" number="27" sentence="0">prices</token>
  <token id="29" number="28" sentence="0">.</token>
  <token id="30" number="29" sentence="1">The</token>
  <token id="31" number="30" sentence="1">Oklahoma</token>
  <token id="32" number="31" sentence="1">City</token>
  <token id="33" number="32" sentence="1">energy</token>
  <token id="34" number="33" sentence="1">and</token>
  <token id="35" number="34" sentence="1">defense</token>
  <token id="36" number="35" sentence="1">concern</token>
  <token id="37" number="36" sentence="1">said</token>
  <token id="38" number="37" sentence="1">it</token>
  <token id="39" number="38" sentence="1">will</token>
  <token id="40" number="39" sentence="1">record</token>
  <token id="41" number="40" sentence="1">a</token>
  <token id="42" number="41" sentence="1">$</token>
  <token id="43" number="42" sentence="1">7.5</token>
  <token id="44" number="43" sentence="1">million</token>
  <token id="45" number="44" sentence="1">reserve</token>
  <token id="46" number="45" sentence="1">for</token>
  <token id="47" number="46" sentence="1">its</token>
  <token id="48" number="47" sentence="1">defense</token>
  <token id="49" number="48" sentence="1">group</token>
  <token id="50" number="49" sentence="1">,</token>
  <token id="51" number="50" sentence="1">including</token>
  <token id="52" number="51" sentence="1">a</token>
  <token id="53" number="52" sentence="1">$</token>
  <token id="54" number="53" sentence="1">4.7</token>
  <token id="55" number="54" sentence="1">million</token>
  <token id="56" number="55" sentence="1">charge</token>
  <token id="57" number="56" sentence="1">related</token>
  <token id="58" number="57" sentence="1">to</token>
  <token id="59" number="58" sentence="1">problems</token>
  <token id="60" number="59" sentence="1">under</token>
  <token id="61" number="60" sentence="1">a</token>
  <token id="62" number="61" sentence="1">fixed-price</token>
  <token id="63" number="62" sentence="1">development</token>
  <token id="64" number="63" sentence="1">contract</token>
  <token id="65" number="64" sentence="1">and</token>
  <token id="66" number="65" sentence="1">$</token>
  <token id="67" number="66" sentence="1">2.8</token>
  <token id="68" number="67" sentence="1">million</token>
  <token id="69" number="68" sentence="1">in</token>
  <token id="70" number="69" sentence="1">overhead</token>
  <token id="71" number="70" sentence="1">costs</token>
  <token id="72" number="71" sentence="1">that</token>
  <token id="73" number="72" sentence="1">wo</token>
  <token id="74" number="73" sentence="1">n't</token>
  <token id="75" number="74" sentence="1">be</token>
  <token id="76" number="75" sentence="1">reimbursed</token>
  <token id="77" number="76" sentence="1">.</token>
  <token id="78" number="77" sentence="2">In</token>
  <token id="79" number="78" sentence="2">addition</token>
  <token id="80" number="79" sentence="2">,</token>
  <token id="81" number="80" sentence="2">Hadson</token>
  <token id="82" number="81" sentence="2">said</token>
  <token id="83" number="82" sentence="2">it</token>
  <token id="84" number="83" sentence="2">will</token>
  <token id="85" number="84" sentence="2">write</token>
  <token id="86" number="85" sentence="2">off</token>
  <token id="87" number="86" sentence="2">about</token>
  <token id="88" number="87" sentence="2">$</token>
  <token id="89" number="88" sentence="2">3.5</token>
  <token id="90" number="89" sentence="2">million</token>
  <token id="91" number="90" sentence="2">in</token>
  <token id="92" number="91" sentence="2">costs</token>
  <token id="93" number="92" sentence="2">related</token>
  <token id="94" number="93" sentence="2">to</token>
  <token id="95" number="94" sentence="2">international</token>
  <token id="96" number="95" sentence="2">exploration</token>
  <token id="97" number="96" sentence="2">leases</token>
  <token id="98" number="97" sentence="2">where</token>
  <token id="99" number="98" sentence="2">exploration</token>
  <token id="100" number="99" sentence="2">efforts</token>
  <token id="101" number="100" sentence="2">have</token>
  <token id="102" number="101" sentence="2">been</token>
  <token id="103" number="102" sentence="2">unsuccessful</token>
  <token id="104" number="103" sentence="2">.</token>
  <token id="105" number="104" sentence="3">The</token>
  <token id="106" number="105" sentence="3">company</token>
  <token id="107" number="106" sentence="3">also</token>
  <token id="108" number="107" sentence="3">cited</token>
  <token id="109" number="108" sentence="3">interest</token>
  <token id="110" number="109" sentence="3">costs</token>
  <token id="111" number="110" sentence="3">and</token>
  <token id="112" number="111" sentence="3">amortization</token>
  <token id="113" number="112" sentence="3">of</token>
  <token id="114" number="113" sentence="3">goodwill</token>
  <token id="115" number="114" sentence="3">as</token>
  <token id="116" number="115" sentence="3">factors</token>
  <token id="117" number="116" sentence="3">in</token>
  <token id="118" number="117" sentence="3">the</token>
  <token id="119" number="118" sentence="3">loss</token>
  <token id="120" number="119" sentence="3">.</token>
  <token id="121" number="120" sentence="4">A</token>
  <token id="122" number="121" sentence="4">year</token>
  <token id="123" number="122" sentence="4">earlier</token>
  <token id="124" number="123" sentence="4">,</token>
  <token id="125" number="124" sentence="4">net</token>
  <token id="126" number="125" sentence="4">income</token>
  <token id="127" number="126" sentence="4">was</token>
  <token id="128" number="127" sentence="4">$</token>
  <token id="129" number="128" sentence="4">2.1</token>
  <token id="130" number="129" sentence="4">million</token>
  <token id="131" number="130" sentence="4">,</token>
  <token id="132" number="131" sentence="4">or</token>
  <token id="133" number="132" sentence="4">six</token>
  <token id="134" number="133" sentence="4">cents</token>
  <token id="135" number="134" sentence="4">a</token>
  <token id="136" number="135" sentence="4">share</token>
  <token id="137" number="136" sentence="4">,</token>
  <token id="138" number="137" sentence="4">on</token>
  <token id="139" number="138" sentence="4">revenue</token>
  <token id="140" number="139" sentence="4">of</token>
  <token id="141" number="140" sentence="4">$</token>
  <token id="142" number="141" sentence="4">169.9</token>
  <token id="143" number="142" sentence="4">million</token>
  <token id="144" number="143" sentence="4">.</token>
</Document>
