<Document doc_name="wsj_0760">
  <Markables>
    <TIMEX3 RELATED_TO="" TAG_DESCRIPTOR="Empty_Mark" beginPoint="" comment="" endPoint="" freq="" functionInDocument="CREATION_TIME" id="0" quant="" type="DATE" value="1989-10-27" />
    <EVENT aspect="NONE" certainty="" class="REPORTING" comment="" factuality="" id="1" modality="NONE" polarity="POS" pos="VERB" tense="PAST">
      <token_anchor id="3" />
    </EVENT>
    <TIMEX3 anchorTimeID="0" beginPoint="" comment="" endPoint="" freq="" functionInDocument="NONE" id="2" quant="" type="DATE" value="1989-Q3">
      <token_anchor id="7" />
      <token_anchor id="8" />
      <token_anchor id="9" />
    </TIMEX3>
    <EVENT aspect="NONE" certainty="" class="OCCURRENCE" comment="" factuality="" id="3" modality="NONE" polarity="POS" pos="VERB" tense="PAST">
      <token_anchor id="10" />
    </EVENT>
    <TIMEX3 anchorTimeID="2" beginPoint="" comment="" endPoint="" freq="" functionInDocument="NONE" id="4" quant="" type="DATE" value="1988-Q3">
      <token_anchor id="84" />
      <token_anchor id="85" />
      <token_anchor id="86" />
    </TIMEX3>
    <EVENT aspect="NONE" certainty="" class="OCCURRENCE" comment="" factuality="" id="5" modality="NONE" polarity="POS" pos="VERB" tense="PAST">
      <token_anchor id="97" />
    </EVENT>
    <EVENT aspect="NONE" certainty="" class="OCCURRENCE" comment="" factuality="" id="6" modality="NONE" polarity="POS" pos="VERB" tense="PAST">
      <token_anchor id="117" />
    </EVENT>
    <EVENT aspect="NONE" certainty="" class="OCCURRENCE" comment="" factuality="" id="7" modality="NONE" polarity="POS" pos="VERB" tense="PAST">
      <token_anchor id="128" />
    </EVENT>
    <EVENT aspect="NONE" certainty="" class="OCCURRENCE" comment="" factuality="" id="8" modality="NONE" polarity="POS" pos="VERB" tense="PAST">
      <token_anchor id="145" />
    </EVENT>
    <EVENT aspect="NONE" certainty="" class="OCCURRENCE" comment="" factuality="" id="9" modality="NONE" polarity="POS" pos="NOUN" tense="NONE">
      <token_anchor id="155" />
    </EVENT>
    <TIMEX3 anchorTimeID="0" beginPoint="" comment="" endPoint="" freq="" functionInDocument="NONE" id="10" quant="" type="DATE" value="1989-06">
      <token_anchor id="169" />
      <token_anchor id="170" />
    </TIMEX3>
    <EVENT aspect="NONE" certainty="" class="REPORTING" comment="" factuality="" id="11" modality="NONE" polarity="POS" pos="VERB" tense="PAST">
      <token_anchor id="191" />
    </EVENT>
    <TIMEX3 anchorTimeID="0" beginPoint="" comment="" endPoint="" freq="" functionInDocument="NONE" id="12" quant="" type="DATE" value="1989-10">
      <token_anchor id="192" />
      <token_anchor id="193" />
      <token_anchor id="194" />
    </TIMEX3>
    <EVENT aspect="PROGRESSIVE" certainty="" class="I_ACTION" comment="" factuality="" id="13" modality="NONE" polarity="POS" pos="VERB" tense="PAST">
      <token_anchor id="198" />
    </EVENT>
    <EVENT aspect="NONE" certainty="" class="OCCURRENCE" comment="" factuality="" id="14" modality="NONE" polarity="POS" pos="NOUN" tense="NONE">
      <token_anchor id="201" />
    </EVENT>
    <TIMEX3 beginPoint="" comment="" endPoint="" freq="" functionInDocument="NONE" id="15" quant="" type="DURATION" value="P9M">
      <token_anchor id="211" />
      <token_anchor id="212" />
      <token_anchor id="213" />
    </TIMEX3>
    <TIMEX3 beginPoint="" comment="" endPoint="" freq="" functionInDocument="NONE" id="16" quant="" type="DURATION" value="P9M">
      <token_anchor id="239" />
      <token_anchor id="240" />
      <token_anchor id="241" />
    </TIMEX3>
    <EVENT aspect="NONE" certainty="" class="OCCURRENCE" comment="" factuality="" id="17" modality="NONE" polarity="POS" pos="VERB" tense="PAST">
      <token_anchor id="297" />
    </EVENT>
  </Markables>
  <Relations>
    <TLINK comment="" id="1" relType="AFTER">
      <source id="0" />
      <target id="1" />
    </TLINK>
    <TLINK comment="" id="2" relType="DURING">
      <source id="2" />
      <target id="3" />
    </TLINK>
    <TLINK comment="" id="3" relType="BEFORE">
      <source id="5" />
      <target id="0" />
    </TLINK>
    <TLINK comment="" id="4" relType="SIMULTANEOUS">
      <source id="6" />
      <target id="7" />
    </TLINK>
    <TLINK comment="" id="5" relType="BEFORE">
      <source id="9" />
      <target id="8" />
    </TLINK>
    <TLINK comment="" id="6" relType="IS_INCLUDED">
      <source id="9" />
      <target id="10" />
    </TLINK>
    <TLINK comment="" id="7" relType="BEFORE">
      <source id="11" />
      <target id="0" />
    </TLINK>
    <TLINK comment="" id="8" relType="IS_INCLUDED">
      <source id="11" />
      <target id="12" />
    </TLINK>
    <TLINK comment="" id="9" relType="IS_INCLUDED">
      <source id="17" />
      <target id="16" />
    </TLINK>
  </Relations>
  <token id="1" number="0" sentence="0">Norton</token>
  <token id="2" number="1" sentence="0">Co.</token>
  <token id="3" number="2" sentence="0">said</token>
  <token id="4" number="3" sentence="0">net</token>
  <token id="5" number="4" sentence="0">income</token>
  <token id="6" number="5" sentence="0">for</token>
  <token id="7" number="6" sentence="0">the</token>
  <token id="8" number="7" sentence="0">third</token>
  <token id="9" number="8" sentence="0">quarter</token>
  <token id="10" number="9" sentence="0">fell</token>
  <token id="11" number="10" sentence="0">6</token>
  <token id="12" number="11" sentence="0">%</token>
  <token id="13" number="12" sentence="0">to</token>
  <token id="14" number="13" sentence="0">$</token>
  <token id="15" number="14" sentence="0">20.6</token>
  <token id="16" number="15" sentence="0">million</token>
  <token id="17" number="16" sentence="0">,</token>
  <token id="18" number="17" sentence="0">or</token>
  <token id="19" number="18" sentence="0">98</token>
  <token id="20" number="19" sentence="0">cents</token>
  <token id="21" number="20" sentence="0">a</token>
  <token id="22" number="21" sentence="0">share</token>
  <token id="23" number="22" sentence="0">,</token>
  <token id="24" number="23" sentence="0">from</token>
  <token id="25" number="24" sentence="0">$</token>
  <token id="26" number="25" sentence="0">22</token>
  <token id="27" number="26" sentence="0">million</token>
  <token id="28" number="27" sentence="0">,</token>
  <token id="29" number="28" sentence="0">or</token>
  <token id="30" number="29" sentence="0">$</token>
  <token id="31" number="30" sentence="0">1.03</token>
  <token id="32" number="31" sentence="0">a</token>
  <token id="33" number="32" sentence="0">share</token>
  <token id="34" number="33" sentence="0">.</token>
  <token id="35" number="34" sentence="1">Operating</token>
  <token id="36" number="35" sentence="1">profit</token>
  <token id="37" number="36" sentence="1">for</token>
  <token id="38" number="37" sentence="1">the</token>
  <token id="39" number="38" sentence="1">abrasives</token>
  <token id="40" number="39" sentence="1">,</token>
  <token id="41" number="40" sentence="1">engineering</token>
  <token id="42" number="41" sentence="1">materials</token>
  <token id="43" number="42" sentence="1">and</token>
  <token id="44" number="43" sentence="1">petroleum</token>
  <token id="45" number="44" sentence="1">services</token>
  <token id="46" number="45" sentence="1">concern</token>
  <token id="47" number="46" sentence="1">was</token>
  <token id="48" number="47" sentence="1">$</token>
  <token id="49" number="48" sentence="1">19.2</token>
  <token id="50" number="49" sentence="1">million</token>
  <token id="51" number="50" sentence="1">,</token>
  <token id="52" number="51" sentence="1">or</token>
  <token id="53" number="52" sentence="1">91</token>
  <token id="54" number="53" sentence="1">cents</token>
  <token id="55" number="54" sentence="1">a</token>
  <token id="56" number="55" sentence="1">share</token>
  <token id="57" number="56" sentence="1">,</token>
  <token id="58" number="57" sentence="1">up</token>
  <token id="59" number="58" sentence="1">3</token>
  <token id="60" number="59" sentence="1">%</token>
  <token id="61" number="60" sentence="1">from</token>
  <token id="62" number="61" sentence="1">$</token>
  <token id="63" number="62" sentence="1">18.7</token>
  <token id="64" number="63" sentence="1">million</token>
  <token id="65" number="64" sentence="1">,</token>
  <token id="66" number="65" sentence="1">or</token>
  <token id="67" number="66" sentence="1">87</token>
  <token id="68" number="67" sentence="1">cents</token>
  <token id="69" number="68" sentence="1">a</token>
  <token id="70" number="69" sentence="1">share</token>
  <token id="71" number="70" sentence="1">.</token>
  <token id="72" number="71" sentence="2">The</token>
  <token id="73" number="72" sentence="2">company</token>
  <token id="74" number="73" sentence="2">had</token>
  <token id="75" number="74" sentence="2">a</token>
  <token id="76" number="75" sentence="2">tax</token>
  <token id="77" number="76" sentence="2">credit</token>
  <token id="78" number="77" sentence="2">of</token>
  <token id="79" number="78" sentence="2">$</token>
  <token id="80" number="79" sentence="2">1.4</token>
  <token id="81" number="80" sentence="2">million</token>
  <token id="82" number="81" sentence="2">.</token>
  <token id="83" number="82" sentence="3">In</token>
  <token id="84" number="83" sentence="3">the</token>
  <token id="85" number="84" sentence="3">year-earlier</token>
  <token id="86" number="85" sentence="3">quarter</token>
  <token id="87" number="86" sentence="3">,</token>
  <token id="88" number="87" sentence="3">the</token>
  <token id="89" number="88" sentence="3">tax</token>
  <token id="90" number="89" sentence="3">credit</token>
  <token id="91" number="90" sentence="3">was</token>
  <token id="92" number="91" sentence="3">$</token>
  <token id="93" number="92" sentence="3">3.3</token>
  <token id="94" number="93" sentence="3">million</token>
  <token id="95" number="94" sentence="3">.</token>
  <token id="96" number="95" sentence="4">Sales</token>
  <token id="97" number="96" sentence="4">rose</token>
  <token id="98" number="97" sentence="4">8</token>
  <token id="99" number="98" sentence="4">%</token>
  <token id="100" number="99" sentence="4">to</token>
  <token id="101" number="100" sentence="4">$</token>
  <token id="102" number="101" sentence="4">368.5</token>
  <token id="103" number="102" sentence="4">million</token>
  <token id="104" number="103" sentence="4">from</token>
  <token id="105" number="104" sentence="4">$</token>
  <token id="106" number="105" sentence="4">340.7</token>
  <token id="107" number="106" sentence="4">million</token>
  <token id="108" number="107" sentence="4">.</token>
  <token id="109" number="108" sentence="5">Operating</token>
  <token id="110" number="109" sentence="5">profit</token>
  <token id="111" number="110" sentence="5">in</token>
  <token id="112" number="111" sentence="5">the</token>
  <token id="113" number="112" sentence="5">company</token>
  <token id="114" number="113" sentence="5">'s</token>
  <token id="115" number="114" sentence="5">abrasives</token>
  <token id="116" number="115" sentence="5">segment</token>
  <token id="117" number="116" sentence="5">rose</token>
  <token id="118" number="117" sentence="5">16</token>
  <token id="119" number="118" sentence="5">%</token>
  <token id="120" number="119" sentence="5">while</token>
  <token id="121" number="120" sentence="5">operating</token>
  <token id="122" number="121" sentence="5">profit</token>
  <token id="123" number="122" sentence="5">in</token>
  <token id="124" number="123" sentence="5">the</token>
  <token id="125" number="124" sentence="5">engineering</token>
  <token id="126" number="125" sentence="5">materials</token>
  <token id="127" number="126" sentence="5">segment</token>
  <token id="128" number="127" sentence="5">rose</token>
  <token id="129" number="128" sentence="5">2</token>
  <token id="130" number="129" sentence="5">%</token>
  <token id="131" number="130" sentence="5">.</token>
  <token id="132" number="131" sentence="6">However</token>
  <token id="133" number="132" sentence="6">,</token>
  <token id="134" number="133" sentence="6">the</token>
  <token id="135" number="134" sentence="6">company</token>
  <token id="136" number="135" sentence="6">'s</token>
  <token id="137" number="136" sentence="6">petroleum</token>
  <token id="138" number="137" sentence="6">services</token>
  <token id="139" number="138" sentence="6">segment</token>
  <token id="140" number="139" sentence="6">,</token>
  <token id="141" number="140" sentence="6">while</token>
  <token id="142" number="141" sentence="6">profitable</token>
  <token id="143" number="142" sentence="6">,</token>
  <token id="144" number="143" sentence="6">was</token>
  <token id="145" number="144" sentence="6">hurt</token>
  <token id="146" number="145" sentence="6">by</token>
  <token id="147" number="146" sentence="6">high</token>
  <token id="148" number="147" sentence="6">financing</token>
  <token id="149" number="148" sentence="6">costs</token>
  <token id="150" number="149" sentence="6">associated</token>
  <token id="151" number="150" sentence="6">with</token>
  <token id="152" number="151" sentence="6">the</token>
  <token id="153" number="152" sentence="6">company</token>
  <token id="154" number="153" sentence="6">'s</token>
  <token id="155" number="154" sentence="6">buy-out</token>
  <token id="156" number="155" sentence="6">of</token>
  <token id="157" number="156" sentence="6">a</token>
  <token id="158" number="157" sentence="6">50</token>
  <token id="159" number="158" sentence="6">%</token>
  <token id="160" number="159" sentence="6">stake</token>
  <token id="161" number="160" sentence="6">in</token>
  <token id="162" number="161" sentence="6">Eastman</token>
  <token id="163" number="162" sentence="6">Christensen</token>
  <token id="164" number="163" sentence="6">Co.</token>
  <token id="165" number="164" sentence="6">from</token>
  <token id="166" number="165" sentence="6">Texas</token>
  <token id="167" number="166" sentence="6">Eastern</token>
  <token id="168" number="167" sentence="6">Corp.</token>
  <token id="169" number="168" sentence="6">last</token>
  <token id="170" number="169" sentence="6">June</token>
  <token id="171" number="170" sentence="6">.</token>
  <token id="172" number="171" sentence="7">Norton</token>
  <token id="173" number="172" sentence="7">and</token>
  <token id="174" number="173" sentence="7">Texas</token>
  <token id="175" number="174" sentence="7">Eastern</token>
  <token id="176" number="175" sentence="7">had</token>
  <token id="177" number="176" sentence="7">each</token>
  <token id="178" number="177" sentence="7">held</token>
  <token id="179" number="178" sentence="7">a</token>
  <token id="180" number="179" sentence="7">50</token>
  <token id="181" number="180" sentence="7">%</token>
  <token id="182" number="181" sentence="7">stake</token>
  <token id="183" number="182" sentence="7">in</token>
  <token id="184" number="183" sentence="7">Eastman</token>
  <token id="185" number="184" sentence="7">in</token>
  <token id="186" number="185" sentence="7">a</token>
  <token id="187" number="186" sentence="7">joint</token>
  <token id="188" number="187" sentence="7">venture</token>
  <token id="189" number="188" sentence="7">.</token>
  <token id="190" number="189" sentence="8">Norton</token>
  <token id="191" number="190" sentence="8">announced</token>
  <token id="192" number="191" sentence="8">earlier</token>
  <token id="193" number="192" sentence="8">this</token>
  <token id="194" number="193" sentence="8">month</token>
  <token id="195" number="194" sentence="8">that</token>
  <token id="196" number="195" sentence="8">it</token>
  <token id="197" number="196" sentence="8">was</token>
  <token id="198" number="197" sentence="8">exploring</token>
  <token id="199" number="198" sentence="8">the</token>
  <token id="200" number="199" sentence="8">possible</token>
  <token id="201" number="200" sentence="8">sale</token>
  <token id="202" number="201" sentence="8">of</token>
  <token id="203" number="202" sentence="8">all</token>
  <token id="204" number="203" sentence="8">or</token>
  <token id="205" number="204" sentence="8">part</token>
  <token id="206" number="205" sentence="8">of</token>
  <token id="207" number="206" sentence="8">Eastman</token>
  <token id="208" number="207" sentence="8">Christensen</token>
  <token id="209" number="208" sentence="8">.</token>
  <token id="210" number="209" sentence="9">For</token>
  <token id="211" number="210" sentence="9">the</token>
  <token id="212" number="211" sentence="9">nine</token>
  <token id="213" number="212" sentence="9">months</token>
  <token id="214" number="213" sentence="9">,</token>
  <token id="215" number="214" sentence="9">Norton</token>
  <token id="216" number="215" sentence="9">had</token>
  <token id="217" number="216" sentence="9">net</token>
  <token id="218" number="217" sentence="9">of</token>
  <token id="219" number="218" sentence="9">$</token>
  <token id="220" number="219" sentence="9">81.2</token>
  <token id="221" number="220" sentence="9">million</token>
  <token id="222" number="221" sentence="9">,</token>
  <token id="223" number="222" sentence="9">or</token>
  <token id="224" number="223" sentence="9">$</token>
  <token id="225" number="224" sentence="9">3.87</token>
  <token id="226" number="225" sentence="9">a</token>
  <token id="227" number="226" sentence="9">share</token>
  <token id="228" number="227" sentence="9">,</token>
  <token id="229" number="228" sentence="9">and</token>
  <token id="230" number="229" sentence="9">a</token>
  <token id="231" number="230" sentence="9">tax</token>
  <token id="232" number="231" sentence="9">credit</token>
  <token id="233" number="232" sentence="9">of</token>
  <token id="234" number="233" sentence="9">$</token>
  <token id="235" number="234" sentence="9">4.4</token>
  <token id="236" number="235" sentence="9">million</token>
  <token id="237" number="236" sentence="9">.</token>
  <token id="238" number="237" sentence="10">In</token>
  <token id="239" number="238" sentence="10">the</token>
  <token id="240" number="239" sentence="10">year-earlier</token>
  <token id="241" number="240" sentence="10">period</token>
  <token id="242" number="241" sentence="10">,</token>
  <token id="243" number="242" sentence="10">the</token>
  <token id="244" number="243" sentence="10">company</token>
  <token id="245" number="244" sentence="10">had</token>
  <token id="246" number="245" sentence="10">net</token>
  <token id="247" number="246" sentence="10">of</token>
  <token id="248" number="247" sentence="10">$</token>
  <token id="249" number="248" sentence="10">77.2</token>
  <token id="250" number="249" sentence="10">million</token>
  <token id="251" number="250" sentence="10">,</token>
  <token id="252" number="251" sentence="10">or</token>
  <token id="253" number="252" sentence="10">$</token>
  <token id="254" number="253" sentence="10">3.68</token>
  <token id="255" number="254" sentence="10">a</token>
  <token id="256" number="255" sentence="10">share</token>
  <token id="257" number="256" sentence="10">,</token>
  <token id="258" number="257" sentence="10">and</token>
  <token id="259" number="258" sentence="10">a</token>
  <token id="260" number="259" sentence="10">tax</token>
  <token id="261" number="260" sentence="10">credit</token>
  <token id="262" number="261" sentence="10">of</token>
  <token id="263" number="262" sentence="10">$</token>
  <token id="264" number="263" sentence="10">7.7</token>
  <token id="265" number="264" sentence="10">million</token>
  <token id="266" number="265" sentence="10">.</token>
  <token id="267" number="266" sentence="11">Norton</token>
  <token id="268" number="267" sentence="11">had</token>
  <token id="269" number="268" sentence="11">operating</token>
  <token id="270" number="269" sentence="11">profit</token>
  <token id="271" number="270" sentence="11">of</token>
  <token id="272" number="271" sentence="11">$</token>
  <token id="273" number="272" sentence="11">76.8</token>
  <token id="274" number="273" sentence="11">million</token>
  <token id="275" number="274" sentence="11">,</token>
  <token id="276" number="275" sentence="11">or</token>
  <token id="277" number="276" sentence="11">$</token>
  <token id="278" number="277" sentence="11">3.66</token>
  <token id="279" number="278" sentence="11">a</token>
  <token id="280" number="279" sentence="11">share</token>
  <token id="281" number="280" sentence="11">,</token>
  <token id="282" number="281" sentence="11">up</token>
  <token id="283" number="282" sentence="11">11</token>
  <token id="284" number="283" sentence="11">%</token>
  <token id="285" number="284" sentence="11">from</token>
  <token id="286" number="285" sentence="11">$</token>
  <token id="287" number="286" sentence="11">69.5</token>
  <token id="288" number="287" sentence="11">million</token>
  <token id="289" number="288" sentence="11">,</token>
  <token id="290" number="289" sentence="11">or</token>
  <token id="291" number="290" sentence="11">$</token>
  <token id="292" number="291" sentence="11">3.31</token>
  <token id="293" number="292" sentence="11">a</token>
  <token id="294" number="293" sentence="11">share</token>
  <token id="295" number="294" sentence="11">.</token>
  <token id="296" number="295" sentence="12">Sales</token>
  <token id="297" number="296" sentence="12">rose</token>
  <token id="298" number="297" sentence="12">8</token>
  <token id="299" number="298" sentence="12">%</token>
  <token id="300" number="299" sentence="12">to</token>
  <token id="301" number="300" sentence="12">$</token>
  <token id="302" number="301" sentence="12">1.15</token>
  <token id="303" number="302" sentence="12">billion</token>
  <token id="304" number="303" sentence="12">from</token>
  <token id="305" number="304" sentence="12">$</token>
  <token id="306" number="305" sentence="12">1.06</token>
  <token id="307" number="306" sentence="12">billion</token>
  <token id="308" number="307" sentence="12">.</token>
</Document>
