<Document doc_name="wsj_0316">
  <Markables>
    <TIMEX3 RELATED_TO="" TAG_DESCRIPTOR="Empty_Mark" beginPoint="" comment="" endPoint="" freq="" functionInDocument="CREATION_TIME" id="0" quant="" type="DATE" value="1989-11-01" />
    <EVENT aspect="NONE" certainty="" class="REPORTING" comment="" factuality="" id="1" modality="NONE" polarity="POS" pos="VERB" tense="PAST">
      <token_anchor id="4" />
    </EVENT>
    <EVENT aspect="NONE" certainty="" class="I_ACTION" comment="" factuality="" id="2" modality="NONE" polarity="POS" pos="VERB" tense="PAST">
      <token_anchor id="7" />
    </EVENT>
    <EVENT aspect="NONE" certainty="" class="OCCURRENCE" comment="" factuality="" id="3" modality="NONE" polarity="POS" pos="VERB" tense="INFINITIVE">
      <token_anchor id="9" />
    </EVENT>
    <EVENT aspect="NONE" certainty="" class="I_ACTION" comment="" factuality="" id="4" modality="NONE" polarity="POS" pos="VERB" tense="PRESENT">
      <token_anchor id="23" />
    </EVENT>
    <EVENT aspect="NONE" certainty="" class="OCCURRENCE" comment="" factuality="" id="5" modality="NONE" polarity="POS" pos="VERB" tense="INFINITIVE">
      <token_anchor id="28" />
    </EVENT>
    <EVENT aspect="NONE" certainty="" class="STATE" comment="" factuality="" id="6" modality="NONE" polarity="POS" pos="VERB" tense="PASTPART">
      <token_anchor id="39" />
    </EVENT>
    <EVENT aspect="NONE" certainty="" class="STATE" comment="" factuality="" id="7" modality="NONE" polarity="POS" pos="VERB" tense="PRESENT">
      <token_anchor id="52" />
    </EVENT>
    <EVENT aspect="NONE" certainty="" class="STATE" comment="" factuality="" id="8" modality="NONE" polarity="POS" pos="VERB" tense="PRESENT">
      <token_anchor id="78" />
    </EVENT>
    <EVENT aspect="NONE" certainty="" class="REPORTING" comment="" factuality="" id="9" modality="NONE" polarity="POS" pos="VERB" tense="PAST">
      <token_anchor id="125" />
    </EVENT>
    <EVENT aspect="NONE" certainty="" class="I_STATE" comment="" factuality="" id="10" modality="NONE" polarity="POS" pos="ADJECTIVE" tense="PRESENT">
      <token_anchor id="129" />
    </EVENT>
    <EVENT aspect="NONE" certainty="" class="OCCURRENCE" comment="" factuality="" id="11" modality="NONE" polarity="POS" pos="NOUN" tense="NONE">
      <token_anchor id="134" />
    </EVENT>
    <EVENT aspect="NONE" certainty="" class="I_STATE" comment="" factuality="" id="12" modality="NONE" polarity="POS" pos="VERB" tense="PRESENT">
      <token_anchor id="139" />
    </EVENT>
    <EVENT aspect="NONE" certainty="" class="OCCURRENCE" comment="" factuality="" id="13" modality="NONE" polarity="POS" pos="VERB" tense="INFINITIVE">
      <token_anchor id="141" />
    </EVENT>
    <EVENT aspect="NONE" certainty="" class="OCCURRENCE" comment="" factuality="" id="14" modality="NONE" polarity="POS" pos="NOUN" tense="NONE">
      <token_anchor id="143" />
    </EVENT>
    <TIMEX3 anchorTimeID="0" beginPoint="" comment="" endPoint="" freq="" functionInDocument="NONE" id="15" quant="" type="DATE" value="1990">
      <token_anchor id="144" />
      <token_anchor id="145" />
      <token_anchor id="146" />
    </TIMEX3>
  </Markables>
  <Relations>
    <TLINK comment="" id="1" relType="BEFORE">
      <source id="1" />
      <target id="0" />
    </TLINK>
    <TLINK comment="" id="2" relType="BEFORE">
      <source id="2" />
      <target id="1" />
    </TLINK>
    <TLINK comment="" id="3" relType="SIMULTANEOUS">
      <source id="4" />
      <target id="2" />
    </TLINK>
    <TLINK comment="" id="4" relType="BEFORE">
      <source id="6" />
      <target id="5" />
    </TLINK>
    <TLINK comment="" id="5" relType="DURING">
      <source id="7" />
      <target id="0" />
    </TLINK>
    <TLINK comment="" id="6" relType="DURING">
      <source id="8" />
      <target id="0" />
    </TLINK>
    <TLINK comment="" id="7" relType="BEFORE">
      <source id="9" />
      <target id="0" />
    </TLINK>
    <TLINK comment="" id="8" relType="IS_INCLUDED">
      <source id="13" />
      <target id="15" />
    </TLINK>
    <TLINK comment="" id="9" relType="IDENTITY">
      <source id="14" />
      <target id="3" />
    </TLINK>
  </Relations>
  <token id="1" number="0" sentence="0">First</token>
  <token id="2" number="1" sentence="0">Security</token>
  <token id="3" number="2" sentence="0">Corp.</token>
  <token id="4" number="3" sentence="0">said</token>
  <token id="5" number="4" sentence="0">it</token>
  <token id="6" number="5" sentence="0">tentatively</token>
  <token id="7" number="6" sentence="0">agreed</token>
  <token id="8" number="7" sentence="0">to</token>
  <token id="9" number="8" sentence="0">acquire</token>
  <token id="10" number="9" sentence="0">Deseret</token>
  <token id="11" number="10" sentence="0">Bancorp</token>
  <token id="12" number="11" sentence="0">.</token>
  <token id="13" number="12" sentence="1">for</token>
  <token id="14" number="13" sentence="1">stock</token>
  <token id="15" number="14" sentence="1">valued</token>
  <token id="16" number="15" sentence="1">at</token>
  <token id="17" number="16" sentence="1">about</token>
  <token id="18" number="17" sentence="1">$</token>
  <token id="19" number="18" sentence="1">18</token>
  <token id="20" number="19" sentence="1">million</token>
  <token id="21" number="20" sentence="1">.</token>
  <token id="22" number="21" sentence="2">Terms</token>
  <token id="23" number="22" sentence="2">call</token>
  <token id="24" number="23" sentence="2">for</token>
  <token id="25" number="24" sentence="2">First</token>
  <token id="26" number="25" sentence="2">Security</token>
  <token id="27" number="26" sentence="2">to</token>
  <token id="28" number="27" sentence="2">issue</token>
  <token id="29" number="28" sentence="2">about</token>
  <token id="30" number="29" sentence="2">0.55</token>
  <token id="31" number="30" sentence="2">share</token>
  <token id="32" number="31" sentence="2">of</token>
  <token id="33" number="32" sentence="2">its</token>
  <token id="34" number="33" sentence="2">stock</token>
  <token id="35" number="34" sentence="2">for</token>
  <token id="36" number="35" sentence="2">each</token>
  <token id="37" number="36" sentence="2">Deseret</token>
  <token id="38" number="37" sentence="2">share</token>
  <token id="39" number="38" sentence="2">held</token>
  <token id="40" number="39" sentence="2">,</token>
  <token id="41" number="40" sentence="2">or</token>
  <token id="42" number="41" sentence="2">a</token>
  <token id="43" number="42" sentence="2">total</token>
  <token id="44" number="43" sentence="2">of</token>
  <token id="45" number="44" sentence="2">about</token>
  <token id="46" number="45" sentence="2">550,000</token>
  <token id="47" number="46" sentence="2">First</token>
  <token id="48" number="47" sentence="2">Security</token>
  <token id="49" number="48" sentence="2">shares</token>
  <token id="50" number="49" sentence="2">.</token>
  <token id="51" number="50" sentence="3">It</token>
  <token id="52" number="51" sentence="3">has</token>
  <token id="53" number="52" sentence="3">about</token>
  <token id="54" number="53" sentence="3">12.3</token>
  <token id="55" number="54" sentence="3">million</token>
  <token id="56" number="55" sentence="3">shares</token>
  <token id="57" number="56" sentence="3">outstanding</token>
  <token id="58" number="57" sentence="3">.</token>
  <token id="59" number="58" sentence="4">Deseret</token>
  <token id="60" number="59" sentence="4">,</token>
  <token id="61" number="60" sentence="4">with</token>
  <token id="62" number="61" sentence="4">about</token>
  <token id="63" number="62" sentence="4">$</token>
  <token id="64" number="63" sentence="4">100</token>
  <token id="65" number="64" sentence="4">million</token>
  <token id="66" number="65" sentence="4">in</token>
  <token id="67" number="66" sentence="4">assets</token>
  <token id="68" number="67" sentence="4">,</token>
  <token id="69" number="68" sentence="4">is</token>
  <token id="70" number="69" sentence="4">the</token>
  <token id="71" number="70" sentence="4">parent</token>
  <token id="72" number="71" sentence="4">of</token>
  <token id="73" number="72" sentence="4">the</token>
  <token id="74" number="73" sentence="4">Deseret</token>
  <token id="75" number="74" sentence="4">Bank</token>
  <token id="76" number="75" sentence="4">,</token>
  <token id="77" number="76" sentence="4">which</token>
  <token id="78" number="77" sentence="4">has</token>
  <token id="79" number="78" sentence="4">six</token>
  <token id="80" number="79" sentence="4">offices</token>
  <token id="81" number="80" sentence="4">and</token>
  <token id="82" number="81" sentence="4">headquarters</token>
  <token id="83" number="82" sentence="4">at</token>
  <token id="84" number="83" sentence="4">Pleasant</token>
  <token id="85" number="84" sentence="4">Grove</token>
  <token id="86" number="85" sentence="4">,</token>
  <token id="87" number="86" sentence="4">Utah</token>
  <token id="88" number="87" sentence="4">.</token>
  <token id="89" number="88" sentence="5">The</token>
  <token id="90" number="89" sentence="5">purchase</token>
  <token id="91" number="90" sentence="5">price</token>
  <token id="92" number="91" sentence="5">is</token>
  <token id="93" number="92" sentence="5">equal</token>
  <token id="94" number="93" sentence="5">to</token>
  <token id="95" number="94" sentence="5">about</token>
  <token id="96" number="95" sentence="5">1.65</token>
  <token id="97" number="96" sentence="5">times</token>
  <token id="98" number="97" sentence="5">Deseret</token>
  <token id="99" number="98" sentence="5">'s</token>
  <token id="100" number="99" sentence="5">roughly</token>
  <token id="101" number="100" sentence="5">$</token>
  <token id="102" number="101" sentence="5">10.7</token>
  <token id="103" number="102" sentence="5">million</token>
  <token id="104" number="103" sentence="5">book</token>
  <token id="105" number="104" sentence="5">value</token>
  <token id="106" number="105" sentence="5">,</token>
  <token id="107" number="106" sentence="5">or</token>
  <token id="108" number="107" sentence="5">assets</token>
  <token id="109" number="108" sentence="5">less</token>
  <token id="110" number="109" sentence="5">liabilities</token>
  <token id="111" number="110" sentence="5">.</token>
  <token id="112" number="111" sentence="6">Salt</token>
  <token id="113" number="112" sentence="6">Lake</token>
  <token id="114" number="113" sentence="6">City-based</token>
  <token id="115" number="114" sentence="6">First</token>
  <token id="116" number="115" sentence="6">Security</token>
  <token id="117" number="116" sentence="6">,</token>
  <token id="118" number="117" sentence="6">with</token>
  <token id="119" number="118" sentence="6">$</token>
  <token id="120" number="119" sentence="6">5.4</token>
  <token id="121" number="120" sentence="6">billion</token>
  <token id="122" number="121" sentence="6">in</token>
  <token id="123" number="122" sentence="6">assets</token>
  <token id="124" number="123" sentence="6">,</token>
  <token id="125" number="124" sentence="6">said</token>
  <token id="126" number="125" sentence="6">the</token>
  <token id="127" number="126" sentence="6">agreement</token>
  <token id="128" number="127" sentence="6">is</token>
  <token id="129" number="128" sentence="6">subject</token>
  <token id="130" number="129" sentence="6">to</token>
  <token id="131" number="130" sentence="6">shareholder</token>
  <token id="132" number="131" sentence="6">and</token>
  <token id="133" number="132" sentence="6">regulatory</token>
  <token id="134" number="133" sentence="6">approval</token>
  <token id="135" number="134" sentence="6">,</token>
  <token id="136" number="135" sentence="6">and</token>
  <token id="137" number="136" sentence="6">that</token>
  <token id="138" number="137" sentence="6">it</token>
  <token id="139" number="138" sentence="6">hopes</token>
  <token id="140" number="139" sentence="6">to</token>
  <token id="141" number="140" sentence="6">complete</token>
  <token id="142" number="141" sentence="6">the</token>
  <token id="143" number="142" sentence="6">transaction</token>
  <token id="144" number="143" sentence="6">early</token>
  <token id="145" number="144" sentence="6">next</token>
  <token id="146" number="145" sentence="6">year</token>
  <token id="147" number="146" sentence="6">.</token>
</Document>
