<Document doc_name="wsj_0175">
  <Markables>
    <TIMEX3 RELATED_TO="" TAG_DESCRIPTOR="Empty_Mark" beginPoint="" comment="" endPoint="" freq="" functionInDocument="CREATION_TIME" id="0" quant="" type="DATE" value="1989-11-02" />
    <EVENT aspect="NONE" certainty="" class="ASPECTUAL" comment="" factuality="" id="1" modality="NONE" polarity="POS" pos="VERB" tense="PAST">
      <token_anchor id="3" />
    </EVENT>
    <EVENT aspect="NONE" certainty="" class="OCCURRENCE" comment="" factuality="" id="2" modality="NONE" polarity="POS" pos="NOUN" tense="NONE">
      <token_anchor id="6" />
    </EVENT>
    <EVENT aspect="NONE" certainty="" class="OCCURRENCE" comment="" factuality="" id="3" modality="NONE" polarity="POS" pos="VERB" tense="PRESPART">
      <token_anchor id="15" />
    </EVENT>
    <TIMEX3 anchorTimeID="0" beginPoint="" comment="" endPoint="" freq="" functionInDocument="NONE" id="4" quant="" type="DATE" value="1989-10-31">
      <token_anchor id="25" />
    </TIMEX3>
    <EVENT aspect="NONE" certainty="" class="OCCURRENCE" comment="" factuality="" id="5" modality="NONE" polarity="POS" pos="VERB" tense="PASTPART">
      <token_anchor id="32" />
    </EVENT>
    <EVENT aspect="NONE" certainty="" class="I_ACTION" comment="" factuality="" id="6" modality="NONE" polarity="POS" pos="VERB" tense="FUTURE">
      <token_anchor id="40" />
    </EVENT>
    <TIMEX3 anchorTimeID="0" beginPoint="" comment="" endPoint="" freq="" functionInDocument="NONE" id="7" quant="" type="DATE" value="1989-11">
      <token_anchor id="47" />
      <token_anchor id="48" />
    </TIMEX3>
    <EVENT aspect="NONE" certainty="" class="REPORTING" comment="" factuality="" id="8" modality="NONE" polarity="POS" pos="VERB" tense="PAST">
      <token_anchor id="52" />
    </EVENT>
    <EVENT aspect="PROGRESSIVE" certainty="" class="OCCURRENCE" comment="" factuality="" id="9" modality="NONE" polarity="POS" pos="VERB" tense="PRESENT">
      <token_anchor id="56" />
    </EVENT>
    <EVENT aspect="PROGRESSIVE" certainty="" class="OCCURRENCE" comment="" factuality="" id="10" modality="NONE" polarity="POS" pos="VERB" tense="PRESENT">
      <token_anchor id="70" />
    </EVENT>
    <EVENT aspect="NONE" certainty="" class="STATE" comment="" factuality="" id="11" modality="NONE" polarity="POS" pos="ADJECTIVE" tense="NONE">
      <token_anchor id="79" />
    </EVENT>
    <EVENT aspect="NONE" certainty="" class="I_ACTION" comment="" factuality="" id="12" modality="NONE" polarity="POS" pos="NOUN" tense="NONE">
      <token_anchor id="83" />
    </EVENT>
    <EVENT aspect="NONE" certainty="" class="I_ACTION" comment="" factuality="" id="13" modality="NONE" polarity="POS" pos="VERB" tense="INFINITIVE">
      <token_anchor id="85" />
    </EVENT>
    <EVENT aspect="NONE" certainty="" class="STATE" comment="" factuality="" id="14" modality="NONE" polarity="POS" pos="VERB" tense="INFINITIVE">
      <token_anchor id="93" />
    </EVENT>
    <EVENT aspect="NONE" certainty="" class="OCCURRENCE" comment="" factuality="" id="15" modality="NONE" polarity="POS" pos="NOUN" tense="NONE">
      <token_anchor id="100" />
    </EVENT>
    <EVENT aspect="NONE" certainty="" class="I_STATE" comment="" factuality="" id="16" modality="NONE" polarity="POS" pos="VERB" tense="PRESENT">
      <token_anchor id="112" />
    </EVENT>
    <EVENT aspect="NONE" certainty="" class="OCCURRENCE" comment="" factuality="" id="17" modality="NONE" polarity="POS" pos="VERB" tense="INFINITIVE">
      <token_anchor id="114" />
    </EVENT>
    <TIMEX3 anchorTimeID="0" beginPoint="" comment="" endPoint="" freq="" functionInDocument="NONE" id="18" quant="" type="DATE" value="1989-11-06">
      <token_anchor id="115" />
    </TIMEX3>
    <EVENT aspect="PERFECTIVE" certainty="" class="STATE" comment="" factuality="" id="19" modality="NONE" polarity="POS" pos="VERB" tense="PRESENT">
      <token_anchor id="122" />
    </EVENT>
    <EVENT aspect="NONE" certainty="" class="I_ACTION" comment="" factuality="" id="20" modality="NONE" polarity="POS" pos="NOUN" tense="NONE">
      <token_anchor id="124" />
    </EVENT>
    <EVENT aspect="NONE" certainty="" class="I_ACTION" comment="" factuality="" id="21" modality="NONE" polarity="POS" pos="NOUN" tense="NONE">
      <token_anchor id="131" />
    </EVENT>
    <EVENT aspect="NONE" certainty="" class="OCCURRENCE" comment="" factuality="" id="22" modality="NONE" polarity="POS" pos="VERB" tense="INFINITIVE">
      <token_anchor id="133" />
    </EVENT>
    <EVENT aspect="NONE" certainty="" class="I_ACTION" comment="" factuality="" id="23" modality="NONE" polarity="POS" pos="NOUN" tense="NONE">
      <token_anchor id="147" />
    </EVENT>
    <EVENT aspect="NONE" certainty="" class="ASPECTUAL" comment="" factuality="" id="24" modality="NONE" polarity="POS" pos="VERB" tense="INFINITIVE">
      <token_anchor id="149" />
    </EVENT>
    <EVENT aspect="NONE" certainty="" class="OCCURRENCE" comment="" factuality="" id="25" modality="NONE" polarity="POS" pos="NOUN" tense="NONE">
      <token_anchor id="151" />
    </EVENT>
  </Markables>
  <Relations>
    <TLINK comment="" id="1" relType="BEFORE">
      <source id="0" />
      <target id="7" />
    </TLINK>
    <TLINK comment="" id="2" relType="BEFORE">
      <source id="1" />
      <target id="0" />
    </TLINK>
    <TLINK comment="" id="3" relType="SIMULTANEOUS">
      <source id="3" />
      <target id="2" />
    </TLINK>
    <TLINK comment="" id="4" relType="BEFORE">
      <source id="3" />
      <target id="4" />
    </TLINK>
    <TLINK comment="" id="5" relType="BEFORE">
      <source id="4" />
      <target id="0" />
    </TLINK>
    <TLINK comment="" id="6" relType="BEFORE">
      <source id="5" />
      <target id="2" />
    </TLINK>
    <TLINK comment="" id="7" relType="SIMULTANEOUS">
      <source id="6" />
      <target id="7" />
    </TLINK>
    <TLINK comment="" id="8" relType="BEFORE">
      <source id="8" />
      <target id="0" />
    </TLINK>
    <TLINK comment="" id="9" relType="BEFORE">
      <source id="9" />
      <target id="6" />
    </TLINK>
    <TLINK comment="" id="10" relType="IS_INCLUDED">
      <source id="10" />
      <target id="6" />
    </TLINK>
    <TLINK comment="" id="11" relType="INCLUDES">
      <source id="11" />
      <target id="0" />
    </TLINK>
    <TLINK comment="" id="12" relType="SIMULTANEOUS">
      <source id="11" />
      <target id="12" />
    </TLINK>
    <TLINK comment="" id="13" relType="IS_INCLUDED">
      <source id="16" />
      <target id="0" />
    </TLINK>
    <TLINK comment="" id="14" relType="IS_INCLUDED">
      <source id="17" />
      <target id="18" />
    </TLINK>
    <TLINK comment="" id="15" relType="AFTER">
      <source id="18" />
      <target id="0" />
    </TLINK>
    <TLINK comment="" id="16" relType="INCLUDES">
      <source id="19" />
      <target id="0" />
    </TLINK>
    <TLINK comment="" id="17" relType="SIMULTANEOUS">
      <source id="19" />
      <target id="20" />
    </TLINK>
    <TLINK comment="" id="18" relType="INCLUDES">
      <source id="23" />
      <target id="0" />
    </TLINK>
    <TLINK comment="" id="19" relType="IDENTITY">
      <source id="25" />
      <target id="20" />
    </TLINK>
  </Relations>
  <token id="1" number="0" sentence="0">Sony</token>
  <token id="2" number="1" sentence="0">Corp.</token>
  <token id="3" number="2" sentence="0">completed</token>
  <token id="4" number="3" sentence="0">its</token>
  <token id="5" number="4" sentence="0">tender</token>
  <token id="6" number="5" sentence="0">offer</token>
  <token id="7" number="6" sentence="0">for</token>
  <token id="8" number="7" sentence="0">Columbia</token>
  <token id="9" number="8" sentence="0">Pictures</token>
  <token id="10" number="9" sentence="0">Entertainment</token>
  <token id="11" number="10" sentence="0">Inc.,</token>
  <token id="12" number="11" sentence="0">with</token>
  <token id="13" number="12" sentence="0">Columbia</token>
  <token id="14" number="13" sentence="0">shareholders</token>
  <token id="15" number="14" sentence="0">tendering</token>
  <token id="16" number="15" sentence="0">99.3</token>
  <token id="17" number="16" sentence="0">%</token>
  <token id="18" number="17" sentence="0">of</token>
  <token id="19" number="18" sentence="0">all</token>
  <token id="20" number="19" sentence="0">common</token>
  <token id="21" number="20" sentence="0">shares</token>
  <token id="22" number="21" sentence="0">outstanding</token>
  <token id="23" number="22" sentence="0">by</token>
  <token id="24" number="23" sentence="0">the</token>
  <token id="25" number="24" sentence="0">Tuesday</token>
  <token id="26" number="25" sentence="0">deadline</token>
  <token id="27" number="26" sentence="0">.</token>
  <token id="28" number="27" sentence="1">Sony</token>
  <token id="29" number="28" sentence="1">Columbia</token>
  <token id="30" number="29" sentence="1">Acquisition</token>
  <token id="31" number="30" sentence="1">Corp.,</token>
  <token id="32" number="31" sentence="1">formed</token>
  <token id="33" number="32" sentence="1">for</token>
  <token id="34" number="33" sentence="1">the</token>
  <token id="35" number="34" sentence="1">Columbia</token>
  <token id="36" number="35" sentence="1">deal</token>
  <token id="37" number="36" sentence="1">,</token>
  <token id="38" number="37" sentence="1">will</token>
  <token id="39" number="38" sentence="1">formally</token>
  <token id="40" number="39" sentence="1">take</token>
  <token id="41" number="40" sentence="1">ownership</token>
  <token id="42" number="41" sentence="1">of</token>
  <token id="43" number="42" sentence="1">the</token>
  <token id="44" number="43" sentence="1">movie</token>
  <token id="45" number="44" sentence="1">studio</token>
  <token id="46" number="45" sentence="1">later</token>
  <token id="47" number="46" sentence="1">this</token>
  <token id="48" number="47" sentence="1">month</token>
  <token id="49" number="48" sentence="1">,</token>
  <token id="50" number="49" sentence="1">a</token>
  <token id="51" number="50" sentence="1">spokesman</token>
  <token id="52" number="51" sentence="1">said</token>
  <token id="53" number="52" sentence="1">.</token>
  <token id="54" number="53" sentence="2">Sony</token>
  <token id="55" number="54" sentence="2">is</token>
  <token id="56" number="55" sentence="2">paying</token>
  <token id="57" number="56" sentence="2">$</token>
  <token id="58" number="57" sentence="2">27</token>
  <token id="59" number="58" sentence="2">a</token>
  <token id="60" number="59" sentence="2">share</token>
  <token id="61" number="60" sentence="2">,</token>
  <token id="62" number="61" sentence="2">or</token>
  <token id="63" number="62" sentence="2">$</token>
  <token id="64" number="63" sentence="2">3.55</token>
  <token id="65" number="64" sentence="2">billion</token>
  <token id="66" number="65" sentence="2">,</token>
  <token id="67" number="66" sentence="2">cash</token>
  <token id="68" number="67" sentence="2">and</token>
  <token id="69" number="68" sentence="2">is</token>
  <token id="70" number="69" sentence="2">assuming</token>
  <token id="71" number="70" sentence="2">$</token>
  <token id="72" number="71" sentence="2">1.4</token>
  <token id="73" number="72" sentence="2">billion</token>
  <token id="74" number="73" sentence="2">of</token>
  <token id="75" number="74" sentence="2">long-term</token>
  <token id="76" number="75" sentence="2">debt</token>
  <token id="77" number="76" sentence="2">.</token>
  <token id="78" number="77" sentence="3">Still</token>
  <token id="79" number="78" sentence="3">unresolved</token>
  <token id="80" number="79" sentence="3">is</token>
  <token id="81" number="80" sentence="3">Sony</token>
  <token id="82" number="81" sentence="3">'s</token>
  <token id="83" number="82" sentence="3">effort</token>
  <token id="84" number="83" sentence="3">to</token>
  <token id="85" number="84" sentence="3">hire</token>
  <token id="86" number="85" sentence="3">producers</token>
  <token id="87" number="86" sentence="3">Jon</token>
  <token id="88" number="87" sentence="3">Peters</token>
  <token id="89" number="88" sentence="3">and</token>
  <token id="90" number="89" sentence="3">Peter</token>
  <token id="91" number="90" sentence="3">Guber</token>
  <token id="92" number="91" sentence="3">to</token>
  <token id="93" number="92" sentence="3">run</token>
  <token id="94" number="93" sentence="3">the</token>
  <token id="95" number="94" sentence="3">studio</token>
  <token id="96" number="95" sentence="3">.</token>
  <token id="97" number="96" sentence="4">Sony</token>
  <token id="98" number="97" sentence="4">'s</token>
  <token id="99" number="98" sentence="4">planned</token>
  <token id="100" number="99" sentence="4">acquisition</token>
  <token id="101" number="100" sentence="4">of</token>
  <token id="102" number="101" sentence="4">Guber</token>
  <token id="103" number="102" sentence="4">/</token>
  <token id="104" number="103" sentence="4">Peters</token>
  <token id="105" number="104" sentence="4">Entertainment</token>
  <token id="106" number="105" sentence="4">Co.</token>
  <token id="107" number="106" sentence="4">for</token>
  <token id="108" number="107" sentence="4">$</token>
  <token id="109" number="108" sentence="4">200</token>
  <token id="110" number="109" sentence="4">million</token>
  <token id="111" number="110" sentence="4">is</token>
  <token id="112" number="111" sentence="4">scheduled</token>
  <token id="113" number="112" sentence="4">to</token>
  <token id="114" number="113" sentence="4">close</token>
  <token id="115" number="114" sentence="4">Monday</token>
  <token id="116" number="115" sentence="4">.</token>
  <token id="117" number="116" sentence="5">Guber</token>
  <token id="118" number="117" sentence="5">/</token>
  <token id="119" number="118" sentence="5">Peters</token>
  <token id="120" number="119" sentence="5">has</token>
  <token id="121" number="120" sentence="5">been</token>
  <token id="122" number="121" sentence="5">locked</token>
  <token id="123" number="122" sentence="5">in</token>
  <token id="124" number="123" sentence="5">litigation</token>
  <token id="125" number="124" sentence="5">with</token>
  <token id="126" number="125" sentence="5">Warner</token>
  <token id="127" number="126" sentence="5">Communications</token>
  <token id="128" number="127" sentence="5">Inc.</token>
  <token id="129" number="128" sentence="5">in</token>
  <token id="130" number="129" sentence="5">an</token>
  <token id="131" number="130" sentence="5">attempt</token>
  <token id="132" number="131" sentence="5">to</token>
  <token id="133" number="132" sentence="5">get</token>
  <token id="134" number="133" sentence="5">out</token>
  <token id="135" number="134" sentence="5">of</token>
  <token id="136" number="135" sentence="5">an</token>
  <token id="137" number="136" sentence="5">exclusive</token>
  <token id="138" number="137" sentence="5">production</token>
  <token id="139" number="138" sentence="5">contract</token>
  <token id="140" number="139" sentence="5">with</token>
  <token id="141" number="140" sentence="5">Warner</token>
  <token id="142" number="141" sentence="5">.</token>
  <token id="143" number="142" sentence="6">Both</token>
  <token id="144" number="143" sentence="6">sides</token>
  <token id="145" number="144" sentence="6">are</token>
  <token id="146" number="145" sentence="6">in</token>
  <token id="147" number="146" sentence="6">talks</token>
  <token id="148" number="147" sentence="6">to</token>
  <token id="149" number="148" sentence="6">settle</token>
  <token id="150" number="149" sentence="6">the</token>
  <token id="151" number="150" sentence="6">dispute</token>
  <token id="152" number="151" sentence="6">.</token>
</Document>
