<Document doc_name="wsj_1011">
  <Markables>
    <TIMEX3 RELATED_TO="" TAG_DESCRIPTOR="Empty_Mark" beginPoint="" comment="" endPoint="" freq="" functionInDocument="CREATION_TIME" id="0" quant="" type="DATE" value="1989-10-26" />
    <EVENT aspect="NONE" certainty="" class="OCCURRENCE" comment="" factuality="" id="1" modality="NONE" polarity="POS" pos="VERB" tense="PAST">
      <token_anchor id="5" />
    </EVENT>
    <TIMEX3 anchorTimeID="0" beginPoint="" comment="" endPoint="" freq="" functionInDocument="NONE" id="2" quant="" type="DATE" value="1989-Q1">
      <token_anchor id="12" />
      <token_anchor id="13" />
      <token_anchor id="14" />
      <token_anchor id="15" />
    </TIMEX3>
    <EVENT aspect="NONE" certainty="" class="OCCURRENCE" comment="" factuality="" id="3" modality="NONE" polarity="POS" pos="VERB" tense="PRESPART">
      <token_anchor id="17" />
    </EVENT>
    <EVENT aspect="NONE" certainty="" class="OCCURRENCE" comment="" factuality="" id="4" modality="NONE" polarity="POS" pos="VERB" tense="PAST">
      <token_anchor id="35" />
    </EVENT>
    <EVENT aspect="NONE" certainty="" class="OCCURRENCE" comment="" factuality="" id="5" modality="NONE" polarity="POS" pos="NOUN" tense="NONE">
      <token_anchor id="37" />
    </EVENT>
    <EVENT aspect="NONE" certainty="" class="OCCURRENCE" comment="" factuality="" id="6" modality="NONE" polarity="POS" pos="NOUN" tense="NONE">
      <token_anchor id="58" />
    </EVENT>
    <C-SIGNAL id="7">
      <token_anchor id="59" />
      <token_anchor id="60" />
      <token_anchor id="61" />
      <token_anchor id="62" />
    </C-SIGNAL>
    <EVENT aspect="NONE" certainty="" class="OCCURRENCE" comment="" factuality="" id="8" modality="NONE" polarity="POS" pos="NOUN" tense="NONE">
      <token_anchor id="64" />
    </EVENT>
    <EVENT aspect="NONE" certainty="" class="I_ACTION" comment="" factuality="" id="9" modality="NONE" polarity="POS" pos="VERB" tense="PAST">
      <token_anchor id="66" />
    </EVENT>
    <TIMEX3 anchorTimeID="0" beginPoint="" comment="" endPoint="" freq="" functionInDocument="NONE" id="10" quant="" type="DATE" value="1988-SP">
      <token_anchor id="67" />
      <token_anchor id="68" />
    </TIMEX3>
    <TIMEX3 anchorTimeID="12" beginPoint="" comment="" endPoint="" freq="" functionInDocument="NONE" id="11" quant="" type="DATE" value="1989-QX">
      <token_anchor id="71" />
      <token_anchor id="72" />
    </TIMEX3>
    <TIMEX3 anchorTimeID="0" beginPoint="" comment="" endPoint="" freq="" functionInDocument="NONE" id="12" quant="" type="DATE" value="1989-09-30">
      <token_anchor id="74" />
      <token_anchor id="75" />
      <token_anchor id="76" />
    </TIMEX3>
    <EVENT aspect="NONE" certainty="" class="OCCURRENCE" comment="" factuality="" id="13" modality="NONE" polarity="POS" pos="VERB" tense="PAST">
      <token_anchor id="79" />
    </EVENT>
    <TIMEX3 anchorTimeID="12" beginPoint="" comment="" endPoint="" freq="" functionInDocument="NONE" id="14" quant="" type="DATE" value="1988-09-30">
      <token_anchor id="105" />
      <token_anchor id="106" />
      <token_anchor id="107" />
    </TIMEX3>
    <EVENT aspect="NONE" certainty="" class="OCCURRENCE" comment="" factuality="" id="15" modality="NONE" polarity="POS" pos="VERB" tense="PAST">
      <token_anchor id="110" />
    </EVENT>
    <TIMEX3 anchorTimeID="11" beginPoint="" comment="" endPoint="" freq="" functionInDocument="NONE" id="16" quant="" type="DATE" value="1989-QX">
      <token_anchor id="123" />
      <token_anchor id="124" />
    </TIMEX3>
    <EVENT aspect="NONE" certainty="" class="OCCURRENCE" comment="" factuality="" id="17" modality="NONE" polarity="POS" pos="VERB" tense="PAST">
      <token_anchor id="127" />
    </EVENT>
    <EVENT aspect="NONE" certainty="" class="OCCURRENCE" comment="" factuality="" id="18" modality="NONE" polarity="POS" pos="VERB" tense="PAST">
      <token_anchor id="138" />
    </EVENT>
    <EVENT aspect="NONE" certainty="" class="OCCURRENCE" comment="" factuality="" id="19" modality="NONE" polarity="POS" pos="NOUN" tense="NONE">
      <token_anchor id="143" />
    </EVENT>
    <EVENT aspect="NONE" certainty="" class="ASPECTUAL" comment="" factuality="" id="20" modality="NONE" polarity="POS" pos="VERB" tense="PAST">
      <token_anchor id="160" />
    </EVENT>
    <EVENT aspect="NONE" certainty="" class="OCCURRENCE" comment="" factuality="" id="21" modality="NONE" polarity="POS" pos="OTHER" tense="NONE">
      <token_anchor id="166" />
    </EVENT>
    <EVENT aspect="NONE" certainty="" class="REPORTING" comment="" factuality="" id="22" modality="NONE" polarity="POS" pos="VERB" tense="PAST">
      <token_anchor id="169" />
    </EVENT>
    <EVENT aspect="NONE" certainty="" class="OCCURRENCE" comment="" factuality="" id="23" modality="NONE" polarity="POS" pos="VERB" tense="PAST">
      <token_anchor id="179" />
    </EVENT>
    <EVENT aspect="NONE" certainty="" class="OCCURRENCE" comment="" factuality="" id="24" modality="NONE" polarity="POS" pos="VERB" tense="PAST">
      <token_anchor id="190" />
    </EVENT>
    <EVENT aspect="PERFECTIVE" certainty="" class="OCCURRENCE" comment="" factuality="" id="25" modality="NONE" polarity="POS" pos="VERB" tense="PRESENT">
      <token_anchor id="196" />
    </EVENT>
    <EVENT aspect="NONE" certainty="" class="OCCURRENCE" comment="" factuality="" id="26" modality="NONE" polarity="POS" pos="VERB" tense="PRESENT">
      <token_anchor id="209" />
    </EVENT>
    <TIMEX3 anchorTimeID="0" beginPoint="" comment="" endPoint="" freq="" functionInDocument="NONE" id="27" quant="" type="DATE" value="PRESENT_REF">
      <token_anchor id="226" />
    </TIMEX3>
    <EVENT aspect="NONE" certainty="" class="ASPECTUAL" comment="" factuality="" id="28" modality="NONE" polarity="POS" pos="VERB" tense="PAST">
      <token_anchor id="235" />
    </EVENT>
    <EVENT aspect="NONE" certainty="" class="OCCURRENCE" comment="" factuality="" id="29" modality="NONE" polarity="POS" pos="VERB" tense="INFINITIVE">
      <token_anchor id="237" />
    </EVENT>
    <TIMEX3 anchorTimeID="16" beginPoint="" comment="" endPoint="" freq="" functionInDocument="NONE" id="30" quant="" type="DATE" value="1989-QX">
      <token_anchor id="243" />
      <token_anchor id="244" />
    </TIMEX3>
    <EVENT aspect="NONE" certainty="" class="REPORTING" comment="" factuality="" id="31" modality="NONE" polarity="POS" pos="VERB" tense="PAST">
      <token_anchor id="257" />
    </EVENT>
    <TIMEX3 anchorTimeID="0" beginPoint="" comment="" endPoint="" freq="" functionInDocument="NONE" id="32" quant="" type="DATE" value="1989-Q3">
      <token_anchor id="258" />
    </TIMEX3>
    <EVENT aspect="NONE" certainty="" class="OCCURRENCE" comment="" factuality="" id="33" modality="NONE" polarity="POS" pos="VERB" tense="PAST">
      <token_anchor id="260" />
    </EVENT>
    <TIMEX3 anchorTimeID="32" beginPoint="" comment="" endPoint="" freq="" functionInDocument="NONE" id="34" quant="" type="DATE" value="1988-Q3">
      <token_anchor id="285" />
      <token_anchor id="286" />
      <token_anchor id="287" />
    </TIMEX3>
    <EVENT aspect="NONE" certainty="" class="OCCURRENCE" comment="" factuality="" id="35" modality="NONE" polarity="POS" pos="NOUN" tense="NONE">
      <token_anchor id="298" />
    </EVENT>
    <EVENT aspect="NONE" certainty="" class="OCCURRENCE" comment="" factuality="" id="36" modality="would" polarity="NEG" pos="VERB" tense="NONE">
      <token_anchor id="310" />
    </EVENT>
    <EVENT aspect="NONE" certainty="" class="REPORTING" comment="" factuality="" id="37" modality="NONE" polarity="POS" pos="VERB" tense="PAST">
      <token_anchor id="315" />
    </EVENT>
    <EVENT aspect="NONE" certainty="" class="OCCURRENCE" comment="" factuality="" id="38" modality="NONE" polarity="POS" pos="NOUN" tense="NONE">
      <token_anchor id="317" />
    </EVENT>
    <EVENT aspect="NONE" certainty="" class="OCCURRENCE" comment="" factuality="" id="39" modality="NONE" polarity="POS" pos="NOUN" tense="NONE">
      <token_anchor id="324" />
    </EVENT>
    <TIMEX3 anchorTimeID="32" beginPoint="" comment="" endPoint="" freq="" functionInDocument="NONE" id="40" quant="" type="DATE" value="1988-Q3">
      <token_anchor id="337" />
    </TIMEX3>
    <EVENT aspect="NONE" certainty="" class="OCCURRENCE" comment="" factuality="" id="41" modality="NONE" polarity="POS" pos="NOUN" tense="NONE">
      <token_anchor id="338" />
    </EVENT>
    <EVENT aspect="NONE" certainty="" class="OCCURRENCE" comment="" factuality="" id="42" modality="NONE" polarity="POS" pos="NOUN" tense="NONE">
      <token_anchor id="342" />
    </EVENT>
    <EVENT aspect="NONE" certainty="" class="OCCURRENCE" comment="" factuality="" id="43" modality="NONE" polarity="POS" pos="VERB" tense="PAST">
      <token_anchor id="356" />
    </EVENT>
    <TIMEX3 beginPoint="" comment="" endPoint="" freq="" functionInDocument="NONE" id="44" quant="" type="DURATION" value="P9M">
      <token_anchor id="369" />
      <token_anchor id="370" />
      <token_anchor id="371" />
    </TIMEX3>
    <EVENT aspect="NONE" certainty="" class="OCCURRENCE" comment="" factuality="" id="45" modality="NONE" polarity="POS" pos="VERB" tense="PAST">
      <token_anchor id="375" />
    </EVENT>
    <EVENT aspect="NONE" certainty="" class="OCCURRENCE" comment="" factuality="" id="46" modality="NONE" polarity="POS" pos="NOUN" tense="NONE">
      <token_anchor id="391" />
    </EVENT>
    <TIMEX3 anchorTimeID="0" beginPoint="" comment="" endPoint="" freq="" functionInDocument="NONE" id="47" quant="" type="DATE" value="1988">
      <token_anchor id="403" />
      <token_anchor id="404" />
      <token_anchor id="405" />
    </TIMEX3>
    <EVENT aspect="NONE" certainty="" class="OCCURRENCE" comment="" factuality="" id="48" modality="NONE" polarity="POS" pos="VERB" tense="PAST">
      <token_anchor id="408" />
    </EVENT>
  </Markables>
  <Relations>
    <TLINK comment="" id="1" relType="IS_INCLUDED">
      <source id="0" />
      <target id="26" />
    </TLINK>
    <TLINK comment="" id="2" relType="AFTER">
      <source id="0" />
      <target id="43" />
    </TLINK>
    <TLINK comment="" id="3" relType="AFTER">
      <source id="0" />
      <target id="44" />
    </TLINK>
    <TLINK comment="" id="4" relType="BEFORE">
      <source id="1" />
      <target id="0" />
    </TLINK>
    <TLINK comment="" id="5" relType="INCLUDES">
      <source id="2" />
      <target id="1" />
    </TLINK>
    <TLINK comment="" id="6" relType="SIMULTANEOUS">
      <source id="3" />
      <target id="1" />
    </TLINK>
    <TLINK comment="" id="7" relType="AFTER">
      <source id="4" />
      <target id="1" />
    </TLINK>
    <TLINK comment="" id="8" relType="IDENTITY">
      <source id="5" />
      <target id="1" />
    </TLINK>
    <TLINK comment="" id="9" relType="BEFORE">
      <source id="5" />
      <target id="4" />
    </TLINK>
    <TLINK comment="" id="10" relType="BEFORE">
      <source id="8" />
      <target id="6" />
    </TLINK>
    <CLINK c-signalID="7" comment="" id="11">
      <source id="8" />
      <target id="6" />
    </CLINK>
    <TLINK comment="" id="12" relType="INCLUDES">
      <source id="10" />
      <target id="9" />
    </TLINK>
    <TLINK comment="" id="13" relType="ENDS">
      <source id="13" />
      <target id="11" />
    </TLINK>
    <TLINK comment="" id="14" relType="SIMULTANEOUS">
      <source id="15" />
      <target id="1" />
    </TLINK>
    <TLINK comment="" id="15" relType="IS_INCLUDED">
      <source id="17" />
      <target id="16" />
    </TLINK>
    <TLINK comment="" id="16" relType="IS_INCLUDED">
      <source id="18" />
      <target id="16" />
    </TLINK>
    <TLINK comment="" id="17" relType="INCLUDES">
      <source id="21" />
      <target id="20" />
    </TLINK>
    <TLINK comment="" id="18" relType="BEFORE">
      <source id="22" />
      <target id="0" />
    </TLINK>
    <TLINK comment="" id="19" relType="SIMULTANEOUS">
      <source id="24" />
      <target id="23" />
    </TLINK>
    <TLINK comment="" id="20" relType="SIMULTANEOUS">
      <source id="24" />
      <target id="25" />
    </TLINK>
    <TLINK comment="" id="21" relType="SIMULTANEOUS">
      <source id="27" />
      <target id="0" />
    </TLINK>
    <TLINK comment="" id="22" relType="IS_INCLUDED">
      <source id="29" />
      <target id="30" />
    </TLINK>
    <TLINK comment="" id="23" relType="INCLUDES">
      <source id="30" />
      <target id="28" />
    </TLINK>
    <TLINK comment="" id="24" relType="BEFORE">
      <source id="31" />
      <target id="0" />
    </TLINK>
    <TLINK comment="" id="25" relType="BEFORE">
      <source id="32" />
      <target id="31" />
    </TLINK>
    <TLINK comment="" id="26" relType="ENDS">
      <source id="33" />
      <target id="32" />
    </TLINK>
    <TLINK comment="" id="27" relType="SIMULTANEOUS">
      <source id="37" />
      <target id="36" />
    </TLINK>
    <TLINK comment="" id="28" relType="BEFORE">
      <source id="39" />
      <target id="38" />
    </TLINK>
    <TLINK comment="" id="29" relType="ENDS">
      <source id="41" />
      <target id="40" />
    </TLINK>
    <TLINK comment="" id="30" relType="IS_INCLUDED">
      <source id="42" />
      <target id="40" />
    </TLINK>
    <TLINK comment="" id="31" relType="ENDS">
      <source id="45" />
      <target id="44" />
    </TLINK>
    <TLINK comment="" id="32" relType="BEFORE">
      <source id="46" />
      <target id="44" />
    </TLINK>
    <TLINK comment="" id="33" relType="ENDED_BY">
      <source id="47" />
      <target id="46" />
    </TLINK>
    <TLINK comment="" id="34" relType="ENDS">
      <source id="47" />
      <target id="48" />
    </TLINK>
  </Relations>
  <token id="1" number="0" sentence="0">Delta</token>
  <token id="2" number="1" sentence="0">Air</token>
  <token id="3" number="2" sentence="0">Lines</token>
  <token id="4" number="3" sentence="0">earnings</token>
  <token id="5" number="4" sentence="0">soared</token>
  <token id="6" number="5" sentence="0">33</token>
  <token id="7" number="6" sentence="0">%</token>
  <token id="8" number="7" sentence="0">to</token>
  <token id="9" number="8" sentence="0">a</token>
  <token id="10" number="9" sentence="0">record</token>
  <token id="11" number="10" sentence="0">in</token>
  <token id="12" number="11" sentence="0">the</token>
  <token id="13" number="12" sentence="0">fiscal</token>
  <token id="14" number="13" sentence="0">first</token>
  <token id="15" number="14" sentence="0">quarter</token>
  <token id="16" number="15" sentence="0">,</token>
  <token id="17" number="16" sentence="0">bucking</token>
  <token id="18" number="17" sentence="0">the</token>
  <token id="19" number="18" sentence="0">industry</token>
  <token id="20" number="19" sentence="0">trend</token>
  <token id="21" number="20" sentence="0">toward</token>
  <token id="22" number="21" sentence="0">declining</token>
  <token id="23" number="22" sentence="0">profits</token>
  <token id="24" number="23" sentence="0">.</token>
  <token id="25" number="24" sentence="1">The</token>
  <token id="26" number="25" sentence="1">Atlanta-based</token>
  <token id="27" number="26" sentence="1">airline</token>
  <token id="28" number="27" sentence="1">,</token>
  <token id="29" number="28" sentence="1">the</token>
  <token id="30" number="29" sentence="1">third</token>
  <token id="31" number="30" sentence="1">largest</token>
  <token id="32" number="31" sentence="1">in</token>
  <token id="33" number="32" sentence="1">the</token>
  <token id="34" number="33" sentence="1">U.S.,</token>
  <token id="35" number="34" sentence="1">attributed</token>
  <token id="36" number="35" sentence="1">the</token>
  <token id="37" number="36" sentence="1">increase</token>
  <token id="38" number="37" sentence="1">to</token>
  <token id="39" number="38" sentence="1">higher</token>
  <token id="40" number="39" sentence="1">passenger</token>
  <token id="41" number="40" sentence="1">traffic</token>
  <token id="42" number="41" sentence="1">,</token>
  <token id="43" number="42" sentence="1">new</token>
  <token id="44" number="43" sentence="1">international</token>
  <token id="45" number="44" sentence="1">routes</token>
  <token id="46" number="45" sentence="1">and</token>
  <token id="47" number="46" sentence="1">reduced</token>
  <token id="48" number="47" sentence="1">service</token>
  <token id="49" number="48" sentence="1">by</token>
  <token id="50" number="49" sentence="1">rival</token>
  <token id="51" number="50" sentence="1">Eastern</token>
  <token id="52" number="51" sentence="1">Airlines</token>
  <token id="53" number="52" sentence="1">,</token>
  <token id="54" number="53" sentence="1">which</token>
  <token id="55" number="54" sentence="1">is</token>
  <token id="56" number="55" sentence="1">in</token>
  <token id="57" number="56" sentence="1">bankruptcy</token>
  <token id="58" number="57" sentence="1">proceedings</token>
  <token id="59" number="58" sentence="1">in</token>
  <token id="60" number="59" sentence="1">the</token>
  <token id="61" number="60" sentence="1">wake</token>
  <token id="62" number="61" sentence="1">of</token>
  <token id="63" number="62" sentence="1">a</token>
  <token id="64" number="63" sentence="1">strike</token>
  <token id="65" number="64" sentence="1">that</token>
  <token id="66" number="65" sentence="1">began</token>
  <token id="67" number="66" sentence="1">last</token>
  <token id="68" number="67" sentence="1">spring</token>
  <token id="69" number="68" sentence="1">.</token>
  <token id="70" number="69" sentence="2">For</token>
  <token id="71" number="70" sentence="2">the</token>
  <token id="72" number="71" sentence="2">quarter</token>
  <token id="73" number="72" sentence="2">ended</token>
  <token id="74" number="73" sentence="2">Sept</token>
  <token id="75" number="74" sentence="2">.</token>
  <token id="76" number="75" sentence="2">30</token>
  <token id="77" number="76" sentence="2">,</token>
  <token id="78" number="77" sentence="2">Delta</token>
  <token id="79" number="78" sentence="2">posted</token>
  <token id="80" number="79" sentence="2">net</token>
  <token id="81" number="80" sentence="2">income</token>
  <token id="82" number="81" sentence="2">of</token>
  <token id="83" number="82" sentence="2">$</token>
  <token id="84" number="83" sentence="2">133.1</token>
  <token id="85" number="84" sentence="2">million</token>
  <token id="86" number="85" sentence="2">,</token>
  <token id="87" number="86" sentence="2">or</token>
  <token id="88" number="87" sentence="2">$</token>
  <token id="89" number="88" sentence="2">2.53</token>
  <token id="90" number="89" sentence="2">a</token>
  <token id="91" number="90" sentence="2">share</token>
  <token id="92" number="91" sentence="2">,</token>
  <token id="93" number="92" sentence="2">up</token>
  <token id="94" number="93" sentence="2">from</token>
  <token id="95" number="94" sentence="2">$</token>
  <token id="96" number="95" sentence="2">100</token>
  <token id="97" number="96" sentence="2">million</token>
  <token id="98" number="97" sentence="2">,</token>
  <token id="99" number="98" sentence="2">or</token>
  <token id="100" number="99" sentence="2">$</token>
  <token id="101" number="100" sentence="2">2.03</token>
  <token id="102" number="101" sentence="2">a</token>
  <token id="103" number="102" sentence="2">share</token>
  <token id="104" number="103" sentence="2">,</token>
  <token id="105" number="104" sentence="2">a</token>
  <token id="106" number="105" sentence="2">year</token>
  <token id="107" number="106" sentence="2">earlier</token>
  <token id="108" number="107" sentence="2">.</token>
  <token id="109" number="108" sentence="3">Revenue</token>
  <token id="110" number="109" sentence="3">rose</token>
  <token id="111" number="110" sentence="3">15</token>
  <token id="112" number="111" sentence="3">%</token>
  <token id="113" number="112" sentence="3">to</token>
  <token id="114" number="113" sentence="3">$</token>
  <token id="115" number="114" sentence="3">2.17</token>
  <token id="116" number="115" sentence="3">billion</token>
  <token id="117" number="116" sentence="3">from</token>
  <token id="118" number="117" sentence="3">$</token>
  <token id="119" number="118" sentence="3">1.89</token>
  <token id="120" number="119" sentence="3">billion</token>
  <token id="121" number="120" sentence="3">.</token>
  <token id="122" number="121" sentence="4">During</token>
  <token id="123" number="122" sentence="4">the</token>
  <token id="124" number="123" sentence="4">quarter</token>
  <token id="125" number="124" sentence="4">,</token>
  <token id="126" number="125" sentence="4">Delta</token>
  <token id="127" number="126" sentence="4">issued</token>
  <token id="128" number="127" sentence="4">2.5</token>
  <token id="129" number="128" sentence="4">million</token>
  <token id="130" number="129" sentence="4">shares</token>
  <token id="131" number="130" sentence="4">of</token>
  <token id="132" number="131" sentence="4">common</token>
  <token id="133" number="132" sentence="4">stock</token>
  <token id="134" number="133" sentence="4">to</token>
  <token id="135" number="134" sentence="4">Swissair</token>
  <token id="136" number="135" sentence="4">,</token>
  <token id="137" number="136" sentence="4">and</token>
  <token id="138" number="137" sentence="4">repurchased</token>
  <token id="139" number="138" sentence="4">1.1</token>
  <token id="140" number="139" sentence="4">million</token>
  <token id="141" number="140" sentence="4">shares</token>
  <token id="142" number="141" sentence="4">for</token>
  <token id="143" number="142" sentence="4">use</token>
  <token id="144" number="143" sentence="4">in</token>
  <token id="145" number="144" sentence="4">a</token>
  <token id="146" number="145" sentence="4">company</token>
  <token id="147" number="146" sentence="4">employee</token>
  <token id="148" number="147" sentence="4">stock</token>
  <token id="149" number="148" sentence="4">ownership</token>
  <token id="150" number="149" sentence="4">plan</token>
  <token id="151" number="150" sentence="4">.</token>
  <token id="152" number="151" sentence="5">"</token>
  <token id="153" number="152" sentence="5">The</token>
  <token id="154" number="153" sentence="5">key</token>
  <token id="155" number="154" sentence="5">to</token>
  <token id="156" number="155" sentence="5">Delta</token>
  <token id="157" number="156" sentence="5">'s</token>
  <token id="158" number="157" sentence="5">record</token>
  <token id="159" number="158" sentence="5">earnings</token>
  <token id="160" number="159" sentence="5">continued</token>
  <token id="161" number="160" sentence="5">to</token>
  <token id="162" number="161" sentence="5">be</token>
  <token id="163" number="162" sentence="5">excellent</token>
  <token id="164" number="163" sentence="5">passenger</token>
  <token id="165" number="164" sentence="5">revenue</token>
  <token id="166" number="165" sentence="5">growth</token>
  <token id="167" number="166" sentence="5">,</token>
  <token id="168" number="167" sentence="5">"</token>
  <token id="169" number="168" sentence="5">said</token>
  <token id="170" number="169" sentence="5">Thomas</token>
  <token id="171" number="170" sentence="5">Roeck</token>
  <token id="172" number="171" sentence="5">,</token>
  <token id="173" number="172" sentence="5">chief</token>
  <token id="174" number="173" sentence="5">financial</token>
  <token id="175" number="174" sentence="5">officer</token>
  <token id="176" number="175" sentence="5">.</token>
  <token id="177" number="176" sentence="6">Passenger</token>
  <token id="178" number="177" sentence="6">traffic</token>
  <token id="179" number="178" sentence="6">jumped</token>
  <token id="180" number="179" sentence="6">14</token>
  <token id="181" number="180" sentence="6">%</token>
  <token id="182" number="181" sentence="6">in</token>
  <token id="183" number="182" sentence="6">the</token>
  <token id="184" number="183" sentence="6">quarter</token>
  <token id="185" number="184" sentence="6">,</token>
  <token id="186" number="185" sentence="6">while</token>
  <token id="187" number="186" sentence="6">profit</token>
  <token id="188" number="187" sentence="6">per</token>
  <token id="189" number="188" sentence="6">passenger</token>
  <token id="190" number="189" sentence="6">grew</token>
  <token id="191" number="190" sentence="6">2</token>
  <token id="192" number="191" sentence="6">%</token>
  <token id="193" number="192" sentence="6">.</token>
  <token id="194" number="193" sentence="7">Delta</token>
  <token id="195" number="194" sentence="7">has</token>
  <token id="196" number="195" sentence="7">benefited</token>
  <token id="197" number="196" sentence="7">more</token>
  <token id="198" number="197" sentence="7">than</token>
  <token id="199" number="198" sentence="7">other</token>
  <token id="200" number="199" sentence="7">carriers</token>
  <token id="201" number="200" sentence="7">from</token>
  <token id="202" number="201" sentence="7">the</token>
  <token id="203" number="202" sentence="7">weakness</token>
  <token id="204" number="203" sentence="7">of</token>
  <token id="205" number="204" sentence="7">Eastern</token>
  <token id="206" number="205" sentence="7">Airlines</token>
  <token id="207" number="206" sentence="7">,</token>
  <token id="208" number="207" sentence="7">which</token>
  <token id="209" number="208" sentence="7">shares</token>
  <token id="210" number="209" sentence="7">the</token>
  <token id="211" number="210" sentence="7">Atlanta</token>
  <token id="212" number="211" sentence="7">hub</token>
  <token id="213" number="212" sentence="7">.</token>
  <token id="214" number="213" sentence="8">Although</token>
  <token id="215" number="214" sentence="8">Eastern</token>
  <token id="216" number="215" sentence="8">is</token>
  <token id="217" number="216" sentence="8">back</token>
  <token id="218" number="217" sentence="8">to</token>
  <token id="219" number="218" sentence="8">about</token>
  <token id="220" number="219" sentence="8">80</token>
  <token id="221" number="220" sentence="8">%</token>
  <token id="222" number="221" sentence="8">of</token>
  <token id="223" number="222" sentence="8">its</token>
  <token id="224" number="223" sentence="8">pre-strike</token>
  <token id="225" number="224" sentence="8">schedule</token>
  <token id="226" number="225" sentence="8">now</token>
  <token id="227" number="226" sentence="8">,</token>
  <token id="228" number="227" sentence="8">the</token>
  <token id="229" number="228" sentence="8">Texas</token>
  <token id="230" number="229" sentence="8">Air</token>
  <token id="231" number="230" sentence="8">Corp.</token>
  <token id="232" number="231" sentence="8">subsidiary</token>
  <token id="233" number="232" sentence="8">was</token>
  <token id="234" number="233" sentence="8">only</token>
  <token id="235" number="234" sentence="8">beginning</token>
  <token id="236" number="235" sentence="8">to</token>
  <token id="237" number="236" sentence="8">get</token>
  <token id="238" number="237" sentence="8">back</token>
  <token id="239" number="238" sentence="8">on</token>
  <token id="240" number="239" sentence="8">its</token>
  <token id="241" number="240" sentence="8">feet</token>
  <token id="242" number="241" sentence="8">during</token>
  <token id="243" number="242" sentence="8">the</token>
  <token id="244" number="243" sentence="8">quarter</token>
  <token id="245" number="244" sentence="8">.</token>
  <token id="246" number="245" sentence="9">Separately</token>
  <token id="247" number="246" sentence="9">,</token>
  <token id="248" number="247" sentence="9">America</token>
  <token id="249" number="248" sentence="9">West</token>
  <token id="250" number="249" sentence="9">Airlines</token>
  <token id="251" number="250" sentence="9">,</token>
  <token id="252" number="251" sentence="9">Phoenix</token>
  <token id="253" number="252" sentence="9">,</token>
  <token id="254" number="253" sentence="9">Ariz</token>
  <token id="255" number="254" sentence="9">.</token>
  <token id="256" number="255" sentence="9">,</token>
  <token id="257" number="256" sentence="9">reported</token>
  <token id="258" number="257" sentence="9">third-quarter</token>
  <token id="259" number="258" sentence="9">profit</token>
  <token id="260" number="259" sentence="9">jumped</token>
  <token id="261" number="260" sentence="9">45</token>
  <token id="262" number="261" sentence="9">%</token>
  <token id="263" number="262" sentence="9">to</token>
  <token id="264" number="263" sentence="9">$</token>
  <token id="265" number="264" sentence="9">5.8</token>
  <token id="266" number="265" sentence="9">million</token>
  <token id="267" number="266" sentence="9">,</token>
  <token id="268" number="267" sentence="9">or</token>
  <token id="269" number="268" sentence="9">28</token>
  <token id="270" number="269" sentence="9">cents</token>
  <token id="271" number="270" sentence="9">a</token>
  <token id="272" number="271" sentence="9">share</token>
  <token id="273" number="272" sentence="9">,</token>
  <token id="274" number="273" sentence="9">from</token>
  <token id="275" number="274" sentence="9">$</token>
  <token id="276" number="275" sentence="9">4</token>
  <token id="277" number="276" sentence="9">million</token>
  <token id="278" number="277" sentence="9">,</token>
  <token id="279" number="278" sentence="9">or</token>
  <token id="280" number="279" sentence="9">24</token>
  <token id="281" number="280" sentence="9">cents</token>
  <token id="282" number="281" sentence="9">a</token>
  <token id="283" number="282" sentence="9">share</token>
  <token id="284" number="283" sentence="9">,</token>
  <token id="285" number="284" sentence="9">a</token>
  <token id="286" number="285" sentence="9">year</token>
  <token id="287" number="286" sentence="9">earlier</token>
  <token id="288" number="287" sentence="9">.</token>
  <token id="289" number="288" sentence="10">The</token>
  <token id="290" number="289" sentence="10">latest</token>
  <token id="291" number="290" sentence="10">results</token>
  <token id="292" number="291" sentence="10">include</token>
  <token id="293" number="292" sentence="10">a</token>
  <token id="294" number="293" sentence="10">$</token>
  <token id="295" number="294" sentence="10">2.6</token>
  <token id="296" number="295" sentence="10">million</token>
  <token id="297" number="296" sentence="10">one-time</token>
  <token id="298" number="297" sentence="10">payment</token>
  <token id="299" number="298" sentence="10">from</token>
  <token id="300" number="299" sentence="10">a</token>
  <token id="301" number="300" sentence="10">"</token>
  <token id="302" number="301" sentence="10">foreign</token>
  <token id="303" number="302" sentence="10">entity</token>
  <token id="304" number="303" sentence="10">.</token>
  <token id="305" number="304" sentence="10">"</token>
  <token id="306" number="305" sentence="11">America</token>
  <token id="307" number="306" sentence="11">West</token>
  <token id="308" number="307" sentence="11">would</token>
  <token id="309" number="308" sentence="11">n't</token>
  <token id="310" number="309" sentence="11">identify</token>
  <token id="311" number="310" sentence="11">the</token>
  <token id="312" number="311" sentence="11">entity</token>
  <token id="313" number="312" sentence="11">,</token>
  <token id="314" number="313" sentence="11">but</token>
  <token id="315" number="314" sentence="11">said</token>
  <token id="316" number="315" sentence="11">the</token>
  <token id="317" number="316" sentence="11">payment</token>
  <token id="318" number="317" sentence="11">was</token>
  <token id="319" number="318" sentence="11">for</token>
  <token id="320" number="319" sentence="11">the</token>
  <token id="321" number="320" sentence="11">foreign</token>
  <token id="322" number="321" sentence="11">company</token>
  <token id="323" number="322" sentence="11">'s</token>
  <token id="324" number="323" sentence="11">use</token>
  <token id="325" number="324" sentence="11">of</token>
  <token id="326" number="325" sentence="11">certain</token>
  <token id="327" number="326" sentence="11">tax</token>
  <token id="328" number="327" sentence="11">benefits</token>
  <token id="329" number="328" sentence="11">in</token>
  <token id="330" number="329" sentence="11">connection</token>
  <token id="331" number="330" sentence="11">with</token>
  <token id="332" number="331" sentence="11">America</token>
  <token id="333" number="332" sentence="11">West</token>
  <token id="334" number="333" sentence="11">plane</token>
  <token id="335" number="334" sentence="11">purchases</token>
  <token id="336" number="335" sentence="11">.</token>
  <token id="337" number="336" sentence="12">Year-earlier</token>
  <token id="338" number="337" sentence="12">results</token>
  <token id="339" number="338" sentence="12">included</token>
  <token id="340" number="339" sentence="12">an</token>
  <token id="341" number="340" sentence="12">extraordinary</token>
  <token id="342" number="341" sentence="12">gain</token>
  <token id="343" number="342" sentence="12">of</token>
  <token id="344" number="343" sentence="12">$</token>
  <token id="345" number="344" sentence="12">1.6</token>
  <token id="346" number="345" sentence="12">million</token>
  <token id="347" number="346" sentence="12">from</token>
  <token id="348" number="347" sentence="12">a</token>
  <token id="349" number="348" sentence="12">buy-back</token>
  <token id="350" number="349" sentence="12">of</token>
  <token id="351" number="350" sentence="12">convertible</token>
  <token id="352" number="351" sentence="12">subordinated</token>
  <token id="353" number="352" sentence="12">debentures</token>
  <token id="354" number="353" sentence="12">.</token>
  <token id="355" number="354" sentence="13">Revenue</token>
  <token id="356" number="355" sentence="13">rose</token>
  <token id="357" number="356" sentence="13">21</token>
  <token id="358" number="357" sentence="13">%</token>
  <token id="359" number="358" sentence="13">to</token>
  <token id="360" number="359" sentence="13">$</token>
  <token id="361" number="360" sentence="13">243.4</token>
  <token id="362" number="361" sentence="13">million</token>
  <token id="363" number="362" sentence="13">from</token>
  <token id="364" number="363" sentence="13">$</token>
  <token id="365" number="364" sentence="13">201.2</token>
  <token id="366" number="365" sentence="13">million</token>
  <token id="367" number="366" sentence="13">.</token>
  <token id="368" number="367" sentence="14">For</token>
  <token id="369" number="368" sentence="14">the</token>
  <token id="370" number="369" sentence="14">nine</token>
  <token id="371" number="370" sentence="14">months</token>
  <token id="372" number="371" sentence="14">,</token>
  <token id="373" number="372" sentence="14">America</token>
  <token id="374" number="373" sentence="14">West</token>
  <token id="375" number="374" sentence="14">posted</token>
  <token id="376" number="375" sentence="14">earnings</token>
  <token id="377" number="376" sentence="14">of</token>
  <token id="378" number="377" sentence="14">$</token>
  <token id="379" number="378" sentence="14">18.9</token>
  <token id="380" number="379" sentence="14">million</token>
  <token id="381" number="380" sentence="14">,</token>
  <token id="382" number="381" sentence="14">or</token>
  <token id="383" number="382" sentence="14">97</token>
  <token id="384" number="383" sentence="14">cents</token>
  <token id="385" number="384" sentence="14">a</token>
  <token id="386" number="385" sentence="14">share</token>
  <token id="387" number="386" sentence="14">,</token>
  <token id="388" number="387" sentence="14">compared</token>
  <token id="389" number="388" sentence="14">with</token>
  <token id="390" number="389" sentence="14">a</token>
  <token id="391" number="390" sentence="14">loss</token>
  <token id="392" number="391" sentence="14">of</token>
  <token id="393" number="392" sentence="14">$</token>
  <token id="394" number="393" sentence="14">9.7</token>
  <token id="395" number="394" sentence="14">million</token>
  <token id="396" number="395" sentence="14">,</token>
  <token id="397" number="396" sentence="14">or</token>
  <token id="398" number="397" sentence="14">74</token>
  <token id="399" number="398" sentence="14">cents</token>
  <token id="400" number="399" sentence="14">a</token>
  <token id="401" number="400" sentence="14">share</token>
  <token id="402" number="401" sentence="14">,</token>
  <token id="403" number="402" sentence="14">a</token>
  <token id="404" number="403" sentence="14">year</token>
  <token id="405" number="404" sentence="14">earlier</token>
  <token id="406" number="405" sentence="14">.</token>
  <token id="407" number="406" sentence="15">Revenue</token>
  <token id="408" number="407" sentence="15">rose</token>
  <token id="409" number="408" sentence="15">27</token>
  <token id="410" number="409" sentence="15">%</token>
  <token id="411" number="410" sentence="15">to</token>
  <token id="412" number="411" sentence="15">$</token>
  <token id="413" number="412" sentence="15">715.1</token>
  <token id="414" number="413" sentence="15">million</token>
  <token id="415" number="414" sentence="15">from</token>
  <token id="416" number="415" sentence="15">$</token>
  <token id="417" number="416" sentence="15">563.8</token>
  <token id="418" number="417" sentence="15">million</token>
  <token id="419" number="418" sentence="15">.</token>
</Document>
