<Document doc_name="wsj_0806">
  <Markables>
    <TIMEX3 RELATED_TO="" TAG_DESCRIPTOR="Empty_Mark" beginPoint="" comment="" endPoint="" freq="" functionInDocument="CREATION_TIME" id="0" quant="" type="DATE" value="1989-10-27" />
    <EVENT aspect="NONE" certainty="" class="REPORTING" comment="" factuality="" id="1" modality="NONE" polarity="POS" pos="VERB" tense="PAST">
      <token_anchor id="5" />
    </EVENT>
    <EVENT aspect="NONE" certainty="" class="OCCURRENCE" comment="" factuality="" id="2" modality="NONE" polarity="POS" pos="VERB" tense="PAST">
      <token_anchor id="13" />
    </EVENT>
    <EVENT aspect="NONE" certainty="" class="OCCURRENCE" comment="" factuality="" id="3" modality="NONE" polarity="POS" pos="NOUN" tense="NONE">
      <token_anchor id="23" />
    </EVENT>
    <EVENT aspect="NONE" certainty="" class="REPORTING" comment="" factuality="" id="4" modality="NONE" polarity="POS" pos="VERB" tense="PAST">
      <token_anchor id="37" />
    </EVENT>
    <EVENT aspect="NONE" certainty="" class="OCCURRENCE" comment="" factuality="" id="5" modality="NONE" polarity="POS" pos="VERB" tense="FUTURE">
      <token_anchor id="40" />
    </EVENT>
    <EVENT aspect="NONE" certainty="" class="OCCURRENCE" comment="" factuality="" id="6" modality="NONE" polarity="POS" pos="VERB" tense="FUTURE">
      <token_anchor id="53" />
    </EVENT>
    <EVENT aspect="NONE" certainty="" class="I_STATE" comment="" factuality="" id="7" modality="NONE" polarity="POS" pos="VERB" tense="PRESENT">
      <token_anchor id="61" />
    </EVENT>
    <EVENT aspect="NONE" certainty="" class="REPORTING" comment="" factuality="" id="8" modality="NONE" polarity="POS" pos="VERB" tense="PAST">
      <token_anchor id="77" />
    </EVENT>
    <EVENT aspect="NONE" certainty="" class="I_STATE" comment="" factuality="" id="9" modality="NONE" polarity="POS" pos="VERB" tense="PRESENT">
      <token_anchor id="79" />
    </EVENT>
    <EVENT aspect="NONE" certainty="" class="OCCURRENCE" comment="" factuality="" id="10" modality="NONE" polarity="POS" pos="VERB" tense="INFINITIVE">
      <token_anchor id="81" />
    </EVENT>
    <EVENT aspect="NONE" certainty="" class="OCCURRENCE" comment="" factuality="" id="11" modality="NONE" polarity="POS" pos="VERB" tense="INFINITIVE">
      <token_anchor id="85" />
    </EVENT>
    <EVENT aspect="NONE" certainty="" class="OCCURRENCE" comment="" factuality="" id="12" modality="NONE" polarity="POS" pos="NOUN" tense="NONE">
      <token_anchor id="96" />
    </EVENT>
    <EVENT aspect="NONE" certainty="" class="OCCURRENCE" comment="" factuality="" id="13" modality="NONE" polarity="POS" pos="NOUN" tense="NONE">
      <token_anchor id="102" />
    </EVENT>
    <TIMEX3 anchorTimeID="0" beginPoint="" comment="" endPoint="" freq="" functionInDocument="NONE" id="14" quant="" type="DATE" value="PRESENT_REF">
      <token_anchor id="106" />
    </TIMEX3>
    <EVENT aspect="NONE" certainty="" class="STATE" comment="" factuality="" id="15" modality="NONE" polarity="POS" pos="VERB" tense="PRESENT">
      <token_anchor id="107" />
    </EVENT>
    <EVENT aspect="NONE" certainty="" class="STATE" comment="" factuality="" id="16" modality="NONE" polarity="POS" pos="VERB" tense="FUTURE">
      <token_anchor id="115" />
    </EVENT>
    <EVENT aspect="NONE" certainty="" class="STATE" comment="" factuality="" id="17" modality="NONE" polarity="POS" pos="NOUN" tense="NONE">
      <token_anchor id="126" />
    </EVENT>
  </Markables>
  <Relations>
    <TLINK comment="" id="1" relType="BEFORE">
      <source id="1" />
      <target id="0" />
    </TLINK>
    <TLINK comment="" id="2" relType="BEGINS">
      <source id="2" />
      <target id="3" />
    </TLINK>
    <TLINK comment="" id="3" relType="IDENTITY">
      <source id="4" />
      <target id="1" />
    </TLINK>
    <TLINK comment="" id="4" relType="SIMULTANEOUS">
      <source id="5" />
      <target id="6" />
    </TLINK>
    <TLINK comment="" id="5" relType="INCLUDES">
      <source id="7" />
      <target id="0" />
    </TLINK>
    <TLINK comment="" id="6" relType="IDENTITY">
      <source id="8" />
      <target id="1" />
    </TLINK>
    <TLINK comment="" id="7" relType="IS_INCLUDED">
      <source id="15" />
      <target id="14" />
    </TLINK>
    <TLINK comment="" id="8" relType="AFTER">
      <source id="16" />
      <target id="15" />
    </TLINK>
    <TLINK comment="" id="9" relType="SIMULTANEOUS">
      <source id="17" />
      <target id="16" />
    </TLINK>
  </Relations>
  <token id="1" number="0" sentence="0">HEALTHDYNE</token>
  <token id="2" number="1" sentence="0">Inc.,</token>
  <token id="3" number="2" sentence="0">Atlanta</token>
  <token id="4" number="3" sentence="0">,</token>
  <token id="5" number="4" sentence="0">said</token>
  <token id="6" number="5" sentence="0">its</token>
  <token id="7" number="6" sentence="0">subsidiary</token>
  <token id="8" number="7" sentence="0">,</token>
  <token id="9" number="8" sentence="0">Home</token>
  <token id="10" number="9" sentence="0">Nutritional</token>
  <token id="11" number="10" sentence="0">Services</token>
  <token id="12" number="11" sentence="0">Inc.,</token>
  <token id="13" number="12" sentence="0">registered</token>
  <token id="14" number="13" sentence="0">with</token>
  <token id="15" number="14" sentence="0">the</token>
  <token id="16" number="15" sentence="0">Securities</token>
  <token id="17" number="16" sentence="0">and</token>
  <token id="18" number="17" sentence="0">Exchange</token>
  <token id="19" number="18" sentence="0">Commission</token>
  <token id="20" number="19" sentence="0">an</token>
  <token id="21" number="20" sentence="0">initial</token>
  <token id="22" number="21" sentence="0">public</token>
  <token id="23" number="22" sentence="0">offering</token>
  <token id="24" number="23" sentence="0">of</token>
  <token id="25" number="24" sentence="0">four</token>
  <token id="26" number="25" sentence="0">million</token>
  <token id="27" number="26" sentence="0">shares</token>
  <token id="28" number="27" sentence="0">of</token>
  <token id="29" number="28" sentence="0">common</token>
  <token id="30" number="29" sentence="0">.</token>
  <token id="31" number="30" sentence="1">The</token>
  <token id="32" number="31" sentence="1">in-home</token>
  <token id="33" number="32" sentence="1">health</token>
  <token id="34" number="33" sentence="1">care</token>
  <token id="35" number="34" sentence="1">services</token>
  <token id="36" number="35" sentence="1">provider</token>
  <token id="37" number="36" sentence="1">said</token>
  <token id="38" number="37" sentence="1">it</token>
  <token id="39" number="38" sentence="1">will</token>
  <token id="40" number="39" sentence="1">sell</token>
  <token id="41" number="40" sentence="1">1.8</token>
  <token id="42" number="41" sentence="1">million</token>
  <token id="43" number="42" sentence="1">of</token>
  <token id="44" number="43" sentence="1">the</token>
  <token id="45" number="44" sentence="1">new</token>
  <token id="46" number="45" sentence="1">shares</token>
  <token id="47" number="46" sentence="1">,</token>
  <token id="48" number="47" sentence="1">while</token>
  <token id="49" number="48" sentence="1">Home</token>
  <token id="50" number="49" sentence="1">Nutritional</token>
  <token id="51" number="50" sentence="1">Services</token>
  <token id="52" number="51" sentence="1">will</token>
  <token id="53" number="52" sentence="1">sell</token>
  <token id="54" number="53" sentence="1">the</token>
  <token id="55" number="54" sentence="1">remaining</token>
  <token id="56" number="55" sentence="1">2.2</token>
  <token id="57" number="56" sentence="1">million</token>
  <token id="58" number="57" sentence="1">.</token>
  <token id="59" number="58" sentence="2">The</token>
  <token id="60" number="59" sentence="2">company</token>
  <token id="61" number="60" sentence="2">estimates</token>
  <token id="62" number="61" sentence="2">the</token>
  <token id="63" number="62" sentence="2">offering</token>
  <token id="64" number="63" sentence="2">price</token>
  <token id="65" number="64" sentence="2">at</token>
  <token id="66" number="65" sentence="2">between</token>
  <token id="67" number="66" sentence="2">$</token>
  <token id="68" number="67" sentence="2">14</token>
  <token id="69" number="68" sentence="2">and</token>
  <token id="70" number="69" sentence="2">$</token>
  <token id="71" number="70" sentence="2">16</token>
  <token id="72" number="71" sentence="2">a</token>
  <token id="73" number="72" sentence="2">share</token>
  <token id="74" number="73" sentence="2">.</token>
  <token id="75" number="74" sentence="3">The</token>
  <token id="76" number="75" sentence="3">company</token>
  <token id="77" number="76" sentence="3">said</token>
  <token id="78" number="77" sentence="3">it</token>
  <token id="79" number="78" sentence="3">expects</token>
  <token id="80" number="79" sentence="3">to</token>
  <token id="81" number="80" sentence="3">use</token>
  <token id="82" number="81" sentence="3">the</token>
  <token id="83" number="82" sentence="3">proceeds</token>
  <token id="84" number="83" sentence="3">to</token>
  <token id="85" number="84" sentence="3">repay</token>
  <token id="86" number="85" sentence="3">certain</token>
  <token id="87" number="86" sentence="3">bank</token>
  <token id="88" number="87" sentence="3">debt</token>
  <token id="89" number="88" sentence="3">and</token>
  <token id="90" number="89" sentence="3">for</token>
  <token id="91" number="90" sentence="3">general</token>
  <token id="92" number="91" sentence="3">corporate</token>
  <token id="93" number="92" sentence="3">purposes</token>
  <token id="94" number="93" sentence="3">,</token>
  <token id="95" number="94" sentence="3">including</token>
  <token id="96" number="95" sentence="3">establishing</token>
  <token id="97" number="96" sentence="3">new</token>
  <token id="98" number="97" sentence="3">operating</token>
  <token id="99" number="98" sentence="3">centers</token>
  <token id="100" number="99" sentence="3">and</token>
  <token id="101" number="100" sentence="3">possible</token>
  <token id="102" number="101" sentence="3">acquisitions</token>
  <token id="103" number="102" sentence="3">.</token>
  <token id="104" number="103" sentence="4">Home</token>
  <token id="105" number="104" sentence="4">Nutritional</token>
  <token id="106" number="105" sentence="4">currently</token>
  <token id="107" number="106" sentence="4">has</token>
  <token id="108" number="107" sentence="4">10</token>
  <token id="109" number="108" sentence="4">million</token>
  <token id="110" number="109" sentence="4">shares</token>
  <token id="111" number="110" sentence="4">outstanding</token>
  <token id="112" number="111" sentence="4">.</token>
  <token id="113" number="112" sentence="5">It</token>
  <token id="114" number="113" sentence="5">will</token>
  <token id="115" number="114" sentence="5">have</token>
  <token id="116" number="115" sentence="5">11.8</token>
  <token id="117" number="116" sentence="5">million</token>
  <token id="118" number="117" sentence="5">shares</token>
  <token id="119" number="118" sentence="5">outstanding</token>
  <token id="120" number="119" sentence="5">after</token>
  <token id="121" number="120" sentence="5">the</token>
  <token id="122" number="121" sentence="5">offering</token>
  <token id="123" number="122" sentence="5">,</token>
  <token id="124" number="123" sentence="5">with</token>
  <token id="125" number="124" sentence="5">Healthdyne</token>
  <token id="126" number="125" sentence="5">owning</token>
  <token id="127" number="126" sentence="5">about</token>
  <token id="128" number="127" sentence="5">65</token>
  <token id="129" number="128" sentence="5">%</token>
  <token id="130" number="129" sentence="5">of</token>
  <token id="131" number="130" sentence="5">the</token>
  <token id="132" number="131" sentence="5">total</token>
  <token id="133" number="132" sentence="5">.</token>
</Document>
