<Document doc_name="wsj_0505">
  <Markables>
    <TIMEX3 RELATED_TO="" TAG_DESCRIPTOR="Empty_Mark" beginPoint="" comment="" endPoint="" freq="" functionInDocument="CREATION_TIME" id="0" quant="" type="DATE" value="1989-10-31" />
    <EVENT aspect="PERFECTIVE" certainty="" class="I_ACTION" comment="" factuality="" id="1" modality="NONE" polarity="POS" pos="VERB" tense="PRESENT">
      <token_anchor id="8" />
    </EVENT>
    <EVENT aspect="NONE" certainty="" class="OCCURRENCE" comment="" factuality="" id="2" modality="NONE" polarity="POS" pos="VERB" tense="INFINITIVE">
      <token_anchor id="10" />
    </EVENT>
    <EVENT aspect="NONE" certainty="" class="OCCURRENCE" comment="" factuality="" id="3" modality="NONE" polarity="POS" pos="VERB" tense="PAST">
      <token_anchor id="31" />
    </EVENT>
    <EVENT aspect="NONE" certainty="" class="OCCURRENCE" comment="" factuality="" id="4" modality="NONE" polarity="POS" pos="NOUN" tense="NONE">
      <token_anchor id="34" />
    </EVENT>
    <TIMEX3 anchorTimeID="0" beginPoint="" comment="" endPoint="" freq="" functionInDocument="NONE" id="5" quant="" type="DATE" value="1989-10-30">
      <token_anchor id="35" />
    </TIMEX3>
    <EVENT aspect="NONE" certainty="" class="OCCURRENCE" comment="" factuality="" id="6" modality="NONE" polarity="POS" pos="VERB" tense="INFINITIVE">
      <token_anchor id="42" />
    </EVENT>
    <EVENT aspect="NONE" certainty="" class="OCCURRENCE" comment="" factuality="" id="7" modality="NONE" polarity="POS" pos="NOUN" tense="NONE">
      <token_anchor id="49" />
    </EVENT>
    <EVENT aspect="NONE" certainty="" class="REPORTING" comment="" factuality="" id="8" modality="NONE" polarity="POS" pos="VERB" tense="PAST">
      <token_anchor id="55" />
    </EVENT>
    <EVENT aspect="NONE" certainty="" class="ASPECTUAL" comment="" factuality="" id="9" modality="NONE" polarity="POS" pos="VERB" tense="PAST">
      <token_anchor id="57" />
    </EVENT>
    <EVENT aspect="NONE" certainty="" class="I_STATE" comment="" factuality="" id="10" modality="NONE" polarity="POS" pos="NOUN" tense="NONE">
      <token_anchor id="59" />
    </EVENT>
    <EVENT aspect="NONE" certainty="" class="OCCURRENCE" comment="" factuality="" id="11" modality="NONE" polarity="POS" pos="NOUN" tense="NONE">
      <token_anchor id="64" />
    </EVENT>
    <EVENT aspect="NONE" certainty="" class="REPORTING" comment="" factuality="" id="12" modality="NONE" polarity="POS" pos="VERB" tense="PAST">
      <token_anchor id="73" />
    </EVENT>
    <EVENT aspect="NONE" certainty="" class="OCCURRENCE" comment="" factuality="" id="13" modality="NONE" polarity="POS" pos="NOUN" tense="NONE">
      <token_anchor id="75" />
    </EVENT>
    <EVENT aspect="NONE" certainty="" class="I_STATE" comment="" factuality="" id="14" modality="NONE" polarity="POS" pos="ADJECTIVE" tense="PRESENT">
      <token_anchor id="77" />
    </EVENT>
    <EVENT aspect="NONE" certainty="" class="I_STATE" comment="" factuality="" id="15" modality="NONE" polarity="POS" pos="NOUN" tense="NONE">
      <token_anchor id="81" />
    </EVENT>
    <EVENT aspect="NONE" certainty="" class="REPORTING" comment="" factuality="" id="16" modality="NONE" polarity="POS" pos="VERB" tense="PAST">
      <token_anchor id="84" />
    </EVENT>
    <EVENT aspect="NONE" certainty="" class="I_STATE" comment="" factuality="" id="17" modality="NONE" polarity="POS" pos="VERB" tense="PRESENT">
      <token_anchor id="86" />
    </EVENT>
    <EVENT aspect="NONE" certainty="" class="OCCURRENCE" comment="" factuality="" id="18" modality="NONE" polarity="POS" pos="NOUN" tense="NONE">
      <token_anchor id="88" />
    </EVENT>
    <EVENT aspect="NONE" certainty="" class="ASPECTUAL" comment="" factuality="" id="19" modality="NONE" polarity="POS" pos="VERB" tense="INFINITIVE">
      <token_anchor id="91" />
    </EVENT>
    <TIMEX3 anchorTimeID="0" beginPoint="" comment="" endPoint="" freq="" functionInDocument="NONE" id="20" quant="" type="DATE" value="1989-12-15">
      <token_anchor id="93" />
      <token_anchor id="94" />
      <token_anchor id="95" />
    </TIMEX3>
    <TIMEX3 beginPoint="" comment="" endPoint="" freq="" functionInDocument="NONE" id="21" quant="" type="DURATION" value="P1Y">
      <token_anchor id="118" />
      <token_anchor id="119" />
      <token_anchor id="120" />
    </TIMEX3>
    <TIMEX3 anchorTimeID="0" beginPoint="" comment="" endPoint="" freq="" functionInDocument="NONE" id="22" quant="" type="DATE" value="1989-01-31">
      <token_anchor id="122" />
      <token_anchor id="123" />
      <token_anchor id="124" />
    </TIMEX3>
    <EVENT aspect="NONE" certainty="" class="REPORTING" comment="" factuality="" id="23" modality="NONE" polarity="POS" pos="VERB" tense="PAST">
      <token_anchor id="128" />
    </EVENT>
    <EVENT aspect="NONE" certainty="" class="OCCURRENCE" comment="" factuality="" id="24" modality="NONE" polarity="POS" pos="NOUN" tense="NONE">
      <token_anchor id="129" />
    </EVENT>
    <EVENT aspect="NONE" certainty="" class="STATE" comment="" factuality="" id="25" modality="NONE" polarity="POS" pos="NOUN" tense="NONE">
      <token_anchor id="136" />
    </EVENT>
    <EVENT aspect="NONE" certainty="" class="OCCURRENCE" comment="" factuality="" id="26" modality="would" polarity="POS" pos="VERB" tense="NONE">
      <token_anchor id="155" />
    </EVENT>
    <EVENT aspect="PERFECTIVE" certainty="" class="REPORTING" comment="" factuality="" id="27" modality="NONE" polarity="POS" pos="VERB" tense="PRESENT">
      <token_anchor id="171" />
    </EVENT>
    <EVENT aspect="NONE" certainty="" class="I_STATE" comment="" factuality="" id="28" modality="NONE" polarity="POS" pos="VERB" tense="PRESENT">
      <token_anchor id="173" />
    </EVENT>
    <EVENT aspect="NONE" certainty="" class="I_STATE" comment="" factuality="" id="29" modality="NONE" polarity="POS" pos="VERB" tense="INFINITIVE">
      <token_anchor id="175" />
    </EVENT>
    <TIMEX3 beginPoint="" comment="" endPoint="" freq="" functionInDocument="NONE" id="30" quant="" type="DATE" value="1992">
      <token_anchor id="185" />
    </TIMEX3>
    <TIMEX3 anchorTimeID="0" beginPoint="" comment="" endPoint="" freq="" functionInDocument="NONE" id="31" quant="" type="DATE" value="PRESENT_REF">
      <token_anchor id="187" />
    </TIMEX3>
    <EVENT aspect="NONE" certainty="" class="I_STATE" comment="" factuality="" id="32" modality="NONE" polarity="POS" pos="VERB" tense="PRESENT">
      <token_anchor id="189" />
    </EVENT>
  </Markables>
  <Relations>
    <TLINK comment="" id="1" relType="BEFORE">
      <source id="1" />
      <target id="0" />
    </TLINK>
    <TLINK comment="" id="2" relType="AFTER">
      <source id="3" />
      <target id="4" />
    </TLINK>
    <TLINK comment="" id="3" relType="ENDED_BY">
      <source id="3" />
      <target id="6" />
    </TLINK>
    <TLINK comment="" id="4" relType="IS_INCLUDED">
      <source id="4" />
      <target id="5" />
    </TLINK>
    <TLINK comment="" id="5" relType="INCLUDES">
      <source id="7" />
      <target id="3" />
    </TLINK>
    <TLINK comment="" id="6" relType="ENDED_BY">
      <source id="7" />
      <target id="6" />
    </TLINK>
    <TLINK comment="" id="7" relType="BEFORE">
      <source id="8" />
      <target id="0" />
    </TLINK>
    <TLINK comment="" id="8" relType="BEFORE">
      <source id="10" />
      <target id="15" />
    </TLINK>
    <TLINK comment="" id="9" relType="IDENTITY">
      <source id="12" />
      <target id="8" />
    </TLINK>
    <TLINK comment="" id="10" relType="IDENTITY">
      <source id="13" />
      <target id="11" />
    </TLINK>
    <TLINK comment="" id="11" relType="BEFORE">
      <source id="15" />
      <target id="13" />
    </TLINK>
    <TLINK comment="" id="12" relType="IDENTITY">
      <source id="16" />
      <target id="12" />
    </TLINK>
    <TLINK comment="" id="13" relType="IDENTITY">
      <source id="18" />
      <target id="13" />
    </TLINK>
    <TLINK comment="" id="14" relType="ENDED_BY">
      <source id="19" />
      <target id="20" />
    </TLINK>
    <TLINK comment="" id="15" relType="BEFORE">
      <source id="23" />
      <target id="0" />
    </TLINK>
    <TLINK comment="" id="16" relType="AFTER">
      <source id="23" />
      <target id="22" />
    </TLINK>
    <TLINK comment="" id="17" relType="DURING">
      <source id="24" />
      <target id="21" />
    </TLINK>
    <TLINK comment="" id="18" relType="ENDED_BY">
      <source id="24" />
      <target id="22" />
    </TLINK>
    <TLINK comment="" id="19" relType="DURING">
      <source id="25" />
      <target id="21" />
    </TLINK>
    <TLINK comment="" id="20" relType="ENDED_BY">
      <source id="25" />
      <target id="22" />
    </TLINK>
    <TLINK comment="" id="21" relType="BEFORE">
      <source id="27" />
      <target id="0" />
    </TLINK>
    <TLINK comment="" id="22" relType="IS_INCLUDED">
      <source id="29" />
      <target id="30" />
    </TLINK>
    <TLINK comment="" id="23" relType="INCLUDES">
      <source id="31" />
      <target id="32" />
    </TLINK>
  </Relations>
  <token id="1" number="0" sentence="0">Ratners</token>
  <token id="2" number="1" sentence="0">Group</token>
  <token id="3" number="2" sentence="0">PLC</token>
  <token id="4" number="3" sentence="0">'s</token>
  <token id="5" number="4" sentence="0">U.S.</token>
  <token id="6" number="5" sentence="0">subsidiary</token>
  <token id="7" number="6" sentence="0">has</token>
  <token id="8" number="7" sentence="0">agreed</token>
  <token id="9" number="8" sentence="0">to</token>
  <token id="10" number="9" sentence="0">acquire</token>
  <token id="11" number="10" sentence="0">jewelry</token>
  <token id="12" number="11" sentence="0">retailer</token>
  <token id="13" number="12" sentence="0">Weisfield</token>
  <token id="14" number="13" sentence="0">'s</token>
  <token id="15" number="14" sentence="0">Inc.</token>
  <token id="16" number="15" sentence="0">for</token>
  <token id="17" number="16" sentence="0">$</token>
  <token id="18" number="17" sentence="0">50</token>
  <token id="19" number="18" sentence="0">a</token>
  <token id="20" number="19" sentence="0">share</token>
  <token id="21" number="20" sentence="0">,</token>
  <token id="22" number="21" sentence="0">or</token>
  <token id="23" number="22" sentence="0">about</token>
  <token id="24" number="23" sentence="0">$</token>
  <token id="25" number="24" sentence="0">55</token>
  <token id="26" number="25" sentence="0">million</token>
  <token id="27" number="26" sentence="0">.</token>
  <token id="28" number="27" sentence="1">Weisfield</token>
  <token id="29" number="28" sentence="1">'s</token>
  <token id="30" number="29" sentence="1">shares</token>
  <token id="31" number="30" sentence="1">soared</token>
  <token id="32" number="31" sentence="1">on</token>
  <token id="33" number="32" sentence="1">the</token>
  <token id="34" number="33" sentence="1">announcement</token>
  <token id="35" number="34" sentence="1">yesterday</token>
  <token id="36" number="35" sentence="1">,</token>
  <token id="37" number="36" sentence="1">closing</token>
  <token id="38" number="37" sentence="1">up</token>
  <token id="39" number="38" sentence="1">$</token>
  <token id="40" number="39" sentence="1">11</token>
  <token id="41" number="40" sentence="1">to</token>
  <token id="42" number="41" sentence="1">close</token>
  <token id="43" number="42" sentence="1">at</token>
  <token id="44" number="43" sentence="1">$</token>
  <token id="45" number="44" sentence="1">50</token>
  <token id="46" number="45" sentence="1">in</token>
  <token id="47" number="46" sentence="1">national</token>
  <token id="48" number="47" sentence="1">over-the-counter</token>
  <token id="49" number="48" sentence="1">trading</token>
  <token id="50" number="49" sentence="1">.</token>
  <token id="51" number="50" sentence="2">Ratners</token>
  <token id="52" number="51" sentence="2">and</token>
  <token id="53" number="52" sentence="2">Weisfield</token>
  <token id="54" number="53" sentence="2">'s</token>
  <token id="55" number="54" sentence="2">said</token>
  <token id="56" number="55" sentence="2">they</token>
  <token id="57" number="56" sentence="2">reached</token>
  <token id="58" number="57" sentence="2">an</token>
  <token id="59" number="58" sentence="2">agreement</token>
  <token id="60" number="59" sentence="2">in</token>
  <token id="61" number="60" sentence="2">principle</token>
  <token id="62" number="61" sentence="2">for</token>
  <token id="63" number="62" sentence="2">the</token>
  <token id="64" number="63" sentence="2">acquisition</token>
  <token id="65" number="64" sentence="2">of</token>
  <token id="66" number="65" sentence="2">Weisfield</token>
  <token id="67" number="66" sentence="2">'s</token>
  <token id="68" number="67" sentence="2">by</token>
  <token id="69" number="68" sentence="2">Sterling</token>
  <token id="70" number="69" sentence="2">Inc.</token>
  <token id="71" number="70" sentence="3">The</token>
  <token id="72" number="71" sentence="3">companies</token>
  <token id="73" number="72" sentence="3">said</token>
  <token id="74" number="73" sentence="3">the</token>
  <token id="75" number="74" sentence="3">acquisition</token>
  <token id="76" number="75" sentence="3">is</token>
  <token id="77" number="76" sentence="3">subject</token>
  <token id="78" number="77" sentence="3">to</token>
  <token id="79" number="78" sentence="3">a</token>
  <token id="80" number="79" sentence="3">definitive</token>
  <token id="81" number="80" sentence="3">agreement</token>
  <token id="82" number="81" sentence="3">.</token>
  <token id="83" number="82" sentence="4">They</token>
  <token id="84" number="83" sentence="4">said</token>
  <token id="85" number="84" sentence="4">they</token>
  <token id="86" number="85" sentence="4">expect</token>
  <token id="87" number="86" sentence="4">the</token>
  <token id="88" number="87" sentence="4">transaction</token>
  <token id="89" number="88" sentence="4">to</token>
  <token id="90" number="89" sentence="4">be</token>
  <token id="91" number="90" sentence="4">completed</token>
  <token id="92" number="91" sentence="4">by</token>
  <token id="93" number="92" sentence="4">Dec</token>
  <token id="94" number="93" sentence="4">.</token>
  <token id="95" number="94" sentence="4">15</token>
  <token id="96" number="95" sentence="4">.</token>
  <token id="97" number="96" sentence="5">Weisfield</token>
  <token id="98" number="97" sentence="5">'s</token>
  <token id="99" number="98" sentence="5">,</token>
  <token id="100" number="99" sentence="5">based</token>
  <token id="101" number="100" sentence="5">in</token>
  <token id="102" number="101" sentence="5">Seattle</token>
  <token id="103" number="102" sentence="5">,</token>
  <token id="104" number="103" sentence="5">Wash</token>
  <token id="105" number="104" sentence="5">.</token>
  <token id="106" number="105" sentence="5">,</token>
  <token id="107" number="106" sentence="5">currently</token>
  <token id="108" number="107" sentence="5">operates</token>
  <token id="109" number="108" sentence="5">87</token>
  <token id="110" number="109" sentence="5">specialty</token>
  <token id="111" number="110" sentence="5">jewelry</token>
  <token id="112" number="111" sentence="5">stores</token>
  <token id="113" number="112" sentence="5">in</token>
  <token id="114" number="113" sentence="5">nine</token>
  <token id="115" number="114" sentence="5">states</token>
  <token id="116" number="115" sentence="5">.</token>
  <token id="117" number="116" sentence="6">In</token>
  <token id="118" number="117" sentence="6">the</token>
  <token id="119" number="118" sentence="6">fiscal</token>
  <token id="120" number="119" sentence="6">year</token>
  <token id="121" number="120" sentence="6">ended</token>
  <token id="122" number="121" sentence="6">Jan</token>
  <token id="123" number="122" sentence="6">.</token>
  <token id="124" number="123" sentence="6">31</token>
  <token id="125" number="124" sentence="6">,</token>
  <token id="126" number="125" sentence="6">the</token>
  <token id="127" number="126" sentence="6">company</token>
  <token id="128" number="127" sentence="6">reported</token>
  <token id="129" number="128" sentence="6">sales</token>
  <token id="130" number="129" sentence="6">of</token>
  <token id="131" number="130" sentence="6">$</token>
  <token id="132" number="131" sentence="6">59.5</token>
  <token id="133" number="132" sentence="6">million</token>
  <token id="134" number="133" sentence="6">and</token>
  <token id="135" number="134" sentence="6">pretax</token>
  <token id="136" number="135" sentence="6">profit</token>
  <token id="137" number="136" sentence="6">of</token>
  <token id="138" number="137" sentence="6">$</token>
  <token id="139" number="138" sentence="6">2.9</token>
  <token id="140" number="139" sentence="6">million</token>
  <token id="141" number="140" sentence="6">.</token>
  <token id="142" number="141" sentence="7">Ratners</token>
  <token id="143" number="142" sentence="7">,</token>
  <token id="144" number="143" sentence="7">which</token>
  <token id="145" number="144" sentence="7">controls</token>
  <token id="146" number="145" sentence="7">25</token>
  <token id="147" number="146" sentence="7">%</token>
  <token id="148" number="147" sentence="7">of</token>
  <token id="149" number="148" sentence="7">the</token>
  <token id="150" number="149" sentence="7">British</token>
  <token id="151" number="150" sentence="7">jewelry</token>
  <token id="152" number="151" sentence="7">market</token>
  <token id="153" number="152" sentence="7">,</token>
  <token id="154" number="153" sentence="7">would</token>
  <token id="155" number="154" sentence="7">increase</token>
  <token id="156" number="155" sentence="7">the</token>
  <token id="157" number="156" sentence="7">number</token>
  <token id="158" number="157" sentence="7">of</token>
  <token id="159" number="158" sentence="7">its</token>
  <token id="160" number="159" sentence="7">U.S.</token>
  <token id="161" number="160" sentence="7">stores</token>
  <token id="162" number="161" sentence="7">to</token>
  <token id="163" number="162" sentence="7">about</token>
  <token id="164" number="163" sentence="7">450</token>
  <token id="165" number="164" sentence="7">stores</token>
  <token id="166" number="165" sentence="7">from</token>
  <token id="167" number="166" sentence="7">360</token>
  <token id="168" number="167" sentence="7">.</token>
  <token id="169" number="168" sentence="8">It</token>
  <token id="170" number="169" sentence="8">has</token>
  <token id="171" number="170" sentence="8">said</token>
  <token id="172" number="171" sentence="8">it</token>
  <token id="173" number="172" sentence="8">hopes</token>
  <token id="174" number="173" sentence="8">to</token>
  <token id="175" number="174" sentence="8">control</token>
  <token id="176" number="175" sentence="8">5</token>
  <token id="177" number="176" sentence="8">%</token>
  <token id="178" number="177" sentence="8">of</token>
  <token id="179" number="178" sentence="8">jewelry</token>
  <token id="180" number="179" sentence="8">business</token>
  <token id="181" number="180" sentence="8">in</token>
  <token id="182" number="181" sentence="8">the</token>
  <token id="183" number="182" sentence="8">U.S.</token>
  <token id="184" number="183" sentence="8">by</token>
  <token id="185" number="184" sentence="8">1992</token>
  <token id="186" number="185" sentence="8">;</token>
  <token id="187" number="186" sentence="9">currently</token>
  <token id="188" number="187" sentence="9">it</token>
  <token id="189" number="188" sentence="9">controls</token>
  <token id="190" number="189" sentence="9">about</token>
  <token id="191" number="190" sentence="9">2</token>
  <token id="192" number="191" sentence="9">%</token>
  <token id="193" number="192" sentence="9">.</token>
</Document>
