<Document doc_name="wsj_0918">
  <Markables>
    <TIMEX3 RELATED_TO="" TAG_DESCRIPTOR="Empty_Mark" beginPoint="" comment="" endPoint="" freq="" functionInDocument="CREATION_TIME" id="0" quant="" type="DATE" value="1989-10-26" />
    <EVENT aspect="NONE" certainty="" class="REPORTING" comment="" factuality="" id="1" modality="NONE" polarity="POS" pos="VERB" tense="PAST">
      <token_anchor id="4" />
    </EVENT>
    <TIMEX3 anchorTimeID="0" beginPoint="" comment="" endPoint="" freq="" functionInDocument="NONE" id="2" quant="" type="DATE" value="1989-Q3">
      <token_anchor id="6" />
    </TIMEX3>
    <EVENT aspect="NONE" certainty="" class="OCCURRENCE" comment="" factuality="" id="3" modality="NONE" polarity="POS" pos="VERB" tense="PAST">
      <token_anchor id="8" />
    </EVENT>
    <TIMEX3 anchorTimeID="2" beginPoint="" comment="" endPoint="" freq="" functionInDocument="NONE" id="4" quant="" type="DATE" value="1988-Q3">
      <token_anchor id="14" />
      <token_anchor id="15" />
      <token_anchor id="16" />
    </TIMEX3>
    <EVENT aspect="NONE" certainty="" class="OCCURRENCE" comment="" factuality="" id="5" modality="NONE" polarity="POS" pos="NOUN" tense="NONE">
      <token_anchor id="24" />
    </EVENT>
    <EVENT aspect="NONE" certainty="" class="OCCURRENCE" comment="" factuality="" id="6" modality="NONE" polarity="POS" pos="VERB" tense="PAST">
      <token_anchor id="38" />
    </EVENT>
    <EVENT aspect="NONE" certainty="" class="OCCURRENCE" comment="" factuality="" id="7" modality="NONE" polarity="POS" pos="NOUN" tense="NONE">
      <token_anchor id="52" />
    </EVENT>
    <EVENT aspect="NONE" certainty="" class="OCCURRENCE" comment="" factuality="" id="8" modality="NONE" polarity="POS" pos="VERB" tense="FUTURE">
      <token_anchor id="55" />
    </EVENT>
    <EVENT aspect="NONE" certainty="" class="STATE" comment="" factuality="" id="9" modality="NONE" polarity="POS" pos="VERB" tense="PASTPART">
      <token_anchor id="72" />
    </EVENT>
    <C-SIGNAL id="10">
      <token_anchor id="74" />
    </C-SIGNAL>
    <EVENT aspect="NONE" certainty="" class="OCCURRENCE" comment="" factuality="" id="11" modality="NONE" polarity="POS" pos="NOUN" tense="NONE">
      <token_anchor id="77" />
    </EVENT>
    <EVENT aspect="PROGRESSIVE" certainty="" class="OCCURRENCE" comment="" factuality="" id="12" modality="NONE" polarity="POS" pos="VERB" tense="PRESENT">
      <token_anchor id="85" />
    </EVENT>
    <EVENT aspect="NONE" certainty="" class="OCCURRENCE" comment="" factuality="" id="13" modality="NONE" polarity="POS" pos="VERB" tense="PAST">
      <token_anchor id="97" />
    </EVENT>
    <EVENT aspect="NONE" certainty="" class="OCCURRENCE" comment="" factuality="" id="14" modality="NONE" polarity="POS" pos="NOUN" tense="NONE">
      <token_anchor id="100" />
    </EVENT>
    <EVENT aspect="NONE" certainty="" class="OCCURRENCE" comment="" factuality="" id="15" modality="NONE" polarity="POS" pos="NOUN" tense="NONE">
      <token_anchor id="116" />
    </EVENT>
    <EVENT aspect="NONE" certainty="" class="OCCURRENCE" comment="" factuality="" id="16" modality="NONE" polarity="POS" pos="VERB" tense="PRESENT">
      <token_anchor id="122" />
    </EVENT>
    <EVENT aspect="NONE" certainty="" class="REPORTING" comment="" factuality="" id="17" modality="NONE" polarity="POS" pos="VERB" tense="PAST">
      <token_anchor id="142" />
    </EVENT>
    <EVENT aspect="NONE" certainty="" class="I_STATE" comment="" factuality="" id="18" modality="NONE" polarity="POS" pos="NOUN" tense="NONE">
      <token_anchor id="162" />
    </EVENT>
    <TIMEX3 anchorTimeID="2" beginPoint="" comment="" endPoint="" freq="" functionInDocument="NONE" id="19" quant="" type="DATE" value="1988-Q3">
      <token_anchor id="165" />
      <token_anchor id="166" />
      <token_anchor id="167" />
    </TIMEX3>
    <EVENT aspect="NONE" certainty="" class="OCCURRENCE" comment="" factuality="" id="20" modality="NONE" polarity="POS" pos="VERB" tense="PAST">
      <token_anchor id="171" />
    </EVENT>
    <TIMEX3 anchorTimeID="0" beginPoint="" comment="" endPoint="" freq="" functionInDocument="NONE" id="21" quant="" type="DATE" value="1989-Q3">
      <token_anchor id="184" />
      <token_anchor id="185" />
      <token_anchor id="186" />
    </TIMEX3>
    <EVENT aspect="NONE" certainty="" class="OCCURRENCE" comment="" factuality="" id="22" modality="NONE" polarity="POS" pos="NOUN" tense="NONE">
      <token_anchor id="202" />
    </EVENT>
    <TIMEX3 anchorTimeID="0" beginPoint="" comment="" endPoint="" freq="" functionInDocument="NONE" id="23" quant="" type="DATE" value="1989">
      <token_anchor id="208" />
      <token_anchor id="209" />
    </TIMEX3>
    <EVENT aspect="NONE" certainty="" class="REPORTING" comment="" factuality="" id="24" modality="NONE" polarity="POS" pos="NOUN" tense="NONE">
      <token_anchor id="212" />
    </EVENT>
    <EVENT aspect="NONE" certainty="" class="I_STATE" comment="" factuality="" id="25" modality="NONE" polarity="POS" pos="VERB" tense="PRESENT">
      <token_anchor id="220" />
    </EVENT>
    <EVENT aspect="NONE" certainty="" class="OCCURRENCE" comment="" factuality="" id="26" modality="NONE" polarity="POS" pos="VERB" tense="INFINITIVE">
      <token_anchor id="222" />
    </EVENT>
    <EVENT aspect="PERFECTIVE" certainty="" class="OCCURRENCE" comment="" factuality="" id="27" modality="NONE" polarity="NEG" pos="VERB" tense="PRESENT">
      <token_anchor id="231" />
    </EVENT>
    <EVENT aspect="NONE" certainty="" class="I_STATE" comment="" factuality="" id="28" modality="NONE" polarity="POS" pos="VERB" tense="PRESENT">
      <token_anchor id="238" />
    </EVENT>
    <EVENT aspect="NONE" certainty="" class="REPORTING" comment="" factuality="" id="29" modality="NONE" polarity="POS" pos="VERB" tense="PAST">
      <token_anchor id="242" />
    </EVENT>
    <EVENT aspect="NONE" certainty="" class="OCCURRENCE" comment="" factuality="" id="30" modality="NONE" polarity="POS" pos="NOUN" tense="NONE">
      <token_anchor id="257" />
    </EVENT>
    <TIMEX3 beginPoint="" comment="" endPoint="" freq="" functionInDocument="NONE" id="31" quant="" type="DURATION" value="PXM">
      <token_anchor id="258" />
      <token_anchor id="259" />
    </TIMEX3>
    <EVENT aspect="NONE" certainty="" class="ASPECTUAL" comment="" factuality="" id="32" modality="NONE" polarity="POS" pos="VERB" tense="PAST">
      <token_anchor id="262" />
    </EVENT>
    <TIMEX3 anchorTimeID="0" beginPoint="" comment="" endPoint="" freq="" functionInDocument="NONE" id="33" quant="" type="DATE" value="PRESENT_REF">
      <token_anchor id="264" />
    </TIMEX3>
    <TIMEX3 anchorTimeID="0" beginPoint="" comment="" endPoint="" freq="" functionInDocument="NONE" id="34" quant="" type="DATE" value="1989-04">
      <token_anchor id="267" />
    </TIMEX3>
    <EVENT aspect="NONE" certainty="" class="REPORTING" comment="" factuality="" id="35" modality="NONE" polarity="POS" pos="VERB" tense="PAST">
      <token_anchor id="302" />
    </EVENT>
    <EVENT aspect="NONE" certainty="" class="REPORTING" comment="" factuality="" id="36" modality="NONE" polarity="POS" pos="VERB" tense="FUTURE">
      <token_anchor id="306" />
    </EVENT>
    <EVENT aspect="NONE" certainty="" class="OCCURRENCE" comment="" factuality="" id="37" modality="NONE" polarity="POS" pos="OTHER" tense="NONE">
      <token_anchor id="309" />
    </EVENT>
    <TIMEX3 beginPoint="" comment="" endPoint="" freq="" functionInDocument="NONE" id="38" quant="" type="SET" value="P1Y">
      <token_anchor id="315" />
      <token_anchor id="316" />
    </TIMEX3>
    <C-SIGNAL id="39">
      <token_anchor id="317" />
      <token_anchor id="318" />
    </C-SIGNAL>
    <EVENT aspect="NONE" certainty="" class="REPORTING" comment="" factuality="" id="40" modality="NONE" polarity="POS" pos="VERB" tense="PAST">
      <token_anchor id="328" />
    </EVENT>
    <EVENT aspect="NONE" certainty="" class="I_STATE" comment="" factuality="" id="41" modality="NONE" polarity="POS" pos="NOUN" tense="NONE">
      <token_anchor id="329" />
    </EVENT>
    <EVENT aspect="NONE" certainty="" class="OCCURRENCE" comment="" factuality="" id="42" modality="NONE" polarity="POS" pos="NOUN" tense="NONE">
      <token_anchor id="334" />
    </EVENT>
    <EVENT aspect="NONE" certainty="" class="OCCURRENCE" comment="" factuality="" id="43" modality="NONE" polarity="POS" pos="VERB" tense="FUTURE">
      <token_anchor id="343" />
    </EVENT>
    <EVENT aspect="NONE" certainty="" class="OCCURRENCE" comment="" factuality="" id="44" modality="NONE" polarity="POS" pos="VERB" tense="PAST">
      <token_anchor id="352" />
    </EVENT>
    <EVENT aspect="NONE" certainty="" class="OCCURRENCE" comment="" factuality="" id="45" modality="NONE" polarity="POS" pos="VERB" tense="INFINITIVE">
      <token_anchor id="358" />
    </EVENT>
    <TIMEX3 anchorTimeID="0" beginPoint="" comment="" endPoint="" freq="" functionInDocument="NONE" id="46" quant="" type="DATE" value="1989-10-25">
      <token_anchor id="369" />
    </TIMEX3>
    <EVENT aspect="NONE" certainty="" class="OCCURRENCE" comment="" factuality="" id="47" modality="NONE" polarity="POS" pos="VERB" tense="PAST">
      <token_anchor id="372" />
    </EVENT>
    <EVENT aspect="NONE" certainty="" class="STATE" comment="" factuality="" id="48" modality="NONE" polarity="POS" pos="VERB" tense="PRESPART">
      <token_anchor id="387" />
    </EVENT>
    <TIMEX3 anchorTimeID="0" beginPoint="" comment="" endPoint="" freq="" functionInDocument="NONE" id="49" quant="" type="DATE" value="1989-Q3">
      <token_anchor id="394" />
      <token_anchor id="395" />
      <token_anchor id="396" />
    </TIMEX3>
    <EVENT aspect="NONE" certainty="" class="OCCURRENCE" comment="" factuality="" id="50" modality="NONE" polarity="POS" pos="VERB" tense="PAST">
      <token_anchor id="405" />
    </EVENT>
    <TIMEX3 anchorTimeID="49" beginPoint="" comment="" endPoint="" freq="" functionInDocument="NONE" id="51" quant="" type="DATE" value="1988-Q3">
      <token_anchor id="414" />
      <token_anchor id="415" />
      <token_anchor id="416" />
    </TIMEX3>
    <EVENT aspect="NONE" certainty="" class="OCCURRENCE" comment="" factuality="" id="52" modality="NONE" polarity="POS" pos="VERB" tense="PAST">
      <token_anchor id="420" />
    </EVENT>
    <EVENT aspect="NONE" certainty="" class="OCCURRENCE" comment="" factuality="" id="53" modality="NONE" polarity="POS" pos="NOUN" tense="NONE">
      <token_anchor id="424" />
    </EVENT>
    <EVENT aspect="NONE" certainty="" class="REPORTING" comment="" factuality="" id="54" modality="NONE" polarity="POS" pos="VERB" tense="PRESENT">
      <token_anchor id="459" />
    </EVENT>
    <EVENT aspect="NONE" certainty="" class="STATE" comment="" factuality="" id="55" modality="NONE" polarity="POS" pos="VERB" tense="PRESENT">
      <token_anchor id="463" />
    </EVENT>
    <C-SIGNAL id="56">
      <token_anchor id="470" />
    </C-SIGNAL>
    <EVENT aspect="NONE" certainty="" class="STATE" comment="" factuality="" id="57" modality="NONE" polarity="POS" pos="VERB" tense="PAST">
      <token_anchor id="473" />
    </EVENT>
    <EVENT aspect="NONE" certainty="" class="REPORTING" comment="" factuality="" id="58" modality="NONE" polarity="POS" pos="VERB" tense="PAST">
      <token_anchor id="486" />
    </EVENT>
    <EVENT aspect="NONE" certainty="" class="STATE" comment="" factuality="" id="59" modality="NONE" polarity="POS" pos="VERB" tense="PRESENT">
      <token_anchor id="489" />
    </EVENT>
    <EVENT aspect="NONE" certainty="" class="OCCURRENCE" comment="" factuality="" id="60" modality="NONE" polarity="POS" pos="VERB" tense="PAST">
      <token_anchor id="529" />
    </EVENT>
    <C-SIGNAL id="61">
      <token_anchor id="543" />
    </C-SIGNAL>
    <EVENT aspect="NONE" certainty="" class="I_STATE" comment="" factuality="" id="62" modality="NONE" polarity="POS" pos="VERB" tense="PAST">
      <token_anchor id="552" />
    </EVENT>
    <TIMEX3 anchorTimeID="49" beginPoint="" comment="" endPoint="" freq="" functionInDocument="NONE" id="63" quant="" type="DATE" value="1988-Q3">
      <token_anchor id="559" />
      <token_anchor id="560" />
      <token_anchor id="561" />
    </TIMEX3>
    <EVENT aspect="NONE" certainty="" class="OCCURRENCE" comment="" factuality="" id="64" modality="NONE" polarity="POS" pos="VERB" tense="PAST">
      <token_anchor id="582" />
    </EVENT>
    <EVENT aspect="NONE" certainty="" class="REPORTING" comment="" factuality="" id="65" modality="NONE" polarity="POS" pos="VERB" tense="PAST">
      <token_anchor id="594" />
    </EVENT>
    <EVENT aspect="NONE" certainty="" class="OCCURRENCE" comment="" factuality="" id="66" modality="NONE" polarity="POS" pos="NOUN" tense="NONE">
      <token_anchor id="596" />
    </EVENT>
    <EVENT aspect="NONE" certainty="" class="I_ACTION" comment="" factuality="" id="67" modality="NONE" polarity="POS" pos="VERB" tense="PAST">
      <token_anchor id="604" />
    </EVENT>
    <TIMEX3 anchorTimeID="0" beginPoint="" comment="" endPoint="" freq="" functionInDocument="NONE" id="68" quant="" type="DATE" value="1989">
      <token_anchor id="605" />
      <token_anchor id="606" />
      <token_anchor id="607" />
      <token_anchor id="608" />
    </TIMEX3>
    <C-SIGNAL id="69">
      <token_anchor id="609" />
    </C-SIGNAL>
    <EVENT aspect="NONE" certainty="" class="OCCURRENCE" comment="" factuality="" id="70" modality="NONE" polarity="POS" pos="NOUN" tense="NONE">
      <token_anchor id="611" />
    </EVENT>
    <C-SIGNAL id="71">
      <token_anchor id="613" />
    </C-SIGNAL>
    <EVENT aspect="NONE" certainty="" class="OCCURRENCE" comment="" factuality="" id="72" modality="NONE" polarity="POS" pos="VERB" tense="PRESPART">
      <token_anchor id="614" />
    </EVENT>
    <TIMEX3 anchorTimeID="0" beginPoint="" comment="" endPoint="" freq="" functionInDocument="NONE" id="73" quant="" type="DATE" value="1989-Q3">
      <token_anchor id="617" />
      <token_anchor id="618" />
      <token_anchor id="619" />
    </TIMEX3>
    <EVENT aspect="NONE" certainty="" class="OCCURRENCE" comment="" factuality="" id="74" modality="NONE" polarity="POS" pos="VERB" tense="PAST">
      <token_anchor id="627" />
    </EVENT>
    <EVENT aspect="NONE" certainty="" class="I_ACTION" comment="" factuality="" id="75" modality="NONE" polarity="POS" pos="VERB" tense="PAST">
      <token_anchor id="641" />
    </EVENT>
    <EVENT aspect="NONE" certainty="" class="OCCURRENCE" comment="" factuality="" id="76" modality="NONE" polarity="POS" pos="NOUN" tense="NONE">
      <token_anchor id="644" />
    </EVENT>
    <EVENT aspect="NONE" certainty="" class="REPORTING" comment="" factuality="" id="77" modality="NONE" polarity="POS" pos="VERB" tense="PAST">
      <token_anchor id="655" />
    </EVENT>
    <EVENT aspect="NONE" certainty="" class="STATE" comment="" factuality="" id="78" modality="NONE" polarity="POS" pos="NOUN" tense="NONE">
      <token_anchor id="657" />
    </EVENT>
    <TIMEX3 anchorTimeID="0" beginPoint="" comment="" endPoint="" freq="" functionInDocument="NONE" id="79" quant="" type="DATE" value="1989-Q3">
      <token_anchor id="659" />
      <token_anchor id="660" />
    </TIMEX3>
    <EVENT aspect="NONE" certainty="" class="OCCURRENCE" comment="" factuality="" id="80" modality="NONE" polarity="POS" pos="VERB" tense="PAST">
      <token_anchor id="665" />
    </EVENT>
    <C-SIGNAL id="81">
      <token_anchor id="676" />
      <token_anchor id="677" />
    </C-SIGNAL>
    <EVENT aspect="NONE" certainty="" class="OCCURRENCE" comment="" factuality="" id="82" modality="NONE" polarity="POS" pos="NOUN" tense="NONE">
      <token_anchor id="681" />
    </EVENT>
    <EVENT aspect="NONE" certainty="" class="OCCURRENCE" comment="" factuality="" id="83" modality="NONE" polarity="POS" pos="VERB" tense="PAST">
      <token_anchor id="687" />
    </EVENT>
    <TIMEX3 beginPoint="" comment="" endPoint="" freq="" functionInDocument="NONE" id="84" quant="" type="DURATION" value="P9M">
      <token_anchor id="714" />
      <token_anchor id="715" />
      <token_anchor id="716" />
    </TIMEX3>
    <EVENT aspect="NONE" certainty="" class="OCCURRENCE" comment="" factuality="" id="85" modality="NONE" polarity="POS" pos="VERB" tense="PAST">
      <token_anchor id="720" />
    </EVENT>
    <TIMEX3 anchorTimeID="79" beginPoint="" comment="" endPoint="" freq="" functionInDocument="NONE" id="86" quant="" type="DATE" value="1988-Q3">
      <token_anchor id="745" />
      <token_anchor id="746" />
      <token_anchor id="747" />
    </TIMEX3>
    <EVENT aspect="NONE" certainty="" class="OCCURRENCE" comment="" factuality="" id="87" modality="NONE" polarity="POS" pos="VERB" tense="PAST">
      <token_anchor id="750" />
    </EVENT>
    <EVENT aspect="NONE" certainty="" class="OCCURRENCE" comment="" factuality="" id="88" modality="NONE" polarity="POS" pos="VERB" tense="FUTURE">
      <token_anchor id="767" />
    </EVENT>
    <TIMEX3 anchorTimeID="0" beginPoint="" comment="" endPoint="" freq="" functionInDocument="NONE" id="89" quant="" type="DATE" value="1989-12-14">
      <token_anchor id="768" />
      <token_anchor id="769" />
      <token_anchor id="770" />
    </TIMEX3>
    <TIMEX3 anchorTimeID="0" beginPoint="" comment="" endPoint="" freq="" functionInDocument="NONE" id="90" quant="" type="DATE" value="1989-11-15">
      <token_anchor id="775" />
      <token_anchor id="776" />
      <token_anchor id="777" />
    </TIMEX3>
    <EVENT aspect="NONE" certainty="" class="OCCURRENCE" comment="" factuality="" id="91" modality="NONE" polarity="POS" pos="NOUN" tense="NONE">
      <token_anchor id="781" />
    </EVENT>
    <EVENT aspect="NONE" certainty="" class="I_ACTION" comment="" factuality="" id="92" modality="NONE" polarity="POS" pos="NOUN" tense="NONE">
      <token_anchor id="788" />
    </EVENT>
    <EVENT aspect="NONE" certainty="" class="OCCURRENCE" comment="" factuality="" id="93" modality="would" polarity="POS" pos="ADJECTIVE" tense="NONE">
      <token_anchor id="792" />
    </EVENT>
    <TIMEX3 anchorTimeID="0" beginPoint="" comment="" endPoint="" freq="" functionInDocument="NONE" id="94" quant="" type="DATE" value="1990-01">
      <token_anchor id="799" />
    </TIMEX3>
    <TIMEX3 anchorTimeID="0" beginPoint="" comment="" endPoint="" freq="" functionInDocument="NONE" id="95" quant="" type="DATE" value="1989-12-21">
      <token_anchor id="804" />
      <token_anchor id="805" />
      <token_anchor id="806" />
    </TIMEX3>
  </Markables>
  <Relations>
    <TLINK comment="" id="1" relType="IS_INCLUDED">
      <source id="0" />
      <target id="55" />
    </TLINK>
    <TLINK comment="" id="2" relType="BEFORE">
      <source id="1" />
      <target id="0" />
    </TLINK>
    <TLINK comment="" id="3" relType="SIMULTANEOUS">
      <source id="1" />
      <target id="40" />
    </TLINK>
    <TLINK comment="" id="4" relType="DURING">
      <source id="3" />
      <target id="2" />
    </TLINK>
    <TLINK comment="" id="5" relType="BEGUN_BY">
      <source id="3" />
      <target id="4" />
    </TLINK>
    <TLINK comment="" id="6" relType="AFTER">
      <source id="3" />
      <target id="5" />
    </TLINK>
    <TLINK comment="" id="7" relType="SIMULTANEOUS">
      <source id="6" />
      <target id="3" />
    </TLINK>
    <TLINK comment="" id="8" relType="IDENTITY">
      <source id="7" />
      <target id="6" />
    </TLINK>
    <TLINK comment="" id="9" relType="BEFORE">
      <source id="7" />
      <target id="8" />
    </TLINK>
    <TLINK comment="" id="10" relType="AFTER">
      <source id="9" />
      <target id="11" />
    </TLINK>
    <TLINK comment="" id="11" relType="SIMULTANEOUS">
      <source id="9" />
      <target id="12" />
    </TLINK>
    <CLINK c-signalID="10" comment="" id="12">
      <source id="11" />
      <target id="9" />
    </CLINK>
    <TLINK comment="" id="13" relType="INCLUDES">
      <source id="12" />
      <target id="3" />
    </TLINK>
    <TLINK comment="" id="14" relType="INCLUDES">
      <source id="12" />
      <target id="6" />
    </TLINK>
    <TLINK comment="" id="15" relType="SIMULTANEOUS">
      <source id="14" />
      <target id="13" />
    </TLINK>
    <TLINK comment="" id="16" relType="SIMULTANEOUS">
      <source id="14" />
      <target id="15" />
    </TLINK>
    <TLINK comment="" id="17" relType="BEFORE">
      <source id="15" />
      <target id="16" />
    </TLINK>
    <TLINK comment="" id="18" relType="IS_INCLUDED">
      <source id="17" />
      <target id="0" />
    </TLINK>
    <TLINK comment="" id="19" relType="BEFORE">
      <source id="18" />
      <target id="17" />
    </TLINK>
    <TLINK comment="" id="20" relType="DURING">
      <source id="20" />
      <target id="19" />
    </TLINK>
    <TLINK comment="" id="21" relType="INCLUDES">
      <source id="23" />
      <target id="22" />
    </TLINK>
    <TLINK comment="" id="22" relType="SIMULTANEOUS">
      <source id="24" />
      <target id="22" />
    </TLINK>
    <TLINK comment="" id="23" relType="IS_INCLUDED">
      <source id="28" />
      <target id="0" />
    </TLINK>
    <TLINK comment="" id="24" relType="INCLUDES">
      <source id="30" />
      <target id="29" />
    </TLINK>
    <TLINK comment="" id="25" relType="BEGINS">
      <source id="30" />
      <target id="31" />
    </TLINK>
    <TLINK comment="" id="26" relType="BEFORE">
      <source id="30" />
      <target id="32" />
    </TLINK>
    <TLINK comment="" id="27" relType="ENDS">
      <source id="32" />
      <target id="31" />
    </TLINK>
    <TLINK comment="" id="28" relType="IS_INCLUDED">
      <source id="32" />
      <target id="34" />
    </TLINK>
    <TLINK comment="" id="29" relType="BEFORE">
      <source id="35" />
      <target id="0" />
    </TLINK>
    <TLINK comment="" id="30" relType="AFTER">
      <source id="36" />
      <target id="0" />
    </TLINK>
    <TLINK comment="" id="31" relType="AFTER">
      <source id="43" />
      <target id="0" />
    </TLINK>
    <TLINK comment="" id="32" relType="ENDED_BY">
      <source id="44" />
      <target id="45" />
    </TLINK>
    <TLINK comment="" id="33" relType="IS_INCLUDED">
      <source id="44" />
      <target id="46" />
    </TLINK>
    <TLINK comment="" id="34" relType="IS_INCLUDED">
      <source id="45" />
      <target id="46" />
    </TLINK>
    <TLINK comment="" id="35" relType="IS_INCLUDED">
      <source id="47" />
      <target id="46" />
    </TLINK>
    <TLINK comment="" id="36" relType="DURING">
      <source id="48" />
      <target id="49" />
    </TLINK>
    <TLINK comment="" id="37" relType="DURING">
      <source id="50" />
      <target id="49" />
    </TLINK>
    <TLINK comment="" id="38" relType="INCLUDES">
      <source id="52" />
      <target id="50" />
    </TLINK>
    <TLINK comment="" id="39" relType="AFTER">
      <source id="52" />
      <target id="53" />
    </TLINK>
    <TLINK comment="" id="40" relType="BEFORE">
      <source id="54" />
      <target id="0" />
    </TLINK>
    <CLINK c-signalID="56" comment="" id="41">
      <source id="57" />
      <target id="55" />
    </CLINK>
    <TLINK comment="" id="42" relType="IDENTITY">
      <source id="58" />
      <target id="54" />
    </TLINK>
    <TLINK comment="" id="43" relType="SIMULTANEOUS">
      <source id="60" />
      <target id="50" />
    </TLINK>
    <TLINK comment="" id="44" relType="AFTER">
      <source id="60" />
      <target id="62" />
    </TLINK>
    <CLINK c-signalID="61" comment="" id="45">
      <source id="62" />
      <target id="60" />
    </CLINK>
    <TLINK comment="" id="46" relType="SIMULTANEOUS">
      <source id="64" />
      <target id="60" />
    </TLINK>
    <TLINK comment="" id="47" relType="BEFORE">
      <source id="65" />
      <target id="0" />
    </TLINK>
    <TLINK comment="" id="48" relType="IS_INCLUDED">
      <source id="67" />
      <target id="68" />
    </TLINK>
    <TLINK comment="" id="49" relType="BEFORE">
      <source id="67" />
      <target id="72" />
    </TLINK>
    <CLINK c-signalID="71" comment="" id="50">
      <source id="67" />
      <target id="72" />
    </CLINK>
    <TLINK comment="" id="51" relType="BEFORE">
      <source id="70" />
      <target id="67" />
    </TLINK>
    <CLINK c-signalID="69" comment="" id="52">
      <source id="70" />
      <target id="67" />
    </CLINK>
    <TLINK comment="" id="53" relType="DURING">
      <source id="72" />
      <target id="73" />
    </TLINK>
    <TLINK comment="" id="54" relType="SIMULTANEOUS">
      <source id="74" />
      <target id="64" />
    </TLINK>
    <TLINK comment="" id="55" relType="AFTER">
      <source id="75" />
      <target id="74" />
    </TLINK>
    <TLINK comment="" id="56" relType="BEFORE">
      <source id="76" />
      <target id="74" />
    </TLINK>
    <TLINK comment="" id="57" relType="IS_INCLUDED">
      <source id="77" />
      <target id="79" />
    </TLINK>
    <TLINK comment="" id="58" relType="ENDS">
      <source id="78" />
      <target id="79" />
    </TLINK>
    <TLINK comment="" id="59" relType="DURING">
      <source id="80" />
      <target id="79" />
    </TLINK>
    <TLINK comment="" id="60" relType="AFTER">
      <source id="80" />
      <target id="82" />
    </TLINK>
    <CLINK c-signalID="81" comment="" id="61">
      <source id="82" />
      <target id="80" />
    </CLINK>
    <TLINK comment="" id="62" relType="DURING">
      <source id="83" />
      <target id="79" />
    </TLINK>
    <TLINK comment="" id="63" relType="SIMULTANEOUS">
      <source id="83" />
      <target id="80" />
    </TLINK>
    <TLINK comment="" id="64" relType="IDENTITY">
      <source id="84" />
      <target id="73" />
    </TLINK>
    <TLINK comment="" id="65" relType="DURING">
      <source id="85" />
      <target id="84" />
    </TLINK>
    <TLINK comment="" id="66" relType="ENDS">
      <source id="85" />
      <target id="86" />
    </TLINK>
    <TLINK comment="" id="67" relType="SIMULTANEOUS">
      <source id="87" />
      <target id="85" />
    </TLINK>
    <TLINK comment="" id="68" relType="AFTER">
      <source id="88" />
      <target id="0" />
    </TLINK>
    <TLINK comment="" id="69" relType="IS_INCLUDED">
      <source id="88" />
      <target id="89" />
    </TLINK>
    <TLINK comment="" id="70" relType="IS_INCLUDED">
      <source id="93" />
      <target id="94" />
    </TLINK>
  </Relations>
  <token id="1" number="0" sentence="0">Du</token>
  <token id="2" number="1" sentence="0">Pont</token>
  <token id="3" number="2" sentence="0">Co.</token>
  <token id="4" number="3" sentence="0">reported</token>
  <token id="5" number="4" sentence="0">that</token>
  <token id="6" number="5" sentence="0">third-quarter</token>
  <token id="7" number="6" sentence="0">profit</token>
  <token id="8" number="7" sentence="0">grew</token>
  <token id="9" number="8" sentence="0">a</token>
  <token id="10" number="9" sentence="0">robust</token>
  <token id="11" number="10" sentence="0">19</token>
  <token id="12" number="11" sentence="0">%</token>
  <token id="13" number="12" sentence="0">from</token>
  <token id="14" number="13" sentence="0">a</token>
  <token id="15" number="14" sentence="0">year</token>
  <token id="16" number="15" sentence="0">ago</token>
  <token id="17" number="16" sentence="0">on</token>
  <token id="18" number="17" sentence="0">the</token>
  <token id="19" number="18" sentence="0">strength</token>
  <token id="20" number="19" sentence="0">of</token>
  <token id="21" number="20" sentence="0">the</token>
  <token id="22" number="21" sentence="0">company</token>
  <token id="23" number="22" sentence="0">'s</token>
  <token id="24" number="23" sentence="0">operations</token>
  <token id="25" number="24" sentence="0">in</token>
  <token id="26" number="25" sentence="0">various</token>
  <token id="27" number="26" sentence="0">chemicals</token>
  <token id="28" number="27" sentence="0">and</token>
  <token id="29" number="28" sentence="0">fibers</token>
  <token id="30" number="29" sentence="0">,</token>
  <token id="31" number="30" sentence="0">and</token>
  <token id="32" number="31" sentence="0">in</token>
  <token id="33" number="32" sentence="0">petroleum</token>
  <token id="34" number="33" sentence="0">.</token>
  <token id="35" number="34" sentence="1">Du</token>
  <token id="36" number="35" sentence="1">Pont</token>
  <token id="37" number="36" sentence="1">also</token>
  <token id="38" number="37" sentence="1">raised</token>
  <token id="39" number="38" sentence="1">its</token>
  <token id="40" number="39" sentence="1">quarterly</token>
  <token id="41" number="40" sentence="1">dividend</token>
  <token id="42" number="41" sentence="1">to</token>
  <token id="43" number="42" sentence="1">$</token>
  <token id="44" number="43" sentence="1">1.20</token>
  <token id="45" number="44" sentence="1">a</token>
  <token id="46" number="45" sentence="1">share</token>
  <token id="47" number="46" sentence="1">from</token>
  <token id="48" number="47" sentence="1">$</token>
  <token id="49" number="48" sentence="1">1.05</token>
  <token id="50" number="49" sentence="1">,</token>
  <token id="51" number="50" sentence="1">a</token>
  <token id="52" number="51" sentence="1">change</token>
  <token id="53" number="52" sentence="1">that</token>
  <token id="54" number="53" sentence="1">will</token>
  <token id="55" number="54" sentence="1">increase</token>
  <token id="56" number="55" sentence="1">the</token>
  <token id="57" number="56" sentence="1">annualized</token>
  <token id="58" number="57" sentence="1">payout</token>
  <token id="59" number="58" sentence="1">to</token>
  <token id="60" number="59" sentence="1">shareholders</token>
  <token id="61" number="60" sentence="1">by</token>
  <token id="62" number="61" sentence="1">some</token>
  <token id="63" number="62" sentence="1">$</token>
  <token id="64" number="63" sentence="1">140</token>
  <token id="65" number="64" sentence="1">million</token>
  <token id="66" number="65" sentence="1">.</token>
  <token id="67" number="66" sentence="2">Du</token>
  <token id="68" number="67" sentence="2">Pont</token>
  <token id="69" number="68" sentence="2">,</token>
  <token id="70" number="69" sentence="2">unlike</token>
  <token id="71" number="70" sentence="2">companies</token>
  <token id="72" number="71" sentence="2">hurt</token>
  <token id="73" number="72" sentence="2">badly</token>
  <token id="74" number="73" sentence="2">by</token>
  <token id="75" number="74" sentence="2">sharp</token>
  <token id="76" number="75" sentence="2">price</token>
  <token id="77" number="76" sentence="2">declines</token>
  <token id="78" number="77" sentence="2">for</token>
  <token id="79" number="78" sentence="2">basic</token>
  <token id="80" number="79" sentence="2">chemicals</token>
  <token id="81" number="80" sentence="2">and</token>
  <token id="82" number="81" sentence="2">plastics</token>
  <token id="83" number="82" sentence="2">,</token>
  <token id="84" number="83" sentence="2">is</token>
  <token id="85" number="84" sentence="2">benefiting</token>
  <token id="86" number="85" sentence="2">from</token>
  <token id="87" number="86" sentence="2">its</token>
  <token id="88" number="87" sentence="2">broad</token>
  <token id="89" number="88" sentence="2">range</token>
  <token id="90" number="89" sentence="2">of</token>
  <token id="91" number="90" sentence="2">businesses</token>
  <token id="92" number="91" sentence="2">.</token>
  <token id="93" number="92" sentence="3">The</token>
  <token id="94" number="93" sentence="3">profit</token>
  <token id="95" number="94" sentence="3">gain</token>
  <token id="96" number="95" sentence="3">was</token>
  <token id="97" number="96" sentence="3">made</token>
  <token id="98" number="97" sentence="3">despite</token>
  <token id="99" number="98" sentence="3">a</token>
  <token id="100" number="99" sentence="3">weakening</token>
  <token id="101" number="100" sentence="3">in</token>
  <token id="102" number="101" sentence="3">the</token>
  <token id="103" number="102" sentence="3">housing</token>
  <token id="104" number="103" sentence="3">market</token>
  <token id="105" number="104" sentence="3">,</token>
  <token id="106" number="105" sentence="3">for</token>
  <token id="107" number="106" sentence="3">which</token>
  <token id="108" number="107" sentence="3">the</token>
  <token id="109" number="108" sentence="3">company</token>
  <token id="110" number="109" sentence="3">is</token>
  <token id="111" number="110" sentence="3">a</token>
  <token id="112" number="111" sentence="3">supplier</token>
  <token id="113" number="112" sentence="3">,</token>
  <token id="114" number="113" sentence="3">and</token>
  <token id="115" number="114" sentence="3">a</token>
  <token id="116" number="115" sentence="3">strengthening</token>
  <token id="117" number="116" sentence="3">in</token>
  <token id="118" number="117" sentence="3">the</token>
  <token id="119" number="118" sentence="3">dollar</token>
  <token id="120" number="119" sentence="3">,</token>
  <token id="121" number="120" sentence="3">which</token>
  <token id="122" number="121" sentence="3">lowers</token>
  <token id="123" number="122" sentence="3">the</token>
  <token id="124" number="123" sentence="3">value</token>
  <token id="125" number="124" sentence="3">of</token>
  <token id="126" number="125" sentence="3">overseas</token>
  <token id="127" number="126" sentence="3">earnings</token>
  <token id="128" number="127" sentence="3">when</token>
  <token id="129" number="128" sentence="3">they</token>
  <token id="130" number="129" sentence="3">are</token>
  <token id="131" number="130" sentence="3">translated</token>
  <token id="132" number="131" sentence="3">into</token>
  <token id="133" number="132" sentence="3">dollars</token>
  <token id="134" number="133" sentence="3">.</token>
  <token id="135" number="134" sentence="4">The</token>
  <token id="136" number="135" sentence="4">Wilmington</token>
  <token id="137" number="136" sentence="4">,</token>
  <token id="138" number="137" sentence="4">Del</token>
  <token id="139" number="138" sentence="4">.</token>
  <token id="140" number="139" sentence="4">,</token>
  <token id="141" number="140" sentence="4">company</token>
  <token id="142" number="141" sentence="4">reported</token>
  <token id="143" number="142" sentence="4">net</token>
  <token id="144" number="143" sentence="4">of</token>
  <token id="145" number="144" sentence="4">$</token>
  <token id="146" number="145" sentence="4">547</token>
  <token id="147" number="146" sentence="4">million</token>
  <token id="148" number="147" sentence="4">,</token>
  <token id="149" number="148" sentence="4">or</token>
  <token id="150" number="149" sentence="4">$</token>
  <token id="151" number="150" sentence="4">2.36</token>
  <token id="152" number="151" sentence="4">a</token>
  <token id="153" number="152" sentence="4">share</token>
  <token id="154" number="153" sentence="4">,</token>
  <token id="155" number="154" sentence="4">which</token>
  <token id="156" number="155" sentence="4">was</token>
  <token id="157" number="156" sentence="4">in</token>
  <token id="158" number="157" sentence="4">line</token>
  <token id="159" number="158" sentence="4">with</token>
  <token id="160" number="159" sentence="4">Wall</token>
  <token id="161" number="160" sentence="4">Street</token>
  <token id="162" number="161" sentence="4">estimates</token>
  <token id="163" number="162" sentence="4">.</token>
  <token id="164" number="163" sentence="5">In</token>
  <token id="165" number="164" sentence="5">the</token>
  <token id="166" number="165" sentence="5">year-earlier</token>
  <token id="167" number="166" sentence="5">period</token>
  <token id="168" number="167" sentence="5">,</token>
  <token id="169" number="168" sentence="5">the</token>
  <token id="170" number="169" sentence="5">company</token>
  <token id="171" number="170" sentence="5">earned</token>
  <token id="172" number="171" sentence="5">$</token>
  <token id="173" number="172" sentence="5">461</token>
  <token id="174" number="173" sentence="5">million</token>
  <token id="175" number="174" sentence="5">,</token>
  <token id="176" number="175" sentence="5">or</token>
  <token id="177" number="176" sentence="5">$</token>
  <token id="178" number="177" sentence="5">1.91</token>
  <token id="179" number="178" sentence="5">a</token>
  <token id="180" number="179" sentence="5">share</token>
  <token id="181" number="180" sentence="5">.</token>
  <token id="182" number="181" sentence="6">Sales</token>
  <token id="183" number="182" sentence="6">in</token>
  <token id="184" number="183" sentence="6">the</token>
  <token id="185" number="184" sentence="6">latest</token>
  <token id="186" number="185" sentence="6">quarter</token>
  <token id="187" number="186" sentence="6">were</token>
  <token id="188" number="187" sentence="6">$</token>
  <token id="189" number="188" sentence="6">8.59</token>
  <token id="190" number="189" sentence="6">billion</token>
  <token id="191" number="190" sentence="6">,</token>
  <token id="192" number="191" sentence="6">up</token>
  <token id="193" number="192" sentence="6">9.4</token>
  <token id="194" number="193" sentence="6">%</token>
  <token id="195" number="194" sentence="6">from</token>
  <token id="196" number="195" sentence="6">$</token>
  <token id="197" number="196" sentence="6">7.85</token>
  <token id="198" number="197" sentence="6">billion</token>
  <token id="199" number="198" sentence="6">.</token>
  <token id="200" number="199" sentence="7">The</token>
  <token id="201" number="200" sentence="7">dividend</token>
  <token id="202" number="201" sentence="7">increase</token>
  <token id="203" number="202" sentence="7">was</token>
  <token id="204" number="203" sentence="7">Du</token>
  <token id="205" number="204" sentence="7">Pont</token>
  <token id="206" number="205" sentence="7">'s</token>
  <token id="207" number="206" sentence="7">second</token>
  <token id="208" number="207" sentence="7">this</token>
  <token id="209" number="208" sentence="7">year</token>
  <token id="210" number="209" sentence="7">,</token>
  <token id="211" number="210" sentence="7">an</token>
  <token id="212" number="211" sentence="7">affirmation</token>
  <token id="213" number="212" sentence="7">of</token>
  <token id="214" number="213" sentence="7">statements</token>
  <token id="215" number="214" sentence="7">by</token>
  <token id="216" number="215" sentence="7">top</token>
  <token id="217" number="216" sentence="7">executives</token>
  <token id="218" number="217" sentence="7">that</token>
  <token id="219" number="218" sentence="7">they</token>
  <token id="220" number="219" sentence="7">intend</token>
  <token id="221" number="220" sentence="7">to</token>
  <token id="222" number="221" sentence="7">increase</token>
  <token id="223" number="222" sentence="7">rewards</token>
  <token id="224" number="223" sentence="7">to</token>
  <token id="225" number="224" sentence="7">shareholders</token>
  <token id="226" number="225" sentence="7">.</token>
  <token id="227" number="226" sentence="8">"</token>
  <token id="228" number="227" sentence="8">We</token>
  <token id="229" number="228" sentence="8">have</token>
  <token id="230" number="229" sentence="8">n't</token>
  <token id="231" number="230" sentence="8">benefited</token>
  <token id="232" number="231" sentence="8">the</token>
  <token id="233" number="232" sentence="8">shareholder</token>
  <token id="234" number="233" sentence="8">as</token>
  <token id="235" number="234" sentence="8">much</token>
  <token id="236" number="235" sentence="8">as</token>
  <token id="237" number="236" sentence="8">we</token>
  <token id="238" number="237" sentence="8">need</token>
  <token id="239" number="238" sentence="8">to</token>
  <token id="240" number="239" sentence="8">,</token>
  <token id="241" number="240" sentence="8">"</token>
  <token id="242" number="241" sentence="8">said</token>
  <token id="243" number="242" sentence="8">Edgar</token>
  <token id="244" number="243" sentence="8">Woolard</token>
  <token id="245" number="244" sentence="8">Jr.,</token>
  <token id="246" number="245" sentence="8">Du</token>
  <token id="247" number="246" sentence="8">Pont</token>
  <token id="248" number="247" sentence="8">'s</token>
  <token id="249" number="248" sentence="8">chairman</token>
  <token id="250" number="249" sentence="8">and</token>
  <token id="251" number="250" sentence="8">chief</token>
  <token id="252" number="251" sentence="8">executive</token>
  <token id="253" number="252" sentence="8">officer</token>
  <token id="254" number="253" sentence="8">,</token>
  <token id="255" number="254" sentence="8">in</token>
  <token id="256" number="255" sentence="8">an</token>
  <token id="257" number="256" sentence="8">interview</token>
  <token id="258" number="257" sentence="8">several</token>
  <token id="259" number="258" sentence="8">months</token>
  <token id="260" number="259" sentence="8">before</token>
  <token id="261" number="260" sentence="8">he</token>
  <token id="262" number="261" sentence="8">entered</token>
  <token id="263" number="262" sentence="8">his</token>
  <token id="264" number="263" sentence="8">current</token>
  <token id="265" number="264" sentence="8">position</token>
  <token id="266" number="265" sentence="8">in</token>
  <token id="267" number="266" sentence="8">April</token>
  <token id="268" number="267" sentence="8">.</token>
  <token id="269" number="268" sentence="9">The</token>
  <token id="270" number="269" sentence="9">largest</token>
  <token id="271" number="270" sentence="9">beneficiary</token>
  <token id="272" number="271" sentence="9">will</token>
  <token id="273" number="272" sentence="9">be</token>
  <token id="274" number="273" sentence="9">Seagram</token>
  <token id="275" number="274" sentence="9">Co.,</token>
  <token id="276" number="275" sentence="9">which</token>
  <token id="277" number="276" sentence="9">owns</token>
  <token id="278" number="277" sentence="9">about</token>
  <token id="279" number="278" sentence="9">23</token>
  <token id="280" number="279" sentence="9">%</token>
  <token id="281" number="280" sentence="9">of</token>
  <token id="282" number="281" sentence="9">Du</token>
  <token id="283" number="282" sentence="9">Pont</token>
  <token id="284" number="283" sentence="9">.</token>
  <token id="285" number="284" sentence="10">A</token>
  <token id="286" number="285" sentence="10">spokesman</token>
  <token id="287" number="286" sentence="10">for</token>
  <token id="288" number="287" sentence="10">Seagram</token>
  <token id="289" number="288" sentence="10">,</token>
  <token id="290" number="289" sentence="10">the</token>
  <token id="291" number="290" sentence="10">Montreal</token>
  <token id="292" number="291" sentence="10">wine</token>
  <token id="293" number="292" sentence="10">and</token>
  <token id="294" number="293" sentence="10">spirits</token>
  <token id="295" number="294" sentence="10">concern</token>
  <token id="296" number="295" sentence="10">controlled</token>
  <token id="297" number="296" sentence="10">by</token>
  <token id="298" number="297" sentence="10">the</token>
  <token id="299" number="298" sentence="10">Bronfman</token>
  <token id="300" number="299" sentence="10">family</token>
  <token id="301" number="300" sentence="10">,</token>
  <token id="302" number="301" sentence="10">said</token>
  <token id="303" number="302" sentence="10">the</token>
  <token id="304" number="303" sentence="10">company</token>
  <token id="305" number="304" sentence="10">will</token>
  <token id="306" number="305" sentence="10">post</token>
  <token id="307" number="306" sentence="10">additional</token>
  <token id="308" number="307" sentence="10">pretax</token>
  <token id="309" number="308" sentence="10">profit</token>
  <token id="310" number="309" sentence="10">of</token>
  <token id="311" number="310" sentence="10">about</token>
  <token id="312" number="311" sentence="10">$</token>
  <token id="313" number="312" sentence="10">33</token>
  <token id="314" number="313" sentence="10">million</token>
  <token id="315" number="314" sentence="10">a</token>
  <token id="316" number="315" sentence="10">year</token>
  <token id="317" number="316" sentence="10">because</token>
  <token id="318" number="317" sentence="10">of</token>
  <token id="319" number="318" sentence="10">the</token>
  <token id="320" number="319" sentence="10">additional</token>
  <token id="321" number="320" sentence="10">Du</token>
  <token id="322" number="321" sentence="10">Pont</token>
  <token id="323" number="322" sentence="10">dividends</token>
  <token id="324" number="323" sentence="10">.</token>
  <token id="325" number="324" sentence="11">Du</token>
  <token id="326" number="325" sentence="11">Pont</token>
  <token id="327" number="326" sentence="11">also</token>
  <token id="328" number="327" sentence="11">announced</token>
  <token id="329" number="328" sentence="11">plans</token>
  <token id="330" number="329" sentence="11">for</token>
  <token id="331" number="330" sentence="11">a</token>
  <token id="332" number="331" sentence="11">3-for-1</token>
  <token id="333" number="332" sentence="11">stock</token>
  <token id="334" number="333" sentence="11">split</token>
  <token id="335" number="334" sentence="11">,</token>
  <token id="336" number="335" sentence="11">although</token>
  <token id="337" number="336" sentence="11">the</token>
  <token id="338" number="337" sentence="11">initial</token>
  <token id="339" number="338" sentence="11">higher</token>
  <token id="340" number="339" sentence="11">dividend</token>
  <token id="341" number="340" sentence="11">will</token>
  <token id="342" number="341" sentence="11">be</token>
  <token id="343" number="342" sentence="11">paid</token>
  <token id="344" number="343" sentence="11">on</token>
  <token id="345" number="344" sentence="11">pre-split</token>
  <token id="346" number="345" sentence="11">shares</token>
  <token id="347" number="346" sentence="11">.</token>
  <token id="348" number="347" sentence="12">Du</token>
  <token id="349" number="348" sentence="12">Pont</token>
  <token id="350" number="349" sentence="12">'s</token>
  <token id="351" number="350" sentence="12">stock</token>
  <token id="352" number="351" sentence="12">rose</token>
  <token id="353" number="352" sentence="12">$</token>
  <token id="354" number="353" sentence="12">2.50</token>
  <token id="355" number="354" sentence="12">a</token>
  <token id="356" number="355" sentence="12">share</token>
  <token id="357" number="356" sentence="12">to</token>
  <token id="358" number="357" sentence="12">close</token>
  <token id="359" number="358" sentence="12">at</token>
  <token id="360" number="359" sentence="12">$</token>
  <token id="361" number="360" sentence="12">117.375</token>
  <token id="362" number="361" sentence="12">in</token>
  <token id="363" number="362" sentence="12">New</token>
  <token id="364" number="363" sentence="12">York</token>
  <token id="365" number="364" sentence="12">Stock</token>
  <token id="366" number="365" sentence="12">Exchange</token>
  <token id="367" number="366" sentence="12">composite</token>
  <token id="368" number="367" sentence="12">trading</token>
  <token id="369" number="368" sentence="12">yesterday</token>
  <token id="370" number="369" sentence="12">.</token>
  <token id="371" number="370" sentence="13">Seagram</token>
  <token id="372" number="371" sentence="13">closed</token>
  <token id="373" number="372" sentence="13">at</token>
  <token id="374" number="373" sentence="13">$</token>
  <token id="375" number="374" sentence="13">84.75</token>
  <token id="376" number="375" sentence="13">,</token>
  <token id="377" number="376" sentence="13">up</token>
  <token id="378" number="377" sentence="13">12.5</token>
  <token id="379" number="378" sentence="13">cents</token>
  <token id="380" number="379" sentence="13">a</token>
  <token id="381" number="380" sentence="13">share</token>
  <token id="382" number="381" sentence="13">in</token>
  <token id="383" number="382" sentence="13">Big</token>
  <token id="384" number="383" sentence="13">Board</token>
  <token id="385" number="384" sentence="13">trading</token>
  <token id="386" number="385" sentence="13">.</token>
  <token id="387" number="386" sentence="14">Leading</token>
  <token id="388" number="387" sentence="14">the</token>
  <token id="389" number="388" sentence="14">gains</token>
  <token id="390" number="389" sentence="14">for</token>
  <token id="391" number="390" sentence="14">Du</token>
  <token id="392" number="391" sentence="14">Pont</token>
  <token id="393" number="392" sentence="14">in</token>
  <token id="394" number="393" sentence="14">the</token>
  <token id="395" number="394" sentence="14">latest</token>
  <token id="396" number="395" sentence="14">quarter</token>
  <token id="397" number="396" sentence="14">was</token>
  <token id="398" number="397" sentence="14">its</token>
  <token id="399" number="398" sentence="14">industrial</token>
  <token id="400" number="399" sentence="14">products</token>
  <token id="401" number="400" sentence="14">segment</token>
  <token id="402" number="401" sentence="14">,</token>
  <token id="403" number="402" sentence="14">where</token>
  <token id="404" number="403" sentence="14">profit</token>
  <token id="405" number="404" sentence="14">soared</token>
  <token id="406" number="405" sentence="14">to</token>
  <token id="407" number="406" sentence="14">$</token>
  <token id="408" number="407" sentence="14">155</token>
  <token id="409" number="408" sentence="14">million</token>
  <token id="410" number="409" sentence="14">from</token>
  <token id="411" number="410" sentence="14">$</token>
  <token id="412" number="411" sentence="14">99</token>
  <token id="413" number="412" sentence="14">million</token>
  <token id="414" number="413" sentence="14">a</token>
  <token id="415" number="414" sentence="14">year</token>
  <token id="416" number="415" sentence="14">earlier</token>
  <token id="417" number="416" sentence="14">.</token>
  <token id="418" number="417" sentence="15">The</token>
  <token id="419" number="418" sentence="15">company</token>
  <token id="420" number="419" sentence="15">benefited</token>
  <token id="421" number="420" sentence="15">from</token>
  <token id="422" number="421" sentence="15">continued</token>
  <token id="423" number="422" sentence="15">strong</token>
  <token id="424" number="423" sentence="15">demand</token>
  <token id="425" number="424" sentence="15">and</token>
  <token id="426" number="425" sentence="15">higher</token>
  <token id="427" number="426" sentence="15">selling</token>
  <token id="428" number="427" sentence="15">prices</token>
  <token id="429" number="428" sentence="15">for</token>
  <token id="430" number="429" sentence="15">titanium</token>
  <token id="431" number="430" sentence="15">dioxide</token>
  <token id="432" number="431" sentence="15">,</token>
  <token id="433" number="432" sentence="15">a</token>
  <token id="434" number="433" sentence="15">white</token>
  <token id="435" number="434" sentence="15">pigment</token>
  <token id="436" number="435" sentence="15">used</token>
  <token id="437" number="436" sentence="15">in</token>
  <token id="438" number="437" sentence="15">paints</token>
  <token id="439" number="438" sentence="15">,</token>
  <token id="440" number="439" sentence="15">paper</token>
  <token id="441" number="440" sentence="15">and</token>
  <token id="442" number="441" sentence="15">plastics</token>
  <token id="443" number="442" sentence="15">.</token>
  <token id="444" number="443" sentence="16">James</token>
  <token id="445" number="444" sentence="16">Fallon</token>
  <token id="446" number="445" sentence="16">,</token>
  <token id="447" number="446" sentence="16">a</token>
  <token id="448" number="447" sentence="16">New</token>
  <token id="449" number="448" sentence="16">Providence</token>
  <token id="450" number="449" sentence="16">,</token>
  <token id="451" number="450" sentence="16">N.J.,</token>
  <token id="452" number="451" sentence="16">marketing</token>
  <token id="453" number="452" sentence="16">consultant</token>
  <token id="454" number="453" sentence="16">to</token>
  <token id="455" number="454" sentence="16">the</token>
  <token id="456" number="455" sentence="16">chemicals</token>
  <token id="457" number="456" sentence="16">industry</token>
  <token id="458" number="457" sentence="16">,</token>
  <token id="459" number="458" sentence="16">says</token>
  <token id="460" number="459" sentence="16">Du</token>
  <token id="461" number="460" sentence="16">Pont</token>
  <token id="462" number="461" sentence="16">still</token>
  <token id="463" number="462" sentence="16">holds</token>
  <token id="464" number="463" sentence="16">an</token>
  <token id="465" number="464" sentence="16">edge</token>
  <token id="466" number="465" sentence="16">in</token>
  <token id="467" number="466" sentence="16">making</token>
  <token id="468" number="467" sentence="16">the</token>
  <token id="469" number="468" sentence="16">pigment</token>
  <token id="470" number="469" sentence="16">because</token>
  <token id="471" number="470" sentence="16">the</token>
  <token id="472" number="471" sentence="16">company</token>
  <token id="473" number="472" sentence="16">was</token>
  <token id="474" number="473" sentence="16">"</token>
  <token id="475" number="474" sentence="16">first</token>
  <token id="476" number="475" sentence="16">in</token>
  <token id="477" number="476" sentence="16">with</token>
  <token id="478" number="477" sentence="16">the</token>
  <token id="479" number="478" sentence="16">technology</token>
  <token id="480" number="479" sentence="16">"</token>
  <token id="481" number="480" sentence="16">to</token>
  <token id="482" number="481" sentence="16">lower</token>
  <token id="483" number="482" sentence="16">costs</token>
  <token id="484" number="483" sentence="16">.</token>
  <token id="485" number="484" sentence="17">He</token>
  <token id="486" number="485" sentence="17">said</token>
  <token id="487" number="486" sentence="17">Du</token>
  <token id="488" number="487" sentence="17">Pont</token>
  <token id="489" number="488" sentence="17">holds</token>
  <token id="490" number="489" sentence="17">about</token>
  <token id="491" number="490" sentence="17">23</token>
  <token id="492" number="491" sentence="17">%</token>
  <token id="493" number="492" sentence="17">of</token>
  <token id="494" number="493" sentence="17">the</token>
  <token id="495" number="494" sentence="17">world-wide</token>
  <token id="496" number="495" sentence="17">market</token>
  <token id="497" number="496" sentence="17">,</token>
  <token id="498" number="497" sentence="17">the</token>
  <token id="499" number="498" sentence="17">largest</token>
  <token id="500" number="499" sentence="17">single</token>
  <token id="501" number="500" sentence="17">share</token>
  <token id="502" number="501" sentence="17">,</token>
  <token id="503" number="502" sentence="17">at</token>
  <token id="504" number="503" sentence="17">a</token>
  <token id="505" number="504" sentence="17">time</token>
  <token id="506" number="505" sentence="17">when</token>
  <token id="507" number="506" sentence="17">growing</token>
  <token id="508" number="507" sentence="17">uses</token>
  <token id="509" number="508" sentence="17">for</token>
  <token id="510" number="509" sentence="17">the</token>
  <token id="511" number="510" sentence="17">pigment</token>
  <token id="512" number="511" sentence="17">have</token>
  <token id="513" number="512" sentence="17">kept</token>
  <token id="514" number="513" sentence="17">it</token>
  <token id="515" number="514" sentence="17">in</token>
  <token id="516" number="515" sentence="17">tight</token>
  <token id="517" number="516" sentence="17">supply</token>
  <token id="518" number="517" sentence="17">,</token>
  <token id="519" number="518" sentence="17">although</token>
  <token id="520" number="519" sentence="17">others</token>
  <token id="521" number="520" sentence="17">are</token>
  <token id="522" number="521" sentence="17">now</token>
  <token id="523" number="522" sentence="17">adding</token>
  <token id="524" number="523" sentence="17">low-cost</token>
  <token id="525" number="524" sentence="17">production</token>
  <token id="526" number="525" sentence="17">capacity</token>
  <token id="527" number="526" sentence="17">.</token>
  <token id="528" number="527" sentence="18">Profit</token>
  <token id="529" number="528" sentence="18">climbed</token>
  <token id="530" number="529" sentence="18">to</token>
  <token id="531" number="530" sentence="18">$</token>
  <token id="532" number="531" sentence="18">98</token>
  <token id="533" number="532" sentence="18">million</token>
  <token id="534" number="533" sentence="18">from</token>
  <token id="535" number="534" sentence="18">$</token>
  <token id="536" number="535" sentence="18">71</token>
  <token id="537" number="536" sentence="18">million</token>
  <token id="538" number="537" sentence="18">in</token>
  <token id="539" number="538" sentence="18">the</token>
  <token id="540" number="539" sentence="18">petroleum</token>
  <token id="541" number="540" sentence="18">segment</token>
  <token id="542" number="541" sentence="18">,</token>
  <token id="543" number="542" sentence="18">as</token>
  <token id="544" number="543" sentence="18">Du</token>
  <token id="545" number="544" sentence="18">Pont</token>
  <token id="546" number="545" sentence="18">'s</token>
  <token id="547" number="546" sentence="18">Conoco</token>
  <token id="548" number="547" sentence="18">Inc.</token>
  <token id="549" number="548" sentence="18">oil</token>
  <token id="550" number="549" sentence="18">company</token>
  <token id="551" number="550" sentence="18">was</token>
  <token id="552" number="551" sentence="18">helped</token>
  <token id="553" number="552" sentence="18">by</token>
  <token id="554" number="553" sentence="18">crude</token>
  <token id="555" number="554" sentence="18">oil</token>
  <token id="556" number="555" sentence="18">prices</token>
  <token id="557" number="556" sentence="18">higher</token>
  <token id="558" number="557" sentence="18">than</token>
  <token id="559" number="558" sentence="18">a</token>
  <token id="560" number="559" sentence="18">year</token>
  <token id="561" number="560" sentence="18">ago</token>
  <token id="562" number="561" sentence="18">and</token>
  <token id="563" number="562" sentence="18">by</token>
  <token id="564" number="563" sentence="18">higher</token>
  <token id="565" number="564" sentence="18">natural</token>
  <token id="566" number="565" sentence="18">gas</token>
  <token id="567" number="566" sentence="18">prices</token>
  <token id="568" number="567" sentence="18">and</token>
  <token id="569" number="568" sentence="18">volume</token>
  <token id="570" number="569" sentence="18">.</token>
  <token id="571" number="570" sentence="19">In</token>
  <token id="572" number="571" sentence="19">the</token>
  <token id="573" number="572" sentence="19">diversifed</token>
  <token id="574" number="573" sentence="19">businesses</token>
  <token id="575" number="574" sentence="19">segment</token>
  <token id="576" number="575" sentence="19">,</token>
  <token id="577" number="576" sentence="19">which</token>
  <token id="578" number="577" sentence="19">includes</token>
  <token id="579" number="578" sentence="19">herbicides</token>
  <token id="580" number="579" sentence="19">,</token>
  <token id="581" number="580" sentence="19">profit</token>
  <token id="582" number="581" sentence="19">grew</token>
  <token id="583" number="582" sentence="19">to</token>
  <token id="584" number="583" sentence="19">$</token>
  <token id="585" number="584" sentence="19">64</token>
  <token id="586" number="585" sentence="19">million</token>
  <token id="587" number="586" sentence="19">from</token>
  <token id="588" number="587" sentence="19">$</token>
  <token id="589" number="588" sentence="19">27</token>
  <token id="590" number="589" sentence="19">million</token>
  <token id="591" number="590" sentence="19">.</token>
  <token id="592" number="591" sentence="20">A</token>
  <token id="593" number="592" sentence="20">spokesman</token>
  <token id="594" number="593" sentence="20">said</token>
  <token id="595" number="594" sentence="20">herbicide</token>
  <token id="596" number="595" sentence="20">use</token>
  <token id="597" number="596" sentence="20">in</token>
  <token id="598" number="597" sentence="20">some</token>
  <token id="599" number="598" sentence="20">areas</token>
  <token id="600" number="599" sentence="20">of</token>
  <token id="601" number="600" sentence="20">the</token>
  <token id="602" number="601" sentence="20">U.S.</token>
  <token id="603" number="602" sentence="20">was</token>
  <token id="604" number="603" sentence="20">delayed</token>
  <token id="605" number="604" sentence="20">earlier</token>
  <token id="606" number="605" sentence="20">in</token>
  <token id="607" number="606" sentence="20">the</token>
  <token id="608" number="607" sentence="20">year</token>
  <token id="609" number="608" sentence="20">by</token>
  <token id="610" number="609" sentence="20">heavy</token>
  <token id="611" number="610" sentence="20">rains</token>
  <token id="612" number="611" sentence="20">,</token>
  <token id="613" number="612" sentence="20">thus</token>
  <token id="614" number="613" sentence="20">increasing</token>
  <token id="615" number="614" sentence="20">sales</token>
  <token id="616" number="615" sentence="20">in</token>
  <token id="617" number="616" sentence="20">the</token>
  <token id="618" number="617" sentence="20">third</token>
  <token id="619" number="618" sentence="20">quarter</token>
  <token id="620" number="619" sentence="20">.</token>
  <token id="621" number="620" sentence="21">In</token>
  <token id="622" number="621" sentence="21">the</token>
  <token id="623" number="622" sentence="21">fibers</token>
  <token id="624" number="623" sentence="21">segment</token>
  <token id="625" number="624" sentence="21">,</token>
  <token id="626" number="625" sentence="21">profit</token>
  <token id="627" number="626" sentence="21">rose</token>
  <token id="628" number="627" sentence="21">to</token>
  <token id="629" number="628" sentence="21">$</token>
  <token id="630" number="629" sentence="21">180</token>
  <token id="631" number="630" sentence="21">million</token>
  <token id="632" number="631" sentence="21">from</token>
  <token id="633" number="632" sentence="21">$</token>
  <token id="634" number="633" sentence="21">155</token>
  <token id="635" number="634" sentence="21">million</token>
  <token id="636" number="635" sentence="21">,</token>
  <token id="637" number="636" sentence="21">a</token>
  <token id="638" number="637" sentence="21">gain</token>
  <token id="639" number="638" sentence="21">Du</token>
  <token id="640" number="639" sentence="21">Pont</token>
  <token id="641" number="640" sentence="21">attributed</token>
  <token id="642" number="641" sentence="21">to</token>
  <token id="643" number="642" sentence="21">higher</token>
  <token id="644" number="643" sentence="21">demand</token>
  <token id="645" number="644" sentence="21">in</token>
  <token id="646" number="645" sentence="21">the</token>
  <token id="647" number="646" sentence="21">U.S.</token>
  <token id="648" number="647" sentence="21">for</token>
  <token id="649" number="648" sentence="21">most</token>
  <token id="650" number="649" sentence="21">textile</token>
  <token id="651" number="650" sentence="21">products</token>
  <token id="652" number="651" sentence="21">.</token>
  <token id="653" number="652" sentence="22">Two</token>
  <token id="654" number="653" sentence="22">segments</token>
  <token id="655" number="654" sentence="22">posted</token>
  <token id="656" number="655" sentence="22">lower</token>
  <token id="657" number="656" sentence="22">earnings</token>
  <token id="658" number="657" sentence="22">for</token>
  <token id="659" number="658" sentence="22">the</token>
  <token id="660" number="659" sentence="22">quarter</token>
  <token id="661" number="660" sentence="22">.</token>
  <token id="662" number="661" sentence="23">Profit</token>
  <token id="663" number="662" sentence="23">from</token>
  <token id="664" number="663" sentence="23">coal</token>
  <token id="665" number="664" sentence="23">fell</token>
  <token id="666" number="665" sentence="23">to</token>
  <token id="667" number="666" sentence="23">$</token>
  <token id="668" number="667" sentence="23">41</token>
  <token id="669" number="668" sentence="23">million</token>
  <token id="670" number="669" sentence="23">from</token>
  <token id="671" number="670" sentence="23">$</token>
  <token id="672" number="671" sentence="23">58</token>
  <token id="673" number="672" sentence="23">million</token>
  <token id="674" number="673" sentence="23">,</token>
  <token id="675" number="674" sentence="23">partly</token>
  <token id="676" number="675" sentence="23">because</token>
  <token id="677" number="676" sentence="23">of</token>
  <token id="678" number="677" sentence="23">a</token>
  <token id="679" number="678" sentence="23">miners</token>
  <token id="680" number="679" sentence="23">'</token>
  <token id="681" number="680" sentence="23">strike</token>
  <token id="682" number="681" sentence="23">.</token>
  <token id="683" number="682" sentence="24">And</token>
  <token id="684" number="683" sentence="24">profit</token>
  <token id="685" number="684" sentence="24">from</token>
  <token id="686" number="685" sentence="24">polymers</token>
  <token id="687" number="686" sentence="24">dropped</token>
  <token id="688" number="687" sentence="24">to</token>
  <token id="689" number="688" sentence="24">$</token>
  <token id="690" number="689" sentence="24">107</token>
  <token id="691" number="690" sentence="24">million</token>
  <token id="692" number="691" sentence="24">from</token>
  <token id="693" number="692" sentence="24">$</token>
  <token id="694" number="693" sentence="24">122</token>
  <token id="695" number="694" sentence="24">million</token>
  <token id="696" number="695" sentence="24">amid</token>
  <token id="697" number="696" sentence="24">what</token>
  <token id="698" number="697" sentence="24">Du</token>
  <token id="699" number="698" sentence="24">Pont</token>
  <token id="700" number="699" sentence="24">called</token>
  <token id="701" number="700" sentence="24">lower</token>
  <token id="702" number="701" sentence="24">demand</token>
  <token id="703" number="702" sentence="24">and</token>
  <token id="704" number="703" sentence="24">selling</token>
  <token id="705" number="704" sentence="24">prices</token>
  <token id="706" number="705" sentence="24">in</token>
  <token id="707" number="706" sentence="24">certain</token>
  <token id="708" number="707" sentence="24">packaging</token>
  <token id="709" number="708" sentence="24">and</token>
  <token id="710" number="709" sentence="24">industrial</token>
  <token id="711" number="710" sentence="24">markets</token>
  <token id="712" number="711" sentence="24">.</token>
  <token id="713" number="712" sentence="25">For</token>
  <token id="714" number="713" sentence="25">the</token>
  <token id="715" number="714" sentence="25">nine</token>
  <token id="716" number="715" sentence="25">months</token>
  <token id="717" number="716" sentence="25">,</token>
  <token id="718" number="717" sentence="25">Du</token>
  <token id="719" number="718" sentence="25">Pont</token>
  <token id="720" number="719" sentence="25">earned</token>
  <token id="721" number="720" sentence="25">$</token>
  <token id="722" number="721" sentence="25">2</token>
  <token id="723" number="722" sentence="25">billion</token>
  <token id="724" number="723" sentence="25">,</token>
  <token id="725" number="724" sentence="25">or</token>
  <token id="726" number="725" sentence="25">$</token>
  <token id="727" number="726" sentence="25">8.46</token>
  <token id="728" number="727" sentence="25">a</token>
  <token id="729" number="728" sentence="25">share</token>
  <token id="730" number="729" sentence="25">,</token>
  <token id="731" number="730" sentence="25">up</token>
  <token id="732" number="731" sentence="25">18</token>
  <token id="733" number="732" sentence="25">%</token>
  <token id="734" number="733" sentence="25">from</token>
  <token id="735" number="734" sentence="25">$</token>
  <token id="736" number="735" sentence="25">1.69</token>
  <token id="737" number="736" sentence="25">billion</token>
  <token id="738" number="737" sentence="25">,</token>
  <token id="739" number="738" sentence="25">or</token>
  <token id="740" number="739" sentence="25">$</token>
  <token id="741" number="740" sentence="25">7.03</token>
  <token id="742" number="741" sentence="25">a</token>
  <token id="743" number="742" sentence="25">share</token>
  <token id="744" number="743" sentence="25">,</token>
  <token id="745" number="744" sentence="25">a</token>
  <token id="746" number="745" sentence="25">year</token>
  <token id="747" number="746" sentence="25">earlier</token>
  <token id="748" number="747" sentence="25">.</token>
  <token id="749" number="748" sentence="26">Sales</token>
  <token id="750" number="749" sentence="26">increased</token>
  <token id="751" number="750" sentence="26">10</token>
  <token id="752" number="751" sentence="26">%</token>
  <token id="753" number="752" sentence="26">to</token>
  <token id="754" number="753" sentence="26">$</token>
  <token id="755" number="754" sentence="26">26.54</token>
  <token id="756" number="755" sentence="26">billion</token>
  <token id="757" number="756" sentence="26">from</token>
  <token id="758" number="757" sentence="26">$</token>
  <token id="759" number="758" sentence="26">24.05</token>
  <token id="760" number="759" sentence="26">billion</token>
  <token id="761" number="760" sentence="26">.</token>
  <token id="762" number="761" sentence="27">The</token>
  <token id="763" number="762" sentence="27">increased</token>
  <token id="764" number="763" sentence="27">dividend</token>
  <token id="765" number="764" sentence="27">will</token>
  <token id="766" number="765" sentence="27">be</token>
  <token id="767" number="766" sentence="27">paid</token>
  <token id="768" number="767" sentence="27">Dec</token>
  <token id="769" number="768" sentence="27">.</token>
  <token id="770" number="769" sentence="27">14</token>
  <token id="771" number="770" sentence="27">to</token>
  <token id="772" number="771" sentence="27">holders</token>
  <token id="773" number="772" sentence="27">of</token>
  <token id="774" number="773" sentence="27">record</token>
  <token id="775" number="774" sentence="27">Nov</token>
  <token id="776" number="775" sentence="27">.</token>
  <token id="777" number="776" sentence="27">15</token>
  <token id="778" number="777" sentence="27">.</token>
  <token id="779" number="778" sentence="28">The</token>
  <token id="780" number="779" sentence="28">stock</token>
  <token id="781" number="780" sentence="28">split</token>
  <token id="782" number="781" sentence="28">,</token>
  <token id="783" number="782" sentence="28">which</token>
  <token id="784" number="783" sentence="28">is</token>
  <token id="785" number="784" sentence="28">subject</token>
  <token id="786" number="785" sentence="28">to</token>
  <token id="787" number="786" sentence="28">holder</token>
  <token id="788" number="787" sentence="28">approval</token>
  <token id="789" number="788" sentence="28">,</token>
  <token id="790" number="789" sentence="28">would</token>
  <token id="791" number="790" sentence="28">be</token>
  <token id="792" number="791" sentence="28">paid</token>
  <token id="793" number="792" sentence="28">on</token>
  <token id="794" number="793" sentence="28">a</token>
  <token id="795" number="794" sentence="28">still</token>
  <token id="796" number="795" sentence="28">unspecified</token>
  <token id="797" number="796" sentence="28">date</token>
  <token id="798" number="797" sentence="28">in</token>
  <token id="799" number="798" sentence="28">January</token>
  <token id="800" number="799" sentence="28">to</token>
  <token id="801" number="800" sentence="28">holders</token>
  <token id="802" number="801" sentence="28">of</token>
  <token id="803" number="802" sentence="28">record</token>
  <token id="804" number="803" sentence="28">Dec</token>
  <token id="805" number="804" sentence="28">.</token>
  <token id="806" number="805" sentence="28">21</token>
  <token id="807" number="806" sentence="28">.</token>
</Document>
