<Document doc_name="wsj_0124">
  <Markables>
    <TIMEX3 RELATED_TO="" TAG_DESCRIPTOR="Empty_Mark" beginPoint="" comment="" endPoint="" freq="" functionInDocument="CREATION_TIME" id="0" quant="" type="DATE" value="1989-11-02" />
    <EVENT aspect="NONE" certainty="" class="I_ACTION" comment="" factuality="" id="1" modality="NONE" polarity="POS" pos="VERB" tense="PAST">
      <token_anchor id="15" />
    </EVENT>
    <EVENT aspect="NONE" certainty="" class="OCCURRENCE" comment="" factuality="" id="2" modality="NONE" polarity="POS" pos="NOUN" tense="NONE">
      <token_anchor id="36" />
    </EVENT>
    <EVENT aspect="NONE" certainty="" class="ASPECTUAL" comment="" factuality="" id="3" modality="NONE" polarity="POS" pos="VERB" tense="PRESENT">
      <token_anchor id="37" />
    </EVENT>
    <EVENT aspect="NONE" certainty="" class="ASPECTUAL" comment="" factuality="" id="4" modality="NONE" polarity="POS" pos="NOUN" tense="NONE">
      <token_anchor id="38" />
    </EVENT>
    <TIMEX3 anchorTimeID="0" beginPoint="" comment="" endPoint="" freq="" functionInDocument="NONE" id="5" quant="" type="DATE" value="1989-11-13">
      <token_anchor id="39" />
      <token_anchor id="40" />
      <token_anchor id="41" />
    </TIMEX3>
    <EVENT aspect="NONE" certainty="" class="ASPECTUAL" comment="" factuality="" id="6" modality="NONE" polarity="POS" pos="VERB" tense="PRESENT">
      <token_anchor id="44" />
    </EVENT>
    <EVENT aspect="NONE" certainty="" class="ASPECTUAL" comment="" factuality="" id="7" modality="NONE" polarity="POS" pos="VERB" tense="PAST">
      <token_anchor id="50" />
    </EVENT>
    <TIMEX3 beginPoint="" comment="" endPoint="" freq="" functionInDocument="NONE" id="8" quant="" type="DATE" value="1989-03">
      <token_anchor id="60" />
    </TIMEX3>
    <EVENT aspect="NONE" certainty="" class="REPORTING" comment="" factuality="" id="9" modality="NONE" polarity="POS" pos="VERB" tense="PAST">
      <token_anchor id="77" />
    </EVENT>
    <TIMEX3 anchorTimeID="0" beginPoint="" comment="" endPoint="" freq="" functionInDocument="NONE" id="10" quant="" type="DATE" value="1989-Q3">
      <token_anchor id="79" />
    </TIMEX3>
    <EVENT aspect="NONE" certainty="" class="OCCURRENCE" comment="" factuality="" id="11" modality="NONE" polarity="POS" pos="NOUN" tense="NONE">
      <token_anchor id="81" />
    </EVENT>
    <EVENT aspect="NONE" certainty="" class="OCCURRENCE" comment="" factuality="" id="12" modality="NONE" polarity="POS" pos="NOUN" tense="NONE">
      <token_anchor id="95" />
    </EVENT>
    <TIMEX3 anchorTimeID="10" beginPoint="" comment="" endPoint="" freq="" functionInDocument="NONE" id="13" quant="" type="DATE" value="1988-Q3">
      <token_anchor id="107" />
      <token_anchor id="108" />
      <token_anchor id="109" />
    </TIMEX3>
    <EVENT aspect="NONE" certainty="" class="OCCURRENCE" comment="" factuality="" id="14" modality="NONE" polarity="POS" pos="NOUN" tense="NONE">
      <token_anchor id="113" />
    </EVENT>
    <EVENT aspect="NONE" certainty="" class="REPORTING" comment="" factuality="" id="15" modality="NONE" polarity="POS" pos="VERB" tense="PRESENT">
      <token_anchor id="114" />
    </EVENT>
    <EVENT aspect="NONE" certainty="" class="OCCURRENCE" comment="" factuality="" id="16" modality="NONE" polarity="POS" pos="NOUN" tense="NONE">
      <token_anchor id="117" />
    </EVENT>
    <EVENT aspect="NONE" certainty="" class="REPORTING" comment="" factuality="" id="17" modality="NONE" polarity="POS" pos="VERB" tense="PAST">
      <token_anchor id="130" />
    </EVENT>
    <EVENT aspect="NONE" certainty="" class="OCCURRENCE" comment="" factuality="" id="18" modality="potential" polarity="POS" pos="NOUN" tense="NONE">
      <token_anchor id="142" />
    </EVENT>
    <EVENT aspect="NONE" certainty="" class="ASPECTUAL" comment="" factuality="" id="19" modality="NONE" polarity="POS" pos="VERB" tense="PAST">
      <token_anchor id="146" />
    </EVENT>
    <TIMEX3 beginPoint="" comment="" endPoint="" freq="" functionInDocument="NONE" id="20" quant="" type="DATE" value="1989-11-27">
      <token_anchor id="148" />
      <token_anchor id="149" />
      <token_anchor id="150" />
      <token_anchor id="151" />
      <token_anchor id="152" />
    </TIMEX3>
    <EVENT aspect="NONE" certainty="" class="OCCURRENCE" comment="" factuality="" id="21" modality="NONE" polarity="POS" pos="NOUN" tense="NONE">
      <token_anchor id="158" />
    </EVENT>
    <EVENT aspect="NONE" certainty="" class="OCCURRENCE" comment="" factuality="" id="22" modality="NONE" polarity="POS" pos="VERB" tense="PAST">
      <token_anchor id="160" />
    </EVENT>
    <C-SIGNAL id="23">
      <token_anchor id="161" />
    </C-SIGNAL>
    <EVENT aspect="NONE" certainty="" class="OCCURRENCE" comment="" factuality="" id="24" modality="NONE" polarity="POS" pos="NOUN" tense="NONE">
      <token_anchor id="163" />
    </EVENT>
    <EVENT aspect="NONE" certainty="" class="OCCURRENCE" comment="" factuality="" id="25" modality="NONE" polarity="POS" pos="VERB" tense="PAST">
      <token_anchor id="181" />
    </EVENT>
    <TIMEX3 anchorTimeID="0" beginPoint="" comment="" endPoint="" freq="" functionInDocument="NONE" id="26" quant="" type="DATE" value="1989-11-01">
      <token_anchor id="182" />
    </TIMEX3>
  </Markables>
  <Relations>
    <TLINK comment="" id="1" relType="AFTER">
      <source id="0" />
      <target id="1" />
    </TLINK>
    <TLINK comment="" id="2" relType="BEFORE">
      <source id="1" />
      <target id="6" />
    </TLINK>
    <TLINK comment="" id="3" relType="IDENTITY">
      <source id="2" />
      <target id="1" />
    </TLINK>
    <TLINK comment="" id="4" relType="IDENTITY">
      <source id="3" />
      <target id="4" />
    </TLINK>
    <TLINK comment="" id="5" relType="IS_INCLUDED">
      <source id="4" />
      <target id="5" />
    </TLINK>
    <TLINK comment="" id="6" relType="AFTER">
      <source id="5" />
      <target id="0" />
    </TLINK>
    <TLINK comment="" id="7" relType="IS_INCLUDED">
      <source id="6" />
      <target id="5" />
    </TLINK>
    <TLINK comment="" id="8" relType="AFTER">
      <source id="6" />
      <target id="7" />
    </TLINK>
    <TLINK comment="" id="9" relType="IS_INCLUDED">
      <source id="7" />
      <target id="8" />
    </TLINK>
    <TLINK comment="" id="10" relType="BEFORE">
      <source id="8" />
      <target id="0" />
    </TLINK>
    <TLINK comment="" id="11" relType="IS_INCLUDED">
      <source id="9" />
      <target id="0" />
    </TLINK>
    <TLINK comment="" id="12" relType="BEFORE">
      <source id="10" />
      <target id="0" />
    </TLINK>
    <TLINK comment="" id="13" relType="ENDS">
      <source id="11" />
      <target id="10" />
    </TLINK>
    <TLINK comment="" id="14" relType="ENDS">
      <source id="12" />
      <target id="13" />
    </TLINK>
    <TLINK comment="" id="15" relType="BEFORE">
      <source id="13" />
      <target id="10" />
    </TLINK>
    <TLINK comment="" id="16" relType="SIMULTANEOUS">
      <source id="14" />
      <target id="11" />
    </TLINK>
    <TLINK comment="" id="17" relType="BEFORE">
      <source id="18" />
      <target id="20" />
    </TLINK>
    <TLINK comment="" id="18" relType="IS_INCLUDED">
      <source id="19" />
      <target id="20" />
    </TLINK>
    <TLINK comment="" id="19" relType="BEFORE">
      <source id="20" />
      <target id="0" />
    </TLINK>
    <TLINK comment="" id="20" relType="SIMULTANEOUS">
      <source id="21" />
      <target id="14" />
    </TLINK>
    <TLINK comment="" id="21" relType="BEFORE">
      <source id="24" />
      <target id="22" />
    </TLINK>
    <CLINK c-signalID="23" comment="" id="22">
      <source id="24" />
      <target id="22" />
    </CLINK>
    <TLINK comment="" id="23" relType="IS_INCLUDED">
      <source id="25" />
      <target id="26" />
    </TLINK>
    <TLINK comment="" id="24" relType="BEFORE">
      <source id="26" />
      <target id="0" />
    </TLINK>
  </Relations>
  <token id="1" number="0" sentence="0">William</token>
  <token id="2" number="1" sentence="0">C.</token>
  <token id="3" number="2" sentence="0">Walbrecher</token>
  <token id="4" number="3" sentence="0">Jr.,</token>
  <token id="5" number="4" sentence="0">an</token>
  <token id="6" number="5" sentence="0">executive</token>
  <token id="7" number="6" sentence="0">at</token>
  <token id="8" number="7" sentence="0">San</token>
  <token id="9" number="8" sentence="0">Francisco-based</token>
  <token id="10" number="9" sentence="0">1st</token>
  <token id="11" number="10" sentence="0">Nationwide</token>
  <token id="12" number="11" sentence="0">Bank</token>
  <token id="13" number="12" sentence="0">,</token>
  <token id="14" number="13" sentence="0">was</token>
  <token id="15" number="14" sentence="0">named</token>
  <token id="16" number="15" sentence="0">president</token>
  <token id="17" number="16" sentence="0">and</token>
  <token id="18" number="17" sentence="0">chief</token>
  <token id="19" number="18" sentence="0">executive</token>
  <token id="20" number="19" sentence="0">officer</token>
  <token id="21" number="20" sentence="0">of</token>
  <token id="22" number="21" sentence="0">Citadel</token>
  <token id="23" number="22" sentence="0">Holding</token>
  <token id="24" number="23" sentence="0">Corp.</token>
  <token id="25" number="24" sentence="0">and</token>
  <token id="26" number="25" sentence="0">its</token>
  <token id="27" number="26" sentence="0">principal</token>
  <token id="28" number="27" sentence="0">operating</token>
  <token id="29" number="28" sentence="0">unit</token>
  <token id="30" number="29" sentence="0">,</token>
  <token id="31" number="30" sentence="0">Fidelity</token>
  <token id="32" number="31" sentence="0">Federal</token>
  <token id="33" number="32" sentence="0">Bank</token>
  <token id="34" number="33" sentence="0">.</token>
  <token id="35" number="34" sentence="1">The</token>
  <token id="36" number="35" sentence="1">appointment</token>
  <token id="37" number="36" sentence="1">takes</token>
  <token id="38" number="37" sentence="1">effect</token>
  <token id="39" number="38" sentence="1">Nov</token>
  <token id="40" number="39" sentence="1">.</token>
  <token id="41" number="40" sentence="1">13</token>
  <token id="42" number="41" sentence="1">.</token>
  <token id="43" number="42" sentence="2">He</token>
  <token id="44" number="43" sentence="2">succeeds</token>
  <token id="45" number="44" sentence="2">James</token>
  <token id="46" number="45" sentence="2">A.</token>
  <token id="47" number="46" sentence="2">Taylor</token>
  <token id="48" number="47" sentence="2">,</token>
  <token id="49" number="48" sentence="2">who</token>
  <token id="50" number="49" sentence="2">stepped</token>
  <token id="51" number="50" sentence="2">down</token>
  <token id="52" number="51" sentence="2">as</token>
  <token id="53" number="52" sentence="2">chairman</token>
  <token id="54" number="53" sentence="2">,</token>
  <token id="55" number="54" sentence="2">president</token>
  <token id="56" number="55" sentence="2">and</token>
  <token id="57" number="56" sentence="2">chief</token>
  <token id="58" number="57" sentence="2">executive</token>
  <token id="59" number="58" sentence="2">in</token>
  <token id="60" number="59" sentence="2">March</token>
  <token id="61" number="60" sentence="2">for</token>
  <token id="62" number="61" sentence="2">health</token>
  <token id="63" number="62" sentence="2">reasons</token>
  <token id="64" number="63" sentence="2">.</token>
  <token id="65" number="64" sentence="3">Edward</token>
  <token id="66" number="65" sentence="3">L.</token>
  <token id="67" number="66" sentence="3">Kane</token>
  <token id="68" number="67" sentence="3">succeeded</token>
  <token id="69" number="68" sentence="3">Mr.</token>
  <token id="70" number="69" sentence="3">Taylor</token>
  <token id="71" number="70" sentence="3">as</token>
  <token id="72" number="71" sentence="3">chairman</token>
  <token id="73" number="72" sentence="3">.</token>
  <token id="74" number="73" sentence="4">Separately</token>
  <token id="75" number="74" sentence="4">,</token>
  <token id="76" number="75" sentence="4">Citadel</token>
  <token id="77" number="76" sentence="4">posted</token>
  <token id="78" number="77" sentence="4">a</token>
  <token id="79" number="78" sentence="4">third-quarter</token>
  <token id="80" number="79" sentence="4">net</token>
  <token id="81" number="80" sentence="4">loss</token>
  <token id="82" number="81" sentence="4">of</token>
  <token id="83" number="82" sentence="4">$</token>
  <token id="84" number="83" sentence="4">2.3</token>
  <token id="85" number="84" sentence="4">million</token>
  <token id="86" number="85" sentence="4">,</token>
  <token id="87" number="86" sentence="4">or</token>
  <token id="88" number="87" sentence="4">68</token>
  <token id="89" number="88" sentence="4">cents</token>
  <token id="90" number="89" sentence="4">a</token>
  <token id="91" number="90" sentence="4">share</token>
  <token id="92" number="91" sentence="4">,</token>
  <token id="93" number="92" sentence="4">versus</token>
  <token id="94" number="93" sentence="4">net</token>
  <token id="95" number="94" sentence="4">income</token>
  <token id="96" number="95" sentence="4">of</token>
  <token id="97" number="96" sentence="4">$</token>
  <token id="98" number="97" sentence="4">5.3</token>
  <token id="99" number="98" sentence="4">million</token>
  <token id="100" number="99" sentence="4">,</token>
  <token id="101" number="100" sentence="4">or</token>
  <token id="102" number="101" sentence="4">$</token>
  <token id="103" number="102" sentence="4">1.61</token>
  <token id="104" number="103" sentence="4">a</token>
  <token id="105" number="104" sentence="4">share</token>
  <token id="106" number="105" sentence="4">,</token>
  <token id="107" number="106" sentence="4">a</token>
  <token id="108" number="107" sentence="4">year</token>
  <token id="109" number="108" sentence="4">earlier</token>
  <token id="110" number="109" sentence="4">.</token>
  <token id="111" number="110" sentence="5">The</token>
  <token id="112" number="111" sentence="5">latest</token>
  <token id="113" number="112" sentence="5">results</token>
  <token id="114" number="113" sentence="5">include</token>
  <token id="115" number="114" sentence="5">some</token>
  <token id="116" number="115" sentence="5">unusual</token>
  <token id="117" number="116" sentence="5">write-downs</token>
  <token id="118" number="117" sentence="5">,</token>
  <token id="119" number="118" sentence="5">which</token>
  <token id="120" number="119" sentence="5">had</token>
  <token id="121" number="120" sentence="5">an</token>
  <token id="122" number="121" sentence="5">after-tax</token>
  <token id="123" number="122" sentence="5">impact</token>
  <token id="124" number="123" sentence="5">of</token>
  <token id="125" number="124" sentence="5">$</token>
  <token id="126" number="125" sentence="5">4.9</token>
  <token id="127" number="126" sentence="5">million</token>
  <token id="128" number="127" sentence="5">.</token>
  <token id="129" number="128" sentence="6">Those</token>
  <token id="130" number="129" sentence="6">included</token>
  <token id="131" number="130" sentence="6">costs</token>
  <token id="132" number="131" sentence="6">associated</token>
  <token id="133" number="132" sentence="6">with</token>
  <token id="134" number="133" sentence="6">the</token>
  <token id="135" number="134" sentence="6">potential</token>
  <token id="136" number="135" sentence="6">Valley</token>
  <token id="137" number="136" sentence="6">Federal</token>
  <token id="138" number="137" sentence="6">Savings</token>
  <token id="139" number="138" sentence="6">and</token>
  <token id="140" number="139" sentence="6">Loan</token>
  <token id="141" number="140" sentence="6">Association</token>
  <token id="142" number="141" sentence="6">acquisition</token>
  <token id="143" number="142" sentence="6">,</token>
  <token id="144" number="143" sentence="6">which</token>
  <token id="145" number="144" sentence="6">was</token>
  <token id="146" number="145" sentence="6">terminated</token>
  <token id="147" number="146" sentence="6">on</token>
  <token id="148" number="147" sentence="6">Sept</token>
  <token id="149" number="148" sentence="6">.</token>
  <token id="150" number="149" sentence="6">27</token>
  <token id="151" number="150" sentence="6">,</token>
  <token id="152" number="151" sentence="6">1989</token>
  <token id="153" number="152" sentence="6">.</token>
  <token id="154" number="153" sentence="7">In</token>
  <token id="155" number="154" sentence="7">addition</token>
  <token id="156" number="155" sentence="7">,</token>
  <token id="157" number="156" sentence="7">operating</token>
  <token id="158" number="157" sentence="7">results</token>
  <token id="159" number="158" sentence="7">were</token>
  <token id="160" number="159" sentence="7">hit</token>
  <token id="161" number="160" sentence="7">by</token>
  <token id="162" number="161" sentence="7">an</token>
  <token id="163" number="162" sentence="7">increase</token>
  <token id="164" number="163" sentence="7">in</token>
  <token id="165" number="164" sentence="7">loan</token>
  <token id="166" number="165" sentence="7">and</token>
  <token id="167" number="166" sentence="7">real</token>
  <token id="168" number="167" sentence="7">estate</token>
  <token id="169" number="168" sentence="7">loss</token>
  <token id="170" number="169" sentence="7">reserves</token>
  <token id="171" number="170" sentence="7">.</token>
  <token id="172" number="171" sentence="8">In</token>
  <token id="173" number="172" sentence="8">American</token>
  <token id="174" number="173" sentence="8">Stock</token>
  <token id="175" number="174" sentence="8">Exchange</token>
  <token id="176" number="175" sentence="8">composite</token>
  <token id="177" number="176" sentence="8">trading</token>
  <token id="178" number="177" sentence="8">,</token>
  <token id="179" number="178" sentence="8">Citadel</token>
  <token id="180" number="179" sentence="8">shares</token>
  <token id="181" number="180" sentence="8">closed</token>
  <token id="182" number="181" sentence="8">yesterday</token>
  <token id="183" number="182" sentence="8">at</token>
  <token id="184" number="183" sentence="8">$</token>
  <token id="185" number="184" sentence="8">45.75</token>
  <token id="186" number="185" sentence="8">,</token>
  <token id="187" number="186" sentence="8">down</token>
  <token id="188" number="187" sentence="8">25</token>
  <token id="189" number="188" sentence="8">cents</token>
  <token id="190" number="189" sentence="8">.</token>
</Document>
