<Document doc_name="wsj_0805">
  <Markables>
    <TIMEX3 RELATED_TO="" TAG_DESCRIPTOR="Empty_Mark" beginPoint="" comment="" endPoint="" freq="" functionInDocument="CREATION_TIME" id="0" quant="" type="DATE" value="1989-10-27" />
    <EVENT aspect="NONE" certainty="" class="REPORTING" comment="" factuality="" id="1" modality="NONE" polarity="POS" pos="VERB" tense="PAST">
      <token_anchor id="4" />
    </EVENT>
    <EVENT aspect="NONE" certainty="" class="I_ACTION" comment="" factuality="" id="2" modality="would" polarity="POS" pos="VERB" tense="NONE">
      <token_anchor id="7" />
    </EVENT>
    <TIMEX3 anchorTimeID="0" beginPoint="" comment="" endPoint="" freq="" functionInDocument="NONE" id="3" quant="" type="DATE" value="1989-10-27">
      <token_anchor id="11" />
    </TIMEX3>
    <EVENT aspect="NONE" certainty="" class="OCCURRENCE" comment="" factuality="" id="4" modality="NONE" polarity="POS" pos="VERB" tense="PRESENT">
      <token_anchor id="18" />
    </EVENT>
    <TIMEX3 anchorTimeID="0" beginPoint="" comment="" endPoint="" freq="" functionInDocument="NONE" id="5" quant="" type="DATE" value="1989-11-01">
      <token_anchor id="25" />
      <token_anchor id="26" />
      <token_anchor id="27" />
    </TIMEX3>
    <EVENT aspect="NONE" certainty="" class="ASPECTUAL" comment="" factuality="" id="6" modality="NONE" polarity="POS" pos="VERB" tense="PAST">
      <token_anchor id="37" />
    </EVENT>
    <EVENT aspect="NONE" certainty="" class="OCCURRENCE" comment="" factuality="" id="7" modality="NONE" polarity="POS" pos="VERB" tense="PRESPART">
      <token_anchor id="38" />
    </EVENT>
    <TIMEX3 anchorTimeID="0" beginPoint="" comment="" endPoint="" freq="" functionInDocument="NONE" id="8" quant="" type="DATE" value="1984-Q3">
      <token_anchor id="42" />
      <token_anchor id="43" />
      <token_anchor id="44" />
      <token_anchor id="45" />
      <token_anchor id="46" />
    </TIMEX3>
    <C-SIGNAL id="9">
      <token_anchor id="47" />
      <token_anchor id="48" />
    </C-SIGNAL>
    <EVENT aspect="NONE" certainty="" class="OCCURRENCE" comment="" factuality="" id="10" modality="NONE" polarity="POS" pos="NOUN" tense="NONE">
      <token_anchor id="49" />
    </EVENT>
    <EVENT aspect="NONE" certainty="" class="REPORTING" comment="" factuality="" id="11" modality="NONE" polarity="POS" pos="VERB" tense="PAST">
      <token_anchor id="60" />
    </EVENT>
    <TIMEX3 anchorTimeID="0" beginPoint="" comment="" endPoint="" freq="" functionInDocument="NONE" id="12" quant="" type="DATE" value="1989-Q3">
      <token_anchor id="61" />
    </TIMEX3>
    <EVENT aspect="NONE" certainty="" class="STATE" comment="" factuality="" id="13" modality="NONE" polarity="POS" pos="NOUN" tense="NONE">
      <token_anchor id="74" />
    </EVENT>
    <TIMEX3 anchorTimeID="12" beginPoint="" comment="" endPoint="" freq="" functionInDocument="NONE" id="14" quant="" type="DATE" value="1988-Q3">
      <token_anchor id="86" />
      <token_anchor id="87" />
      <token_anchor id="88" />
    </TIMEX3>
  </Markables>
  <Relations>
    <TLINK comment="" id="1" relType="AFTER">
      <source id="0" />
      <target id="5" />
    </TLINK>
    <TLINK comment="" id="2" relType="BEFORE">
      <source id="1" />
      <target id="0" />
    </TLINK>
    <TLINK comment="" id="3" relType="IS_INCLUDED">
      <source id="2" />
      <target id="0" />
    </TLINK>
    <TLINK comment="" id="4" relType="IDENTITY">
      <source id="3" />
      <target id="0" />
    </TLINK>
    <TLINK comment="" id="5" relType="IS_INCLUDED">
      <source id="4" />
      <target id="5" />
    </TLINK>
    <TLINK comment="" id="6" relType="IS_INCLUDED">
      <source id="6" />
      <target id="8" />
    </TLINK>
    <TLINK comment="" id="7" relType="IS_INCLUDED">
      <source id="7" />
      <target id="8" />
    </TLINK>
    <TLINK comment="" id="8" relType="BEFORE">
      <source id="8" />
      <target id="0" />
    </TLINK>
    <TLINK comment="" id="9" relType="BEFORE">
      <source id="10" />
      <target id="6" />
    </TLINK>
    <CLINK c-signalID="9" comment="" id="10">
      <source id="10" />
      <target id="6" />
    </CLINK>
    <TLINK comment="" id="11" relType="BEFORE">
      <source id="11" />
      <target id="0" />
    </TLINK>
    <TLINK comment="" id="12" relType="BEFORE">
      <source id="14" />
      <target id="12" />
    </TLINK>
  </Relations>
  <token id="1" number="0" sentence="0">CMS</token>
  <token id="2" number="1" sentence="0">ENERGY</token>
  <token id="3" number="2" sentence="0">Corp.</token>
  <token id="4" number="3" sentence="0">said</token>
  <token id="5" number="4" sentence="0">management</token>
  <token id="6" number="5" sentence="0">would</token>
  <token id="7" number="6" sentence="0">recommend</token>
  <token id="8" number="7" sentence="0">to</token>
  <token id="9" number="8" sentence="0">its</token>
  <token id="10" number="9" sentence="0">board</token>
  <token id="11" number="10" sentence="0">today</token>
  <token id="12" number="11" sentence="0">that</token>
  <token id="13" number="12" sentence="0">its</token>
  <token id="14" number="13" sentence="0">common</token>
  <token id="15" number="14" sentence="0">stock</token>
  <token id="16" number="15" sentence="0">dividend</token>
  <token id="17" number="16" sentence="0">be</token>
  <token id="18" number="17" sentence="0">reinstated</token>
  <token id="19" number="18" sentence="0">at</token>
  <token id="20" number="19" sentence="0">a</token>
  <token id="21" number="20" sentence="0">"</token>
  <token id="22" number="21" sentence="0">modest</token>
  <token id="23" number="22" sentence="0">level</token>
  <token id="24" number="23" sentence="0">"</token>
  <token id="25" number="24" sentence="0">later</token>
  <token id="26" number="25" sentence="0">this</token>
  <token id="27" number="26" sentence="0">year</token>
  <token id="28" number="27" sentence="0">.</token>
  <token id="29" number="28" sentence="1">The</token>
  <token id="30" number="29" sentence="1">Dearborn</token>
  <token id="31" number="30" sentence="1">,</token>
  <token id="32" number="31" sentence="1">Mich</token>
  <token id="33" number="32" sentence="1">.</token>
  <token id="34" number="33" sentence="1">,</token>
  <token id="35" number="34" sentence="1">energy</token>
  <token id="36" number="35" sentence="1">company</token>
  <token id="37" number="36" sentence="1">stopped</token>
  <token id="38" number="37" sentence="1">paying</token>
  <token id="39" number="38" sentence="1">a</token>
  <token id="40" number="39" sentence="1">dividend</token>
  <token id="41" number="40" sentence="1">in</token>
  <token id="42" number="41" sentence="1">the</token>
  <token id="43" number="42" sentence="1">third</token>
  <token id="44" number="43" sentence="1">quarter</token>
  <token id="45" number="44" sentence="1">of</token>
  <token id="46" number="45" sentence="1">1984</token>
  <token id="47" number="46" sentence="1">because</token>
  <token id="48" number="47" sentence="1">of</token>
  <token id="49" number="48" sentence="1">troubles</token>
  <token id="50" number="49" sentence="1">at</token>
  <token id="51" number="50" sentence="1">its</token>
  <token id="52" number="51" sentence="1">Midland</token>
  <token id="53" number="52" sentence="1">nuclear</token>
  <token id="54" number="53" sentence="1">plant</token>
  <token id="55" number="54" sentence="1">.</token>
  <token id="56" number="55" sentence="2">In</token>
  <token id="57" number="56" sentence="2">addition</token>
  <token id="58" number="57" sentence="2">,</token>
  <token id="59" number="58" sentence="2">CMS</token>
  <token id="60" number="59" sentence="2">reported</token>
  <token id="61" number="60" sentence="2">third-quarter</token>
  <token id="62" number="61" sentence="2">net</token>
  <token id="63" number="62" sentence="2">of</token>
  <token id="64" number="63" sentence="2">$</token>
  <token id="65" number="64" sentence="2">68.2</token>
  <token id="66" number="65" sentence="2">million</token>
  <token id="67" number="66" sentence="2">,</token>
  <token id="68" number="67" sentence="2">or</token>
  <token id="69" number="68" sentence="2">83</token>
  <token id="70" number="69" sentence="2">cents</token>
  <token id="71" number="70" sentence="2">a</token>
  <token id="72" number="71" sentence="2">share</token>
  <token id="73" number="72" sentence="2">,</token>
  <token id="74" number="73" sentence="2">up</token>
  <token id="75" number="74" sentence="2">from</token>
  <token id="76" number="75" sentence="2">$</token>
  <token id="77" number="76" sentence="2">66.8</token>
  <token id="78" number="77" sentence="2">million</token>
  <token id="79" number="78" sentence="2">,</token>
  <token id="80" number="79" sentence="2">or</token>
  <token id="81" number="80" sentence="2">81</token>
  <token id="82" number="81" sentence="2">cents</token>
  <token id="83" number="82" sentence="2">a</token>
  <token id="84" number="83" sentence="2">share</token>
  <token id="85" number="84" sentence="2">,</token>
  <token id="86" number="85" sentence="2">a</token>
  <token id="87" number="86" sentence="2">year</token>
  <token id="88" number="87" sentence="2">ago</token>
  <token id="89" number="88" sentence="2">.</token>
</Document>
