<Document doc_name="wsj_0356">
  <Markables>
    <TIMEX3 RELATED_TO="" TAG_DESCRIPTOR="Empty_Mark" beginPoint="" comment="" endPoint="" freq="" functionInDocument="CREATION_TIME" id="0" quant="" type="DATE" value="1989-11-01" />
    <EVENT aspect="NONE" certainty="" class="REPORTING" comment="" factuality="" id="1" modality="NONE" polarity="POS" pos="VERB" tense="PAST">
      <token_anchor id="4" />
    </EVENT>
    <EVENT aspect="NONE" certainty="" class="OCCURRENCE" comment="" factuality="" id="2" modality="NONE" polarity="POS" pos="VERB" tense="PAST">
      <token_anchor id="6" />
    </EVENT>
    <EVENT aspect="NONE" certainty="" class="OCCURRENCE" comment="" factuality="" id="3" modality="NONE" polarity="POS" pos="VERB" tense="INFINITIVE">
      <token_anchor id="12" />
    </EVENT>
    <EVENT aspect="NONE" certainty="" class="OCCURRENCE" comment="" factuality="" id="4" modality="NONE" polarity="POS" pos="NOUN" tense="NONE">
      <token_anchor id="19" />
    </EVENT>
    <TIMEX3 anchorTimeID="0" beginPoint="" comment="" endPoint="" freq="" functionInDocument="NONE" id="5" quant="" type="DATE" value="1989-11">
      <token_anchor id="56" />
      <token_anchor id="57" />
      <token_anchor id="58" />
    </TIMEX3>
    <EVENT aspect="NONE" certainty="" class="REPORTING" comment="" factuality="" id="6" modality="NONE" polarity="POS" pos="VERB" tense="PAST">
      <token_anchor id="84" />
    </EVENT>
    <EVENT aspect="NONE" certainty="" class="STATE" comment="" factuality="" id="7" modality="NONE" polarity="POS" pos="VERB" tense="PAST">
      <token_anchor id="86" />
    </EVENT>
    <EVENT aspect="NONE" certainty="" class="I_STATE" comment="" factuality="" id="8" modality="NONE" polarity="POS" pos="VERB" tense="PAST">
      <token_anchor id="103" />
    </EVENT>
    <EVENT aspect="NONE" certainty="" class="I_ACTION" comment="" factuality="" id="9" modality="NONE" polarity="POS" pos="VERB" tense="INFINITIVE">
      <token_anchor id="105" />
    </EVENT>
    <EVENT aspect="NONE" certainty="" class="REPORTING" comment="" factuality="" id="10" modality="NONE" polarity="POS" pos="VERB" tense="PAST">
      <token_anchor id="118" />
    </EVENT>
    <EVENT aspect="NONE" certainty="" class="I_STATE" comment="" factuality="" id="11" modality="NONE" polarity="POS" pos="VERB" tense="PAST">
      <token_anchor id="122" />
    </EVENT>
    <EVENT aspect="NONE" certainty="" class="I_ACTION" comment="" factuality="" id="12" modality="NONE" polarity="POS" pos="VERB" tense="INFINITIVE">
      <token_anchor id="128" />
    </EVENT>
  </Markables>
  <Relations>
    <TLINK comment="" id="1" relType="BEFORE">
      <source id="1" />
      <target id="0" />
    </TLINK>
    <TLINK comment="" id="2" relType="BEFORE">
      <source id="2" />
      <target id="1" />
    </TLINK>
    <CLINK comment="" id="3">
      <source id="2" />
      <target id="4" />
    </CLINK>
    <TLINK comment="" id="4" relType="INCLUDES">
      <source id="5" />
      <target id="6" />
    </TLINK>
    <TLINK comment="" id="5" relType="IDENTITY">
      <source id="10" />
      <target id="1" />
    </TLINK>
  </Relations>
  <token id="1" number="0" sentence="0">Rally</token>
  <token id="2" number="1" sentence="0">'s</token>
  <token id="3" number="2" sentence="0">Inc.</token>
  <token id="4" number="3" sentence="0">said</token>
  <token id="5" number="4" sentence="0">it</token>
  <token id="6" number="5" sentence="0">adopted</token>
  <token id="7" number="6" sentence="0">a</token>
  <token id="8" number="7" sentence="0">shareholders</token>
  <token id="9" number="8" sentence="0">rights</token>
  <token id="10" number="9" sentence="0">plan</token>
  <token id="11" number="10" sentence="0">to</token>
  <token id="12" number="11" sentence="0">protect</token>
  <token id="13" number="12" sentence="0">shareholders</token>
  <token id="14" number="13" sentence="0">from</token>
  <token id="15" number="14" sentence="0">an</token>
  <token id="16" number="15" sentence="0">inadequately</token>
  <token id="17" number="16" sentence="0">priced</token>
  <token id="18" number="17" sentence="0">takeover</token>
  <token id="19" number="18" sentence="0">offer</token>
  <token id="20" number="19" sentence="0">.</token>
  <token id="21" number="20" sentence="1">The</token>
  <token id="22" number="21" sentence="1">plan</token>
  <token id="23" number="22" sentence="1">provides</token>
  <token id="24" number="23" sentence="1">for</token>
  <token id="25" number="24" sentence="1">the</token>
  <token id="26" number="25" sentence="1">distribution</token>
  <token id="27" number="26" sentence="1">of</token>
  <token id="28" number="27" sentence="1">one</token>
  <token id="29" number="28" sentence="1">common</token>
  <token id="30" number="29" sentence="1">stock-purchase</token>
  <token id="31" number="30" sentence="1">right</token>
  <token id="32" number="31" sentence="1">as</token>
  <token id="33" number="32" sentence="1">a</token>
  <token id="34" number="33" sentence="1">dividend</token>
  <token id="35" number="34" sentence="1">for</token>
  <token id="36" number="35" sentence="1">each</token>
  <token id="37" number="36" sentence="1">share</token>
  <token id="38" number="37" sentence="1">of</token>
  <token id="39" number="38" sentence="1">common</token>
  <token id="40" number="39" sentence="1">outstanding</token>
  <token id="41" number="40" sentence="1">.</token>
  <token id="42" number="41" sentence="2">Each</token>
  <token id="43" number="42" sentence="2">right</token>
  <token id="44" number="43" sentence="2">entitles</token>
  <token id="45" number="44" sentence="2">shareholders</token>
  <token id="46" number="45" sentence="2">to</token>
  <token id="47" number="46" sentence="2">buy</token>
  <token id="48" number="47" sentence="2">one-half</token>
  <token id="49" number="48" sentence="2">share</token>
  <token id="50" number="49" sentence="2">of</token>
  <token id="51" number="50" sentence="2">common</token>
  <token id="52" number="51" sentence="2">for</token>
  <token id="53" number="52" sentence="2">$</token>
  <token id="54" number="53" sentence="2">30</token>
  <token id="55" number="54" sentence="2">.</token>
  <token id="56" number="55" sentence="3">Earlier</token>
  <token id="57" number="56" sentence="3">this</token>
  <token id="58" number="57" sentence="3">month</token>
  <token id="59" number="58" sentence="3">,</token>
  <token id="60" number="59" sentence="3">a</token>
  <token id="61" number="60" sentence="3">group</token>
  <token id="62" number="61" sentence="3">led</token>
  <token id="63" number="62" sentence="3">by</token>
  <token id="64" number="63" sentence="3">three</token>
  <token id="65" number="64" sentence="3">of</token>
  <token id="66" number="65" sentence="3">the</token>
  <token id="67" number="66" sentence="3">company</token>
  <token id="68" number="67" sentence="3">'s</token>
  <token id="69" number="68" sentence="3">directors</token>
  <token id="70" number="69" sentence="3">,</token>
  <token id="71" number="70" sentence="3">Burt</token>
  <token id="72" number="71" sentence="3">Sugarman</token>
  <token id="73" number="72" sentence="3">,</token>
  <token id="74" number="73" sentence="3">James</token>
  <token id="75" number="74" sentence="3">M.</token>
  <token id="76" number="75" sentence="3">Trotter</token>
  <token id="77" number="76" sentence="3">III</token>
  <token id="78" number="77" sentence="3">and</token>
  <token id="79" number="78" sentence="3">Willam</token>
  <token id="80" number="79" sentence="3">E.</token>
  <token id="81" number="80" sentence="3">Trotter</token>
  <token id="82" number="81" sentence="3">II</token>
  <token id="83" number="82" sentence="3">,</token>
  <token id="84" number="83" sentence="3">indicated</token>
  <token id="85" number="84" sentence="3">it</token>
  <token id="86" number="85" sentence="3">had</token>
  <token id="87" number="86" sentence="3">a</token>
  <token id="88" number="87" sentence="3">45.2</token>
  <token id="89" number="88" sentence="3">%</token>
  <token id="90" number="89" sentence="3">stake</token>
  <token id="91" number="90" sentence="3">in</token>
  <token id="92" number="91" sentence="3">the</token>
  <token id="93" number="92" sentence="3">Louisville</token>
  <token id="94" number="93" sentence="3">,</token>
  <token id="95" number="94" sentence="3">Ky</token>
  <token id="96" number="95" sentence="3">.</token>
  <token id="97" number="96" sentence="3">,</token>
  <token id="98" number="97" sentence="3">fast-food</token>
  <token id="99" number="98" sentence="3">company</token>
  <token id="100" number="99" sentence="3">and</token>
  <token id="101" number="100" sentence="3">that</token>
  <token id="102" number="101" sentence="3">it</token>
  <token id="103" number="102" sentence="3">planned</token>
  <token id="104" number="103" sentence="3">to</token>
  <token id="105" number="104" sentence="3">seek</token>
  <token id="106" number="105" sentence="3">a</token>
  <token id="107" number="106" sentence="3">majority</token>
  <token id="108" number="107" sentence="3">of</token>
  <token id="109" number="108" sentence="3">seats</token>
  <token id="110" number="109" sentence="3">on</token>
  <token id="111" number="110" sentence="3">Rally</token>
  <token id="112" number="111" sentence="3">'s</token>
  <token id="113" number="112" sentence="3">nine-member</token>
  <token id="114" number="113" sentence="3">board</token>
  <token id="115" number="114" sentence="3">.</token>
  <token id="116" number="115" sentence="4">The</token>
  <token id="117" number="116" sentence="4">company</token>
  <token id="118" number="117" sentence="4">said</token>
  <token id="119" number="118" sentence="4">it</token>
  <token id="120" number="119" sentence="4">was</token>
  <token id="121" number="120" sentence="4">"</token>
  <token id="122" number="121" sentence="4">concerned</token>
  <token id="123" number="122" sentence="4">about</token>
  <token id="124" number="123" sentence="4">the</token>
  <token id="125" number="124" sentence="4">announced</token>
  <token id="126" number="125" sentence="4">intent</token>
  <token id="127" number="126" sentence="4">to</token>
  <token id="128" number="127" sentence="4">acquire</token>
  <token id="129" number="128" sentence="4">control</token>
  <token id="130" number="129" sentence="4">of</token>
  <token id="131" number="130" sentence="4">the</token>
  <token id="132" number="131" sentence="4">company</token>
  <token id="133" number="132" sentence="4">"</token>
  <token id="134" number="133" sentence="4">by</token>
  <token id="135" number="134" sentence="4">a</token>
  <token id="136" number="135" sentence="4">Sugarman-led</token>
  <token id="137" number="136" sentence="4">group</token>
  <token id="138" number="137" sentence="4">.</token>
</Document>
